txid,source_wallet,destination_wallet,amount_btc,timestamp,ground_truth,scenario
TX10005442,W002100,W000920,0.662819,2026-01-01 08:18:00,synthetic_normal,normal
TX10002764,W000498,W000780,0.644158,2026-01-01 08:21:00,synthetic_normal,normal
TX10009575,W002350,W001782,0.527084,2026-01-01 08:55:00,synthetic_normal,normal
TX10000342,W000040,W002143,0.662892,2026-01-01 09:13:00,synthetic_anomalous,ip_wallet_reuse
TX10002176,W000234,W001196,0.443448,2026-01-01 09:55:00,synthetic_normal,normal
TX10009825,W000073,W001221,1.068401,2026-01-01 10:01:00,synthetic_normal,normal
TX10009891,W000184,W001153,0.390717,2026-01-01 10:07:00,synthetic_normal,normal
TX10000137,W000050,W001781,5.310321,2026-01-01 10:15:00,synthetic_anomalous,fan_out
TX10004560,W000954,W001762,0.742484,2026-01-01 10:42:00,synthetic_normal,normal
TX10004741,W002343,W001437,1.305548,2026-01-01 11:19:00,synthetic_normal,normal
TX10005256,W000860,W000372,0.387955,2026-01-01 11:58:00,synthetic_normal,normal
TX10006865,W002083,W000127,0.971951,2026-01-01 13:25:00,synthetic_normal,normal
TX10006084,W001094,W000238,0.80958,2026-01-01 13:32:00,synthetic_normal,normal
TX10000966,W000001,W000096,43.272949,2026-01-01 13:57:00,synthetic_anomalous,ip_wallet_reuse
TX10003015,W000098,W001138,0.361652,2026-01-01 14:00:00,synthetic_normal,normal
TX10008706,W002108,W002143,0.479143,2026-01-01 14:25:00,synthetic_normal,normal
TX10003795,W002012,W002205,0.15009,2026-01-01 14:33:00,synthetic_normal,normal
TX10008942,W000364,W002433,0.077152,2026-01-01 14:39:00,synthetic_normal,normal
TX10000186,W000048,W002034,1.167143,2026-01-01 14:52:00,synthetic_anomalous,fan_in
TX10007512,W000257,W000856,0.706089,2026-01-01 15:06:00,synthetic_normal,normal
TX10007920,W000027,W001848,0.277302,2026-01-01 15:08:00,synthetic_normal,normal
TX10002478,W000984,W001182,1.616548,2026-01-01 15:19:00,synthetic_normal,normal
TX10005023,W000648,W000143,0.38321,2026-01-01 15:19:00,synthetic_normal,normal
TX10008769,W000283,W001145,0.213587,2026-01-01 15:39:00,synthetic_normal,normal
TX10002728,W001972,W000870,0.654717,2026-01-01 15:55:00,synthetic_normal,normal
TX10009296,W002022,W002213,0.526485,2026-01-01 16:18:00,synthetic_normal,normal
TX10000355,W000729,W001135,2.375048,2026-01-01 17:26:00,synthetic_anomalous,cross_border_burst
TX10005645,W000422,W001080,0.684931,2026-01-01 17:53:00,synthetic_normal,normal
TX10009858,W000168,W000389,0.207832,2026-01-01 18:13:00,synthetic_normal,normal
TX10009946,W000718,W002228,0.896098,2026-01-01 18:26:00,synthetic_normal,normal
TX10005771,W001986,W001888,0.140942,2026-01-01 19:06:00,synthetic_normal,normal
TX10008923,W000125,W001773,0.533631,2026-01-01 19:26:00,synthetic_normal,normal
TX10008585,W001387,W001097,0.101547,2026-01-01 20:06:00,synthetic_normal,normal
TX10001861,W000548,W000422,0.255701,2026-01-01 20:12:00,synthetic_normal,normal
TX10007087,W001643,W000613,0.17458,2026-01-01 20:49:00,synthetic_normal,normal
TX10008722,W001304,W000239,0.256649,2026-01-01 21:13:00,synthetic_normal,normal
TX10000125,W000046,W000200,3.257894,2026-01-01 21:52:00,synthetic_anomalous,high_connectivity
TX10007563,W000387,W001347,0.71835,2026-01-01 22:32:00,synthetic_normal,normal
TX10002057,W001267,W001290,0.331363,2026-01-01 22:34:00,synthetic_normal,normal
TX10008449,W000653,W000164,0.616714,2026-01-01 22:59:00,synthetic_normal,normal
TX10002003,W002214,W001724,3.057468,2026-01-01 23:27:00,synthetic_normal,normal
TX10006958,W000824,W000375,0.796642,2026-01-01 23:32:00,synthetic_normal,normal
TX10005914,W000208,W001498,0.407893,2026-01-01 23:35:00,synthetic_normal,normal
TX10009901,W000487,W002415,0.065369,2026-01-01 23:48:00,synthetic_normal,normal
TX10000076,W000573,W001013,0.346804,2026-01-01 23:48:00,synthetic_anomalous,high_frequency
TX10004810,W001926,W001629,0.551925,2026-01-01 23:48:00,synthetic_normal,normal
TX10004681,W000647,W002321,0.345958,2026-01-02 01:16:00,synthetic_normal,normal
TX10002579,W000074,W001544,0.831708,2026-01-02 01:30:00,synthetic_normal,normal
TX10000652,W000580,W001700,11.147195,2026-01-02 01:31:00,synthetic_anomalous,high_frequency
TX10005568,W001696,W000308,0.23092,2026-01-02 01:38:00,synthetic_normal,normal
TX10008495,W000195,W000609,0.241722,2026-01-02 01:53:00,synthetic_normal,normal
TX10002551,W001302,W000278,0.279203,2026-01-02 02:04:00,synthetic_normal,normal
TX10006554,W001030,W001231,0.192721,2026-01-02 02:22:00,synthetic_normal,normal
TX10005100,W000662,W000699,0.601462,2026-01-02 02:43:00,synthetic_normal,normal
TX10000774,W000011,W000038,7.591054,2026-01-02 02:47:00,synthetic_anomalous,ip_wallet_reuse
TX10003369,W001104,W001388,0.260539,2026-01-02 03:16:00,synthetic_normal,normal
TX10009160,W000416,W000301,0.20834,2026-01-02 03:43:00,synthetic_normal,normal
TX10008945,W001866,W001519,0.654647,2026-01-02 03:54:00,synthetic_normal,normal
TX10003657,W000990,W002171,0.811555,2026-01-02 03:54:00,synthetic_normal,normal
TX10003640,W000111,W002426,0.511521,2026-01-02 04:01:00,synthetic_normal,normal
TX10000191,W000009,W001528,4.19655,2026-01-02 04:47:00,synthetic_anomalous,layered_transfer
TX10002289,W000091,W001172,0.287539,2026-01-02 04:55:00,synthetic_normal,normal
TX10008626,W001934,W002170,1.533631,2026-01-02 05:04:00,synthetic_normal,normal
TX10003531,W001084,W002339,0.866653,2026-01-02 05:14:00,synthetic_normal,normal
TX10009520,W000585,W001752,0.255855,2026-01-02 06:21:00,synthetic_normal,normal
TX10000922,W000016,W001007,2.212179,2026-01-02 06:47:00,synthetic_anomalous,fan_in
TX10005392,W001659,W002364,0.472154,2026-01-02 08:05:00,synthetic_normal,normal
TX10001688,W000847,W000056,1.119198,2026-01-02 08:14:00,synthetic_normal,normal
TX10001146,W000682,W000190,0.181464,2026-01-02 08:52:00,synthetic_normal,normal
TX10001886,W000402,W001199,0.638028,2026-01-02 09:17:00,synthetic_normal,normal
TX10007161,W002146,W001827,0.111805,2026-01-02 09:42:00,synthetic_normal,normal
TX10002033,W002116,W000806,0.302091,2026-01-02 10:02:00,synthetic_normal,normal
TX10006302,W001379,W000758,0.11393,2026-01-02 10:10:00,synthetic_normal,normal
TX10005355,W000505,W000547,0.113729,2026-01-02 10:19:00,synthetic_normal,normal
TX10002635,W001289,W001083,0.843668,2026-01-02 10:33:00,synthetic_normal,normal
TX10008845,W002437,W002310,0.301947,2026-01-02 11:49:00,synthetic_normal,normal
TX10000049,W000015,W000246,12.577725,2026-01-02 13:17:00,synthetic_anomalous,fan_out
TX10001900,W001471,W002467,0.867926,2026-01-02 13:36:00,synthetic_normal,normal
TX10001408,W002028,W000410,1.150468,2026-01-02 13:40:00,synthetic_normal,normal
TX10002249,W001516,W000789,0.780039,2026-01-02 15:20:00,synthetic_normal,normal
TX10005154,W000036,W000528,0.296729,2026-01-02 15:28:00,synthetic_normal,normal
TX10006055,W000719,W002377,0.361855,2026-01-02 15:45:00,synthetic_normal,normal
TX10005747,W001437,W000437,0.438357,2026-01-02 16:30:00,synthetic_normal,normal
TX10007375,W001366,W000146,0.541157,2026-01-02 17:05:00,synthetic_normal,normal
TX10008481,W001939,W000931,0.11289,2026-01-02 17:35:00,synthetic_normal,normal
TX10005119,W001713,W000894,1.069599,2026-01-02 17:38:00,synthetic_normal,normal
TX10006665,W000916,W002491,0.275132,2026-01-02 17:51:00,synthetic_normal,normal
TX10005485,W000798,W000881,0.315256,2026-01-02 18:04:00,synthetic_normal,normal
TX10002778,W000303,W001660,0.207746,2026-01-02 18:25:00,synthetic_normal,normal
TX10007702,W000978,W001735,0.400544,2026-01-02 18:30:00,synthetic_normal,normal
TX10007416,W001784,W000269,0.275197,2026-01-02 18:41:00,synthetic_normal,normal
TX10002344,W001403,W000974,0.368778,2026-01-02 18:53:00,synthetic_normal,normal
TX10005570,W000281,W000850,0.183741,2026-01-02 20:03:00,synthetic_normal,normal
TX10006654,W000849,W001683,0.448117,2026-01-02 21:00:00,synthetic_normal,normal
TX10000200,W001942,W000747,2.376474,2026-01-02 21:51:00,synthetic_anomalous,rapid_chain
TX10009247,W002263,W001901,0.533172,2026-01-02 23:17:00,synthetic_normal,normal
TX10004185,W001849,W000151,0.43166,2026-01-02 23:26:00,synthetic_normal,normal
TX10002250,W000331,W001231,0.407186,2026-01-03 00:47:00,synthetic_normal,normal
TX10005001,W001891,W001442,0.366625,2026-01-03 00:50:00,synthetic_normal,normal
TX10003044,W001715,W001802,0.416753,2026-01-03 01:00:00,synthetic_normal,normal
TX10001579,W002111,W001111,0.077655,2026-01-03 01:02:00,synthetic_normal,normal
TX10005950,W001096,W002229,0.474704,2026-01-03 02:27:00,synthetic_normal,normal
TX10004473,W002464,W001645,0.470019,2026-01-03 02:40:00,synthetic_normal,normal
TX10007166,W001799,W000694,0.613502,2026-01-03 03:31:00,synthetic_normal,normal
TX10004311,W001343,W000130,0.169732,2026-01-03 03:40:00,synthetic_normal,normal
TX10004966,W001745,W001928,0.475095,2026-01-03 03:49:00,synthetic_normal,normal
TX10008253,W000287,W002441,0.40755,2026-01-03 04:28:00,synthetic_normal,normal
TX10004571,W001007,W001271,1.242878,2026-01-03 05:00:00,synthetic_normal,normal
TX10007545,W001156,W000262,0.378738,2026-01-03 05:04:00,synthetic_normal,normal
TX10006988,W000537,W001845,0.174843,2026-01-03 06:01:00,synthetic_normal,normal
TX10004870,W001834,W000770,0.240516,2026-01-03 06:26:00,synthetic_normal,normal
TX10006002,W000218,W000843,0.422119,2026-01-03 06:31:00,synthetic_normal,normal
TX10005553,W000371,W002443,0.646903,2026-01-03 06:31:00,synthetic_normal,normal
TX10004464,W001023,W000180,0.06631,2026-01-03 07:00:00,synthetic_normal,normal
TX10002107,W000140,W002158,0.196837,2026-01-03 07:28:00,synthetic_normal,normal
TX10002162,W000613,W001471,2.53479,2026-01-03 07:34:00,synthetic_normal,normal
TX10004985,W001776,W001135,1.002202,2026-01-03 09:11:00,synthetic_normal,normal
TX10005347,W001635,W000457,0.229461,2026-01-03 10:18:00,synthetic_normal,normal
TX10006347,W001255,W002014,0.344759,2026-01-03 10:36:00,synthetic_normal,normal
TX10008263,W000947,W000930,0.889022,2026-01-03 11:31:00,synthetic_normal,normal
TX10008737,W000976,W000439,2.310436,2026-01-03 11:32:00,synthetic_normal,normal
TX10004818,W001615,W001147,0.931545,2026-01-03 12:20:00,synthetic_normal,normal
TX10008742,W000718,W001417,0.256987,2026-01-03 12:31:00,synthetic_normal,normal
TX10004552,W000528,W000700,0.168866,2026-01-03 12:50:00,synthetic_normal,normal
TX10006371,W001993,W002132,1.943027,2026-01-03 12:58:00,synthetic_normal,normal
TX10008612,W001033,W001890,2.629562,2026-01-03 13:01:00,synthetic_normal,normal
TX10009349,W000993,W001866,0.693502,2026-01-03 13:39:00,synthetic_normal,normal
TX10002706,W000884,W000848,0.737034,2026-01-03 13:51:00,synthetic_normal,normal
TX10005090,W001240,W001035,0.327789,2026-01-03 13:58:00,synthetic_normal,normal
TX10003447,W002303,W000858,0.292536,2026-01-03 14:02:00,synthetic_normal,normal
TX10005616,W001158,W002494,0.770875,2026-01-03 14:39:00,synthetic_normal,normal
TX10008825,W000798,W000322,0.405657,2026-01-03 14:59:00,synthetic_normal,normal
TX10000906,W000024,W000014,3.476113,2026-01-03 14:59:00,synthetic_anomalous,fan_in
TX10003151,W002245,W002037,0.39803,2026-01-03 15:34:00,synthetic_normal,normal
TX10003316,W000400,W002416,0.164617,2026-01-03 16:38:00,synthetic_normal,normal
TX10001431,W002427,W000630,0.547335,2026-01-03 17:09:00,synthetic_normal,normal
TX10007083,W001843,W001744,0.273184,2026-01-03 17:33:00,synthetic_normal,normal
TX10006173,W001340,W002130,0.447211,2026-01-03 17:37:00,synthetic_normal,normal
TX10006725,W001968,W002216,0.118818,2026-01-03 17:43:00,synthetic_normal,normal
TX10006103,W000530,W002287,0.277106,2026-01-03 18:59:00,synthetic_normal,normal
TX10002738,W000089,W002232,0.432203,2026-01-03 19:58:00,synthetic_normal,normal
TX10002449,W002264,W001311,0.976251,2026-01-03 20:07:00,synthetic_normal,normal
TX10007382,W001997,W000832,0.978502,2026-01-03 20:23:00,synthetic_normal,normal
TX10009590,W000075,W001486,0.328434,2026-01-03 20:33:00,synthetic_normal,normal
TX10002781,W001690,W000640,0.727875,2026-01-03 21:30:00,synthetic_normal,normal
TX10002262,W001278,W001580,0.2106,2026-01-03 22:26:00,synthetic_normal,normal
TX10008964,W000248,W001645,0.270316,2026-01-03 23:00:00,synthetic_normal,normal
TX10003420,W001722,W000296,0.299212,2026-01-03 23:14:00,synthetic_normal,normal
TX10003162,W002463,W000272,0.585087,2026-01-03 23:14:00,synthetic_normal,normal
TX10004840,W002398,W001531,1.729198,2026-01-03 23:16:00,synthetic_normal,normal
TX10009717,W001381,W002252,1.499415,2026-01-03 23:30:00,synthetic_normal,normal
TX10008806,W000292,W000987,0.763358,2026-01-04 00:02:00,synthetic_normal,normal
TX10009549,W001698,W001994,0.953914,2026-01-04 00:38:00,synthetic_normal,normal
TX10008322,W000602,W001915,0.594235,2026-01-04 00:59:00,synthetic_normal,normal
TX10005711,W001816,W002494,0.2832,2026-01-04 01:25:00,synthetic_normal,normal
TX10003605,W001860,W001378,1.861138,2026-01-04 01:27:00,synthetic_normal,normal
TX10000235,W001827,W000489,1.066806,2026-01-04 01:51:00,synthetic_anomalous,cross_border_burst
TX10003799,W001733,W000229,0.688522,2026-01-04 02:18:00,synthetic_normal,normal
TX10001843,W002057,W002033,0.905612,2026-01-04 02:32:00,synthetic_normal,normal
TX10009352,W002459,W000755,0.476316,2026-01-04 04:50:00,synthetic_normal,normal
TX10007406,W001364,W000886,0.326068,2026-01-04 05:05:00,synthetic_normal,normal
TX10001519,W002274,W000808,1.099473,2026-01-04 05:08:00,synthetic_normal,normal
TX10006321,W001803,W000146,1.159045,2026-01-04 05:51:00,synthetic_normal,normal
TX10001141,W000072,W000423,0.368214,2026-01-04 06:00:00,synthetic_normal,normal
TX10006117,W000756,W002254,0.165689,2026-01-04 06:19:00,synthetic_normal,normal
TX10000790,W000050,W001632,2.088684,2026-01-04 06:32:00,synthetic_anomalous,ip_wallet_reuse
TX10005722,W001365,W000123,0.494562,2026-01-04 06:38:00,synthetic_normal,normal
TX10007640,W001211,W001758,1.259442,2026-01-04 06:42:00,synthetic_normal,normal
TX10009360,W000348,W002121,0.200938,2026-01-04 07:04:00,synthetic_normal,normal
TX10007516,W000287,W000375,0.185876,2026-01-04 07:27:00,synthetic_normal,normal
TX10005069,W001341,W001418,0.39411,2026-01-04 07:28:00,synthetic_normal,normal
TX10008052,W000110,W000623,0.337207,2026-01-04 07:59:00,synthetic_normal,normal
TX10002544,W001299,W002192,0.388287,2026-01-04 08:31:00,synthetic_normal,normal
TX10007312,W000366,W000048,1.301283,2026-01-04 08:46:00,synthetic_normal,normal
TX10009499,W000607,W000348,0.681063,2026-01-04 08:56:00,synthetic_normal,normal
TX10002436,W001067,W000309,0.601814,2026-01-04 09:32:00,synthetic_normal,normal
TX10004334,W000770,W002109,0.671079,2026-01-04 09:37:00,synthetic_normal,normal
TX10004860,W000815,W000158,1.201003,2026-01-04 09:42:00,synthetic_normal,normal
TX10006530,W001902,W000780,0.29476,2026-01-04 10:48:00,synthetic_normal,normal
TX10003126,W000169,W002321,0.24276,2026-01-04 12:08:00,synthetic_normal,normal
TX10007200,W001988,W001251,0.432419,2026-01-04 12:45:00,synthetic_normal,normal
TX10003729,W001458,W000653,0.131848,2026-01-04 13:10:00,synthetic_normal,normal
TX10002234,W000020,W001342,0.270338,2026-01-04 13:11:00,synthetic_normal,normal
TX10001046,W000055,W000831,0.519107,2026-01-04 13:12:00,synthetic_normal,normal
TX10006933,W001068,W002259,0.33235,2026-01-04 13:27:00,synthetic_normal,normal
TX10001475,W002468,W002066,0.435887,2026-01-04 13:43:00,synthetic_normal,normal
TX10000654,W000035,W002076,1.524141,2026-01-04 14:03:00,synthetic_anomalous,ip_wallet_reuse
TX10001971,W002351,W001171,0.468559,2026-01-04 14:18:00,synthetic_normal,normal
TX10003681,W001204,W002057,0.949535,2026-01-04 14:56:00,synthetic_normal,normal
TX10008494,W000581,W002231,0.551861,2026-01-04 15:25:00,synthetic_normal,normal
TX10004436,W001101,W000134,0.232959,2026-01-04 15:28:00,synthetic_normal,normal
TX10004425,W001046,W000291,0.205816,2026-01-04 15:56:00,synthetic_normal,normal
TX10006404,W002352,W001185,0.349431,2026-01-04 15:59:00,synthetic_normal,normal
TX10008537,W001715,W002235,0.17407,2026-01-04 16:24:00,synthetic_normal,normal
TX10007114,W000556,W001660,0.238261,2026-01-04 16:49:00,synthetic_normal,normal
TX10008663,W002378,W002327,0.230793,2026-01-04 16:54:00,synthetic_normal,normal
TX10000880,W001499,W000992,2.357538,2026-01-04 17:09:00,synthetic_anomalous,rapid_chain
TX10001438,W001632,W002104,0.199501,2026-01-04 17:14:00,synthetic_normal,normal
TX10005994,W002325,W000518,0.263725,2026-01-04 18:20:00,synthetic_normal,normal
TX10007629,W000133,W000519,0.198792,2026-01-04 19:31:00,synthetic_normal,normal
TX10006712,W001017,W001533,0.127546,2026-01-04 20:05:00,synthetic_normal,normal
TX10005672,W002422,W000673,0.88674,2026-01-04 21:26:00,synthetic_normal,normal
TX10004145,W001021,W000471,0.477574,2026-01-04 21:52:00,synthetic_normal,normal
TX10008005,W000304,W001513,0.600095,2026-01-04 22:18:00,synthetic_normal,normal
TX10008135,W001476,W001872,0.305888,2026-01-04 22:21:00,synthetic_normal,normal
TX10005381,W001982,W001048,0.20327,2026-01-04 22:31:00,synthetic_normal,normal
TX10002772,W001222,W000947,0.397987,2026-01-04 23:12:00,synthetic_normal,normal
TX10000096,W000289,W000111,6.986115,2026-01-04 23:28:00,synthetic_anomalous,rapid_chain
TX10008104,W002440,W001997,0.85342,2026-01-04 23:35:00,synthetic_normal,normal
TX10009676,W001390,W000303,1.477261,2026-01-05 00:02:00,synthetic_normal,normal
TX10009205,W001506,W001933,0.317595,2026-01-05 00:34:00,synthetic_normal,normal
TX10005431,W001264,W001979,1.023303,2026-01-05 00:36:00,synthetic_normal,normal
TX10009760,W000668,W001791,0.712848,2026-01-05 01:05:00,synthetic_normal,normal
TX10003517,W001040,W000170,0.383217,2026-01-05 02:01:00,synthetic_normal,normal
TX10007452,W001003,W000773,0.636948,2026-01-05 02:05:00,synthetic_normal,normal
TX10003368,W002168,W001566,0.380527,2026-01-05 02:08:00,synthetic_normal,normal
TX10002864,W001678,W002397,0.173431,2026-01-05 02:18:00,synthetic_normal,normal
TX10003289,W001258,W000786,0.806133,2026-01-05 02:43:00,synthetic_normal,normal
TX10000577,W000046,W002080,2.693065,2026-01-05 04:34:00,synthetic_anomalous,fan_out
TX10001315,W002076,W001273,0.557413,2026-01-05 04:43:00,synthetic_normal,normal
TX10006788,W000562,W002354,0.600829,2026-01-05 05:01:00,synthetic_normal,normal
TX10009852,W002040,W001658,1.638265,2026-01-05 05:35:00,synthetic_normal,normal
TX10003926,W000211,W001803,0.4551,2026-01-05 05:40:00,synthetic_normal,normal
TX10006503,W001814,W000734,0.2954,2026-01-05 05:42:00,synthetic_normal,normal
TX10004489,W002177,W000061,1.389415,2026-01-05 06:35:00,synthetic_normal,normal
TX10008867,W002036,W001823,0.591213,2026-01-05 06:53:00,synthetic_normal,normal
TX10008418,W001354,W000596,0.481458,2026-01-05 07:19:00,synthetic_normal,normal
TX10005213,W001053,W002131,0.945696,2026-01-05 07:21:00,synthetic_normal,normal
TX10001839,W001448,W002284,0.358302,2026-01-05 07:44:00,synthetic_normal,normal
TX10009608,W002248,W000495,0.209643,2026-01-05 08:15:00,synthetic_normal,normal
TX10008191,W001405,W001184,0.547342,2026-01-05 08:20:00,synthetic_normal,normal
TX10001331,W001403,W000278,0.73822,2026-01-05 08:48:00,synthetic_normal,normal
TX10007085,W001495,W001889,0.271321,2026-01-05 08:53:00,synthetic_normal,normal
TX10005805,W000792,W001632,0.908768,2026-01-05 08:59:00,synthetic_normal,normal
TX10009364,W000618,W002272,1.088732,2026-01-05 09:10:00,synthetic_normal,normal
TX10006819,W001669,W000029,1.137046,2026-01-05 09:18:00,synthetic_normal,normal
TX10001787,W001842,W000709,0.281746,2026-01-05 09:32:00,synthetic_normal,normal
TX10004693,W001026,W001984,0.256134,2026-01-05 09:40:00,synthetic_normal,normal
TX10006226,W001844,W000479,0.633352,2026-01-05 10:14:00,synthetic_normal,normal
TX10001970,W000739,W000049,0.52008,2026-01-05 10:32:00,synthetic_normal,normal
TX10001943,W001238,W000547,0.507734,2026-01-05 10:39:00,synthetic_normal,normal
TX10006081,W000169,W001654,0.940386,2026-01-05 10:44:00,synthetic_normal,normal
TX10005326,W002406,W001064,0.419095,2026-01-05 10:56:00,synthetic_normal,normal
TX10001182,W000469,W000007,0.111166,2026-01-05 11:05:00,synthetic_normal,normal
TX10001154,W000210,W002053,1.532822,2026-01-05 11:07:00,synthetic_normal,normal
TX10000461,W000036,W000991,1.514689,2026-01-05 11:10:00,synthetic_anomalous,high_connectivity
TX10002339,W002440,W001855,0.416715,2026-01-05 11:17:00,synthetic_normal,normal
TX10000989,W000029,W000288,4.471651,2026-01-05 11:50:00,synthetic_anomalous,high_connectivity
TX10009635,W000702,W000114,0.742375,2026-01-05 12:10:00,synthetic_normal,normal
TX10005147,W002055,W002210,0.398071,2026-01-05 12:18:00,synthetic_normal,normal
TX10002198,W002000,W000489,0.506995,2026-01-05 12:36:00,synthetic_normal,normal
TX10004434,W000207,W000974,0.526207,2026-01-05 13:01:00,synthetic_normal,normal
TX10000568,W001960,W001411,0.764502,2026-01-05 13:26:00,synthetic_anomalous,rapid_chain
TX10002629,W001041,W001252,0.152346,2026-01-05 13:59:00,synthetic_normal,normal
TX10009807,W000871,W001011,0.156474,2026-01-05 14:23:00,synthetic_normal,normal
TX10001249,W002201,W001566,0.215412,2026-01-05 15:03:00,synthetic_normal,normal
TX10000822,W000009,W001921,2.797818,2026-01-05 15:36:00,synthetic_anomalous,ip_wallet_reuse
TX10000276,W001486,W001634,1.935767,2026-01-05 16:18:00,synthetic_anomalous,high_frequency
TX10009009,W002305,W000228,0.462213,2026-01-05 16:35:00,synthetic_normal,normal
TX10004431,W001271,W001686,1.245211,2026-01-05 16:39:00,synthetic_normal,normal
TX10001867,W002145,W001751,0.259136,2026-01-05 16:41:00,synthetic_normal,normal
TX10001361,W001956,W001346,0.188149,2026-01-05 16:43:00,synthetic_normal,normal
TX10003125,W000823,W002138,0.843217,2026-01-05 17:00:00,synthetic_normal,normal
TX10009502,W001576,W001207,0.381611,2026-01-05 17:01:00,synthetic_normal,normal
TX10009659,W000058,W002211,0.499678,2026-01-05 17:07:00,synthetic_normal,normal
TX10004842,W000848,W001790,0.23991,2026-01-05 18:57:00,synthetic_normal,normal
TX10009693,W001087,W001220,1.164906,2026-01-05 19:16:00,synthetic_normal,normal
TX10005973,W000134,W000396,0.684874,2026-01-05 20:07:00,synthetic_normal,normal
TX10004790,W001264,W001573,0.240326,2026-01-05 20:08:00,synthetic_normal,normal
TX10003380,W001460,W002110,0.267889,2026-01-05 20:08:00,synthetic_normal,normal
TX10009429,W002465,W000735,0.451186,2026-01-05 20:14:00,synthetic_normal,normal
TX10003919,W001494,W001179,0.726472,2026-01-05 20:17:00,synthetic_normal,normal
TX10006179,W002226,W001888,0.44964,2026-01-05 20:22:00,synthetic_normal,normal
TX10007387,W000215,W001851,0.232274,2026-01-05 20:36:00,synthetic_normal,normal
TX10009893,W000250,W000831,0.442306,2026-01-05 20:53:00,synthetic_normal,normal
TX10001632,W002312,W002235,0.544312,2026-01-05 21:57:00,synthetic_normal,normal
TX10004024,W001928,W002264,0.167064,2026-01-05 23:34:00,synthetic_normal,normal
TX10004148,W001548,W000005,1.6528,2026-01-05 23:42:00,synthetic_normal,normal
TX10002004,W001966,W000456,0.802234,2026-01-06 00:06:00,synthetic_normal,normal
TX10006143,W001261,W001906,0.529796,2026-01-06 00:39:00,synthetic_normal,normal
TX10005659,W000317,W001757,0.347399,2026-01-06 01:18:00,synthetic_normal,normal
TX10004371,W001844,W001936,0.814261,2026-01-06 01:20:00,synthetic_normal,normal
TX10005628,W000933,W000780,0.802064,2026-01-06 02:06:00,synthetic_normal,normal
TX10001391,W000189,W002261,0.298118,2026-01-06 02:56:00,synthetic_normal,normal
TX10002623,W001972,W000352,0.386174,2026-01-06 03:36:00,synthetic_normal,normal
TX10001866,W001927,W002410,1.551823,2026-01-06 03:47:00,synthetic_normal,normal
TX10003679,W002308,W002075,0.896404,2026-01-06 03:51:00,synthetic_normal,normal
TX10004458,W002148,W002320,0.621464,2026-01-06 04:03:00,synthetic_normal,normal
TX10003001,W000102,W002414,0.163388,2026-01-06 05:00:00,synthetic_normal,normal
TX10009470,W001249,W001018,0.591955,2026-01-06 05:02:00,synthetic_normal,normal
TX10000441,W000015,W001599,2.207363,2026-01-06 05:48:00,synthetic_anomalous,fan_out
TX10007626,W001160,W001372,1.541041,2026-01-06 05:55:00,synthetic_normal,normal
TX10003014,W000463,W001521,0.98405,2026-01-06 06:18:00,synthetic_normal,normal
TX10003841,W002067,W000455,0.150832,2026-01-06 06:34:00,synthetic_normal,normal
TX10000023,W000016,W001663,1.955729,2026-01-06 06:45:00,synthetic_anomalous,layered_transfer
TX10001205,W000822,W000557,0.23651,2026-01-06 07:05:00,synthetic_normal,normal
TX10009289,W000651,W001266,0.475745,2026-01-06 07:08:00,synthetic_normal,normal
TX10000902,W000046,W001242,2.286752,2026-01-06 07:09:00,synthetic_anomalous,ip_wallet_reuse
TX10005952,W000167,W001167,1.322366,2026-01-06 07:37:00,synthetic_normal,normal
TX10007426,W001353,W000960,0.435235,2026-01-06 08:00:00,synthetic_normal,normal
TX10002260,W000768,W000418,0.294064,2026-01-06 09:16:00,synthetic_normal,normal
TX10004845,W001274,W000134,0.273382,2026-01-06 09:56:00,synthetic_normal,normal
TX10003079,W001799,W000942,1.156985,2026-01-06 12:30:00,synthetic_normal,normal
TX10007813,W000980,W001558,1.419636,2026-01-06 12:45:00,synthetic_normal,normal
TX10004675,W001746,W002203,0.967671,2026-01-06 13:00:00,synthetic_normal,normal
TX10006943,W002178,W001035,0.582792,2026-01-06 13:43:00,synthetic_normal,normal
TX10005843,W001329,W000687,0.20638,2026-01-06 14:13:00,synthetic_normal,normal
TX10008094,W000219,W001075,0.567713,2026-01-06 16:04:00,synthetic_normal,normal
TX10002047,W000661,W002269,0.341095,2026-01-06 16:10:00,synthetic_normal,normal
TX10000990,W000029,W000802,0.637861,2026-01-06 17:20:00,synthetic_anomalous,ip_wallet_reuse
TX10008833,W002478,W001169,0.632073,2026-01-06 17:39:00,synthetic_normal,normal
TX10004522,W000086,W001530,0.542682,2026-01-06 18:25:00,synthetic_normal,normal
TX10008745,W001299,W001459,0.460996,2026-01-06 19:03:00,synthetic_normal,normal
TX10009978,W000572,W000520,1.409497,2026-01-06 19:18:00,synthetic_normal,normal
TX10005956,W001370,W001600,1.12119,2026-01-06 19:18:00,synthetic_normal,normal
TX10006670,W002084,W001498,0.874881,2026-01-06 19:25:00,synthetic_normal,normal
TX10003183,W002137,W000612,0.577642,2026-01-06 19:56:00,synthetic_normal,normal
TX10009867,W000949,W001966,0.271156,2026-01-06 20:16:00,synthetic_normal,normal
TX10008177,W002189,W000946,1.657097,2026-01-06 21:13:00,synthetic_normal,normal
TX10004631,W001921,W001554,0.580817,2026-01-06 21:41:00,synthetic_normal,normal
TX10007336,W000446,W000999,0.661739,2026-01-06 21:56:00,synthetic_normal,normal
TX10004987,W001887,W001637,1.023406,2026-01-06 22:07:00,synthetic_normal,normal
TX10004289,W000708,W001556,0.369833,2026-01-06 22:18:00,synthetic_normal,normal
TX10002875,W001308,W002499,0.102235,2026-01-06 22:20:00,synthetic_normal,normal
TX10009330,W000600,W001866,0.302042,2026-01-06 22:57:00,synthetic_normal,normal
TX10000712,W000502,W001265,4.818603,2026-01-06 23:01:00,synthetic_anomalous,rapid_chain
TX10003555,W001621,W000566,0.236047,2026-01-06 23:05:00,synthetic_normal,normal
TX10006684,W000523,W000842,0.612633,2026-01-06 23:17:00,synthetic_normal,normal
TX10006145,W001866,W000691,0.602938,2026-01-07 00:01:00,synthetic_normal,normal
TX10004107,W000867,W002007,0.231829,2026-01-07 00:37:00,synthetic_normal,normal
TX10008955,W001205,W002036,0.186538,2026-01-07 00:54:00,synthetic_normal,normal
TX10000133,W000042,W002155,2.805361,2026-01-07 03:14:00,synthetic_anomalous,high_connectivity
TX10000911,W000015,W001504,3.073314,2026-01-07 03:27:00,synthetic_anomalous,layered_transfer
TX10007457,W002429,W000084,0.553342,2026-01-07 04:01:00,synthetic_normal,normal
TX10001107,W001317,W001573,0.261617,2026-01-07 05:02:00,synthetic_normal,normal
TX10006858,W000354,W001774,0.72878,2026-01-07 06:31:00,synthetic_normal,normal
TX10009439,W000791,W000748,0.895061,2026-01-07 06:35:00,synthetic_normal,normal
TX10000131,W000043,W000877,3.12581,2026-01-07 07:01:00,synthetic_anomalous,cross_border_burst
TX10003598,W000531,W000055,1.353508,2026-01-07 08:18:00,synthetic_normal,normal
TX10002074,W001313,W001037,0.440831,2026-01-07 08:35:00,synthetic_normal,normal
TX10006150,W002167,W000380,0.10288,2026-01-07 09:06:00,synthetic_normal,normal
TX10003756,W001622,W002156,0.774134,2026-01-07 09:19:00,synthetic_normal,normal
TX10000304,W001523,W000122,0.342912,2026-01-07 09:57:00,synthetic_anomalous,rapid_chain
TX10009025,W001813,W001293,0.441953,2026-01-07 10:01:00,synthetic_normal,normal
TX10003595,W000361,W001121,1.852966,2026-01-07 11:05:00,synthetic_normal,normal
TX10001732,W002041,W000495,0.329013,2026-01-07 11:07:00,synthetic_normal,normal
TX10007300,W002262,W000804,0.61604,2026-01-07 11:11:00,synthetic_normal,normal
TX10008111,W001805,W002076,1.461096,2026-01-07 11:58:00,synthetic_normal,normal
TX10009504,W002287,W000507,0.095386,2026-01-07 13:02:00,synthetic_normal,normal
TX10004991,W001803,W001171,0.195127,2026-01-07 13:05:00,synthetic_normal,normal
TX10009495,W000231,W001286,0.24353,2026-01-07 13:13:00,synthetic_normal,normal
TX10007499,W000447,W000567,0.726538,2026-01-07 13:23:00,synthetic_normal,normal
TX10001854,W000329,W000508,1.001856,2026-01-07 13:43:00,synthetic_normal,normal
TX10000182,W000039,W001079,1.387056,2026-01-07 14:08:00,synthetic_anomalous,ip_wallet_reuse
TX10006751,W001336,W001762,0.103057,2026-01-07 14:39:00,synthetic_normal,normal
TX10003207,W001668,W002013,0.405481,2026-01-07 14:40:00,synthetic_normal,normal
TX10006277,W001844,W002368,2.095862,2026-01-07 16:20:00,synthetic_normal,normal
TX10005285,W002138,W002104,0.250633,2026-01-07 16:31:00,synthetic_normal,normal
TX10005706,W000724,W002000,0.684207,2026-01-07 17:30:00,synthetic_normal,normal
TX10003576,W002132,W002184,0.251493,2026-01-07 17:36:00,synthetic_normal,normal
TX10009611,W000955,W001213,0.804624,2026-01-07 18:05:00,synthetic_normal,normal
TX10004470,W001303,W000346,0.586368,2026-01-07 19:09:00,synthetic_normal,normal
TX10001734,W000854,W000035,0.508378,2026-01-07 19:12:00,synthetic_normal,normal
TX10000000,W000952,W000955,2.987077,2026-01-07 19:49:00,synthetic_anomalous,rapid_chain
TX10002015,W002383,W000242,0.146014,2026-01-07 20:38:00,synthetic_normal,normal
TX10007109,W001939,W000435,0.197354,2026-01-07 21:17:00,synthetic_normal,normal
TX10001411,W002239,W002069,0.734948,2026-01-07 21:32:00,synthetic_normal,normal
TX10006241,W000028,W001503,0.260702,2026-01-07 21:36:00,synthetic_normal,normal
TX10001813,W000119,W002456,1.102092,2026-01-07 21:43:00,synthetic_normal,normal
TX10009956,W001591,W000561,0.553462,2026-01-07 22:13:00,synthetic_normal,normal
TX10001208,W001369,W001970,0.437836,2026-01-07 22:16:00,synthetic_normal,normal
TX10000459,W000626,W001059,1.085764,2026-01-07 22:22:00,synthetic_anomalous,cross_border_burst
TX10007893,W001932,W001917,0.937193,2026-01-07 22:44:00,synthetic_normal,normal
TX10000042,W000028,W000777,1.508614,2026-01-07 22:48:00,synthetic_anomalous,fan_in
TX10001952,W002211,W002331,1.132648,2026-01-07 23:07:00,synthetic_normal,normal
TX10004244,W001175,W000181,1.199687,2026-01-07 23:10:00,synthetic_normal,normal
TX10004485,W001956,W001117,0.468244,2026-01-07 23:29:00,synthetic_normal,normal
TX10009950,W001072,W000590,0.54448,2026-01-07 23:33:00,synthetic_normal,normal
TX10003537,W002389,W000957,0.57629,2026-01-08 00:07:00,synthetic_normal,normal
TX10007470,W000957,W001228,0.808171,2026-01-08 00:43:00,synthetic_normal,normal
TX10000221,W000028,W000067,3.153931,2026-01-08 00:49:00,synthetic_anomalous,high_connectivity
TX10001664,W002383,W000699,0.495332,2026-01-08 02:20:00,synthetic_normal,normal
TX10009482,W001572,W002109,0.433172,2026-01-08 02:46:00,synthetic_normal,normal
TX10007906,W001529,W001051,0.454821,2026-01-08 03:33:00,synthetic_normal,normal
TX10008726,W002311,W002331,0.136493,2026-01-08 04:21:00,synthetic_normal,normal
TX10001879,W000462,W000078,0.088112,2026-01-08 04:31:00,synthetic_normal,normal
TX10007979,W001359,W001203,0.362199,2026-01-08 04:37:00,synthetic_normal,normal
TX10003637,W000092,W001425,0.263238,2026-01-08 05:21:00,synthetic_normal,normal
TX10009209,W001683,W002314,0.230477,2026-01-08 05:41:00,synthetic_normal,normal
TX10001148,W001725,W001805,0.380565,2026-01-08 06:28:00,synthetic_normal,normal
TX10007513,W001042,W002167,0.215249,2026-01-08 06:57:00,synthetic_normal,normal
TX10005086,W001817,W002170,0.279679,2026-01-08 07:19:00,synthetic_normal,normal
TX10007538,W000635,W002239,0.457339,2026-01-08 07:26:00,synthetic_normal,normal
TX10004738,W000636,W000513,0.631122,2026-01-08 07:32:00,synthetic_normal,normal
TX10000065,W000028,W000512,1.144531,2026-01-08 09:17:00,synthetic_anomalous,fan_out
TX10008602,W000814,W000801,1.440744,2026-01-08 09:27:00,synthetic_normal,normal
TX10002593,W000523,W000520,0.760584,2026-01-08 10:43:00,synthetic_normal,normal
TX10000395,W000279,W001717,1.410011,2026-01-08 10:47:00,synthetic_anomalous,cross_border_burst
TX10007412,W000556,W001835,0.165168,2026-01-08 11:16:00,synthetic_normal,normal
TX10008192,W000525,W002448,1.528026,2026-01-08 11:17:00,synthetic_normal,normal
TX10006368,W000011,W001331,0.270839,2026-01-08 11:43:00,synthetic_normal,normal
TX10007086,W002317,W002117,0.8294,2026-01-08 11:56:00,synthetic_normal,normal
TX10009981,W001610,W001250,0.465746,2026-01-08 12:49:00,synthetic_normal,normal
TX10008885,W002274,W000062,0.595869,2026-01-08 13:08:00,synthetic_normal,normal
TX10009755,W002297,W000671,0.680087,2026-01-08 13:46:00,synthetic_normal,normal
TX10009230,W000265,W000984,0.298274,2026-01-08 14:43:00,synthetic_normal,normal
TX10004690,W002470,W002120,0.081812,2026-01-08 15:16:00,synthetic_normal,normal
TX10009136,W000893,W001646,0.2056,2026-01-08 16:04:00,synthetic_normal,normal
TX10002873,W000178,W000437,0.206266,2026-01-08 16:06:00,synthetic_normal,normal
TX10003916,W000909,W000157,0.470111,2026-01-08 17:01:00,synthetic_normal,normal
TX10006212,W002411,W000530,0.517585,2026-01-08 17:40:00,synthetic_normal,normal
TX10004208,W000686,W000715,0.147355,2026-01-08 17:53:00,synthetic_normal,normal
TX10003490,W001146,W002439,0.571796,2026-01-08 18:20:00,synthetic_normal,normal
TX10009004,W000211,W000505,0.44248,2026-01-08 18:34:00,synthetic_normal,normal
TX10008614,W001857,W001432,0.426325,2026-01-08 18:40:00,synthetic_normal,normal
TX10000247,W000033,W000155,7.938727,2026-01-08 19:01:00,synthetic_anomalous,layered_transfer
TX10007569,W002089,W001670,0.416323,2026-01-08 19:06:00,synthetic_normal,normal
TX10008860,W000166,W001340,0.105604,2026-01-08 19:27:00,synthetic_normal,normal
TX10006464,W002051,W000867,0.638878,2026-01-08 19:28:00,synthetic_normal,normal
TX10000356,W001443,W001677,12.069882,2026-01-08 19:51:00,synthetic_anomalous,high_frequency
TX10009072,W002421,W000645,0.253106,2026-01-08 20:35:00,synthetic_normal,normal
TX10008297,W001428,W000162,0.277978,2026-01-08 20:39:00,synthetic_normal,normal
TX10006398,W001764,W001736,0.222585,2026-01-08 21:15:00,synthetic_normal,normal
TX10005210,W001180,W000889,0.224247,2026-01-08 22:17:00,synthetic_normal,normal
TX10006099,W000843,W001904,0.380614,2026-01-08 23:14:00,synthetic_normal,normal
TX10000608,W001488,W002285,9.17695,2026-01-08 23:17:00,synthetic_anomalous,rapid_chain
TX10004893,W001100,W002205,0.688291,2026-01-08 23:50:00,synthetic_normal,normal
TX10005699,W001768,W001730,0.917997,2026-01-09 00:00:00,synthetic_normal,normal
TX10009377,W000242,W001401,0.318013,2026-01-09 02:05:00,synthetic_normal,normal
TX10007117,W001396,W000101,0.468141,2026-01-09 02:08:00,synthetic_normal,normal
TX10002841,W001926,W001348,1.000128,2026-01-09 02:10:00,synthetic_normal,normal
TX10003134,W000196,W000193,0.315649,2026-01-09 02:55:00,synthetic_normal,normal
TX10005183,W001776,W002318,0.80815,2026-01-09 03:12:00,synthetic_normal,normal
TX10001942,W002294,W002055,0.447055,2026-01-09 03:14:00,synthetic_normal,normal
TX10000527,W000020,W001089,2.667153,2026-01-09 03:34:00,synthetic_anomalous,layered_transfer
TX10003580,W000305,W001553,0.258024,2026-01-09 03:56:00,synthetic_normal,normal
TX10008813,W002350,W001292,0.645846,2026-01-09 04:28:00,synthetic_normal,normal
TX10005121,W001277,W001600,0.70407,2026-01-09 04:30:00,synthetic_normal,normal
TX10008629,W001968,W001026,0.224626,2026-01-09 04:46:00,synthetic_normal,normal
TX10002904,W001534,W000858,1.278417,2026-01-09 05:06:00,synthetic_normal,normal
TX10004879,W001384,W001944,1.471262,2026-01-09 05:27:00,synthetic_normal,normal
TX10006528,W001331,W001246,1.211051,2026-01-09 05:28:00,synthetic_normal,normal
TX10004124,W002388,W001928,0.127495,2026-01-09 05:29:00,synthetic_normal,normal
TX10000558,W000016,W002006,8.904753,2026-01-09 05:40:00,synthetic_anomalous,ip_wallet_reuse
TX10006181,W000708,W000736,0.244646,2026-01-09 06:14:00,synthetic_normal,normal
TX10009999,W001499,W002237,0.142482,2026-01-09 06:30:00,synthetic_normal,normal
TX10001788,W001039,W001345,0.302292,2026-01-09 06:37:00,synthetic_normal,normal
TX10000815,W000034,W000671,4.204176,2026-01-09 07:08:00,synthetic_anomalous,layered_transfer
TX10009304,W002261,W000517,0.28984,2026-01-09 07:23:00,synthetic_normal,normal
TX10009011,W000958,W000454,0.288874,2026-01-09 07:27:00,synthetic_normal,normal
TX10006692,W000048,W000905,0.198163,2026-01-09 07:51:00,synthetic_normal,normal
TX10003585,W000793,W000713,0.225409,2026-01-09 09:19:00,synthetic_normal,normal
TX10000358,W000039,W001600,3.364684,2026-01-09 09:41:00,synthetic_anomalous,ip_wallet_reuse
TX10008740,W002408,W001676,0.117261,2026-01-09 09:48:00,synthetic_normal,normal
TX10004945,W000228,W002129,0.636091,2026-01-09 09:53:00,synthetic_normal,normal
TX10002776,W001267,W001902,0.640048,2026-01-09 10:07:00,synthetic_normal,normal
TX10007739,W002283,W002232,0.155349,2026-01-09 10:50:00,synthetic_normal,normal
TX10001641,W002140,W001201,0.370676,2026-01-09 10:57:00,synthetic_normal,normal
TX10000559,W000022,W001908,4.462865,2026-01-09 11:22:00,synthetic_anomalous,layered_transfer
TX10006089,W000751,W001619,0.972574,2026-01-09 12:22:00,synthetic_normal,normal
TX10000205,W000002,W001173,7.158321,2026-01-09 12:36:00,synthetic_anomalous,high_connectivity
TX10000346,W000003,W000907,3.069383,2026-01-09 13:11:00,synthetic_anomalous,fan_in
TX10009859,W000301,W001182,0.361811,2026-01-09 13:27:00,synthetic_normal,normal
TX10007222,W000386,W001700,0.27301,2026-01-09 14:03:00,synthetic_normal,normal
TX10000477,W000029,W000028,1.861443,2026-01-09 14:13:00,synthetic_anomalous,high_connectivity
TX10005599,W000620,W000994,0.275973,2026-01-09 14:40:00,synthetic_normal,normal
TX10007102,W000866,W001441,0.412935,2026-01-09 16:26:00,synthetic_normal,normal
TX10001643,W002069,W000822,0.387184,2026-01-09 16:28:00,synthetic_normal,normal
TX10004439,W000899,W001248,0.232822,2026-01-09 17:19:00,synthetic_normal,normal
TX10007911,W001834,W002126,0.929553,2026-01-09 17:27:00,synthetic_normal,normal
TX10009172,W002076,W001050,0.257695,2026-01-09 17:49:00,synthetic_normal,normal
TX10001006,W002288,W000587,1.181649,2026-01-09 18:19:00,synthetic_normal,normal
TX10001590,W002311,W001041,0.638646,2026-01-09 19:03:00,synthetic_normal,normal
TX10000669,W000020,W001280,9.938585,2026-01-09 20:27:00,synthetic_anomalous,high_connectivity
TX10009863,W000730,W000119,0.496676,2026-01-09 20:30:00,synthetic_normal,normal
TX10006452,W000692,W001258,0.537635,2026-01-09 20:51:00,synthetic_normal,normal
TX10001956,W000820,W000019,0.22797,2026-01-09 21:11:00,synthetic_normal,normal
TX10007061,W000960,W000785,0.953697,2026-01-09 21:43:00,synthetic_normal,normal
TX10009091,W002158,W000643,0.340637,2026-01-09 22:10:00,synthetic_normal,normal
TX10007719,W000751,W001217,0.334829,2026-01-09 22:52:00,synthetic_normal,normal
TX10005682,W001828,W000849,0.190528,2026-01-09 23:40:00,synthetic_normal,normal
TX10007633,W000202,W000665,0.538125,2026-01-10 00:34:00,synthetic_normal,normal
TX10003018,W001348,W000166,0.504983,2026-01-10 00:50:00,synthetic_normal,normal
TX10006060,W000518,W002086,1.088179,2026-01-10 00:58:00,synthetic_normal,normal
TX10000541,W000031,W001144,1.794354,2026-01-10 01:00:00,synthetic_anomalous,high_connectivity
TX10008790,W001950,W001996,0.392522,2026-01-10 01:39:00,synthetic_normal,normal
TX10000343,W000023,W001676,2.387499,2026-01-10 01:46:00,synthetic_anomalous,layered_transfer
TX10000347,W000579,W000499,4.375919,2026-01-10 02:16:00,synthetic_anomalous,cross_border_burst
TX10007870,W001821,W000443,0.855785,2026-01-10 02:23:00,synthetic_normal,normal
TX10007668,W002394,W001902,0.846176,2026-01-10 02:51:00,synthetic_normal,normal
TX10006478,W000612,W002495,0.170903,2026-01-10 02:56:00,synthetic_normal,normal
TX10001510,W001580,W001142,0.353303,2026-01-10 02:58:00,synthetic_normal,normal
TX10007663,W000939,W000343,0.839423,2026-01-10 03:11:00,synthetic_normal,normal
TX10009719,W000821,W000150,0.239502,2026-01-10 03:17:00,synthetic_normal,normal
TX10007648,W000988,W002059,0.25043,2026-01-10 03:38:00,synthetic_normal,normal
TX10008838,W000356,W001874,0.705479,2026-01-10 03:48:00,synthetic_normal,normal
TX10008646,W000333,W002377,0.705493,2026-01-10 03:48:00,synthetic_normal,normal
TX10001802,W001914,W001575,0.266533,2026-01-10 04:04:00,synthetic_normal,normal
TX10002457,W001192,W000895,0.081309,2026-01-10 05:01:00,synthetic_normal,normal
TX10002236,W000042,W000588,0.651306,2026-01-10 05:02:00,synthetic_normal,normal
TX10004686,W000067,W000437,0.214631,2026-01-10 05:12:00,synthetic_normal,normal
TX10003507,W000190,W002215,0.902595,2026-01-10 05:23:00,synthetic_normal,normal
TX10005915,W002266,W000056,0.633159,2026-01-10 05:35:00,synthetic_normal,normal
TX10006507,W001129,W002080,0.114898,2026-01-10 06:22:00,synthetic_normal,normal
TX10008426,W002364,W001854,0.162431,2026-01-10 06:43:00,synthetic_normal,normal
TX10005834,W001236,W000325,1.114524,2026-01-10 07:18:00,synthetic_normal,normal
TX10002328,W002280,W001664,0.734605,2026-01-10 08:04:00,synthetic_normal,normal
TX10000516,W001878,W001396,1.43653,2026-01-10 09:51:00,synthetic_anomalous,high_frequency
TX10002407,W001883,W000645,0.453171,2026-01-10 10:17:00,synthetic_normal,normal
TX10000444,W000014,W002205,4.996046,2026-01-10 10:31:00,synthetic_anomalous,high_frequency
TX10004322,W000295,W000696,0.525372,2026-01-10 11:06:00,synthetic_normal,normal
TX10004437,W001045,W001264,0.438086,2026-01-10 11:15:00,synthetic_normal,normal
TX10009104,W001253,W001761,0.160963,2026-01-10 11:59:00,synthetic_normal,normal
TX10009924,W000826,W000065,0.526679,2026-01-10 12:02:00,synthetic_normal,normal
TX10008735,W001672,W000269,1.550743,2026-01-10 12:07:00,synthetic_normal,normal
TX10001293,W001809,W001426,0.31364,2026-01-10 12:38:00,synthetic_normal,normal
TX10006408,W000701,W002362,0.831279,2026-01-10 12:40:00,synthetic_normal,normal
TX10005702,W001165,W001432,0.443493,2026-01-10 12:59:00,synthetic_normal,normal
TX10003474,W002074,W000518,0.821192,2026-01-10 13:04:00,synthetic_normal,normal
TX10003819,W001397,W002094,0.117875,2026-01-10 13:45:00,synthetic_normal,normal
TX10009248,W001359,W000332,0.227632,2026-01-10 14:08:00,synthetic_normal,normal
TX10001095,W000223,W001053,0.799896,2026-01-10 14:29:00,synthetic_normal,normal
TX10009883,W001681,W000194,0.154653,2026-01-10 14:31:00,synthetic_normal,normal
TX10000255,W000022,W001387,13.401703,2026-01-10 14:38:00,synthetic_anomalous,layered_transfer
TX10002901,W000065,W000914,0.702295,2026-01-10 15:30:00,synthetic_normal,normal
TX10004380,W002314,W000746,0.141602,2026-01-10 16:16:00,synthetic_normal,normal
TX10003638,W001375,W000676,0.393601,2026-01-10 16:23:00,synthetic_normal,normal
TX10008235,W000325,W000044,0.7089,2026-01-10 17:17:00,synthetic_normal,normal
TX10004547,W000587,W002498,1.051698,2026-01-10 17:46:00,synthetic_normal,normal
TX10004787,W002128,W000857,0.776715,2026-01-10 17:46:00,synthetic_normal,normal
TX10008251,W001470,W002172,0.231767,2026-01-10 17:53:00,synthetic_normal,normal
TX10009117,W000660,W000077,1.05634,2026-01-10 18:09:00,synthetic_normal,normal
TX10007067,W002467,W002404,0.364198,2026-01-10 18:48:00,synthetic_normal,normal
TX10000649,W000008,W002360,0.462192,2026-01-10 18:55:00,synthetic_anomalous,fan_out
TX10003423,W001178,W000765,0.571386,2026-01-10 19:20:00,synthetic_normal,normal
TX10005298,W001863,W000745,0.793896,2026-01-10 19:39:00,synthetic_normal,normal
TX10002482,W000862,W000969,0.4488,2026-01-10 21:06:00,synthetic_normal,normal
TX10008695,W000055,W000301,0.11406,2026-01-10 21:45:00,synthetic_normal,normal
TX10009766,W000446,W000176,0.324688,2026-01-10 22:01:00,synthetic_normal,normal
TX10006742,W001187,W002062,0.908591,2026-01-10 22:11:00,synthetic_normal,normal
TX10007607,W000839,W001593,0.300767,2026-01-10 22:51:00,synthetic_normal,normal
TX10008170,W002374,W000653,0.120076,2026-01-10 23:00:00,synthetic_normal,normal
TX10003171,W000360,W001168,0.168572,2026-01-11 00:05:00,synthetic_normal,normal
TX10009204,W000237,W000300,0.403981,2026-01-11 00:06:00,synthetic_normal,normal
TX10001187,W000919,W000830,0.140271,2026-01-11 01:28:00,synthetic_normal,normal
TX10005838,W002300,W000315,1.214014,2026-01-11 01:29:00,synthetic_normal,normal
TX10003335,W002220,W002141,1.284672,2026-01-11 01:39:00,synthetic_normal,normal
TX10006009,W002195,W002182,0.331696,2026-01-11 02:00:00,synthetic_normal,normal
TX10004629,W002080,W000343,0.631609,2026-01-11 02:13:00,synthetic_normal,normal
TX10003967,W001692,W002183,0.251708,2026-01-11 02:50:00,synthetic_normal,normal
TX10000561,W000019,W000420,3.452033,2026-01-11 03:16:00,synthetic_anomalous,fan_out
TX10002399,W000917,W000619,0.882342,2026-01-11 03:25:00,synthetic_normal,normal
TX10007301,W001275,W000171,0.255434,2026-01-11 03:29:00,synthetic_normal,normal
TX10005012,W000224,W002138,0.209389,2026-01-11 03:42:00,synthetic_normal,normal
TX10005432,W001908,W001383,0.092893,2026-01-11 04:30:00,synthetic_normal,normal
TX10002361,W002141,W002377,0.214362,2026-01-11 04:39:00,synthetic_normal,normal
TX10002668,W000726,W001702,0.707111,2026-01-11 04:47:00,synthetic_normal,normal
TX10002450,W000985,W001922,0.726604,2026-01-11 04:48:00,synthetic_normal,normal
TX10001142,W000363,W001077,0.06089,2026-01-11 04:59:00,synthetic_normal,normal
TX10005848,W000431,W000653,0.444797,2026-01-11 05:05:00,synthetic_normal,normal
TX10002582,W000042,W001160,0.646084,2026-01-11 05:38:00,synthetic_normal,normal
TX10006266,W002337,W002146,0.272949,2026-01-11 06:43:00,synthetic_normal,normal
TX10006104,W002226,W001527,0.392002,2026-01-11 06:50:00,synthetic_normal,normal
TX10009843,W000283,W002295,0.829549,2026-01-11 07:00:00,synthetic_normal,normal
TX10004974,W001130,W001134,2.387214,2026-01-11 07:44:00,synthetic_normal,normal
TX10001755,W000648,W000936,0.332986,2026-01-11 08:35:00,synthetic_normal,normal
TX10004213,W001501,W000094,0.403563,2026-01-11 09:22:00,synthetic_normal,normal
TX10005417,W000899,W000766,0.206916,2026-01-11 10:03:00,synthetic_normal,normal
TX10008373,W002299,W000593,0.226168,2026-01-11 11:13:00,synthetic_normal,normal
TX10007409,W001381,W002373,3.749854,2026-01-11 11:44:00,synthetic_normal,normal
TX10005875,W001585,W000069,0.632718,2026-01-11 11:48:00,synthetic_normal,normal
TX10005276,W001324,W001823,0.343599,2026-01-11 11:50:00,synthetic_normal,normal
TX10001766,W002241,W002002,0.879164,2026-01-11 12:04:00,synthetic_normal,normal
TX10005079,W000823,W002193,0.247187,2026-01-11 13:21:00,synthetic_normal,normal
TX10005239,W001371,W002199,0.465579,2026-01-11 14:35:00,synthetic_normal,normal
TX10006633,W001364,W000702,0.373453,2026-01-11 15:05:00,synthetic_normal,normal
TX10002200,W000288,W001746,1.20023,2026-01-11 15:08:00,synthetic_normal,normal
TX10005422,W000727,W001203,0.137588,2026-01-11 15:13:00,synthetic_normal,normal
TX10007310,W000286,W001814,0.286249,2026-01-11 15:40:00,synthetic_normal,normal
TX10009458,W001120,W001141,0.574644,2026-01-11 16:06:00,synthetic_normal,normal
TX10002649,W001485,W001447,1.013673,2026-01-11 16:12:00,synthetic_normal,normal
TX10005128,W002367,W001125,0.514249,2026-01-11 16:54:00,synthetic_normal,normal
TX10000993,W000022,W001242,1.340506,2026-01-11 17:12:00,synthetic_anomalous,fan_out
TX10004274,W001725,W001819,0.799131,2026-01-11 17:37:00,synthetic_normal,normal
TX10005588,W001245,W000688,0.338106,2026-01-11 17:55:00,synthetic_normal,normal
TX10007500,W001367,W001802,0.415835,2026-01-11 18:09:00,synthetic_normal,normal
TX10009647,W001821,W000292,0.264067,2026-01-11 18:29:00,synthetic_normal,normal
TX10001665,W001808,W001067,0.076048,2026-01-11 18:31:00,synthetic_normal,normal
TX10007971,W002027,W000272,0.371695,2026-01-11 18:43:00,synthetic_normal,normal
TX10008385,W002151,W001029,1.174886,2026-01-11 19:16:00,synthetic_normal,normal
TX10005998,W001964,W000518,0.720896,2026-01-11 19:17:00,synthetic_normal,normal
TX10003404,W002376,W000054,0.708738,2026-01-11 19:30:00,synthetic_normal,normal
TX10006105,W000145,W002384,0.322334,2026-01-11 19:32:00,synthetic_normal,normal
TX10003516,W000449,W001438,1.263328,2026-01-11 20:19:00,synthetic_normal,normal
TX10009109,W001136,W001791,0.746075,2026-01-11 20:28:00,synthetic_normal,normal
TX10008764,W000908,W000359,0.244377,2026-01-11 20:30:00,synthetic_normal,normal
TX10009791,W000691,W001598,0.253398,2026-01-11 20:46:00,synthetic_normal,normal
TX10005352,W002186,W001099,0.72358,2026-01-11 20:49:00,synthetic_normal,normal
TX10009818,W001993,W002087,0.323712,2026-01-11 20:51:00,synthetic_normal,normal
TX10007526,W000800,W002493,0.50066,2026-01-11 21:00:00,synthetic_normal,normal
TX10004511,W002026,W000321,0.374084,2026-01-11 21:23:00,synthetic_normal,normal
TX10007388,W001750,W000239,1.006094,2026-01-11 23:01:00,synthetic_normal,normal
TX10007713,W001433,W002084,1.126709,2026-01-11 23:36:00,synthetic_normal,normal
TX10006479,W002047,W001674,0.521698,2026-01-12 01:02:00,synthetic_normal,normal
TX10001883,W002403,W001409,0.529186,2026-01-12 01:17:00,synthetic_normal,normal
TX10008493,W002494,W002408,0.067601,2026-01-12 01:34:00,synthetic_normal,normal
TX10008506,W001422,W000725,0.414999,2026-01-12 01:34:00,synthetic_normal,normal
TX10006871,W001120,W001608,0.572555,2026-01-12 01:37:00,synthetic_normal,normal
TX10001029,W001552,W001076,0.240114,2026-01-12 03:05:00,synthetic_normal,normal
TX10007295,W001349,W001431,0.524691,2026-01-12 03:25:00,synthetic_normal,normal
TX10003947,W002285,W000140,0.355026,2026-01-12 04:10:00,synthetic_normal,normal
TX10000236,W001196,W000616,1.839256,2026-01-12 04:11:00,synthetic_anomalous,high_frequency
TX10006144,W002087,W001587,1.057959,2026-01-12 04:13:00,synthetic_normal,normal
TX10008659,W001871,W001099,0.47848,2026-01-12 04:24:00,synthetic_normal,normal
TX10006733,W000378,W001821,0.809667,2026-01-12 04:48:00,synthetic_normal,normal
TX10003820,W001653,W000369,0.351928,2026-01-12 04:48:00,synthetic_normal,normal
TX10000025,W000042,W000871,1.566683,2026-01-12 05:30:00,synthetic_anomalous,fan_out
TX10004271,W002318,W000487,0.246021,2026-01-12 05:37:00,synthetic_normal,normal
TX10005812,W001270,W001293,0.419209,2026-01-12 05:59:00,synthetic_normal,normal
TX10004537,W001870,W000215,2.879308,2026-01-12 06:01:00,synthetic_normal,normal
TX10007602,W001284,W000043,0.62219,2026-01-12 06:14:00,synthetic_normal,normal
TX10006918,W001419,W002444,0.334834,2026-01-12 06:57:00,synthetic_normal,normal
TX10007565,W001054,W001567,0.620386,2026-01-12 07:23:00,synthetic_normal,normal
TX10006593,W002132,W000911,0.447594,2026-01-12 07:39:00,synthetic_normal,normal
TX10008689,W001116,W001644,0.518657,2026-01-12 07:57:00,synthetic_normal,normal
TX10005479,W001594,W000069,1.312596,2026-01-12 08:54:00,synthetic_normal,normal
TX10006235,W000454,W002241,0.29985,2026-01-12 08:55:00,synthetic_normal,normal
TX10000379,W000300,W001362,2.769694,2026-01-12 11:08:00,synthetic_anomalous,cross_border_burst
TX10005378,W001097,W002435,0.60851,2026-01-12 11:14:00,synthetic_normal,normal
TX10001251,W001967,W001074,0.295465,2026-01-12 11:28:00,synthetic_normal,normal
TX10003674,W001408,W001319,2.139315,2026-01-12 11:32:00,synthetic_normal,normal
TX10000127,W000030,W001016,2.084391,2026-01-12 11:47:00,synthetic_anomalous,layered_transfer
TX10008866,W000515,W000766,0.669901,2026-01-12 11:55:00,synthetic_normal,normal
TX10001518,W000655,W001070,0.180217,2026-01-12 12:15:00,synthetic_normal,normal
TX10003625,W000622,W000519,0.350969,2026-01-12 12:33:00,synthetic_normal,normal
TX10006155,W001260,W001514,1.946687,2026-01-12 12:40:00,synthetic_normal,normal
TX10009949,W001150,W001572,1.085194,2026-01-12 13:06:00,synthetic_normal,normal
TX10008257,W001678,W001823,0.614934,2026-01-12 13:17:00,synthetic_normal,normal
TX10000411,W001814,W000609,4.081384,2026-01-12 13:23:00,synthetic_anomalous,cross_border_burst
TX10003584,W000328,W000859,0.358197,2026-01-12 13:51:00,synthetic_normal,normal
TX10008454,W000118,W000217,1.168665,2026-01-12 14:17:00,synthetic_normal,normal
TX10001841,W002325,W001791,0.405224,2026-01-12 14:59:00,synthetic_normal,normal
TX10003719,W000138,W002435,0.099399,2026-01-12 15:24:00,synthetic_normal,normal
TX10004792,W001846,W000850,0.471854,2026-01-12 16:28:00,synthetic_normal,normal
TX10009756,W001250,W000573,0.739634,2026-01-12 16:29:00,synthetic_normal,normal
TX10007259,W000467,W002143,0.181662,2026-01-12 16:41:00,synthetic_normal,normal
TX10005131,W002062,W000738,0.224824,2026-01-12 17:48:00,synthetic_normal,normal
TX10006647,W000565,W001635,0.241447,2026-01-12 18:07:00,synthetic_normal,normal
TX10004725,W001914,W000082,1.158997,2026-01-12 18:34:00,synthetic_normal,normal
TX10009813,W002209,W001267,0.309704,2026-01-12 19:03:00,synthetic_normal,normal
TX10001314,W001599,W001140,0.48741,2026-01-12 19:49:00,synthetic_normal,normal
TX10007654,W000359,W002321,0.098611,2026-01-12 20:08:00,synthetic_normal,normal
TX10008763,W000846,W002362,0.828796,2026-01-12 20:28:00,synthetic_normal,normal
TX10007264,W001322,W001960,0.510858,2026-01-12 20:50:00,synthetic_normal,normal
TX10006818,W001658,W001221,0.240387,2026-01-12 21:09:00,synthetic_normal,normal
TX10006086,W002309,W000162,0.201191,2026-01-12 21:28:00,synthetic_normal,normal
TX10000518,W000031,W000674,1.334338,2026-01-12 21:39:00,synthetic_anomalous,ip_wallet_reuse
TX10008803,W000775,W001322,0.220726,2026-01-12 21:42:00,synthetic_normal,normal
TX10004237,W002090,W001790,0.186588,2026-01-12 21:52:00,synthetic_normal,normal
TX10005742,W001740,W000117,0.224559,2026-01-12 22:57:00,synthetic_normal,normal
TX10008679,W001091,W000358,0.376512,2026-01-12 22:57:00,synthetic_normal,normal
TX10001762,W000326,W001317,1.564162,2026-01-13 00:02:00,synthetic_normal,normal
TX10003069,W001718,W001158,0.854078,2026-01-13 00:53:00,synthetic_normal,normal
TX10008567,W000144,W000182,0.3247,2026-01-13 01:28:00,synthetic_normal,normal
TX10009692,W001507,W000142,1.543467,2026-01-13 01:30:00,synthetic_normal,normal
TX10002991,W000269,W001952,0.372189,2026-01-13 01:53:00,synthetic_normal,normal
TX10002023,W002256,W001235,0.277735,2026-01-13 02:11:00,synthetic_normal,normal
TX10004056,W001172,W000585,0.256819,2026-01-13 02:32:00,synthetic_normal,normal
TX10007223,W002046,W001855,0.600092,2026-01-13 02:40:00,synthetic_normal,normal
TX10007871,W000226,W000900,0.243157,2026-01-13 03:18:00,synthetic_normal,normal
TX10007471,W001131,W001851,0.14284,2026-01-13 03:20:00,synthetic_normal,normal
TX10005471,W000112,W001075,0.211355,2026-01-13 03:51:00,synthetic_normal,normal
TX10007919,W001318,W001268,0.481571,2026-01-13 03:55:00,synthetic_normal,normal
TX10000722,W000019,W000165,1.269384,2026-01-13 04:50:00,synthetic_anomalous,fan_in
TX10002967,W000220,W000501,0.704828,2026-01-13 05:26:00,synthetic_normal,normal
TX10007735,W002116,W000202,0.134502,2026-01-13 05:29:00,synthetic_normal,normal
TX10009351,W001930,W000675,0.377663,2026-01-13 05:38:00,synthetic_normal,normal
TX10007505,W001327,W000050,0.517116,2026-01-13 05:50:00,synthetic_normal,normal
TX10004746,W001233,W001175,0.250466,2026-01-13 06:18:00,synthetic_normal,normal
TX10000950,W000032,W000217,1.044446,2026-01-13 06:49:00,synthetic_anomalous,ip_wallet_reuse
TX10002481,W002419,W001879,0.302048,2026-01-13 07:11:00,synthetic_normal,normal
TX10009907,W001273,W000512,0.286012,2026-01-13 07:14:00,synthetic_normal,normal
TX10000496,W001613,W001316,5.742432,2026-01-13 08:17:00,synthetic_anomalous,rapid_chain
TX10000550,W000049,W000468,4.268701,2026-01-13 08:32:00,synthetic_anomalous,ip_wallet_reuse
TX10007519,W000548,W001114,0.209375,2026-01-13 08:56:00,synthetic_normal,normal
TX10001173,W000290,W002104,0.293498,2026-01-13 09:29:00,synthetic_normal,normal
TX10003523,W002043,W001795,0.2051,2026-01-13 09:34:00,synthetic_normal,normal
TX10002434,W001556,W002471,0.289564,2026-01-13 10:10:00,synthetic_normal,normal
TX10009589,W000269,W000943,0.615117,2026-01-13 10:21:00,synthetic_normal,normal
TX10001604,W000243,W001314,1.327976,2026-01-13 10:45:00,synthetic_normal,normal
TX10002184,W000335,W001075,1.067553,2026-01-13 10:48:00,synthetic_normal,normal
TX10008816,W001787,W001935,1.216568,2026-01-13 11:37:00,synthetic_normal,normal
TX10001215,W001316,W001847,0.205052,2026-01-13 12:11:00,synthetic_normal,normal
TX10006605,W002001,W000324,0.625898,2026-01-13 13:01:00,synthetic_normal,normal
TX10009228,W000601,W000920,0.270007,2026-01-13 13:29:00,synthetic_normal,normal
TX10003590,W000369,W001177,0.620401,2026-01-13 14:21:00,synthetic_normal,normal
TX10008122,W001499,W001048,0.353543,2026-01-13 14:29:00,synthetic_normal,normal
TX10000251,W001371,W000184,1.421376,2026-01-13 14:54:00,synthetic_anomalous,cross_border_burst
TX10008250,W001866,W001545,0.335788,2026-01-13 15:54:00,synthetic_normal,normal
TX10004171,W000513,W001581,0.496892,2026-01-13 15:55:00,synthetic_normal,normal
TX10002616,W000867,W000177,0.116977,2026-01-13 16:54:00,synthetic_normal,normal
TX10005847,W000357,W000810,0.852866,2026-01-13 16:59:00,synthetic_normal,normal
TX10003682,W002313,W001839,0.347927,2026-01-13 17:26:00,synthetic_normal,normal
TX10001895,W000996,W002467,0.248964,2026-01-13 17:48:00,synthetic_normal,normal
TX10004556,W001625,W002489,0.673173,2026-01-13 17:54:00,synthetic_normal,normal
TX10005303,W000102,W000744,0.582688,2026-01-13 18:03:00,synthetic_normal,normal
TX10006572,W001248,W000760,1.305085,2026-01-13 18:15:00,synthetic_normal,normal
TX10005846,W000077,W000867,0.887734,2026-01-13 18:52:00,synthetic_normal,normal
TX10009355,W002081,W002075,0.337189,2026-01-13 19:30:00,synthetic_normal,normal
TX10008339,W001068,W001508,1.05015,2026-01-13 19:37:00,synthetic_normal,normal
TX10006140,W002461,W002106,0.493203,2026-01-13 20:07:00,synthetic_normal,normal
TX10001515,W000228,W002172,1.357951,2026-01-13 20:25:00,synthetic_normal,normal
TX10001527,W000733,W000963,0.225843,2026-01-13 21:12:00,synthetic_normal,normal
TX10004205,W002312,W000345,0.20184,2026-01-13 21:47:00,synthetic_normal,normal
TX10002681,W000147,W000569,0.843014,2026-01-13 21:53:00,synthetic_normal,normal
TX10000210,W000023,W002172,1.913269,2026-01-13 22:49:00,synthetic_anomalous,fan_in
TX10008229,W002215,W000847,0.651953,2026-01-13 23:37:00,synthetic_normal,normal
TX10003769,W001684,W000155,0.650422,2026-01-13 23:52:00,synthetic_normal,normal
TX10008025,W001220,W002185,0.393411,2026-01-14 00:12:00,synthetic_normal,normal
TX10002083,W001380,W000188,1.477875,2026-01-14 00:25:00,synthetic_normal,normal
TX10006749,W000282,W000124,0.684069,2026-01-14 01:05:00,synthetic_normal,normal
TX10000930,W000009,W001382,3.487762,2026-01-14 01:19:00,synthetic_anomalous,fan_in
TX10006205,W000853,W000821,0.622399,2026-01-14 01:44:00,synthetic_normal,normal
TX10000600,W001525,W001226,16.55107,2026-01-14 02:10:00,synthetic_anomalous,rapid_chain
TX10002161,W001339,W002227,0.904719,2026-01-14 02:42:00,synthetic_normal,normal
TX10008175,W001670,W000096,0.172997,2026-01-14 02:48:00,synthetic_normal,normal
TX10000873,W000022,W000007,1.336033,2026-01-14 03:39:00,synthetic_anomalous,fan_out
TX10006050,W000702,W001214,0.285347,2026-01-14 04:09:00,synthetic_normal,normal
TX10000218,W000017,W001963,8.218191,2026-01-14 06:02:00,synthetic_anomalous,fan_in
TX10009100,W001281,W001463,0.280422,2026-01-14 06:45:00,synthetic_normal,normal
TX10005412,W002241,W000728,0.333501,2026-01-14 07:21:00,synthetic_normal,normal
TX10007178,W000057,W000400,0.352441,2026-01-14 07:31:00,synthetic_normal,normal
TX10005600,W002386,W001697,0.160547,2026-01-14 07:46:00,synthetic_normal,normal
TX10005078,W001346,W000810,0.188133,2026-01-14 07:58:00,synthetic_normal,normal
TX10003942,W000023,W002262,0.137645,2026-01-14 08:12:00,synthetic_normal,normal
TX10001174,W000870,W001695,0.764418,2026-01-14 08:17:00,synthetic_normal,normal
TX10004758,W000985,W001152,0.25539,2026-01-14 09:01:00,synthetic_normal,normal
TX10005263,W001469,W000973,0.437311,2026-01-14 09:11:00,synthetic_normal,normal
TX10005249,W001569,W000564,0.434659,2026-01-14 10:48:00,synthetic_normal,normal
TX10006653,W000599,W002049,0.484162,2026-01-14 11:06:00,synthetic_normal,normal
TX10006067,W001814,W001427,2.385223,2026-01-14 11:40:00,synthetic_normal,normal
TX10008093,W001702,W001409,0.713059,2026-01-14 12:12:00,synthetic_normal,normal
TX10000727,W000023,W001390,16.81384,2026-01-14 12:47:00,synthetic_anomalous,layered_transfer
TX10008664,W001408,W000998,0.91686,2026-01-14 13:17:00,synthetic_normal,normal
TX10007055,W001785,W002467,0.384061,2026-01-14 13:30:00,synthetic_normal,normal
TX10002110,W002124,W002490,0.583807,2026-01-14 14:11:00,synthetic_normal,normal
TX10006900,W000204,W001891,0.459652,2026-01-14 15:24:00,synthetic_normal,normal
TX10007781,W001498,W000101,0.273914,2026-01-14 15:32:00,synthetic_normal,normal
TX10007028,W001561,W000616,0.240111,2026-01-14 15:42:00,synthetic_normal,normal
TX10007048,W000222,W002091,0.686835,2026-01-14 16:34:00,synthetic_normal,normal
TX10008874,W001297,W002009,0.231532,2026-01-14 17:05:00,synthetic_normal,normal
TX10000826,W000005,W000442,3.588522,2026-01-14 17:48:00,synthetic_anomalous,fan_in
TX10008969,W002122,W000836,0.298683,2026-01-14 18:23:00,synthetic_normal,normal
TX10002148,W001771,W001999,0.63095,2026-01-14 18:42:00,synthetic_normal,normal
TX10002251,W000804,W000315,0.490796,2026-01-14 18:54:00,synthetic_normal,normal
TX10007428,W000213,W000357,0.905204,2026-01-14 19:20:00,synthetic_normal,normal
TX10001536,W000178,W002062,0.182171,2026-01-14 19:35:00,synthetic_normal,normal
TX10002714,W001314,W002439,0.400399,2026-01-14 20:04:00,synthetic_normal,normal
TX10000573,W000011,W000852,10.79701,2026-01-14 20:22:00,synthetic_anomalous,high_connectivity
TX10002775,W001582,W000129,0.946157,2026-01-14 21:03:00,synthetic_normal,normal
TX10007689,W001628,W000326,0.643598,2026-01-14 21:06:00,synthetic_normal,normal
TX10003327,W002090,W002223,0.16164,2026-01-14 21:45:00,synthetic_normal,normal
TX10008180,W000629,W001229,0.112373,2026-01-14 22:17:00,synthetic_normal,normal
TX10006484,W001660,W001126,0.098437,2026-01-14 22:30:00,synthetic_normal,normal
TX10002134,W000709,W000452,0.413434,2026-01-14 23:06:00,synthetic_normal,normal
TX10005404,W000392,W000864,0.22285,2026-01-14 23:38:00,synthetic_normal,normal
TX10003249,W001174,W001028,0.67105,2026-01-15 00:45:00,synthetic_normal,normal
TX10000963,W001644,W002066,4.194706,2026-01-15 02:12:00,synthetic_anomalous,cross_border_burst
TX10005223,W000241,W002096,0.538172,2026-01-15 02:13:00,synthetic_normal,normal
TX10005445,W002471,W001005,0.747497,2026-01-15 02:25:00,synthetic_normal,normal
TX10009331,W001528,W001970,1.800026,2026-01-15 02:37:00,synthetic_normal,normal
TX10002624,W001794,W000194,0.29008,2026-01-15 03:24:00,synthetic_normal,normal
TX10003415,W000996,W000702,0.305397,2026-01-15 04:09:00,synthetic_normal,normal
TX10008378,W000746,W002403,0.675977,2026-01-15 05:02:00,synthetic_normal,normal
TX10006441,W001283,W000732,1.037072,2026-01-15 05:33:00,synthetic_normal,normal
TX10001156,W001856,W001644,0.259619,2026-01-15 06:23:00,synthetic_normal,normal
TX10009792,W001163,W001176,3.014882,2026-01-15 06:35:00,synthetic_normal,normal
TX10006227,W002259,W001166,1.107545,2026-01-15 07:14:00,synthetic_normal,normal
TX10006299,W000567,W000957,0.754681,2026-01-15 07:57:00,synthetic_normal,normal
TX10006514,W001704,W001761,0.564399,2026-01-15 08:19:00,synthetic_normal,normal
TX10007081,W001411,W000819,0.870714,2026-01-15 09:13:00,synthetic_normal,normal
TX10006442,W000676,W001584,0.862701,2026-01-15 09:21:00,synthetic_normal,normal
TX10000949,W000014,W001522,17.670502,2026-01-15 10:08:00,synthetic_anomalous,high_connectivity
TX10008596,W001060,W000386,0.103245,2026-01-15 10:22:00,synthetic_normal,normal
TX10003196,W000612,W002162,0.535061,2026-01-15 10:41:00,synthetic_normal,normal
TX10001784,W001369,W001464,0.144561,2026-01-15 11:18:00,synthetic_normal,normal
TX10002401,W000597,W001308,0.208842,2026-01-15 11:45:00,synthetic_normal,normal
TX10007887,W000753,W002263,0.549104,2026-01-15 12:02:00,synthetic_normal,normal
TX10002353,W002136,W000656,0.494568,2026-01-15 12:21:00,synthetic_normal,normal
TX10007730,W000866,W000389,0.502036,2026-01-15 13:29:00,synthetic_normal,normal
TX10007454,W002024,W002099,0.437315,2026-01-15 13:57:00,synthetic_normal,normal
TX10002490,W001557,W000549,0.284964,2026-01-15 14:20:00,synthetic_normal,normal
TX10008161,W001701,W001128,0.492584,2026-01-15 14:59:00,synthetic_normal,normal
TX10007444,W001727,W000968,0.534039,2026-01-15 16:04:00,synthetic_normal,normal
TX10004074,W001332,W001059,0.250579,2026-01-15 16:16:00,synthetic_normal,normal
TX10004010,W000407,W001949,0.900363,2026-01-15 16:22:00,synthetic_normal,normal
TX10008341,W001192,W000876,0.401109,2026-01-15 16:46:00,synthetic_normal,normal
TX10003224,W001590,W002190,1.003249,2026-01-15 17:08:00,synthetic_normal,normal
TX10006376,W001492,W002259,0.276143,2026-01-15 17:24:00,synthetic_normal,normal
TX10002371,W001447,W000652,0.428209,2026-01-15 17:30:00,synthetic_normal,normal
TX10006716,W000489,W000942,0.610476,2026-01-15 17:38:00,synthetic_normal,normal
TX10001252,W000318,W000983,0.138438,2026-01-15 17:47:00,synthetic_normal,normal
TX10008793,W002246,W001356,0.908475,2026-01-15 18:58:00,synthetic_normal,normal
TX10004075,W000476,W002013,0.422826,2026-01-15 19:01:00,synthetic_normal,normal
TX10002247,W002026,W002331,0.570945,2026-01-15 19:03:00,synthetic_normal,normal
TX10009602,W001481,W001519,0.932627,2026-01-15 19:07:00,synthetic_normal,normal
TX10005807,W000695,W000961,0.586315,2026-01-15 19:33:00,synthetic_normal,normal
TX10005644,W001047,W000101,0.487078,2026-01-15 19:37:00,synthetic_normal,normal
TX10008345,W000183,W002253,0.729657,2026-01-15 20:29:00,synthetic_normal,normal
TX10007228,W001404,W001057,0.712331,2026-01-15 21:07:00,synthetic_normal,normal
TX10001600,W000230,W001639,0.558144,2026-01-15 21:17:00,synthetic_normal,normal
TX10002486,W000357,W000968,0.194865,2026-01-15 21:21:00,synthetic_normal,normal
TX10003599,W002148,W000532,0.285088,2026-01-15 21:43:00,synthetic_normal,normal
TX10006118,W000664,W000314,0.305655,2026-01-15 22:12:00,synthetic_normal,normal
TX10003189,W001759,W001324,0.918427,2026-01-15 22:27:00,synthetic_normal,normal
TX10001658,W002216,W000551,0.3362,2026-01-15 22:28:00,synthetic_normal,normal
TX10000382,W000032,W001327,3.826031,2026-01-15 22:48:00,synthetic_anomalous,ip_wallet_reuse
TX10003881,W000287,W001544,0.621723,2026-01-15 22:55:00,synthetic_normal,normal
TX10001530,W001394,W001525,0.404328,2026-01-15 23:05:00,synthetic_normal,normal
TX10002172,W000498,W000462,1.803965,2026-01-15 23:05:00,synthetic_normal,normal
TX10009193,W000980,W001021,0.322809,2026-01-15 23:21:00,synthetic_normal,normal
TX10000261,W000029,W001133,9.667503,2026-01-15 23:25:00,synthetic_anomalous,high_connectivity
TX10004469,W001797,W002494,0.996926,2026-01-16 00:02:00,synthetic_normal,normal
TX10003258,W001168,W000563,0.502008,2026-01-16 00:26:00,synthetic_normal,normal
TX10006434,W001663,W001434,0.548488,2026-01-16 00:30:00,synthetic_normal,normal
TX10001857,W000509,W000380,1.539133,2026-01-16 01:01:00,synthetic_normal,normal
TX10002201,W002210,W002157,0.352634,2026-01-16 01:10:00,synthetic_normal,normal
TX10006575,W002123,W001610,0.241464,2026-01-16 01:28:00,synthetic_normal,normal
TX10001144,W002100,W000062,0.261966,2026-01-16 01:29:00,synthetic_normal,normal
TX10007126,W002430,W000737,1.232081,2026-01-16 02:58:00,synthetic_normal,normal
TX10004580,W002011,W002264,0.357317,2026-01-16 03:33:00,synthetic_normal,normal
TX10008164,W000497,W001287,0.797018,2026-01-16 03:44:00,synthetic_normal,normal
TX10008542,W000660,W000935,0.207803,2026-01-16 04:53:00,synthetic_normal,normal
TX10006468,W000153,W001345,0.366342,2026-01-16 05:46:00,synthetic_normal,normal
TX10002539,W001117,W002053,0.79327,2026-01-16 06:40:00,synthetic_normal,normal
TX10008582,W000527,W002226,0.708253,2026-01-16 07:05:00,synthetic_normal,normal
TX10006634,W001132,W000571,0.701255,2026-01-16 07:20:00,synthetic_normal,normal
TX10009935,W002387,W000509,0.622122,2026-01-16 07:42:00,synthetic_normal,normal
TX10002042,W000108,W002111,0.721863,2026-01-16 08:03:00,synthetic_normal,normal
TX10007606,W001050,W000205,0.255085,2026-01-16 08:28:00,synthetic_normal,normal
TX10008948,W002263,W001326,1.183615,2026-01-16 08:53:00,synthetic_normal,normal
TX10007768,W002015,W001097,0.240424,2026-01-16 09:15:00,synthetic_normal,normal
TX10007622,W000412,W002425,0.646954,2026-01-16 09:34:00,synthetic_normal,normal
TX10008661,W001996,W001555,0.215335,2026-01-16 10:18:00,synthetic_normal,normal
TX10003219,W001979,W001112,0.605229,2026-01-16 10:21:00,synthetic_normal,normal
TX10001424,W000600,W001517,0.594166,2026-01-16 11:40:00,synthetic_normal,normal
TX10007327,W000218,W000411,0.786283,2026-01-16 11:52:00,synthetic_normal,normal
TX10000747,W000572,W000115,2.435908,2026-01-16 12:31:00,synthetic_anomalous,cross_border_burst
TX10002096,W001733,W002393,0.261445,2026-01-16 12:36:00,synthetic_normal,normal
TX10002566,W002076,W000147,0.59148,2026-01-16 12:37:00,synthetic_normal,normal
TX10000920,W002471,W000481,1.137063,2026-01-16 12:58:00,synthetic_anomalous,rapid_chain
TX10005044,W002380,W001762,0.178118,2026-01-16 14:35:00,synthetic_normal,normal
TX10006617,W000522,W001835,0.2734,2026-01-16 14:44:00,synthetic_normal,normal
TX10006557,W001758,W002349,0.255881,2026-01-16 15:12:00,synthetic_normal,normal
TX10007411,W002433,W002279,0.451013,2026-01-16 15:54:00,synthetic_normal,normal
TX10008364,W001567,W001294,0.648285,2026-01-16 17:39:00,synthetic_normal,normal
TX10006194,W000903,W001427,0.343665,2026-01-16 17:53:00,synthetic_normal,normal
TX10004594,W002182,W001476,0.359807,2026-01-16 18:08:00,synthetic_normal,normal
TX10002740,W000101,W001764,0.352691,2026-01-16 18:20:00,synthetic_normal,normal
TX10001693,W000140,W001755,1.781698,2026-01-16 18:29:00,synthetic_normal,normal
TX10008405,W000626,W002080,0.431926,2026-01-16 18:47:00,synthetic_normal,normal
TX10003793,W001617,W001547,0.849297,2026-01-16 20:26:00,synthetic_normal,normal
TX10003892,W001976,W002314,0.12996,2026-01-16 20:32:00,synthetic_normal,normal
TX10001157,W000526,W001069,0.181563,2026-01-16 20:59:00,synthetic_normal,normal
TX10008321,W000156,W000566,0.513809,2026-01-16 21:05:00,synthetic_normal,normal
TX10009194,W001825,W002340,0.752887,2026-01-16 21:17:00,synthetic_normal,normal
TX10008222,W000513,W000314,0.875946,2026-01-16 21:21:00,synthetic_normal,normal
TX10000050,W000020,W001901,2.613316,2026-01-16 22:04:00,synthetic_anomalous,fan_in
TX10009428,W000563,W000073,0.372597,2026-01-16 22:12:00,synthetic_normal,normal
TX10002379,W001577,W001731,0.159293,2026-01-16 23:40:00,synthetic_normal,normal
TX10000173,W000028,W002392,1.402307,2026-01-17 00:40:00,synthetic_anomalous,high_connectivity
TX10007776,W001782,W000714,0.380492,2026-01-17 01:44:00,synthetic_normal,normal
TX10009839,W000692,W001117,1.132957,2026-01-17 02:07:00,synthetic_normal,normal
TX10003124,W002218,W001634,1.028212,2026-01-17 02:38:00,synthetic_normal,normal
TX10009579,W001152,W001094,0.322029,2026-01-17 02:49:00,synthetic_normal,normal
TX10002916,W002246,W000639,0.458978,2026-01-17 03:30:00,synthetic_normal,normal
TX10009735,W002337,W001740,0.377278,2026-01-17 04:05:00,synthetic_normal,normal
TX10006895,W000036,W002233,0.949949,2026-01-17 04:34:00,synthetic_normal,normal
TX10008968,W001093,W002369,0.218863,2026-01-17 04:40:00,synthetic_normal,normal
TX10009018,W001980,W002480,0.372216,2026-01-17 05:42:00,synthetic_normal,normal
TX10003759,W000012,W000544,0.471378,2026-01-17 05:49:00,synthetic_normal,normal
TX10004190,W000239,W000614,0.517216,2026-01-17 05:49:00,synthetic_normal,normal
TX10008863,W000948,W002217,0.890551,2026-01-17 06:14:00,synthetic_normal,normal
TX10009573,W000411,W002215,0.224607,2026-01-17 06:30:00,synthetic_normal,normal
TX10005855,W000988,W001087,0.76533,2026-01-17 06:32:00,synthetic_normal,normal
TX10005290,W000460,W001008,0.218525,2026-01-17 06:42:00,synthetic_normal,normal
TX10005797,W000098,W002483,0.870123,2026-01-17 06:56:00,synthetic_normal,normal
TX10005009,W001009,W001367,0.406633,2026-01-17 07:04:00,synthetic_normal,normal
TX10003076,W001934,W001242,0.502224,2026-01-17 07:33:00,synthetic_normal,normal
TX10000513,W000008,W001457,7.311965,2026-01-17 07:34:00,synthetic_anomalous,fan_out
TX10009334,W000380,W000191,0.378557,2026-01-17 07:34:00,synthetic_normal,normal
TX10000768,W000218,W001722,2.814172,2026-01-17 07:46:00,synthetic_anomalous,rapid_chain
TX10006279,W002122,W001715,0.417122,2026-01-17 07:47:00,synthetic_normal,normal
TX10004389,W000603,W001836,0.140455,2026-01-17 07:50:00,synthetic_normal,normal
TX10003364,W001115,W000886,0.575554,2026-01-17 07:59:00,synthetic_normal,normal
TX10005312,W002445,W000643,1.119161,2026-01-17 08:34:00,synthetic_normal,normal
TX10001448,W001822,W000743,0.382635,2026-01-17 08:41:00,synthetic_normal,normal
TX10004052,W000405,W001423,0.472258,2026-01-17 09:10:00,synthetic_normal,normal
TX10003491,W000618,W000805,1.177405,2026-01-17 09:37:00,synthetic_normal,normal
TX10003983,W000210,W000381,0.32135,2026-01-17 10:05:00,synthetic_normal,normal
TX10003227,W002329,W000552,0.342935,2026-01-17 10:07:00,synthetic_normal,normal
TX10002129,W000524,W001144,1.528245,2026-01-17 10:11:00,synthetic_normal,normal
TX10007195,W000757,W002169,0.146487,2026-01-17 10:49:00,synthetic_normal,normal
TX10006364,W000715,W000599,0.521322,2026-01-17 11:11:00,synthetic_normal,normal
TX10001803,W001824,W002403,0.530303,2026-01-17 11:13:00,synthetic_normal,normal
TX10006538,W001518,W000266,0.250981,2026-01-17 11:34:00,synthetic_normal,normal
TX10007286,W001411,W002161,1.072612,2026-01-17 11:42:00,synthetic_normal,normal
TX10007662,W000559,W001593,0.483166,2026-01-17 12:03:00,synthetic_normal,normal
TX10005636,W000290,W001190,0.444663,2026-01-17 12:31:00,synthetic_normal,normal
TX10007095,W000297,W001139,0.285789,2026-01-17 12:54:00,synthetic_normal,normal
TX10007848,W001894,W002140,0.271238,2026-01-17 12:54:00,synthetic_normal,normal
TX10008627,W001840,W000076,0.326526,2026-01-17 13:19:00,synthetic_normal,normal
TX10008227,W000554,W000145,0.627166,2026-01-17 13:56:00,synthetic_normal,normal
TX10003373,W002058,W002489,0.276122,2026-01-17 14:53:00,synthetic_normal,normal
TX10004977,W002162,W000662,0.336693,2026-01-17 15:19:00,synthetic_normal,normal
TX10008492,W001979,W001470,0.47591,2026-01-17 15:20:00,synthetic_normal,normal
TX10001722,W000169,W000594,0.636487,2026-01-17 15:43:00,synthetic_normal,normal
TX10004294,W001631,W000025,0.525415,2026-01-17 15:51:00,synthetic_normal,normal
TX10007251,W002129,W000652,0.515141,2026-01-17 16:31:00,synthetic_normal,normal
TX10000156,W000019,W000627,6.503307,2026-01-17 17:09:00,synthetic_anomalous,high_frequency
TX10004319,W001365,W001743,0.261916,2026-01-17 17:11:00,synthetic_normal,normal
TX10002391,W001248,W002345,0.078088,2026-01-17 17:33:00,synthetic_normal,normal
TX10005618,W002122,W001965,0.614355,2026-01-17 17:39:00,synthetic_normal,normal
TX10001826,W001150,W001240,0.340504,2026-01-17 17:44:00,synthetic_normal,normal
TX10002402,W000434,W000640,1.220597,2026-01-17 17:53:00,synthetic_normal,normal
TX10005281,W000096,W001595,0.66904,2026-01-17 18:46:00,synthetic_normal,normal
TX10008078,W001487,W001763,0.204915,2026-01-17 19:35:00,synthetic_normal,normal
TX10008890,W000725,W000515,0.277342,2026-01-17 20:14:00,synthetic_normal,normal
TX10005814,W001105,W000097,0.496668,2026-01-17 20:36:00,synthetic_normal,normal
TX10006996,W001691,W001054,0.958758,2026-01-17 21:44:00,synthetic_normal,normal
TX10009039,W002436,W000909,1.205344,2026-01-17 21:56:00,synthetic_normal,normal
TX10004651,W002289,W000954,0.37763,2026-01-17 22:02:00,synthetic_normal,normal
TX10001178,W000087,W002400,0.526328,2026-01-17 23:27:00,synthetic_normal,normal
TX10006448,W000453,W001100,1.944751,2026-01-17 23:39:00,synthetic_normal,normal
TX10005133,W001870,W000313,0.297573,2026-01-17 23:39:00,synthetic_normal,normal
TX10005768,W000237,W001050,0.535251,2026-01-18 00:46:00,synthetic_normal,normal
TX10001524,W000318,W001589,1.490627,2026-01-18 01:31:00,synthetic_normal,normal
TX10000980,W000361,W001147,7.886888,2026-01-18 01:45:00,synthetic_anomalous,high_frequency
TX10008678,W001466,W000846,0.32003,2026-01-18 02:48:00,synthetic_normal,normal
TX10009489,W001095,W001781,0.263598,2026-01-18 02:49:00,synthetic_normal,normal
TX10004020,W001242,W000517,1.330534,2026-01-18 04:05:00,synthetic_normal,normal
TX10003888,W001112,W002131,0.384133,2026-01-18 04:48:00,synthetic_normal,normal
TX10007745,W000118,W000656,0.750456,2026-01-18 04:52:00,synthetic_normal,normal
TX10005093,W000140,W002097,0.456522,2026-01-18 05:06:00,synthetic_normal,normal
TX10001363,W002369,W001762,0.382937,2026-01-18 05:14:00,synthetic_normal,normal
TX10001569,W000958,W000968,0.313803,2026-01-18 05:21:00,synthetic_normal,normal
TX10003168,W001429,W000273,0.676526,2026-01-18 06:38:00,synthetic_normal,normal
TX10003773,W002253,W000765,0.228618,2026-01-18 06:39:00,synthetic_normal,normal
TX10000296,W000450,W001413,1.213847,2026-01-18 06:40:00,synthetic_anomalous,rapid_chain
TX10003308,W000613,W002500,1.788588,2026-01-18 07:17:00,synthetic_normal,normal
TX10003705,W001709,W000725,0.430325,2026-01-18 08:32:00,synthetic_normal,normal
TX10004490,W001842,W001977,0.947273,2026-01-18 09:15:00,synthetic_normal,normal
TX10005066,W001955,W000555,0.270161,2026-01-18 09:28:00,synthetic_normal,normal
TX10003948,W001212,W002309,0.236615,2026-01-18 09:59:00,synthetic_normal,normal
TX10002229,W000049,W000189,0.745832,2026-01-18 10:19:00,synthetic_normal,normal
TX10007314,W001740,W001746,0.399172,2026-01-18 10:32:00,synthetic_normal,normal
TX10004441,W001088,W000463,0.562527,2026-01-18 10:57:00,synthetic_normal,normal
TX10007751,W002404,W001498,0.096374,2026-01-18 10:59:00,synthetic_normal,normal
TX10004377,W000126,W001771,0.971645,2026-01-18 11:20:00,synthetic_normal,normal
TX10004863,W000205,W000617,0.360388,2026-01-18 11:41:00,synthetic_normal,normal
TX10004807,W000918,W002434,0.548389,2026-01-18 11:48:00,synthetic_normal,normal
TX10007029,W001014,W002351,0.62534,2026-01-18 12:26:00,synthetic_normal,normal
TX10002794,W000376,W000407,0.423216,2026-01-18 12:27:00,synthetic_normal,normal
TX10000252,W002389,W000125,1.270106,2026-01-18 12:29:00,synthetic_anomalous,high_frequency
TX10002640,W001023,W002024,0.491045,2026-01-18 13:44:00,synthetic_normal,normal
TX10008001,W000508,W000509,0.560244,2026-01-18 14:21:00,synthetic_normal,normal
TX10003358,W001095,W000439,0.402235,2026-01-18 14:32:00,synthetic_normal,normal
TX10008581,W001209,W001531,0.865734,2026-01-18 15:13:00,synthetic_normal,normal
TX10005214,W001933,W000948,0.736247,2026-01-18 15:39:00,synthetic_normal,normal
TX10000682,W000024,W001855,3.830593,2026-01-18 16:26:00,synthetic_anomalous,fan_in
TX10002281,W002178,W000607,0.441126,2026-01-18 16:51:00,synthetic_normal,normal
TX10000176,W000454,W002209,1.624298,2026-01-18 17:29:00,synthetic_anomalous,rapid_chain
TX10000488,W000755,W001037,1.870268,2026-01-18 18:04:00,synthetic_anomalous,rapid_chain
TX10001756,W000829,W000559,1.660843,2026-01-18 19:51:00,synthetic_normal,normal
TX10004703,W000596,W000895,0.133118,2026-01-18 20:06:00,synthetic_normal,normal
TX10001573,W002480,W002460,0.667047,2026-01-18 20:19:00,synthetic_normal,normal
TX10000635,W000818,W000797,2.692139,2026-01-18 21:23:00,synthetic_anomalous,cross_border_burst
TX10000202,W000027,W000224,1.971928,2026-01-18 22:18:00,synthetic_anomalous,fan_in
TX10001091,W000990,W000620,0.378446,2026-01-18 22:27:00,synthetic_normal,normal
TX10005513,W001561,W002404,0.327488,2026-01-18 22:37:00,synthetic_normal,normal
TX10000783,W000038,W000425,3.419292,2026-01-18 22:40:00,synthetic_anomalous,layered_transfer
TX10002132,W000943,W000161,0.394141,2026-01-18 22:40:00,synthetic_normal,normal
TX10005324,W000163,W002425,0.602209,2026-01-18 22:49:00,synthetic_normal,normal
TX10006652,W002020,W001872,0.479009,2026-01-18 22:56:00,synthetic_normal,normal
TX10000547,W000042,W000872,4.169022,2026-01-18 23:41:00,synthetic_anomalous,cross_border_burst
TX10002303,W000626,W001645,0.755105,2026-01-19 00:05:00,synthetic_normal,normal
TX10000082,W000027,W000915,8.471641,2026-01-19 00:06:00,synthetic_anomalous,fan_in
TX10001405,W001640,W000623,0.590299,2026-01-19 01:30:00,synthetic_normal,normal
TX10003839,W001241,W001886,0.747894,2026-01-19 02:05:00,synthetic_normal,normal
TX10000662,W000011,W001157,4.944785,2026-01-19 03:48:00,synthetic_anomalous,ip_wallet_reuse
TX10003762,W000059,W000056,1.307666,2026-01-19 04:16:00,synthetic_normal,normal
TX10006799,W001834,W000860,0.167087,2026-01-19 04:28:00,synthetic_normal,normal
TX10008160,W000451,W001890,0.069956,2026-01-19 04:38:00,synthetic_normal,normal
TX10007615,W000306,W002465,1.054541,2026-01-19 04:46:00,synthetic_normal,normal
TX10001543,W002494,W001336,0.362077,2026-01-19 04:51:00,synthetic_normal,normal
TX10002425,W002290,W000208,1.549305,2026-01-19 05:24:00,synthetic_normal,normal
TX10001078,W000466,W000323,0.376302,2026-01-19 05:27:00,synthetic_normal,normal
TX10009740,W001443,W002333,0.648389,2026-01-19 05:35:00,synthetic_normal,normal
TX10005544,W002347,W001147,0.29198,2026-01-19 05:48:00,synthetic_normal,normal
TX10003428,W000736,W001152,0.325249,2026-01-19 06:05:00,synthetic_normal,normal
TX10007585,W000265,W001413,0.352685,2026-01-19 06:40:00,synthetic_normal,normal
TX10004962,W002286,W001634,0.367505,2026-01-19 07:10:00,synthetic_normal,normal
TX10001145,W001881,W001934,0.662443,2026-01-19 07:41:00,synthetic_normal,normal
TX10008772,W001674,W002388,0.840818,2026-01-19 07:53:00,synthetic_normal,normal
TX10005579,W000569,W001121,0.535405,2026-01-19 08:19:00,synthetic_normal,normal
TX10006844,W000131,W000946,0.339082,2026-01-19 08:26:00,synthetic_normal,normal
TX10006383,W002283,W000024,0.748488,2026-01-19 08:40:00,synthetic_normal,normal
TX10007760,W001994,W000293,0.135272,2026-01-19 09:56:00,synthetic_normal,normal
TX10009267,W002161,W000088,1.533722,2026-01-19 11:10:00,synthetic_normal,normal
TX10006726,W001527,W000607,1.750153,2026-01-19 11:33:00,synthetic_normal,normal
TX10008946,W000480,W002486,0.284167,2026-01-19 11:53:00,synthetic_normal,normal
TX10005385,W001711,W002314,0.697435,2026-01-19 12:08:00,synthetic_normal,normal
TX10000532,W001697,W001812,1.32397,2026-01-19 12:15:00,synthetic_anomalous,high_frequency
TX10009155,W001509,W001821,0.108493,2026-01-19 12:31:00,synthetic_normal,normal
TX10002197,W001115,W000829,0.597775,2026-01-19 13:06:00,synthetic_normal,normal
TX10008788,W000058,W001234,0.79274,2026-01-19 13:17:00,synthetic_normal,normal
TX10000838,W000041,W000250,8.525842,2026-01-19 13:49:00,synthetic_anomalous,ip_wallet_reuse
TX10008479,W000396,W002365,0.673235,2026-01-19 14:33:00,synthetic_normal,normal
TX10004813,W000337,W002348,0.562162,2026-01-19 14:42:00,synthetic_normal,normal
TX10005712,W000115,W001145,0.756185,2026-01-19 14:47:00,synthetic_normal,normal
TX10007224,W001080,W002125,0.270313,2026-01-19 15:23:00,synthetic_normal,normal
TX10002263,W002280,W001580,0.102853,2026-01-19 15:30:00,synthetic_normal,normal
TX10003622,W000839,W000706,0.609165,2026-01-19 16:47:00,synthetic_normal,normal
TX10005418,W001276,W002372,0.461255,2026-01-19 17:48:00,synthetic_normal,normal
TX10005401,W000126,W000320,0.928758,2026-01-19 18:25:00,synthetic_normal,normal
TX10001855,W000221,W000030,0.422681,2026-01-19 18:28:00,synthetic_normal,normal
TX10001429,W000605,W000017,0.345079,2026-01-19 18:33:00,synthetic_normal,normal
TX10002034,W002476,W000314,0.28405,2026-01-19 18:41:00,synthetic_normal,normal
TX10008680,W001302,W000171,0.495868,2026-01-19 19:02:00,synthetic_normal,normal
TX10009134,W000245,W002358,0.414816,2026-01-19 19:22:00,synthetic_normal,normal
TX10009712,W002306,W002338,0.576365,2026-01-19 19:41:00,synthetic_normal,normal
TX10004519,W001122,W001616,0.503485,2026-01-19 20:59:00,synthetic_normal,normal
TX10008237,W002038,W001571,0.401499,2026-01-19 21:29:00,synthetic_normal,normal
TX10001311,W001999,W000687,0.092076,2026-01-19 22:05:00,synthetic_normal,normal
TX10006432,W000063,W000374,0.935344,2026-01-19 22:14:00,synthetic_normal,normal
TX10002296,W000216,W002247,1.067466,2026-01-19 22:20:00,synthetic_normal,normal
TX10001201,W001384,W000465,0.24626,2026-01-19 22:38:00,synthetic_normal,normal
TX10008891,W002169,W002325,0.410426,2026-01-19 22:44:00,synthetic_normal,normal
TX10005725,W002350,W002472,0.663534,2026-01-19 23:03:00,synthetic_normal,normal
TX10008066,W001712,W001873,0.50757,2026-01-19 23:41:00,synthetic_normal,normal
TX10009955,W000667,W000488,0.504033,2026-01-20 01:12:00,synthetic_normal,normal
TX10006449,W001591,W001535,1.126337,2026-01-20 01:12:00,synthetic_normal,normal
TX10002429,W002439,W001558,0.563986,2026-01-20 01:13:00,synthetic_normal,normal
TX10007759,W001968,W001224,0.518332,2026-01-20 01:21:00,synthetic_normal,normal
TX10001021,W000179,W001733,0.730021,2026-01-20 02:35:00,synthetic_normal,normal
TX10009487,W001232,W000089,0.524906,2026-01-20 03:18:00,synthetic_normal,normal
TX10009083,W001675,W000826,0.418975,2026-01-20 03:31:00,synthetic_normal,normal
TX10005821,W001538,W000664,0.127537,2026-01-20 03:37:00,synthetic_normal,normal
TX10008994,W000920,W002216,0.109392,2026-01-20 03:50:00,synthetic_normal,normal
TX10000687,W000025,W000709,4.252987,2026-01-20 04:00:00,synthetic_anomalous,layered_transfer
TX10008967,W000200,W001152,1.122753,2026-01-20 04:37:00,synthetic_normal,normal
TX10008365,W000857,W001578,0.959594,2026-01-20 05:05:00,synthetic_normal,normal
TX10002517,W002003,W001553,0.475954,2026-01-20 05:07:00,synthetic_normal,normal
TX10007132,W000251,W002203,0.611011,2026-01-20 05:55:00,synthetic_normal,normal
TX10002925,W000200,W002391,0.69303,2026-01-20 07:12:00,synthetic_normal,normal
TX10007889,W001286,W001869,0.674424,2026-01-20 07:20:00,synthetic_normal,normal
TX10008050,W001355,W000045,0.441011,2026-01-20 08:11:00,synthetic_normal,normal
TX10001434,W001760,W000242,0.272656,2026-01-20 08:13:00,synthetic_normal,normal
TX10008631,W000464,W001021,1.329548,2026-01-20 08:20:00,synthetic_normal,normal
TX10004382,W000937,W002391,0.411815,2026-01-20 10:08:00,synthetic_normal,normal
TX10004299,W001727,W000678,1.399394,2026-01-20 10:27:00,synthetic_normal,normal
TX10004749,W000324,W001234,0.480715,2026-01-20 10:40:00,synthetic_normal,normal
TX10007421,W000903,W001648,0.379922,2026-01-20 11:27:00,synthetic_normal,normal
TX10003157,W000272,W000519,0.248072,2026-01-20 11:41:00,synthetic_normal,normal
TX10002664,W001677,W000951,1.294924,2026-01-20 11:53:00,synthetic_normal,normal
TX10000726,W000013,W001203,5.411707,2026-01-20 11:59:00,synthetic_anomalous,ip_wallet_reuse
TX10003088,W001519,W001607,0.547727,2026-01-20 12:01:00,synthetic_normal,normal
TX10006674,W001188,W000617,0.185838,2026-01-20 12:18:00,synthetic_normal,normal
TX10004908,W000990,W000832,0.404299,2026-01-20 13:16:00,synthetic_normal,normal
TX10003144,W001823,W002195,0.944019,2026-01-20 13:21:00,synthetic_normal,normal
TX10008940,W000978,W001957,0.140999,2026-01-20 13:51:00,synthetic_normal,normal
TX10005648,W001115,W000502,0.287528,2026-01-20 14:56:00,synthetic_normal,normal
TX10000705,W000029,W000215,3.974992,2026-01-20 14:59:00,synthetic_anomalous,fan_out
TX10007627,W002484,W000024,0.737539,2026-01-20 14:59:00,synthetic_normal,normal
TX10007941,W001897,W000941,0.207422,2026-01-20 15:00:00,synthetic_normal,normal
TX10000109,W000028,W001689,2.961167,2026-01-20 15:24:00,synthetic_anomalous,high_connectivity
TX10005577,W000012,W001062,0.583357,2026-01-20 15:31:00,synthetic_normal,normal
TX10007334,W002493,W001389,1.038421,2026-01-20 16:22:00,synthetic_normal,normal
TX10004465,W002447,W002482,0.223665,2026-01-20 17:35:00,synthetic_normal,normal
TX10008147,W002042,W002362,0.397709,2026-01-20 17:36:00,synthetic_normal,normal
TX10001974,W000901,W002366,1.284407,2026-01-20 17:46:00,synthetic_normal,normal
TX10000793,W000012,W002026,1.199041,2026-01-20 18:26:00,synthetic_anomalous,fan_out
TX10003825,W001891,W000473,0.756061,2026-01-20 18:33:00,synthetic_normal,normal
TX10009052,W001042,W000980,1.839042,2026-01-20 18:39:00,synthetic_normal,normal
TX10001090,W001636,W002140,0.649144,2026-01-20 18:58:00,synthetic_normal,normal
TX10005484,W001347,W001192,0.117283,2026-01-20 19:38:00,synthetic_normal,normal
TX10000691,W000639,W001405,6.312776,2026-01-20 21:28:00,synthetic_anomalous,cross_border_burst
TX10004117,W001105,W001586,0.953263,2026-01-20 21:31:00,synthetic_normal,normal
TX10005434,W000954,W000537,0.289141,2026-01-20 22:31:00,synthetic_normal,normal
TX10005307,W000718,W000095,0.125036,2026-01-20 22:39:00,synthetic_normal,normal
TX10007124,W000961,W000120,0.25316,2026-01-20 23:15:00,synthetic_normal,normal
TX10009879,W000780,W000213,0.424608,2026-01-20 23:20:00,synthetic_normal,normal
TX10004719,W000981,W001158,0.373242,2026-01-20 23:30:00,synthetic_normal,normal
TX10004976,W000822,W001857,1.222256,2026-01-20 23:31:00,synthetic_normal,normal
TX10004064,W001472,W000070,0.455318,2026-01-20 23:54:00,synthetic_normal,normal
TX10002828,W001955,W000060,0.933087,2026-01-20 23:58:00,synthetic_normal,normal
TX10002174,W002374,W000744,2.772324,2026-01-21 00:49:00,synthetic_normal,normal
TX10000060,W000570,W002359,4.341128,2026-01-21 01:14:00,synthetic_anomalous,high_frequency
TX10006477,W001579,W000055,0.825355,2026-01-21 01:16:00,synthetic_normal,normal
TX10001210,W000758,W000357,0.673066,2026-01-21 01:36:00,synthetic_normal,normal
TX10007152,W001540,W000430,0.679494,2026-01-21 01:51:00,synthetic_normal,normal
TX10008140,W002189,W000960,0.208317,2026-01-21 03:04:00,synthetic_normal,normal
TX10000287,W000044,W000553,1.899851,2026-01-21 03:08:00,synthetic_anomalous,layered_transfer
TX10009163,W000416,W001697,1.989573,2026-01-21 03:12:00,synthetic_normal,normal
TX10002041,W001182,W002018,0.586353,2026-01-21 03:17:00,synthetic_normal,normal
TX10008808,W001514,W000924,0.160103,2026-01-21 03:30:00,synthetic_normal,normal
TX10005720,W000669,W000796,0.204115,2026-01-21 03:33:00,synthetic_normal,normal
TX10002737,W000357,W002490,0.236852,2026-01-21 04:08:00,synthetic_normal,normal
TX10008395,W002151,W000372,0.840695,2026-01-21 04:41:00,synthetic_normal,normal
TX10006236,W000632,W001580,0.450726,2026-01-21 04:56:00,synthetic_normal,normal
TX10009922,W000956,W000031,0.139049,2026-01-21 05:06:00,synthetic_normal,normal
TX10006199,W002029,W002328,0.240589,2026-01-21 05:38:00,synthetic_normal,normal
TX10002232,W000340,W000489,0.837866,2026-01-21 06:43:00,synthetic_normal,normal
TX10000736,W001917,W001798,12.344264,2026-01-21 07:03:00,synthetic_anomalous,rapid_chain
TX10008363,W001724,W002111,2.384546,2026-01-21 07:21:00,synthetic_normal,normal
TX10003040,W000183,W001172,0.191949,2026-01-21 08:21:00,synthetic_normal,normal
TX10004737,W001730,W000379,0.951656,2026-01-21 09:11:00,synthetic_normal,normal
TX10005758,W000950,W001905,0.525528,2026-01-21 09:52:00,synthetic_normal,normal
TX10000230,W000001,W000439,9.355912,2026-01-21 09:59:00,synthetic_anomalous,ip_wallet_reuse
TX10009098,W000877,W001580,1.180801,2026-01-21 11:15:00,synthetic_normal,normal
TX10005008,W000017,W000405,0.933835,2026-01-21 13:03:00,synthetic_normal,normal
TX10002065,W000785,W002418,0.352438,2026-01-21 13:15:00,synthetic_normal,normal
TX10005612,W001289,W000931,0.267323,2026-01-21 14:01:00,synthetic_normal,normal
TX10008127,W002080,W000380,0.299163,2026-01-21 14:14:00,synthetic_normal,normal
TX10009164,W001654,W002130,0.148575,2026-01-21 14:54:00,synthetic_normal,normal
TX10005687,W001422,W002266,0.260957,2026-01-21 15:21:00,synthetic_normal,normal
TX10002492,W000540,W002354,0.321368,2026-01-21 15:42:00,synthetic_normal,normal
TX10003806,W001772,W002283,0.412342,2026-01-21 16:10:00,synthetic_normal,normal
TX10000071,W000024,W000038,1.464144,2026-01-21 16:17:00,synthetic_anomalous,layered_transfer
TX10004410,W000760,W000938,0.892925,2026-01-21 16:52:00,synthetic_normal,normal
TX10001445,W001130,W000069,0.539958,2026-01-21 17:06:00,synthetic_normal,normal
TX10002189,W002138,W001136,0.269998,2026-01-21 17:35:00,synthetic_normal,normal
TX10004827,W000023,W001769,0.531887,2026-01-21 17:39:00,synthetic_normal,normal
TX10000375,W000025,W001173,1.253968,2026-01-21 17:52:00,synthetic_anomalous,layered_transfer
TX10009743,W000912,W001642,0.181966,2026-01-21 18:14:00,synthetic_normal,normal
TX10000753,W000028,W000079,3.881981,2026-01-21 18:19:00,synthetic_anomalous,fan_out
TX10008623,W001855,W000375,0.590957,2026-01-21 19:10:00,synthetic_normal,normal
TX10009125,W001479,W000142,0.838506,2026-01-21 19:15:00,synthetic_normal,normal
TX10003818,W000700,W002210,2.575735,2026-01-21 19:17:00,synthetic_normal,normal
TX10003889,W002183,W001830,0.85747,2026-01-21 19:21:00,synthetic_normal,normal
TX10002497,W001481,W001342,0.661745,2026-01-21 19:49:00,synthetic_normal,normal
TX10002747,W002116,W000930,0.421142,2026-01-21 19:55:00,synthetic_normal,normal
TX10002272,W001388,W001516,0.547452,2026-01-21 19:56:00,synthetic_normal,normal
TX10006031,W001793,W000398,2.144645,2026-01-21 20:07:00,synthetic_normal,normal
TX10006573,W000232,W000776,0.593461,2026-01-21 20:15:00,synthetic_normal,normal
TX10007288,W000281,W000466,0.124151,2026-01-21 20:16:00,synthetic_normal,normal
TX10009132,W001079,W000178,0.573812,2026-01-21 20:36:00,synthetic_normal,normal
TX10002603,W001331,W002286,0.163783,2026-01-21 20:50:00,synthetic_normal,normal
TX10002993,W000826,W001455,0.368636,2026-01-21 20:58:00,synthetic_normal,normal
TX10001296,W000236,W000883,0.277125,2026-01-21 21:11:00,synthetic_normal,normal
TX10007792,W001741,W000911,0.27929,2026-01-21 21:27:00,synthetic_normal,normal
TX10006472,W000488,W000468,0.538172,2026-01-21 21:58:00,synthetic_normal,normal
TX10005925,W000185,W002384,0.552346,2026-01-21 22:35:00,synthetic_normal,normal
TX10003569,W001532,W000645,0.156842,2026-01-21 23:01:00,synthetic_normal,normal
TX10005003,W001685,W001415,0.289951,2026-01-21 23:03:00,synthetic_normal,normal
TX10005619,W002232,W002008,0.845282,2026-01-21 23:07:00,synthetic_normal,normal
TX10001733,W000475,W001043,0.201008,2026-01-21 23:32:00,synthetic_normal,normal
TX10006773,W002355,W001034,0.558726,2026-01-21 23:47:00,synthetic_normal,normal
TX10005614,W000779,W000134,0.536641,2026-01-21 23:50:00,synthetic_normal,normal
TX10005818,W001097,W002119,1.822281,2026-01-21 23:52:00,synthetic_normal,normal
TX10006774,W001332,W000959,0.539331,2026-01-21 23:54:00,synthetic_normal,normal
TX10005299,W001673,W000432,0.430803,2026-01-22 00:18:00,synthetic_normal,normal
TX10006132,W001918,W000273,0.263731,2026-01-22 00:49:00,synthetic_normal,normal
TX10003103,W002004,W000167,0.505456,2026-01-22 01:14:00,synthetic_normal,normal
TX10001194,W001805,W000972,0.352024,2026-01-22 01:56:00,synthetic_normal,normal
TX10007900,W000889,W001035,0.106857,2026-01-22 02:09:00,synthetic_normal,normal
TX10006544,W001268,W001694,0.851887,2026-01-22 02:28:00,synthetic_normal,normal
TX10002177,W002077,W000964,0.706333,2026-01-22 03:04:00,synthetic_normal,normal
TX10008060,W001588,W001515,0.066115,2026-01-22 03:53:00,synthetic_normal,normal
TX10005526,W001377,W001189,0.376104,2026-01-22 03:59:00,synthetic_normal,normal
TX10009286,W001861,W002052,1.85792,2026-01-22 04:12:00,synthetic_normal,normal
TX10001684,W002210,W002079,0.450844,2026-01-22 05:00:00,synthetic_normal,normal
TX10006037,W002146,W002402,0.322866,2026-01-22 05:03:00,synthetic_normal,normal
TX10009477,W000651,W002063,0.329377,2026-01-22 05:07:00,synthetic_normal,normal
TX10003955,W000090,W001025,0.970673,2026-01-22 05:26:00,synthetic_normal,normal
TX10007011,W001988,W001006,0.666015,2026-01-22 06:16:00,synthetic_normal,normal
TX10001172,W001019,W001811,1.113036,2026-01-22 06:18:00,synthetic_normal,normal
TX10006152,W000491,W002041,0.326574,2026-01-22 06:25:00,synthetic_normal,normal
TX10001446,W000263,W001187,0.739501,2026-01-22 06:44:00,synthetic_normal,normal
TX10001372,W000064,W001016,0.300388,2026-01-22 06:53:00,synthetic_normal,normal
TX10001939,W002168,W002496,0.445453,2026-01-22 07:45:00,synthetic_normal,normal
TX10001744,W001820,W001586,0.709056,2026-01-22 08:41:00,synthetic_normal,normal
TX10004968,W000659,W002207,0.182684,2026-01-22 08:41:00,synthetic_normal,normal
TX10004722,W001798,W002417,0.209774,2026-01-22 08:56:00,synthetic_normal,normal
TX10007466,W000571,W001489,0.247988,2026-01-22 09:16:00,synthetic_normal,normal
TX10006201,W000977,W002481,0.881575,2026-01-22 09:59:00,synthetic_normal,normal
TX10008980,W002435,W000874,1.613498,2026-01-22 10:12:00,synthetic_normal,normal
TX10004188,W001666,W002472,3.167606,2026-01-22 10:28:00,synthetic_normal,normal
TX10008697,W001167,W000506,0.412539,2026-01-22 10:40:00,synthetic_normal,normal
TX10008356,W000639,W002236,0.364801,2026-01-22 10:40:00,synthetic_normal,normal
TX10000229,W000024,W001198,10.264412,2026-01-22 10:44:00,synthetic_anomalous,high_connectivity
TX10000601,W000007,W002287,2.814221,2026-01-22 10:46:00,synthetic_anomalous,fan_out
TX10008820,W000442,W001144,1.085211,2026-01-22 10:47:00,synthetic_normal,normal
TX10000563,W002379,W000932,10.303892,2026-01-22 10:53:00,synthetic_anomalous,cross_border_burst
TX10002367,W001051,W001093,0.159268,2026-01-22 11:09:00,synthetic_normal,normal
TX10007417,W000030,W000727,0.145729,2026-01-22 11:13:00,synthetic_normal,normal
TX10004200,W000038,W001770,0.404017,2026-01-22 12:00:00,synthetic_normal,normal
TX10009427,W002154,W001335,0.181325,2026-01-22 12:57:00,synthetic_normal,normal
TX10004327,W001588,W000373,0.167563,2026-01-22 13:09:00,synthetic_normal,normal
TX10006079,W000813,W001132,0.438298,2026-01-22 13:15:00,synthetic_normal,normal
TX10006794,W002111,W002018,0.850198,2026-01-22 13:16:00,synthetic_normal,normal
TX10009679,W000324,W001002,0.244627,2026-01-22 13:17:00,synthetic_normal,normal
TX10002965,W000023,W001327,0.208784,2026-01-22 13:33:00,synthetic_normal,normal
TX10008230,W002114,W000293,0.131375,2026-01-22 13:34:00,synthetic_normal,normal
TX10006703,W002405,W000769,0.411596,2026-01-22 14:04:00,synthetic_normal,normal
TX10007651,W000309,W001157,0.218245,2026-01-22 14:48:00,synthetic_normal,normal
TX10005446,W002122,W002495,0.46374,2026-01-22 15:31:00,synthetic_normal,normal
TX10000893,W000019,W000812,0.951507,2026-01-22 15:45:00,synthetic_anomalous,high_connectivity
TX10005909,W000558,W001916,0.922672,2026-01-22 16:01:00,synthetic_normal,normal
TX10000787,W000585,W001715,3.637897,2026-01-22 17:08:00,synthetic_anomalous,cross_border_burst
TX10006384,W001368,W001667,0.355291,2026-01-22 17:13:00,synthetic_normal,normal
TX10008589,W000178,W001017,0.579311,2026-01-22 17:16:00,synthetic_normal,normal
TX10003396,W001990,W000795,1.344893,2026-01-22 18:15:00,synthetic_normal,normal
TX10006987,W001623,W001812,0.085985,2026-01-22 18:59:00,synthetic_normal,normal
TX10000220,W000486,W001363,3.122998,2026-01-22 19:01:00,synthetic_anomalous,high_frequency
TX10000300,W000853,W001974,7.171449,2026-01-22 19:36:00,synthetic_anomalous,high_frequency
TX10006310,W001505,W000742,0.205281,2026-01-22 20:37:00,synthetic_normal,normal
TX10003117,W000477,W000372,0.348175,2026-01-22 22:04:00,synthetic_normal,normal
TX10008900,W002476,W000232,1.690229,2026-01-22 22:09:00,synthetic_normal,normal
TX10003554,W001802,W000994,1.624494,2026-01-22 23:50:00,synthetic_normal,normal
TX10006752,W000991,W002227,0.995446,2026-01-23 00:20:00,synthetic_normal,normal
TX10003772,W002025,W001627,0.844164,2026-01-23 00:30:00,synthetic_normal,normal
TX10009988,W000140,W001474,1.001809,2026-01-23 00:31:00,synthetic_normal,normal
TX10003837,W001264,W001999,0.471934,2026-01-23 00:49:00,synthetic_normal,normal
TX10007090,W000770,W001838,0.507597,2026-01-23 01:15:00,synthetic_normal,normal
TX10004772,W001779,W000962,0.531806,2026-01-23 01:41:00,synthetic_normal,normal
TX10001264,W000628,W002194,0.248225,2026-01-23 02:10:00,synthetic_normal,normal
TX10005218,W001431,W002002,0.784696,2026-01-23 02:21:00,synthetic_normal,normal
TX10002988,W000525,W000192,0.723891,2026-01-23 02:49:00,synthetic_normal,normal
TX10008731,W002091,W000945,0.338956,2026-01-23 02:52:00,synthetic_normal,normal
TX10004254,W002002,W000471,0.711946,2026-01-23 03:49:00,synthetic_normal,normal
TX10007120,W000924,W000808,0.483013,2026-01-23 04:13:00,synthetic_normal,normal
TX10000998,W000030,W001888,6.715901,2026-01-23 04:19:00,synthetic_anomalous,ip_wallet_reuse
TX10003648,W000189,W002066,0.918246,2026-01-23 04:39:00,synthetic_normal,normal
TX10009399,W000980,W000498,0.719194,2026-01-23 05:06:00,synthetic_normal,normal
TX10007843,W000078,W001301,0.346343,2026-01-23 05:17:00,synthetic_normal,normal
TX10009945,W001974,W000994,0.698326,2026-01-23 05:45:00,synthetic_normal,normal
TX10009932,W001993,W001665,0.794743,2026-01-23 06:42:00,synthetic_normal,normal
TX10008473,W001193,W001852,0.522315,2026-01-23 07:57:00,synthetic_normal,normal
TX10000574,W000030,W001812,1.62191,2026-01-23 08:00:00,synthetic_anomalous,ip_wallet_reuse
TX10001410,W002102,W001754,0.113557,2026-01-23 08:41:00,synthetic_normal,normal
TX10001008,W001302,W000308,0.400726,2026-01-23 08:52:00,synthetic_normal,normal
TX10004406,W001258,W001731,1.115342,2026-01-23 09:54:00,synthetic_normal,normal
TX10006715,W000310,W001064,0.323013,2026-01-23 11:23:00,synthetic_normal,normal
TX10000875,W000174,W001361,6.036509,2026-01-23 11:59:00,synthetic_anomalous,cross_border_burst
TX10007880,W001828,W001389,0.527245,2026-01-23 12:19:00,synthetic_normal,normal
TX10005522,W000467,W000064,0.347344,2026-01-23 12:25:00,synthetic_normal,normal
TX10000028,W001695,W000248,2.643025,2026-01-23 13:03:00,synthetic_anomalous,high_frequency
TX10006589,W000096,W001625,0.572658,2026-01-23 13:18:00,synthetic_normal,normal
TX10004305,W000229,W002064,0.338675,2026-01-23 14:36:00,synthetic_normal,normal
TX10006539,W001369,W000985,0.183161,2026-01-23 14:44:00,synthetic_normal,normal
TX10004122,W001163,W001083,0.434887,2026-01-23 15:20:00,synthetic_normal,normal
TX10008728,W000932,W001268,0.496153,2026-01-23 15:53:00,synthetic_normal,normal
TX10006834,W000247,W002259,0.355405,2026-01-23 16:21:00,synthetic_normal,normal
TX10001130,W000181,W000996,0.301468,2026-01-23 16:25:00,synthetic_normal,normal
TX10006465,W002298,W000762,1.031735,2026-01-23 16:26:00,synthetic_normal,normal
TX10000269,W000033,W002154,3.433086,2026-01-23 17:09:00,synthetic_anomalous,high_connectivity
TX10005220,W000897,W001581,1.370516,2026-01-23 17:16:00,synthetic_normal,normal
TX10001304,W001014,W002476,0.692415,2026-01-23 17:52:00,synthetic_normal,normal
TX10008455,W001394,W001376,0.239107,2026-01-23 17:56:00,synthetic_normal,normal
TX10003288,W001037,W001196,0.177311,2026-01-23 18:18:00,synthetic_normal,normal
TX10007898,W002402,W000601,0.425748,2026-01-23 18:36:00,synthetic_normal,normal
TX10001534,W002448,W001589,0.425613,2026-01-23 18:36:00,synthetic_normal,normal
TX10007761,W002382,W001943,0.718965,2026-01-23 19:12:00,synthetic_normal,normal
TX10005293,W001659,W001247,0.393827,2026-01-23 19:26:00,synthetic_normal,normal
TX10000492,W000720,W001761,1.587755,2026-01-23 19:37:00,synthetic_anomalous,high_frequency
TX10003894,W002473,W002480,0.788202,2026-01-23 19:39:00,synthetic_normal,normal
TX10006892,W001949,W001479,0.16488,2026-01-23 19:53:00,synthetic_normal,normal
TX10001364,W000478,W000204,0.56707,2026-01-23 20:12:00,synthetic_normal,normal
TX10007027,W000681,W002383,0.52909,2026-01-23 20:18:00,synthetic_normal,normal
TX10000940,W000338,W000397,0.68824,2026-01-23 20:45:00,synthetic_anomalous,high_frequency
TX10006267,W001669,W001490,0.240753,2026-01-23 20:51:00,synthetic_normal,normal
TX10006519,W000686,W001831,0.311031,2026-01-23 21:42:00,synthetic_normal,normal
TX10009500,W000122,W001250,0.472145,2026-01-23 23:38:00,synthetic_normal,normal
TX10007076,W002177,W000199,1.197636,2026-01-24 00:08:00,synthetic_normal,normal
TX10004865,W000440,W002181,0.42188,2026-01-24 01:07:00,synthetic_normal,normal
TX10009425,W001470,W002263,0.303459,2026-01-24 01:27:00,synthetic_normal,normal
TX10003962,W002378,W000163,0.308294,2026-01-24 01:38:00,synthetic_normal,normal
TX10009761,W000367,W000180,0.185359,2026-01-24 02:00:00,synthetic_normal,normal
TX10007550,W001605,W001002,0.757148,2026-01-24 02:33:00,synthetic_normal,normal
TX10008932,W001944,W002298,0.309991,2026-01-24 02:36:00,synthetic_normal,normal
TX10005224,W000285,W000527,0.426413,2026-01-24 03:02:00,synthetic_normal,normal
TX10005716,W002245,W001694,0.351616,2026-01-24 04:31:00,synthetic_normal,normal
TX10001186,W001796,W001349,0.771061,2026-01-24 05:30:00,synthetic_normal,normal
TX10002097,W000888,W001585,0.156374,2026-01-24 05:32:00,synthetic_normal,normal
TX10000927,W000007,W000067,0.848333,2026-01-24 05:49:00,synthetic_anomalous,layered_transfer
TX10000850,W000012,W001343,7.414687,2026-01-24 06:13:00,synthetic_anomalous,fan_in
TX10003072,W000316,W002212,0.437537,2026-01-24 06:28:00,synthetic_normal,normal
TX10009121,W001176,W001108,0.461454,2026-01-24 06:29:00,synthetic_normal,normal
TX10006591,W000034,W000823,0.458664,2026-01-24 06:30:00,synthetic_normal,normal
TX10002484,W002236,W002146,0.595259,2026-01-24 06:48:00,synthetic_normal,normal
TX10009527,W001305,W001635,0.507229,2026-01-24 07:35:00,synthetic_normal,normal
TX10002800,W000502,W002229,0.087028,2026-01-24 07:55:00,synthetic_normal,normal
TX10000703,W000050,W000126,1.522131,2026-01-24 08:15:00,synthetic_anomalous,layered_transfer
TX10009965,W001788,W000542,0.348553,2026-01-24 09:21:00,synthetic_normal,normal
TX10000887,W000026,W000171,7.197685,2026-01-24 09:30:00,synthetic_anomalous,layered_transfer
TX10002571,W000546,W002441,0.882605,2026-01-24 09:44:00,synthetic_normal,normal
TX10002590,W000935,W002020,0.326365,2026-01-24 10:17:00,synthetic_normal,normal
TX10006223,W000822,W000380,0.447856,2026-01-24 12:11:00,synthetic_normal,normal
TX10007366,W001340,W000845,0.428471,2026-01-24 12:29:00,synthetic_normal,normal
TX10007684,W002456,W000917,1.172653,2026-01-24 12:41:00,synthetic_normal,normal
TX10001476,W002182,W001901,0.138304,2026-01-24 12:50:00,synthetic_normal,normal
TX10006193,W001050,W001944,0.823389,2026-01-24 13:25:00,synthetic_normal,normal
TX10008834,W002148,W000907,0.574196,2026-01-24 14:07:00,synthetic_normal,normal
TX10004753,W002219,W000754,1.581974,2026-01-24 14:46:00,synthetic_normal,normal
TX10000620,W002003,W000401,1.434867,2026-01-24 14:51:00,synthetic_anomalous,high_frequency
TX10006112,W000196,W001165,0.074117,2026-01-24 15:21:00,synthetic_normal,normal
TX10004462,W001655,W001141,0.275829,2026-01-24 15:46:00,synthetic_normal,normal
TX10006500,W001219,W000236,0.51285,2026-01-24 16:29:00,synthetic_normal,normal
TX10000769,W000023,W000071,2.90943,2026-01-24 16:48:00,synthetic_anomalous,fan_out
TX10003118,W002043,W002466,0.37938,2026-01-24 17:17:00,synthetic_normal,normal
TX10004253,W001301,W001702,0.716652,2026-01-24 17:22:00,synthetic_normal,normal
TX10008055,W001693,W001105,0.188157,2026-01-24 17:24:00,synthetic_normal,normal
TX10003654,W000241,W000139,0.424662,2026-01-24 17:26:00,synthetic_normal,normal
TX10001177,W000271,W001423,0.216876,2026-01-24 17:53:00,synthetic_normal,normal
TX10003538,W000047,W001714,0.810318,2026-01-24 18:02:00,synthetic_normal,normal
TX10007722,W000883,W001443,1.52322,2026-01-24 18:45:00,synthetic_normal,normal
TX10001310,W001379,W000462,0.381064,2026-01-24 18:49:00,synthetic_normal,normal
TX10004904,W002078,W001368,0.631057,2026-01-24 19:15:00,synthetic_normal,normal
TX10004238,W001762,W001632,0.444852,2026-01-24 19:18:00,synthetic_normal,normal
TX10004130,W001807,W000362,0.594972,2026-01-24 20:57:00,synthetic_normal,normal
TX10001032,W000739,W000870,0.427175,2026-01-24 21:14:00,synthetic_normal,normal
TX10003886,W001466,W000010,0.332563,2026-01-24 21:23:00,synthetic_normal,normal
TX10002726,W000116,W000346,0.335183,2026-01-24 23:24:00,synthetic_normal,normal
TX10006704,W000541,W000099,0.149441,2026-01-24 23:27:00,synthetic_normal,normal
TX10000934,W000047,W001187,4.666156,2026-01-25 00:06:00,synthetic_anomalous,ip_wallet_reuse
TX10009270,W000826,W001183,1.142167,2026-01-25 00:38:00,synthetic_normal,normal
TX10002319,W000109,W000290,0.550413,2026-01-25 01:21:00,synthetic_normal,normal
TX10006224,W002265,W001197,1.74134,2026-01-25 01:29:00,synthetic_normal,normal
TX10004034,W000490,W000805,0.146884,2026-01-25 01:33:00,synthetic_normal,normal
TX10008497,W001935,W000158,0.132394,2026-01-25 01:33:00,synthetic_normal,normal
TX10002010,W000236,W001086,1.153947,2026-01-25 01:57:00,synthetic_normal,normal
TX10001419,W000103,W001243,0.622681,2026-01-25 02:02:00,synthetic_normal,normal
TX10004826,W000374,W001693,0.995577,2026-01-25 02:19:00,synthetic_normal,normal
TX10005873,W001015,W000999,0.725137,2026-01-25 02:21:00,synthetic_normal,normal
TX10004156,W000737,W000320,0.499707,2026-01-25 03:11:00,synthetic_normal,normal
TX10005646,W002094,W001547,0.529115,2026-01-25 03:11:00,synthetic_normal,normal
TX10000170,W000009,W001245,4.414122,2026-01-25 03:14:00,synthetic_anomalous,fan_in
TX10009819,W000182,W001547,0.581006,2026-01-25 03:31:00,synthetic_normal,normal
TX10003790,W001876,W001033,0.245864,2026-01-25 04:07:00,synthetic_normal,normal
TX10003169,W002009,W002500,0.558839,2026-01-25 04:31:00,synthetic_normal,normal
TX10001230,W001586,W001752,0.53385,2026-01-25 04:57:00,synthetic_normal,normal
TX10005791,W001170,W002424,0.591336,2026-01-25 05:20:00,synthetic_normal,normal
TX10009070,W002002,W000303,0.214692,2026-01-25 05:26:00,synthetic_normal,normal
TX10005666,W002155,W000029,0.097584,2026-01-25 05:39:00,synthetic_normal,normal
TX10009992,W000410,W002397,0.418427,2026-01-25 06:30:00,synthetic_normal,normal
TX10004939,W002421,W000510,1.170373,2026-01-25 07:32:00,synthetic_normal,normal
TX10003903,W000441,W001637,0.256987,2026-01-25 08:12:00,synthetic_normal,normal
TX10004249,W001699,W001088,0.634859,2026-01-25 08:22:00,synthetic_normal,normal
TX10002597,W001869,W000065,0.861607,2026-01-25 08:31:00,synthetic_normal,normal
TX10008195,W001649,W002288,0.353433,2026-01-25 08:34:00,synthetic_normal,normal
TX10006303,W002051,W001056,0.465775,2026-01-25 09:02:00,synthetic_normal,normal
TX10007727,W001441,W001596,0.17647,2026-01-25 09:02:00,synthetic_normal,normal
TX10007332,W000421,W001936,0.201479,2026-01-25 09:36:00,synthetic_normal,normal
TX10001482,W002198,W001117,0.267869,2026-01-25 09:47:00,synthetic_normal,normal
TX10003856,W001214,W002402,0.072264,2026-01-25 10:16:00,synthetic_normal,normal
TX10006137,W002215,W001302,1.569919,2026-01-25 10:53:00,synthetic_normal,normal
TX10004229,W001008,W001541,0.18508,2026-01-25 11:05:00,synthetic_normal,normal
TX10008836,W000501,W000686,0.366286,2026-01-25 11:43:00,synthetic_normal,normal
TX10001984,W000552,W001371,0.301548,2026-01-25 12:17:00,synthetic_normal,normal
TX10009113,W001875,W001046,0.250978,2026-01-25 12:29:00,synthetic_normal,normal
TX10008130,W001120,W000303,0.135287,2026-01-25 12:59:00,synthetic_normal,normal
TX10000027,W002029,W000893,3.587418,2026-01-25 14:17:00,synthetic_anomalous,cross_border_burst
TX10005109,W000799,W001933,0.351589,2026-01-25 15:34:00,synthetic_normal,normal
TX10008037,W000876,W001587,0.138356,2026-01-25 15:44:00,synthetic_normal,normal
TX10002087,W001042,W001748,0.941691,2026-01-25 15:44:00,synthetic_normal,normal
TX10007999,W002233,W002475,0.537543,2026-01-25 15:52:00,synthetic_normal,normal
TX10004932,W002384,W000560,0.708396,2026-01-25 16:35:00,synthetic_normal,normal
TX10008925,W001378,W002246,0.2852,2026-01-25 16:56:00,synthetic_normal,normal
TX10004892,W000533,W000115,0.2742,2026-01-25 17:05:00,synthetic_normal,normal
TX10001853,W002095,W000551,0.834851,2026-01-25 17:08:00,synthetic_normal,normal
TX10005461,W000935,W000766,2.767335,2026-01-25 17:11:00,synthetic_normal,normal
TX10001695,W000698,W000944,1.657221,2026-01-25 17:19:00,synthetic_normal,normal
TX10009951,W002258,W000784,1.288146,2026-01-25 17:32:00,synthetic_normal,normal
TX10001904,W001713,W002436,0.261129,2026-01-25 17:54:00,synthetic_normal,normal
TX10002761,W000615,W000031,0.42638,2026-01-25 18:04:00,synthetic_normal,normal
TX10006908,W001391,W001831,0.189938,2026-01-25 18:05:00,synthetic_normal,normal
TX10009937,W000672,W000862,0.314211,2026-01-25 19:28:00,synthetic_normal,normal
TX10000751,W000013,W000351,8.713548,2026-01-25 19:41:00,synthetic_anomalous,layered_transfer
TX10001414,W001867,W001074,0.772606,2026-01-25 20:14:00,synthetic_normal,normal
TX10005872,W002421,W001827,0.258647,2026-01-25 20:30:00,synthetic_normal,normal
TX10009779,W000631,W001991,0.57021,2026-01-25 21:20:00,synthetic_normal,normal
TX10006816,W000558,W000563,0.31601,2026-01-25 21:43:00,synthetic_normal,normal
TX10009203,W000883,W000988,1.300142,2026-01-25 21:43:00,synthetic_normal,normal
TX10009257,W002335,W001577,0.62737,2026-01-25 21:47:00,synthetic_normal,normal
TX10000810,W000002,W001462,1.891422,2026-01-25 21:54:00,synthetic_anomalous,fan_in
TX10002937,W002406,W001046,0.690354,2026-01-25 23:17:00,synthetic_normal,normal
TX10000020,W000793,W002150,2.532653,2026-01-25 23:53:00,synthetic_anomalous,high_frequency
TX10006847,W000514,W000358,0.142066,2026-01-26 00:15:00,synthetic_normal,normal
TX10008521,W000976,W002271,0.672449,2026-01-26 00:37:00,synthetic_normal,normal
TX10001330,W001291,W000341,0.261272,2026-01-26 00:42:00,synthetic_normal,normal
TX10000861,W000031,W001069,14.688751,2026-01-26 00:47:00,synthetic_anomalous,high_connectivity
TX10005443,W000090,W000284,0.453677,2026-01-26 01:50:00,synthetic_normal,normal
TX10000097,W000015,W002273,2.547061,2026-01-26 03:29:00,synthetic_anomalous,fan_out
TX10006072,W001516,W001029,0.801376,2026-01-26 03:30:00,synthetic_normal,normal
TX10002725,W001868,W000742,0.499899,2026-01-26 03:35:00,synthetic_normal,normal
TX10007862,W001285,W000863,0.377642,2026-01-26 03:42:00,synthetic_normal,normal
TX10001229,W001892,W000639,0.25154,2026-01-26 03:45:00,synthetic_normal,normal
TX10005896,W001594,W002499,0.610861,2026-01-26 03:57:00,synthetic_normal,normal
TX10004684,W002203,W001630,0.065124,2026-01-26 04:03:00,synthetic_normal,normal
TX10001155,W001248,W001019,0.51149,2026-01-26 04:03:00,synthetic_normal,normal
TX10000245,W000043,W000998,6.798323,2026-01-26 04:49:00,synthetic_anomalous,high_connectivity
TX10008751,W001596,W000357,1.558555,2026-01-26 05:15:00,synthetic_normal,normal
TX10006866,W002193,W001229,0.257555,2026-01-26 05:40:00,synthetic_normal,normal
TX10007258,W002139,W000440,0.527654,2026-01-26 05:44:00,synthetic_normal,normal
TX10001678,W000425,W001820,0.154567,2026-01-26 05:44:00,synthetic_normal,normal
TX10003464,W001406,W000020,0.39796,2026-01-26 06:57:00,synthetic_normal,normal
TX10009514,W002065,W002499,0.263752,2026-01-26 07:18:00,synthetic_normal,normal
TX10007338,W000924,W001150,0.211808,2026-01-26 08:26:00,synthetic_normal,normal
TX10005345,W001766,W001302,0.64835,2026-01-26 08:41:00,synthetic_normal,normal
TX10000037,W000028,W001561,8.516335,2026-01-26 09:44:00,synthetic_anomalous,high_connectivity
TX10006586,W001400,W002081,0.179237,2026-01-26 10:09:00,synthetic_normal,normal
TX10000225,W000009,W000359,7.872231,2026-01-26 10:47:00,synthetic_anomalous,fan_out
TX10002025,W002317,W002180,0.16849,2026-01-26 10:54:00,synthetic_normal,normal
TX10001627,W001865,W000627,0.302817,2026-01-26 10:55:00,synthetic_normal,normal
TX10008315,W000090,W001118,0.479819,2026-01-26 11:58:00,synthetic_normal,normal
TX10005295,W002182,W001880,0.673296,2026-01-26 12:03:00,synthetic_normal,normal
TX10004487,W001693,W000152,0.332889,2026-01-26 12:35:00,synthetic_normal,normal
TX10001619,W002225,W000922,0.658847,2026-01-26 13:15:00,synthetic_normal,normal
TX10003158,W002436,W002224,0.314453,2026-01-26 14:05:00,synthetic_normal,normal
TX10001396,W001862,W002125,0.414131,2026-01-26 14:26:00,synthetic_normal,normal
TX10003862,W002082,W000987,0.812936,2026-01-26 14:43:00,synthetic_normal,normal
TX10008193,W000536,W000173,0.373349,2026-01-26 14:51:00,synthetic_normal,normal
TX10007008,W000419,W001343,0.834564,2026-01-26 15:13:00,synthetic_normal,normal
TX10009474,W001246,W000576,0.797578,2026-01-26 15:18:00,synthetic_normal,normal
TX10008377,W002240,W000605,0.175514,2026-01-26 17:53:00,synthetic_normal,normal
TX10005906,W000020,W001698,0.649819,2026-01-26 18:16:00,synthetic_normal,normal
TX10002929,W001413,W000938,0.457899,2026-01-26 18:21:00,synthetic_normal,normal
TX10002588,W000848,W001676,0.582211,2026-01-26 18:39:00,synthetic_normal,normal
TX10006106,W000594,W001118,0.446846,2026-01-26 18:49:00,synthetic_normal,normal
TX10007890,W000782,W002431,0.303725,2026-01-26 19:20:00,synthetic_normal,normal
TX10007056,W001093,W000611,0.163288,2026-01-26 19:26:00,synthetic_normal,normal
TX10001628,W001627,W001652,0.139926,2026-01-26 20:10:00,synthetic_normal,normal
TX10000833,W000033,W000574,14.820059,2026-01-26 20:41:00,synthetic_anomalous,fan_out
TX10006047,W002141,W001313,0.46659,2026-01-26 20:51:00,synthetic_normal,normal
TX10001370,W002112,W000055,1.329455,2026-01-26 20:53:00,synthetic_normal,normal
TX10007390,W001340,W001530,0.898873,2026-01-26 21:34:00,synthetic_normal,normal
TX10003567,W002454,W000497,0.373021,2026-01-26 21:55:00,synthetic_normal,normal
TX10002862,W002091,W001557,0.234642,2026-01-26 22:32:00,synthetic_normal,normal
TX10001190,W002479,W002042,0.178289,2026-01-26 22:34:00,synthetic_normal,normal
TX10000371,W001159,W001016,1.547533,2026-01-26 22:40:00,synthetic_anomalous,cross_border_burst
TX10001501,W002444,W001666,0.346115,2026-01-26 23:26:00,synthetic_normal,normal
TX10009964,W001772,W000943,0.576892,2026-01-27 00:00:00,synthetic_normal,normal
TX10006603,W002199,W000717,0.316123,2026-01-27 00:02:00,synthetic_normal,normal
TX10009645,W000910,W000611,0.626059,2026-01-27 01:33:00,synthetic_normal,normal
TX10002219,W000560,W002262,0.317328,2026-01-27 01:35:00,synthetic_normal,normal
TX10006046,W001833,W002114,0.292036,2026-01-27 02:10:00,synthetic_normal,normal
TX10002528,W001078,W001593,0.349364,2026-01-27 02:30:00,synthetic_normal,normal
TX10007078,W002328,W001082,0.42787,2026-01-27 02:46:00,synthetic_normal,normal
TX10009649,W001932,W001842,0.723828,2026-01-27 03:14:00,synthetic_normal,normal
TX10008743,W002354,W000072,0.206549,2026-01-27 03:59:00,synthetic_normal,normal
TX10006126,W000415,W001648,0.583806,2026-01-27 04:13:00,synthetic_normal,normal
TX10005563,W001762,W000259,1.776515,2026-01-27 04:48:00,synthetic_normal,normal
TX10008467,W002212,W002327,0.85621,2026-01-27 04:50:00,synthetic_normal,normal
TX10007968,W000556,W002337,0.5733,2026-01-27 05:27:00,synthetic_normal,normal
TX10000591,W000005,W000308,1.290427,2026-01-27 05:58:00,synthetic_anomalous,layered_transfer
TX10008053,W000124,W000170,0.440243,2026-01-27 06:21:00,synthetic_normal,normal
TX10001842,W001040,W000169,1.001943,2026-01-27 06:43:00,synthetic_normal,normal
TX10005002,W002185,W001956,0.291319,2026-01-27 07:13:00,synthetic_normal,normal
TX10004379,W001856,W000892,0.453738,2026-01-27 07:13:00,synthetic_normal,normal
TX10006233,W001142,W001191,0.260507,2026-01-27 08:01:00,synthetic_normal,normal
TX10000937,W000038,W002359,0.846705,2026-01-27 08:06:00,synthetic_anomalous,fan_out
TX10008292,W000913,W000680,0.296705,2026-01-27 08:21:00,synthetic_normal,normal
TX10000916,W000435,W000750,4.879524,2026-01-27 08:22:00,synthetic_anomalous,high_frequency
TX10009595,W000980,W001937,0.292001,2026-01-27 09:44:00,synthetic_normal,normal
TX10006532,W000673,W001985,0.277447,2026-01-27 09:55:00,synthetic_normal,normal
TX10004600,W000609,W000257,0.422518,2026-01-27 10:24:00,synthetic_normal,normal
TX10002291,W001143,W001650,0.729621,2026-01-27 10:38:00,synthetic_normal,normal
TX10008810,W000896,W002300,0.530154,2026-01-27 10:58:00,synthetic_normal,normal
TX10002181,W002075,W000100,0.231407,2026-01-27 11:23:00,synthetic_normal,normal
TX10005933,W002089,W000340,0.597738,2026-01-27 11:41:00,synthetic_normal,normal
TX10000498,W000016,W001575,1.422417,2026-01-27 12:03:00,synthetic_anomalous,fan_in
TX10004054,W000282,W001648,0.433101,2026-01-27 12:36:00,synthetic_normal,normal
TX10003101,W000805,W000761,0.712468,2026-01-27 13:17:00,synthetic_normal,normal
TX10005923,W001237,W002064,0.348896,2026-01-27 13:19:00,synthetic_normal,normal
TX10005375,W001039,W000381,0.341236,2026-01-27 13:37:00,synthetic_normal,normal
TX10000057,W000026,W001154,0.712001,2026-01-27 13:38:00,synthetic_anomalous,fan_out
TX10006959,W000167,W000630,0.630272,2026-01-27 14:02:00,synthetic_normal,normal
TX10009008,W001344,W000756,0.903575,2026-01-27 14:28:00,synthetic_normal,normal
TX10004159,W000876,W002396,0.665967,2026-01-27 15:08:00,synthetic_normal,normal
TX10006094,W000508,W000502,0.921486,2026-01-27 15:17:00,synthetic_normal,normal
TX10008921,W000123,W001521,0.428809,2026-01-27 15:42:00,synthetic_normal,normal
TX10006329,W001347,W001008,1.387133,2026-01-27 16:07:00,synthetic_normal,normal
TX10007491,W000879,W000704,0.213088,2026-01-27 16:26:00,synthetic_normal,normal
TX10009453,W000003,W000958,0.329225,2026-01-27 16:40:00,synthetic_normal,normal
TX10002845,W000777,W000128,0.334071,2026-01-27 16:42:00,synthetic_normal,normal
TX10006796,W000016,W000271,0.163402,2026-01-27 16:49:00,synthetic_normal,normal
TX10006877,W000086,W000341,0.216891,2026-01-27 17:05:00,synthetic_normal,normal
TX10008637,W000017,W001364,0.464075,2026-01-27 17:34:00,synthetic_normal,normal
TX10003454,W001296,W000024,0.508869,2026-01-27 18:27:00,synthetic_normal,normal
TX10004778,W001646,W000751,0.547742,2026-01-27 18:53:00,synthetic_normal,normal
TX10003843,W001116,W000591,0.147006,2026-01-27 19:24:00,synthetic_normal,normal
TX10002150,W002489,W001370,0.752907,2026-01-27 19:49:00,synthetic_normal,normal
TX10002758,W001317,W000043,0.060821,2026-01-27 19:51:00,synthetic_normal,normal
TX10008564,W001024,W000483,0.352895,2026-01-27 20:05:00,synthetic_normal,normal
TX10008096,W000102,W000096,0.588772,2026-01-27 20:10:00,synthetic_normal,normal
TX10005370,W001462,W000213,0.56752,2026-01-27 21:41:00,synthetic_normal,normal
TX10008639,W001072,W001624,0.313572,2026-01-27 21:49:00,synthetic_normal,normal
TX10007952,W002379,W001570,0.3331,2026-01-27 22:24:00,synthetic_normal,normal
TX10008785,W001891,W000383,0.278885,2026-01-27 22:28:00,synthetic_normal,normal
TX10000299,W001254,W001369,6.491757,2026-01-27 22:29:00,synthetic_anomalous,cross_border_burst
TX10007255,W001611,W001463,0.28988,2026-01-27 23:28:00,synthetic_normal,normal
TX10002739,W001523,W000247,0.184674,2026-01-27 23:51:00,synthetic_normal,normal
TX10008233,W000381,W001358,0.663616,2026-01-27 23:52:00,synthetic_normal,normal
TX10005766,W001708,W002352,1.176999,2026-01-28 00:01:00,synthetic_normal,normal
TX10003763,W000089,W002303,0.132316,2026-01-28 00:18:00,synthetic_normal,normal
TX10003923,W001004,W000959,0.577724,2026-01-28 00:42:00,synthetic_normal,normal
TX10000160,W000598,W001872,4.906584,2026-01-28 00:53:00,synthetic_anomalous,rapid_chain
TX10006565,W002319,W001931,0.241816,2026-01-28 01:24:00,synthetic_normal,normal
TX10007984,W000870,W000049,0.180735,2026-01-28 01:25:00,synthetic_normal,normal
TX10008179,W001233,W000521,0.208508,2026-01-28 01:45:00,synthetic_normal,normal
TX10001334,W002167,W002025,0.333204,2026-01-28 02:10:00,synthetic_normal,normal
TX10003250,W001321,W000231,0.47659,2026-01-28 02:28:00,synthetic_normal,normal
TX10003146,W001822,W000215,1.163557,2026-01-28 02:29:00,synthetic_normal,normal
TX10005907,W001354,W000109,0.570187,2026-01-28 02:42:00,synthetic_normal,normal
TX10006527,W002032,W001482,0.507355,2026-01-28 03:15:00,synthetic_normal,normal
TX10006492,W001382,W000176,0.952236,2026-01-28 04:18:00,synthetic_normal,normal
TX10009354,W002256,W002076,1.070229,2026-01-28 06:28:00,synthetic_normal,normal
TX10002349,W002141,W000105,0.108569,2026-01-28 06:36:00,synthetic_normal,normal
TX10004225,W001263,W000039,0.636228,2026-01-28 08:23:00,synthetic_normal,normal
TX10000796,W000224,W000773,3.520623,2026-01-28 09:34:00,synthetic_anomalous,high_frequency
TX10008983,W001389,W001875,0.324882,2026-01-28 09:36:00,synthetic_normal,normal
TX10002733,W002269,W001361,0.288213,2026-01-28 09:46:00,synthetic_normal,normal
TX10009024,W000675,W002286,0.163888,2026-01-28 09:47:00,synthetic_normal,normal
TX10009292,W002379,W000884,0.492821,2026-01-28 10:47:00,synthetic_normal,normal
TX10006681,W002346,W000660,1.32724,2026-01-28 10:56:00,synthetic_normal,normal
TX10007756,W000445,W001696,0.246131,2026-01-28 10:56:00,synthetic_normal,normal
TX10003725,W001625,W000771,0.393959,2026-01-28 11:02:00,synthetic_normal,normal
TX10009821,W000258,W001878,0.27435,2026-01-28 11:08:00,synthetic_normal,normal
TX10001276,W001272,W000333,0.79253,2026-01-28 11:35:00,synthetic_normal,normal
TX10005153,W000244,W000063,3.606014,2026-01-28 11:38:00,synthetic_normal,normal
TX10001104,W001124,W000711,0.753712,2026-01-28 12:16:00,synthetic_normal,normal
TX10005647,W002169,W001080,1.185254,2026-01-28 12:40:00,synthetic_normal,normal
TX10003974,W000057,W000912,0.22846,2026-01-28 12:52:00,synthetic_normal,normal
TX10009556,W000080,W000654,0.262192,2026-01-28 13:18:00,synthetic_normal,normal
TX10006727,W000738,W002031,2.269349,2026-01-28 13:22:00,synthetic_normal,normal
TX10002621,W000970,W002161,0.446398,2026-01-28 13:39:00,synthetic_normal,normal
TX10002857,W002464,W000413,0.317285,2026-01-28 13:50:00,synthetic_normal,normal
TX10002311,W001605,W000659,0.627527,2026-01-28 14:00:00,synthetic_normal,normal
TX10009235,W001209,W001296,0.929675,2026-01-28 14:00:00,synthetic_normal,normal
TX10009258,W000918,W000509,0.785628,2026-01-28 14:18:00,synthetic_normal,normal
TX10004591,W000763,W001325,0.337516,2026-01-28 14:55:00,synthetic_normal,normal
TX10000297,W000041,W000159,7.908909,2026-01-28 15:17:00,synthetic_anomalous,fan_out
TX10006683,W001199,W001272,0.119675,2026-01-28 16:18:00,synthetic_normal,normal
TX10008635,W000495,W001931,0.583688,2026-01-28 16:22:00,synthetic_normal,normal
TX10000913,W000022,W001068,4.233684,2026-01-28 17:40:00,synthetic_anomalous,fan_out
TX10006083,W001973,W001703,0.71754,2026-01-28 18:31:00,synthetic_normal,normal
TX10006931,W000167,W000286,0.278217,2026-01-28 19:08:00,synthetic_normal,normal
TX10005507,W001815,W000713,1.016768,2026-01-28 20:05:00,synthetic_normal,normal
TX10000491,W002025,W001192,0.84716,2026-01-28 20:14:00,synthetic_anomalous,cross_border_burst
TX10004526,W002009,W002354,1.371588,2026-01-28 21:27:00,synthetic_normal,normal
TX10000746,W000043,W000594,20.74578,2026-01-28 23:02:00,synthetic_anomalous,fan_in
TX10000284,W001893,W000115,1.911866,2026-01-28 23:13:00,synthetic_anomalous,high_frequency
TX10002098,W002215,W002488,0.726985,2026-01-28 23:18:00,synthetic_normal,normal
TX10005930,W000018,W000816,0.161597,2026-01-28 23:38:00,synthetic_normal,normal
TX10006584,W001608,W000020,0.662787,2026-01-28 23:55:00,synthetic_normal,normal
TX10008036,W001583,W001144,0.203828,2026-01-29 00:22:00,synthetic_normal,normal
TX10001066,W001804,W001121,0.512601,2026-01-29 00:36:00,synthetic_normal,normal
TX10001198,W002034,W001193,0.363579,2026-01-29 00:50:00,synthetic_normal,normal
TX10009512,W001059,W001670,0.280395,2026-01-29 01:10:00,synthetic_normal,normal
TX10002675,W001031,W000042,0.057823,2026-01-29 01:16:00,synthetic_normal,normal
TX10001275,W002307,W002115,0.246214,2026-01-29 03:01:00,synthetic_normal,normal
TX10002064,W002199,W002464,0.256335,2026-01-29 03:02:00,synthetic_normal,normal
TX10002012,W001971,W001120,0.646853,2026-01-29 04:38:00,synthetic_normal,normal
TX10007924,W000940,W000953,0.281235,2026-01-29 04:44:00,synthetic_normal,normal
TX10008469,W000895,W000281,0.508645,2026-01-29 04:47:00,synthetic_normal,normal
TX10001792,W000905,W002126,0.713955,2026-01-29 04:54:00,synthetic_normal,normal
TX10007685,W001292,W000888,0.962767,2026-01-29 06:12:00,synthetic_normal,normal
TX10004622,W000256,W000222,0.458559,2026-01-29 07:00:00,synthetic_normal,normal
TX10007601,W001448,W000029,0.266284,2026-01-29 07:21:00,synthetic_normal,normal
TX10007564,W001390,W002061,2.149574,2026-01-29 07:35:00,synthetic_normal,normal
TX10006976,W000637,W001917,2.859201,2026-01-29 08:12:00,synthetic_normal,normal
TX10002105,W002122,W000901,0.891699,2026-01-29 08:20:00,synthetic_normal,normal
TX10002409,W001289,W000118,0.370477,2026-01-29 08:58:00,synthetic_normal,normal
TX10003646,W000522,W001820,1.844348,2026-01-29 10:29:00,synthetic_normal,normal
TX10008337,W001054,W002351,0.229022,2026-01-29 10:36:00,synthetic_normal,normal
TX10002698,W000670,W001078,0.342978,2026-01-29 10:47:00,synthetic_normal,normal
TX10001941,W000277,W000628,0.390267,2026-01-29 11:18:00,synthetic_normal,normal
TX10008470,W001558,W000991,0.328794,2026-01-29 11:53:00,synthetic_normal,normal
TX10001892,W001183,W002294,0.251615,2026-01-29 12:58:00,synthetic_normal,normal
TX10007462,W002224,W000029,0.162169,2026-01-29 13:32:00,synthetic_normal,normal
TX10005271,W001710,W000678,0.534543,2026-01-29 13:36:00,synthetic_normal,normal
TX10002656,W000894,W000245,0.990136,2026-01-29 13:38:00,synthetic_normal,normal
TX10000466,W000034,W000028,4.619446,2026-01-29 13:40:00,synthetic_anomalous,fan_in
TX10003606,W001370,W000776,0.342775,2026-01-29 14:21:00,synthetic_normal,normal
TX10001062,W001833,W000531,0.234878,2026-01-29 14:45:00,synthetic_normal,normal
TX10008792,W001505,W001963,0.350631,2026-01-29 14:55:00,synthetic_normal,normal
TX10001976,W002090,W001421,0.681316,2026-01-29 15:36:00,synthetic_normal,normal
TX10009026,W000101,W000740,0.476645,2026-01-29 18:23:00,synthetic_normal,normal
TX10006723,W002118,W000527,0.653219,2026-01-29 19:17:00,synthetic_normal,normal
TX10006372,W000575,W001774,0.796338,2026-01-29 19:20:00,synthetic_normal,normal
TX10006234,W001811,W001627,0.425837,2026-01-29 19:21:00,synthetic_normal,normal
TX10002472,W000481,W001516,0.456549,2026-01-29 21:05:00,synthetic_normal,normal
TX10000551,W000022,W002121,6.745212,2026-01-29 21:33:00,synthetic_anomalous,layered_transfer
TX10007660,W000010,W000541,0.431172,2026-01-29 21:54:00,synthetic_normal,normal
TX10006252,W002263,W002139,0.395362,2026-01-29 22:01:00,synthetic_normal,normal
TX10005231,W001252,W001054,0.74537,2026-01-29 22:12:00,synthetic_normal,normal
TX10005438,W000800,W001843,0.236633,2026-01-29 22:30:00,synthetic_normal,normal
TX10008409,W000031,W000750,0.653415,2026-01-29 23:05:00,synthetic_normal,normal
TX10006029,W000191,W001815,0.336881,2026-01-29 23:16:00,synthetic_normal,normal
TX10000647,W000024,W001860,4.028228,2026-01-30 00:16:00,synthetic_anomalous,layered_transfer
TX10001958,W000517,W000380,0.694865,2026-01-30 00:33:00,synthetic_normal,normal
TX10002935,W001637,W000418,0.129257,2026-01-30 01:04:00,synthetic_normal,normal
TX10006271,W001043,W000156,0.142441,2026-01-30 01:18:00,synthetic_normal,normal
TX10002330,W000338,W000199,0.062064,2026-01-30 02:04:00,synthetic_normal,normal
TX10009702,W000397,W002299,0.665417,2026-01-30 02:19:00,synthetic_normal,normal
TX10009016,W000721,W001481,0.598865,2026-01-30 02:22:00,synthetic_normal,normal
TX10004876,W002022,W000740,0.301311,2026-01-30 02:36:00,synthetic_normal,normal
TX10009823,W000259,W001639,0.248534,2026-01-30 02:45:00,synthetic_normal,normal
TX10009580,W000909,W002270,0.726586,2026-01-30 03:06:00,synthetic_normal,normal
TX10007105,W000426,W002276,1.996399,2026-01-30 03:15:00,synthetic_normal,normal
TX10009820,W002163,W001942,1.082802,2026-01-30 03:27:00,synthetic_normal,normal
TX10004346,W001726,W000931,2.209738,2026-01-30 03:31:00,synthetic_normal,normal
TX10003090,W001096,W001356,1.811531,2026-01-30 04:06:00,synthetic_normal,normal
TX10009980,W001877,W001699,0.243235,2026-01-30 04:44:00,synthetic_normal,normal
TX10006872,W000384,W002034,0.6187,2026-01-30 04:52:00,synthetic_normal,normal
TX10007994,W001558,W001250,0.504595,2026-01-30 04:56:00,synthetic_normal,normal
TX10004381,W000846,W001326,0.246333,2026-01-30 05:04:00,synthetic_normal,normal
TX10001532,W001051,W001361,0.65568,2026-01-30 06:04:00,synthetic_normal,normal
TX10007346,W002327,W001483,1.025344,2026-01-30 06:22:00,synthetic_normal,normal
TX10003692,W000003,W001873,0.317212,2026-01-30 06:27:00,synthetic_normal,normal
TX10000378,W000040,W000793,0.616356,2026-01-30 06:33:00,synthetic_anomalous,fan_in
TX10004413,W002481,W001536,0.255657,2026-01-30 06:38:00,synthetic_normal,normal
TX10002300,W001411,W001190,0.381744,2026-01-30 07:19:00,synthetic_normal,normal
TX10008970,W000303,W001123,0.502311,2026-01-30 07:24:00,synthetic_normal,normal
TX10001101,W000786,W002488,0.544452,2026-01-30 07:44:00,synthetic_normal,normal
TX10009287,W000755,W000608,0.589733,2026-01-30 08:25:00,synthetic_normal,normal
TX10008831,W001195,W001268,0.320458,2026-01-30 10:02:00,synthetic_normal,normal
TX10005529,W001845,W001906,1.388209,2026-01-30 10:50:00,synthetic_normal,normal
TX10001462,W001657,W001376,0.545159,2026-01-30 11:11:00,synthetic_normal,normal
TX10008755,W001144,W001078,0.285935,2026-01-30 11:31:00,synthetic_normal,normal
TX10005430,W001419,W002240,0.556802,2026-01-30 11:50:00,synthetic_normal,normal
TX10005920,W000388,W001176,0.807554,2026-01-30 12:07:00,synthetic_normal,normal
TX10005942,W000159,W001358,0.202989,2026-01-30 12:11:00,synthetic_normal,normal
TX10007043,W000793,W000445,0.701165,2026-01-30 12:50:00,synthetic_normal,normal
TX10002762,W002420,W000731,0.131999,2026-01-30 13:11:00,synthetic_normal,normal
TX10008630,W000344,W000540,0.233323,2026-01-30 13:27:00,synthetic_normal,normal
TX10009363,W001843,W000602,0.219802,2026-01-30 14:17:00,synthetic_normal,normal
TX10008487,W000833,W001334,0.334604,2026-01-30 14:32:00,synthetic_normal,normal
TX10009107,W000407,W002446,1.711061,2026-01-30 14:47:00,synthetic_normal,normal
TX10008786,W002227,W001308,0.430963,2026-01-30 15:46:00,synthetic_normal,normal
TX10004329,W001707,W002216,0.205075,2026-01-30 16:52:00,synthetic_normal,normal
TX10000203,W002454,W001148,2.360433,2026-01-30 17:31:00,synthetic_anomalous,cross_border_burst
TX10007287,W000062,W001599,0.651394,2026-01-30 17:43:00,synthetic_normal,normal
TX10008572,W001265,W002042,0.432761,2026-01-30 18:02:00,synthetic_normal,normal
TX10004248,W001186,W001078,0.23819,2026-01-30 18:04:00,synthetic_normal,normal
TX10005314,W002178,W001549,0.178793,2026-01-30 18:06:00,synthetic_normal,normal
TX10005350,W002322,W001564,1.189859,2026-01-30 18:10:00,synthetic_normal,normal
TX10003177,W000993,W001927,1.25667,2026-01-30 18:38:00,synthetic_normal,normal
TX10006611,W001435,W000457,0.629975,2026-01-30 18:45:00,synthetic_normal,normal
TX10007068,W001027,W001495,0.778509,2026-01-30 19:04:00,synthetic_normal,normal
TX10003505,W000698,W001324,0.697001,2026-01-30 19:15:00,synthetic_normal,normal
TX10006049,W000822,W002229,0.827098,2026-01-30 19:17:00,synthetic_normal,normal
TX10005212,W001388,W000505,0.905814,2026-01-30 19:27:00,synthetic_normal,normal
TX10000738,W000021,W000913,1.028243,2026-01-30 20:03:00,synthetic_anomalous,fan_in
TX10002788,W001492,W002081,0.46978,2026-01-30 23:25:00,synthetic_normal,normal
TX10000333,W000039,W000002,3.622037,2026-01-31 00:05:00,synthetic_anomalous,high_connectivity
TX10001848,W002086,W001901,0.667315,2026-01-31 01:23:00,synthetic_normal,normal
TX10005939,W001958,W001520,0.812383,2026-01-31 01:28:00,synthetic_normal,normal
TX10002534,W001405,W001716,0.26438,2026-01-31 01:33:00,synthetic_normal,normal
TX10008716,W001835,W000100,0.201455,2026-01-31 01:34:00,synthetic_normal,normal
TX10007534,W001033,W000737,0.225714,2026-01-31 02:13:00,synthetic_normal,normal
TX10007440,W001455,W002210,0.523352,2026-01-31 02:33:00,synthetic_normal,normal
TX10008499,W000369,W002368,0.854803,2026-01-31 02:33:00,synthetic_normal,normal
TX10003138,W002137,W000098,0.198523,2026-01-31 02:44:00,synthetic_normal,normal
TX10003150,W000891,W001237,0.212644,2026-01-31 03:27:00,synthetic_normal,normal
TX10002350,W000587,W000658,1.558838,2026-01-31 03:36:00,synthetic_normal,normal
TX10004272,W000048,W001180,0.611837,2026-01-31 03:39:00,synthetic_normal,normal
TX10007934,W001149,W001119,2.296978,2026-01-31 04:03:00,synthetic_normal,normal
TX10007608,W001107,W002490,1.257842,2026-01-31 04:07:00,synthetic_normal,normal
TX10004823,W001966,W001130,0.360527,2026-01-31 04:15:00,synthetic_normal,normal
TX10006762,W001458,W000668,0.34944,2026-01-31 04:27:00,synthetic_normal,normal
TX10006778,W000014,W001600,0.328706,2026-01-31 05:10:00,synthetic_normal,normal
TX10003717,W000437,W001604,0.873327,2026-01-31 05:13:00,synthetic_normal,normal
TX10001260,W002386,W001945,0.181474,2026-01-31 05:48:00,synthetic_normal,normal
TX10004126,W002187,W002476,0.417443,2026-01-31 06:36:00,synthetic_normal,normal
TX10009672,W002126,W000788,0.249986,2026-01-31 06:58:00,synthetic_normal,normal
TX10000183,W000049,W001294,1.996592,2026-01-31 07:49:00,synthetic_anomalous,layered_transfer
TX10001426,W000271,W001137,0.17854,2026-01-31 07:54:00,synthetic_normal,normal
TX10009939,W002051,W001688,0.563705,2026-01-31 08:18:00,synthetic_normal,normal
TX10001999,W001129,W001429,0.354288,2026-01-31 08:44:00,synthetic_normal,normal
TX10009459,W002164,W000499,0.99657,2026-01-31 09:00:00,synthetic_normal,normal
TX10007947,W000647,W000084,0.218781,2026-01-31 09:48:00,synthetic_normal,normal
TX10002963,W002054,W001122,0.322846,2026-01-31 09:54:00,synthetic_normal,normal
TX10002447,W001437,W000458,0.20627,2026-01-31 10:10:00,synthetic_normal,normal
TX10009561,W001132,W001911,0.163839,2026-01-31 10:23:00,synthetic_normal,normal
TX10004952,W001280,W000588,0.50562,2026-01-31 10:32:00,synthetic_normal,normal
TX10004795,W000720,W000144,0.170836,2026-01-31 10:36:00,synthetic_normal,normal
TX10000566,W000047,W001448,9.946667,2026-01-31 10:46:00,synthetic_anomalous,ip_wallet_reuse
TX10005785,W000912,W000538,0.515534,2026-01-31 11:49:00,synthetic_normal,normal
TX10009461,W000031,W001225,0.136037,2026-01-31 11:53:00,synthetic_normal,normal
TX10001325,W002326,W001464,1.190642,2026-01-31 12:08:00,synthetic_normal,normal
TX10005932,W001389,W001472,1.524554,2026-01-31 12:12:00,synthetic_normal,normal
TX10006781,W001587,W001845,0.479305,2026-01-31 12:40:00,synthetic_normal,normal
TX10004705,W001646,W002377,0.739941,2026-01-31 12:45:00,synthetic_normal,normal
TX10006414,W001526,W002399,0.23462,2026-01-31 12:46:00,synthetic_normal,normal
TX10004397,W002389,W000527,1.423647,2026-01-31 14:59:00,synthetic_normal,normal
TX10006789,W002149,W001344,0.70533,2026-01-31 15:22:00,synthetic_normal,normal
TX10006202,W000772,W001213,0.222494,2026-01-31 15:46:00,synthetic_normal,normal
TX10003904,W000335,W000314,0.792035,2026-01-31 15:58:00,synthetic_normal,normal
TX10008196,W002260,W000372,0.336294,2026-01-31 16:03:00,synthetic_normal,normal
TX10004180,W001949,W002240,0.183288,2026-01-31 16:28:00,synthetic_normal,normal
TX10005643,W000231,W002239,0.109309,2026-01-31 17:14:00,synthetic_normal,normal
TX10009007,W002252,W000958,0.72125,2026-01-31 18:31:00,synthetic_normal,normal
TX10008007,W001523,W000226,0.353105,2026-01-31 18:44:00,synthetic_normal,normal
TX10000405,W000041,W000899,1.718309,2026-01-31 18:46:00,synthetic_anomalous,high_connectivity
TX10004607,W000183,W001284,0.199971,2026-01-31 18:47:00,synthetic_normal,normal
TX10007829,W002431,W000593,0.263099,2026-01-31 18:51:00,synthetic_normal,normal
TX10006678,W000002,W002447,0.122427,2026-01-31 18:52:00,synthetic_normal,normal
TX10002912,W002306,W001901,1.366587,2026-01-31 18:56:00,synthetic_normal,normal
TX10004730,W002266,W001675,0.269587,2026-01-31 19:23:00,synthetic_normal,normal
TX10004357,W002147,W000986,0.754553,2026-01-31 20:35:00,synthetic_normal,normal
TX10001111,W002270,W000990,0.297961,2026-01-31 20:38:00,synthetic_normal,normal
TX10004646,W000201,W000418,0.191238,2026-01-31 21:21:00,synthetic_normal,normal
TX10001758,W001641,W001001,0.402705,2026-01-31 21:37:00,synthetic_normal,normal
TX10007575,W000597,W000250,0.715678,2026-01-31 21:57:00,synthetic_normal,normal
TX10009178,W001096,W001255,0.15017,2026-01-31 22:18:00,synthetic_normal,normal
TX10005279,W002293,W002442,0.812753,2026-01-31 22:25:00,synthetic_normal,normal
TX10007240,W000827,W001625,0.216863,2026-01-31 22:33:00,synthetic_normal,normal
TX10002127,W000507,W000024,0.565377,2026-01-31 22:48:00,synthetic_normal,normal
TX10002435,W000066,W002264,0.975543,2026-01-31 23:30:00,synthetic_normal,normal
TX10007339,W001881,W000626,0.977986,2026-02-01 01:02:00,synthetic_normal,normal
TX10007354,W000834,W000478,0.180992,2026-02-01 01:22:00,synthetic_normal,normal
TX10003241,W000740,W002487,0.728406,2026-02-01 01:47:00,synthetic_normal,normal
TX10007034,W001503,W000479,1.522775,2026-02-01 02:26:00,synthetic_normal,normal
TX10000161,W000028,W001110,1.266896,2026-02-01 05:34:00,synthetic_anomalous,fan_out
TX10002796,W001605,W000727,0.772046,2026-02-01 06:15:00,synthetic_normal,normal
TX10005566,W002116,W001656,0.313212,2026-02-01 06:58:00,synthetic_normal,normal
TX10007567,W000179,W000368,0.11123,2026-02-01 07:00:00,synthetic_normal,normal
TX10004776,W001353,W000130,0.480617,2026-02-01 07:51:00,synthetic_normal,normal
TX10008197,W001887,W001221,0.422578,2026-02-01 08:47:00,synthetic_normal,normal
TX10003098,W001892,W001140,0.491822,2026-02-01 09:09:00,synthetic_normal,normal
TX10002565,W000433,W001533,0.415145,2026-02-01 09:35:00,synthetic_normal,normal
TX10001498,W001799,W002313,0.334457,2026-02-01 09:37:00,synthetic_normal,normal
TX10004285,W001718,W001413,0.779514,2026-02-01 10:51:00,synthetic_normal,normal
TX10003281,W002077,W001256,0.422175,2026-02-01 11:29:00,synthetic_normal,normal
TX10004291,W002358,W000113,0.793618,2026-02-01 11:45:00,synthetic_normal,normal
TX10007425,W001452,W000949,0.156265,2026-02-01 11:48:00,synthetic_normal,normal
TX10009684,W001439,W000300,0.418137,2026-02-01 11:52:00,synthetic_normal,normal
TX10009148,W000741,W001341,0.316319,2026-02-01 12:08:00,synthetic_normal,normal
TX10002282,W000854,W000899,0.17442,2026-02-01 12:37:00,synthetic_normal,normal
TX10003480,W001280,W000231,1.0537,2026-02-01 13:39:00,synthetic_normal,normal
TX10000859,W001430,W001588,2.74437,2026-02-01 14:11:00,synthetic_anomalous,cross_border_burst
TX10006759,W002213,W001895,0.176919,2026-02-01 14:34:00,synthetic_normal,normal
TX10004808,W001262,W000586,0.188985,2026-02-01 14:53:00,synthetic_normal,normal
TX10001781,W001280,W002248,5.471519,2026-02-01 14:59:00,synthetic_normal,normal
TX10002026,W001584,W002151,0.351263,2026-02-01 15:13:00,synthetic_normal,normal
TX10001989,W001688,W001367,0.100673,2026-02-01 15:19:00,synthetic_normal,normal
TX10001764,W001103,W000677,0.982866,2026-02-01 15:31:00,synthetic_normal,normal
TX10002560,W000034,W000651,0.936546,2026-02-01 15:32:00,synthetic_normal,normal
TX10004259,W001886,W001275,0.176667,2026-02-01 16:01:00,synthetic_normal,normal
TX10004896,W000962,W001482,0.615972,2026-02-01 16:46:00,synthetic_normal,normal
TX10008852,W001726,W000244,1.840301,2026-02-01 17:18:00,synthetic_normal,normal
TX10000701,W000036,W000234,2.214098,2026-02-01 17:29:00,synthetic_anomalous,high_connectivity
TX10001556,W002095,W000618,1.025415,2026-02-01 17:36:00,synthetic_normal,normal
TX10005226,W000067,W000210,0.574659,2026-02-01 18:14:00,synthetic_normal,normal
TX10008872,W000088,W000365,0.450277,2026-02-01 18:28:00,synthetic_normal,normal
TX10001009,W001117,W002100,0.864416,2026-02-01 19:31:00,synthetic_normal,normal
TX10006218,W000382,W000506,0.291707,2026-02-01 19:48:00,synthetic_normal,normal
TX10001221,W000667,W002328,0.738062,2026-02-01 19:49:00,synthetic_normal,normal
TX10008278,W001865,W000987,0.376024,2026-02-01 20:50:00,synthetic_normal,normal
TX10001748,W002112,W002062,0.364931,2026-02-01 21:19:00,synthetic_normal,normal
TX10005095,W002484,W000326,0.47145,2026-02-01 21:19:00,synthetic_normal,normal
TX10000872,W000704,W002111,21.448949,2026-02-01 21:53:00,synthetic_anomalous,rapid_chain
TX10003973,W000349,W001697,0.400276,2026-02-01 22:59:00,synthetic_normal,normal
TX10005342,W001386,W000838,0.514446,2026-02-01 23:47:00,synthetic_normal,normal
TX10000853,W000047,W001616,3.478421,2026-02-02 00:28:00,synthetic_anomalous,high_connectivity
TX10001140,W001038,W000911,3.99458,2026-02-02 01:58:00,synthetic_normal,normal
TX10003243,W002499,W000044,0.297908,2026-02-02 02:31:00,synthetic_normal,normal
TX10009871,W001775,W001920,0.286782,2026-02-02 02:39:00,synthetic_normal,normal
TX10003366,W001250,W000077,0.13507,2026-02-02 03:09:00,synthetic_normal,normal
TX10005605,W002187,W002179,0.151824,2026-02-02 03:20:00,synthetic_normal,normal
TX10009890,W001069,W000458,0.338367,2026-02-02 03:46:00,synthetic_normal,normal
TX10005010,W001170,W002119,0.18811,2026-02-02 03:48:00,synthetic_normal,normal
TX10003556,W002219,W001524,0.141867,2026-02-02 05:28:00,synthetic_normal,normal
TX10000283,W001323,W001927,0.714456,2026-02-02 06:04:00,synthetic_anomalous,cross_border_burst
TX10000290,W000047,W001978,1.256119,2026-02-02 07:44:00,synthetic_anomalous,fan_in
TX10006903,W001542,W001339,0.649371,2026-02-02 07:46:00,synthetic_normal,normal
TX10005598,W002408,W001334,0.356444,2026-02-02 07:55:00,synthetic_normal,normal
TX10003365,W000657,W000757,0.905607,2026-02-02 08:37:00,synthetic_normal,normal
TX10004268,W001832,W000630,1.282379,2026-02-02 09:10:00,synthetic_normal,normal
TX10006210,W002369,W001523,0.356252,2026-02-02 09:14:00,synthetic_normal,normal
TX10008618,W000619,W002304,0.718683,2026-02-02 09:31:00,synthetic_normal,normal
TX10001753,W000494,W001710,0.632623,2026-02-02 09:48:00,synthetic_normal,normal
TX10002363,W000604,W000904,0.405604,2026-02-02 09:53:00,synthetic_normal,normal
TX10004295,W001889,W000982,0.751712,2026-02-02 10:13:00,synthetic_normal,normal
TX10004027,W000227,W002084,0.235065,2026-02-02 10:31:00,synthetic_normal,normal
TX10004993,W002005,W000280,0.61141,2026-02-02 10:45:00,synthetic_normal,normal
TX10004839,W000062,W000535,0.46652,2026-02-02 10:56:00,synthetic_normal,normal
TX10002044,W000442,W001086,0.091017,2026-02-02 11:08:00,synthetic_normal,normal
TX10001487,W000393,W001499,0.314452,2026-02-02 11:10:00,synthetic_normal,normal
TX10007577,W001880,W002034,0.613093,2026-02-02 11:27:00,synthetic_normal,normal
TX10006427,W001415,W000311,0.334001,2026-02-02 11:56:00,synthetic_normal,normal
TX10000524,W000644,W002015,1.732902,2026-02-02 11:56:00,synthetic_anomalous,high_frequency
TX10009071,W000801,W000548,0.584837,2026-02-02 12:21:00,synthetic_normal,normal
TX10002782,W001911,W000448,0.564437,2026-02-02 12:37:00,synthetic_normal,normal
TX10003437,W000571,W002148,0.746658,2026-02-02 13:59:00,synthetic_normal,normal
TX10000924,W002225,W001111,10.99917,2026-02-02 14:57:00,synthetic_anomalous,high_frequency
TX10006228,W001688,W000034,0.317892,2026-02-02 15:31:00,synthetic_normal,normal
TX10007728,W001284,W001516,0.314744,2026-02-02 15:32:00,synthetic_normal,normal
TX10004394,W001714,W002290,0.262797,2026-02-02 16:00:00,synthetic_normal,normal
TX10009996,W001882,W000628,0.170891,2026-02-02 16:01:00,synthetic_normal,normal
TX10001523,W000102,W001780,0.159106,2026-02-02 17:07:00,synthetic_normal,normal
TX10003381,W001076,W001512,0.650831,2026-02-02 17:45:00,synthetic_normal,normal
TX10004415,W001804,W000092,0.189579,2026-02-02 18:30:00,synthetic_normal,normal
TX10006182,W001209,W001250,0.77603,2026-02-02 18:40:00,synthetic_normal,normal
TX10003961,W001900,W001609,0.200651,2026-02-02 19:07:00,synthetic_normal,normal
TX10003830,W001321,W000614,0.922226,2026-02-02 19:15:00,synthetic_normal,normal
TX10003643,W001447,W000598,0.279067,2026-02-02 19:49:00,synthetic_normal,normal
TX10005316,W000562,W001960,0.429527,2026-02-02 20:23:00,synthetic_normal,normal
TX10000529,W000041,W000659,4.182486,2026-02-02 21:23:00,synthetic_anomalous,fan_out
TX10005088,W001060,W001760,0.302673,2026-02-02 21:49:00,synthetic_normal,normal
TX10004095,W001977,W000813,0.235955,2026-02-02 21:49:00,synthetic_normal,normal
TX10004083,W000229,W000999,1.218886,2026-02-02 21:56:00,synthetic_normal,normal
TX10000473,W000002,W000304,3.500011,2026-02-02 21:58:00,synthetic_anomalous,fan_out
TX10006863,W000237,W002255,0.693612,2026-02-02 22:13:00,synthetic_normal,normal
TX10009046,W000365,W002286,0.460877,2026-02-02 23:21:00,synthetic_normal,normal
TX10001730,W001668,W000804,0.372946,2026-02-02 23:27:00,synthetic_normal,normal
TX10003301,W000788,W000805,0.177551,2026-02-02 23:57:00,synthetic_normal,normal
TX10002153,W001876,W002164,0.424937,2026-02-03 00:11:00,synthetic_normal,normal
TX10004711,W002237,W000289,0.733617,2026-02-03 00:14:00,synthetic_normal,normal
TX10003229,W001407,W000363,1.106151,2026-02-03 00:15:00,synthetic_normal,normal
TX10004102,W001202,W001484,0.504817,2026-02-03 00:18:00,synthetic_normal,normal
TX10005696,W002186,W001368,0.225931,2026-02-03 00:19:00,synthetic_normal,normal
TX10008732,W000157,W000624,1.490023,2026-02-03 00:38:00,synthetic_normal,normal
TX10009920,W000159,W001091,0.666874,2026-02-03 00:39:00,synthetic_normal,normal
TX10004700,W000990,W000574,0.105152,2026-02-03 01:16:00,synthetic_normal,normal
TX10006763,W000458,W002494,0.575169,2026-02-03 01:33:00,synthetic_normal,normal
TX10003701,W002217,W001458,0.472966,2026-02-03 01:53:00,synthetic_normal,normal
TX10003113,W002355,W000332,0.621386,2026-02-03 02:02:00,synthetic_normal,normal
TX10006876,W000619,W001561,0.509382,2026-02-03 02:13:00,synthetic_normal,normal
TX10007554,W001937,W000461,0.278706,2026-02-03 02:20:00,synthetic_normal,normal
TX10006096,W000601,W000726,0.107381,2026-02-03 02:23:00,synthetic_normal,normal
TX10007908,W000569,W000800,0.581325,2026-02-03 02:55:00,synthetic_normal,normal
TX10007783,W002213,W001783,0.29098,2026-02-03 02:56:00,synthetic_normal,normal
TX10001299,W001522,W002077,0.737246,2026-02-03 03:33:00,synthetic_normal,normal
TX10004587,W002440,W000535,0.269795,2026-02-03 04:30:00,synthetic_normal,normal
TX10008352,W001353,W000225,0.481557,2026-02-03 04:49:00,synthetic_normal,normal
TX10005275,W000936,W002469,0.232146,2026-02-03 05:21:00,synthetic_normal,normal
TX10001313,W000014,W000078,0.351229,2026-02-03 05:40:00,synthetic_normal,normal
TX10008390,W002158,W000927,0.336822,2026-02-03 05:46:00,synthetic_normal,normal
TX10002731,W000522,W001825,0.133083,2026-02-03 06:04:00,synthetic_normal,normal
TX10002135,W000468,W001616,0.370063,2026-02-03 07:52:00,synthetic_normal,normal
TX10005195,W000850,W001353,0.289507,2026-02-03 08:15:00,synthetic_normal,normal
TX10000021,W000011,W001810,10.204869,2026-02-03 09:00:00,synthetic_anomalous,high_connectivity
TX10003736,W002315,W000721,0.341263,2026-02-03 09:33:00,synthetic_normal,normal
TX10001648,W000513,W000224,1.127685,2026-02-03 09:35:00,synthetic_normal,normal
TX10004091,W000152,W002363,0.487572,2026-02-03 11:19:00,synthetic_normal,normal
TX10000758,W000048,W000652,3.363204,2026-02-03 11:41:00,synthetic_anomalous,ip_wallet_reuse
TX10006169,W000790,W002230,0.312878,2026-02-03 11:48:00,synthetic_normal,normal
TX10008245,W002126,W000037,0.358499,2026-02-03 11:50:00,synthetic_normal,normal
TX10009057,W000848,W001485,1.302028,2026-02-03 11:57:00,synthetic_normal,normal
TX10004990,W001095,W002242,0.75108,2026-02-03 12:25:00,synthetic_normal,normal
TX10002103,W001090,W000415,0.363931,2026-02-03 12:47:00,synthetic_normal,normal
TX10007636,W000475,W001994,0.245652,2026-02-03 12:53:00,synthetic_normal,normal
TX10006997,W001807,W001454,0.063844,2026-02-03 12:58:00,synthetic_normal,normal
TX10007276,W001454,W002400,0.268914,2026-02-03 13:20:00,synthetic_normal,normal
TX10009112,W001196,W000960,1.230611,2026-02-03 15:52:00,synthetic_normal,normal
TX10006176,W001058,W001943,0.318445,2026-02-03 16:43:00,synthetic_normal,normal
TX10008591,W001770,W001125,0.268775,2026-02-03 17:07:00,synthetic_normal,normal
TX10004831,W001456,W000174,0.507316,2026-02-03 17:14:00,synthetic_normal,normal
TX10000724,W002489,W000213,10.680072,2026-02-03 17:32:00,synthetic_anomalous,high_frequency
TX10008137,W002323,W000775,0.561234,2026-02-03 17:35:00,synthetic_normal,normal
TX10009952,W000567,W000048,0.21586,2026-02-03 17:46:00,synthetic_normal,normal
TX10006092,W002062,W002283,0.481977,2026-02-03 18:03:00,synthetic_normal,normal
TX10004216,W002404,W000466,0.31099,2026-02-03 18:11:00,synthetic_normal,normal
TX10009744,W000496,W001023,0.580991,2026-02-03 18:33:00,synthetic_normal,normal
TX10007378,W000401,W002025,0.27514,2026-02-03 18:34:00,synthetic_normal,normal
TX10002125,W000957,W001955,0.095765,2026-02-03 18:35:00,synthetic_normal,normal
TX10000273,W000046,W000125,0.372162,2026-02-03 19:11:00,synthetic_anomalous,fan_out
TX10007127,W000237,W001550,1.694956,2026-02-03 19:11:00,synthetic_normal,normal
TX10001885,W000192,W001241,0.470684,2026-02-03 19:22:00,synthetic_normal,normal
TX10004307,W000557,W002081,0.609057,2026-02-03 20:13:00,synthetic_normal,normal
TX10000791,W000018,W002040,5.680749,2026-02-03 20:29:00,synthetic_anomalous,layered_transfer
TX10006639,W001193,W001816,0.496979,2026-02-03 21:40:00,synthetic_normal,normal
TX10007110,W000390,W002027,0.705189,2026-02-03 22:19:00,synthetic_normal,normal
TX10007419,W000277,W000974,2.045113,2026-02-03 23:39:00,synthetic_normal,normal
TX10002898,W000520,W000261,0.230035,2026-02-03 23:50:00,synthetic_normal,normal
TX10002387,W000022,W000282,0.653128,2026-02-03 23:55:00,synthetic_normal,normal
TX10009913,W001423,W000215,0.26488,2026-02-04 00:29:00,synthetic_normal,normal
TX10006823,W001395,W000550,0.251696,2026-02-04 04:16:00,synthetic_normal,normal
TX10005815,W002256,W001075,1.283714,2026-02-04 04:20:00,synthetic_normal,normal
TX10006998,W000038,W001857,0.71806,2026-02-04 04:36:00,synthetic_normal,normal
TX10003313,W000398,W002062,0.695878,2026-02-04 04:45:00,synthetic_normal,normal
TX10004459,W000265,W001551,0.228795,2026-02-04 04:48:00,synthetic_normal,normal
TX10002388,W001638,W000332,0.124128,2026-02-04 05:16:00,synthetic_normal,normal
TX10009837,W000028,W001613,0.198642,2026-02-04 05:20:00,synthetic_normal,normal
TX10007845,W002452,W000042,0.221483,2026-02-04 05:45:00,synthetic_normal,normal
TX10002853,W001681,W001654,0.606112,2026-02-04 06:32:00,synthetic_normal,normal
TX10002584,W001602,W002326,0.328876,2026-02-04 06:46:00,synthetic_normal,normal
TX10008143,W000471,W000153,0.751362,2026-02-04 07:41:00,synthetic_normal,normal
TX10001859,W000987,W001101,0.766447,2026-02-04 07:46:00,synthetic_normal,normal
TX10008794,W000252,W000883,1.293359,2026-02-04 08:10:00,synthetic_normal,normal
TX10003515,W002037,W001710,0.304987,2026-02-04 08:38:00,synthetic_normal,normal
TX10003422,W001468,W000224,0.507453,2026-02-04 09:14:00,synthetic_normal,normal
TX10001453,W002133,W001086,0.481159,2026-02-04 09:36:00,synthetic_normal,normal
TX10003193,W000711,W001099,0.15547,2026-02-04 09:36:00,synthetic_normal,normal
TX10002955,W000291,W001886,0.1426,2026-02-04 09:42:00,synthetic_normal,normal
TX10008221,W000449,W002311,1.767868,2026-02-04 10:03:00,synthetic_normal,normal
TX10007506,W001434,W000290,0.487214,2026-02-04 10:05:00,synthetic_normal,normal
TX10001585,W002344,W001596,0.189712,2026-02-04 10:58:00,synthetic_normal,normal
TX10002240,W002174,W001916,0.777049,2026-02-04 12:08:00,synthetic_normal,normal
TX10002055,W001771,W002432,0.395954,2026-02-04 12:33:00,synthetic_normal,normal
TX10004403,W001279,W000820,0.150715,2026-02-04 13:05:00,synthetic_normal,normal
TX10001863,W001674,W000015,1.126186,2026-02-04 13:33:00,synthetic_normal,normal
TX10009787,W000732,W000153,0.719637,2026-02-04 13:57:00,synthetic_normal,normal
TX10003100,W001829,W001475,0.449035,2026-02-04 14:36:00,synthetic_normal,normal
TX10008213,W001460,W001751,0.782582,2026-02-04 14:45:00,synthetic_normal,normal
TX10000237,W000050,W001133,5.950301,2026-02-04 15:08:00,synthetic_anomalous,high_connectivity
TX10008261,W000479,W001514,0.433559,2026-02-04 15:24:00,synthetic_normal,normal
TX10006217,W001277,W001259,1.833298,2026-02-04 16:23:00,synthetic_normal,normal
TX10003275,W001475,W000681,0.482357,2026-02-04 16:25:00,synthetic_normal,normal
TX10000464,W000829,W000041,0.714382,2026-02-04 17:11:00,synthetic_anomalous,rapid_chain
TX10002351,W002359,W002312,1.157616,2026-02-04 17:38:00,synthetic_normal,normal
TX10004376,W001454,W000794,0.347893,2026-02-04 18:02:00,synthetic_normal,normal
TX10001384,W000233,W000529,0.361188,2026-02-04 18:13:00,synthetic_normal,normal
TX10008779,W002464,W000757,0.33379,2026-02-04 18:55:00,synthetic_normal,normal
TX10008681,W000839,W001145,0.532795,2026-02-04 19:13:00,synthetic_normal,normal
TX10009568,W000307,W001864,0.671684,2026-02-04 19:29:00,synthetic_normal,normal
TX10001162,W002190,W002129,1.615105,2026-02-04 19:30:00,synthetic_normal,normal
TX10003432,W000771,W001468,0.329972,2026-02-04 19:45:00,synthetic_normal,normal
TX10000330,W000044,W000240,3.192176,2026-02-04 20:05:00,synthetic_anomalous,fan_in
TX10008508,W002239,W000257,0.417279,2026-02-04 20:39:00,synthetic_normal,normal
TX10007599,W002091,W000896,2.194828,2026-02-04 20:47:00,synthetic_normal,normal
TX10009108,W001016,W001290,0.146413,2026-02-04 20:51:00,synthetic_normal,normal
TX10001797,W002267,W002148,0.680802,2026-02-04 21:00:00,synthetic_normal,normal
TX10006734,W001726,W002488,0.465638,2026-02-04 22:27:00,synthetic_normal,normal
TX10003658,W001223,W002129,0.389297,2026-02-04 23:14:00,synthetic_normal,normal
TX10006807,W002129,W000698,0.352747,2026-02-04 23:29:00,synthetic_normal,normal
TX10000102,W000013,W002161,2.994273,2026-02-04 23:30:00,synthetic_anomalous,ip_wallet_reuse
TX10005733,W000588,W000253,0.415525,2026-02-04 23:50:00,synthetic_normal,normal
TX10009041,W000299,W000537,0.780986,2026-02-05 00:09:00,synthetic_normal,normal
TX10000115,W001965,W002160,2.391957,2026-02-05 00:13:00,synthetic_anomalous,cross_border_burst
TX10001545,W002102,W001759,0.408685,2026-02-05 01:41:00,synthetic_normal,normal
TX10008541,W001165,W001706,0.30072,2026-02-05 01:45:00,synthetic_normal,normal
TX10008320,W001449,W002406,0.654864,2026-02-05 02:05:00,synthetic_normal,normal
TX10001280,W002168,W001015,0.137274,2026-02-05 02:12:00,synthetic_normal,normal
TX10000811,W000027,W001371,1.169144,2026-02-05 02:14:00,synthetic_anomalous,cross_border_burst
TX10009713,W002432,W000177,0.109116,2026-02-05 02:24:00,synthetic_normal,normal
TX10003933,W000934,W000563,0.279732,2026-02-05 02:48:00,synthetic_normal,normal
TX10002469,W002230,W002369,0.08569,2026-02-05 03:10:00,synthetic_normal,normal
TX10006385,W001139,W001591,0.165392,2026-02-05 03:54:00,synthetic_normal,normal
TX10005176,W002257,W002399,0.76116,2026-02-05 04:19:00,synthetic_normal,normal
TX10007747,W002405,W000675,0.537922,2026-02-05 04:32:00,synthetic_normal,normal
TX10001576,W002392,W001997,0.569334,2026-02-05 04:36:00,synthetic_normal,normal
TX10003084,W001229,W001362,0.622491,2026-02-05 05:21:00,synthetic_normal,normal
TX10008498,W000810,W002366,0.512526,2026-02-05 05:58:00,synthetic_normal,normal
TX10006977,W001886,W001771,0.106564,2026-02-05 06:08:00,synthetic_normal,normal
TX10004800,W002264,W000135,0.294668,2026-02-05 06:25:00,synthetic_normal,normal
TX10003438,W002041,W000331,0.692875,2026-02-05 06:30:00,synthetic_normal,normal
TX10003587,W001078,W001165,0.84056,2026-02-05 08:11:00,synthetic_normal,normal
TX10002524,W002139,W000186,0.314403,2026-02-05 08:20:00,synthetic_normal,normal
TX10006811,W001524,W001062,0.361824,2026-02-05 08:40:00,synthetic_normal,normal
TX10005823,W000485,W001118,0.343519,2026-02-05 08:45:00,synthetic_normal,normal
TX10009077,W001547,W000926,0.226008,2026-02-05 08:53:00,synthetic_normal,normal
TX10005301,W000450,W000378,0.864086,2026-02-05 08:57:00,synthetic_normal,normal
TX10005051,W000662,W001199,1.001944,2026-02-05 09:13:00,synthetic_normal,normal
TX10007192,W001949,W000781,0.128426,2026-02-05 09:37:00,synthetic_normal,normal
TX10006407,W002344,W000284,0.974621,2026-02-05 10:15:00,synthetic_normal,normal
TX10001706,W000728,W001681,0.347797,2026-02-05 11:41:00,synthetic_normal,normal
TX10004420,W001953,W001305,0.692282,2026-02-05 11:46:00,synthetic_normal,normal
TX10001079,W001679,W000321,1.231747,2026-02-05 12:02:00,synthetic_normal,normal
TX10009770,W002025,W001147,0.425761,2026-02-05 12:35:00,synthetic_normal,normal
TX10007996,W000133,W001843,1.578389,2026-02-05 13:04:00,synthetic_normal,normal
TX10002882,W001149,W001277,0.442804,2026-02-05 13:16:00,synthetic_normal,normal
TX10001741,W000005,W000207,0.329574,2026-02-05 13:29:00,synthetic_normal,normal
TX10009557,W000901,W001689,0.679239,2026-02-05 15:00:00,synthetic_normal,normal
TX10007401,W001891,W000753,0.286388,2026-02-05 15:09:00,synthetic_normal,normal
TX10003362,W000466,W001866,0.511834,2026-02-05 15:13:00,synthetic_normal,normal
TX10006838,W001910,W002048,0.262688,2026-02-05 18:03:00,synthetic_normal,normal
TX10002037,W000331,W001431,1.058126,2026-02-05 18:08:00,synthetic_normal,normal
TX10005189,W000684,W000318,0.339978,2026-02-05 18:20:00,synthetic_normal,normal
TX10002491,W001502,W002291,0.498143,2026-02-05 19:02:00,synthetic_normal,normal
TX10005755,W001781,W001410,0.28861,2026-02-05 19:19:00,synthetic_normal,normal
TX10006522,W001495,W002489,0.323851,2026-02-05 19:27:00,synthetic_normal,normal
TX10007275,W002282,W002201,0.250478,2026-02-05 19:36:00,synthetic_normal,normal
TX10002028,W000326,W000355,0.400688,2026-02-05 19:48:00,synthetic_normal,normal
TX10006334,W000872,W000505,0.690298,2026-02-05 19:57:00,synthetic_normal,normal
TX10006410,W000762,W001481,0.701261,2026-02-05 20:02:00,synthetic_normal,normal
TX10005283,W001210,W000608,0.977469,2026-02-05 20:05:00,synthetic_normal,normal
TX10001486,W001623,W001309,0.108122,2026-02-05 20:31:00,synthetic_normal,normal
TX10003536,W000456,W000030,0.298958,2026-02-05 20:32:00,synthetic_normal,normal
TX10005060,W001798,W000142,0.457157,2026-02-05 21:34:00,synthetic_normal,normal
TX10009928,W000688,W000725,0.372631,2026-02-05 21:34:00,synthetic_normal,normal
TX10007113,W000212,W002421,1.450729,2026-02-05 22:05:00,synthetic_normal,normal
TX10005664,W002119,W001998,0.356865,2026-02-05 22:24:00,synthetic_normal,normal
TX10009959,W000661,W001205,0.185461,2026-02-05 22:26:00,synthetic_normal,normal
TX10008905,W001251,W000944,0.337865,2026-02-05 22:38:00,synthetic_normal,normal
TX10002048,W000099,W000311,0.465709,2026-02-05 22:46:00,synthetic_normal,normal
TX10005957,W002306,W000431,0.224335,2026-02-05 23:12:00,synthetic_normal,normal
TX10001035,W001858,W002309,1.090251,2026-02-06 00:17:00,synthetic_normal,normal
TX10002883,W000648,W002226,0.268534,2026-02-06 00:44:00,synthetic_normal,normal
TX10002094,W000267,W000768,3.010341,2026-02-06 00:57:00,synthetic_normal,normal
TX10007022,W000916,W000545,0.26717,2026-02-06 01:14:00,synthetic_normal,normal
TX10002754,W000674,W000404,0.559218,2026-02-06 01:21:00,synthetic_normal,normal
TX10004412,W000131,W001175,0.145833,2026-02-06 01:29:00,synthetic_normal,normal
TX10009605,W002016,W000650,0.297386,2026-02-06 01:43:00,synthetic_normal,normal
TX10006853,W000665,W000524,0.992509,2026-02-06 01:51:00,synthetic_normal,normal
TX10009753,W001033,W001919,0.298726,2026-02-06 03:21:00,synthetic_normal,normal
TX10004692,W000273,W000903,0.195019,2026-02-06 03:38:00,synthetic_normal,normal
TX10004992,W000626,W000621,1.171804,2026-02-06 04:45:00,synthetic_normal,normal
TX10004873,W002432,W001501,0.370022,2026-02-06 05:34:00,synthetic_normal,normal
TX10000759,W000007,W002374,10.481869,2026-02-06 05:52:00,synthetic_anomalous,layered_transfer
TX10006513,W000400,W002323,0.465394,2026-02-06 06:16:00,synthetic_normal,normal
TX10006189,W001439,W001077,0.275149,2026-02-06 06:26:00,synthetic_normal,normal
TX10005052,W002452,W002309,0.675195,2026-02-06 06:45:00,synthetic_normal,normal
TX10000891,W002012,W001460,5.442634,2026-02-06 06:48:00,synthetic_anomalous,cross_border_burst
TX10001908,W001273,W001513,0.187951,2026-02-06 06:57:00,synthetic_normal,normal
TX10008358,W001564,W001641,0.978345,2026-02-06 07:03:00,synthetic_normal,normal
TX10000991,W000039,W001544,1.089797,2026-02-06 07:55:00,synthetic_anomalous,layered_transfer
TX10005962,W002498,W001840,0.081528,2026-02-06 08:11:00,synthetic_normal,normal
TX10007766,W002114,W001320,0.608984,2026-02-06 09:56:00,synthetic_normal,normal
TX10000776,W002149,W000831,1.575538,2026-02-06 10:03:00,synthetic_anomalous,rapid_chain
TX10008961,W001194,W002463,0.366928,2026-02-06 10:10:00,synthetic_normal,normal
TX10008203,W002108,W002456,0.308084,2026-02-06 10:45:00,synthetic_normal,normal
TX10000092,W001804,W002110,7.414856,2026-02-06 10:55:00,synthetic_anomalous,high_frequency
TX10005110,W002061,W001399,0.742679,2026-02-06 11:03:00,synthetic_normal,normal
TX10002241,W000580,W000918,0.204798,2026-02-06 11:11:00,synthetic_normal,normal
TX10008550,W001422,W001443,1.094769,2026-02-06 11:49:00,synthetic_normal,normal
TX10007716,W001364,W001124,0.096115,2026-02-06 11:58:00,synthetic_normal,normal
TX10005582,W000124,W002147,0.382295,2026-02-06 12:19:00,synthetic_normal,normal
TX10001514,W002355,W000725,0.755985,2026-02-06 12:32:00,synthetic_normal,normal
TX10005578,W001090,W000287,1.397729,2026-02-06 12:43:00,synthetic_normal,normal
TX10000262,W000002,W000640,3.73112,2026-02-06 12:47:00,synthetic_anomalous,ip_wallet_reuse
TX10005697,W000343,W000798,0.133239,2026-02-06 12:56:00,synthetic_normal,normal
TX10003527,W001723,W002167,0.415828,2026-02-06 13:05:00,synthetic_normal,normal
TX10003868,W002448,W002441,0.338844,2026-02-06 13:43:00,synthetic_normal,normal
TX10004361,W001332,W002153,0.971321,2026-02-06 13:44:00,synthetic_normal,normal
TX10007244,W000409,W001473,1.533142,2026-02-06 13:46:00,synthetic_normal,normal
TX10005405,W002483,W001291,0.720445,2026-02-06 13:59:00,synthetic_normal,normal
TX10000595,W000852,W000763,5.382445,2026-02-06 15:19:00,synthetic_anomalous,cross_border_burst
TX10001238,W001144,W000610,0.178908,2026-02-06 15:44:00,synthetic_normal,normal
TX10001676,W001595,W002068,0.383695,2026-02-06 16:04:00,synthetic_normal,normal
TX10005726,W001879,W000064,0.320634,2026-02-06 16:07:00,synthetic_normal,normal
TX10003784,W000280,W001054,0.412521,2026-02-06 16:16:00,synthetic_normal,normal
TX10006123,W001349,W002328,3.532689,2026-02-06 16:48:00,synthetic_normal,normal
TX10005424,W002049,W000436,0.266272,2026-02-06 17:08:00,synthetic_normal,normal
TX10009670,W000423,W000981,0.502669,2026-02-06 19:07:00,synthetic_normal,normal
TX10002793,W000189,W000735,1.142697,2026-02-06 19:41:00,synthetic_normal,normal
TX10007093,W000877,W000063,1.016146,2026-02-06 20:54:00,synthetic_normal,normal
TX10005844,W000183,W000585,0.292327,2026-02-06 21:34:00,synthetic_normal,normal
TX10006038,W002487,W001482,0.095919,2026-02-06 21:43:00,synthetic_normal,normal
TX10009538,W000701,W000105,0.375068,2026-02-06 21:56:00,synthetic_normal,normal
TX10008081,W002239,W001951,0.293247,2026-02-06 22:07:00,synthetic_normal,normal
TX10006857,W001739,W001158,0.753079,2026-02-06 22:10:00,synthetic_normal,normal
TX10001373,W000656,W002289,0.425136,2026-02-06 22:16:00,synthetic_normal,normal
TX10002364,W000575,W002468,1.198709,2026-02-06 22:21:00,synthetic_normal,normal
TX10005551,W000510,W001363,1.108002,2026-02-06 22:38:00,synthetic_normal,normal
TX10008819,W000052,W000318,0.348823,2026-02-07 00:08:00,synthetic_normal,normal
TX10007749,W000809,W002020,0.337672,2026-02-07 00:55:00,synthetic_normal,normal
TX10002160,W000725,W000170,0.939042,2026-02-07 01:03:00,synthetic_normal,normal
TX10004590,W000619,W000312,0.227263,2026-02-07 01:38:00,synthetic_normal,normal
TX10003401,W001378,W002164,1.325077,2026-02-07 02:16:00,synthetic_normal,normal
TX10002701,W000052,W002263,1.666756,2026-02-07 02:31:00,synthetic_normal,normal
TX10004918,W002484,W001620,0.368245,2026-02-07 03:19:00,synthetic_normal,normal
TX10001287,W001882,W001157,0.153001,2026-02-07 03:44:00,synthetic_normal,normal
TX10008396,W001333,W000433,0.254442,2026-02-07 03:48:00,synthetic_normal,normal
TX10001497,W000887,W001317,0.606209,2026-02-07 03:53:00,synthetic_normal,normal
TX10004663,W002305,W001266,0.223219,2026-02-07 04:11:00,synthetic_normal,normal
TX10009359,W002180,W002252,0.165669,2026-02-07 04:44:00,synthetic_normal,normal
TX10006896,W002121,W002306,0.61999,2026-02-07 06:06:00,synthetic_normal,normal
TX10008545,W000253,W001254,0.537662,2026-02-07 06:25:00,synthetic_normal,normal
TX10001382,W001482,W000177,0.149574,2026-02-07 06:38:00,synthetic_normal,normal
TX10000111,W000044,W000896,3.641283,2026-02-07 07:10:00,synthetic_anomalous,layered_transfer
TX10003715,W001091,W001585,1.059828,2026-02-07 08:10:00,synthetic_normal,normal
TX10006005,W001302,W001798,0.539967,2026-02-07 09:41:00,synthetic_normal,normal
TX10001823,W000573,W000682,0.998519,2026-02-07 10:24:00,synthetic_normal,normal
TX10004754,W001085,W001819,0.181098,2026-02-07 10:27:00,synthetic_normal,normal
TX10004809,W001590,W000828,0.598868,2026-02-07 11:21:00,synthetic_normal,normal
TX10009169,W000479,W000226,0.439045,2026-02-07 11:42:00,synthetic_normal,normal
TX10006489,W002265,W001478,0.461501,2026-02-07 11:55:00,synthetic_normal,normal
TX10009957,W001794,W001734,0.16513,2026-02-07 12:18:00,synthetic_normal,normal
TX10009567,W000205,W002274,0.897134,2026-02-07 12:38:00,synthetic_normal,normal
TX10003284,W001370,W001746,0.299915,2026-02-07 12:39:00,synthetic_normal,normal
TX10001990,W000436,W000883,0.7743,2026-02-07 13:07:00,synthetic_normal,normal
TX10006276,W000938,W000097,0.727343,2026-02-07 13:24:00,synthetic_normal,normal
TX10001381,W001704,W002064,0.360602,2026-02-07 13:48:00,synthetic_normal,normal
TX10005061,W000658,W002436,1.697884,2026-02-07 14:16:00,synthetic_normal,normal
TX10002287,W002058,W002209,0.229893,2026-02-07 15:10:00,synthetic_normal,normal
TX10001973,W001729,W001107,1.980464,2026-02-07 15:27:00,synthetic_normal,normal
TX10000233,W000041,W000940,17.769458,2026-02-07 15:59:00,synthetic_anomalous,fan_out
TX10009887,W002199,W000791,0.50204,2026-02-07 16:20:00,synthetic_normal,normal
TX10004466,W000538,W000224,0.915132,2026-02-07 16:21:00,synthetic_normal,normal
TX10003440,W002337,W001295,0.682144,2026-02-07 16:23:00,synthetic_normal,normal
TX10007216,W000753,W000068,0.533483,2026-02-07 16:35:00,synthetic_normal,normal
TX10003353,W000515,W002035,1.123182,2026-02-07 16:42:00,synthetic_normal,normal
TX10008965,W000823,W001171,0.815025,2026-02-07 17:27:00,synthetic_normal,normal
TX10005521,W000116,W001828,0.401894,2026-02-07 18:10:00,synthetic_normal,normal
TX10000104,W000739,W001508,6.657815,2026-02-07 18:21:00,synthetic_anomalous,rapid_chain
TX10007202,W000700,W000845,0.684862,2026-02-07 18:52:00,synthetic_normal,normal
TX10004984,W000630,W002426,0.495643,2026-02-07 19:01:00,synthetic_normal,normal
TX10007922,W001728,W002330,0.229113,2026-02-07 19:09:00,synthetic_normal,normal
TX10004290,W001555,W000436,0.109064,2026-02-07 19:19:00,synthetic_normal,normal
TX10006435,W000946,W001900,0.484178,2026-02-07 19:48:00,synthetic_normal,normal
TX10002140,W000344,W001531,0.30057,2026-02-07 19:53:00,synthetic_normal,normal
TX10006627,W000042,W001412,0.75593,2026-02-07 20:05:00,synthetic_normal,normal
TX10007217,W001498,W002302,0.727757,2026-02-07 20:47:00,synthetic_normal,normal
TX10005809,W000230,W001266,0.628681,2026-02-07 22:42:00,synthetic_normal,normal
TX10001703,W002277,W000096,1.182048,2026-02-07 23:12:00,synthetic_normal,normal
TX10007784,W002135,W000665,0.573505,2026-02-07 23:35:00,synthetic_normal,normal
TX10002587,W000707,W001027,0.432692,2026-02-08 01:25:00,synthetic_normal,normal
TX10000545,W000022,W001932,5.286901,2026-02-08 01:44:00,synthetic_anomalous,fan_out
TX10008624,W001285,W002190,1.329466,2026-02-08 01:51:00,synthetic_normal,normal
TX10007486,W002440,W000880,0.265648,2026-02-08 01:56:00,synthetic_normal,normal
TX10006688,W001789,W002498,0.386212,2026-02-08 02:27:00,synthetic_normal,normal
TX10002113,W000490,W001217,0.434222,2026-02-08 02:53:00,synthetic_normal,normal
TX10006323,W000825,W001810,1.760366,2026-02-08 03:09:00,synthetic_normal,normal
TX10003409,W002315,W002382,0.783281,2026-02-08 03:27:00,synthetic_normal,normal
TX10000472,W000218,W001076,2.244402,2026-02-08 03:59:00,synthetic_anomalous,rapid_chain
TX10008441,W000637,W002390,0.240132,2026-02-08 04:17:00,synthetic_normal,normal
TX10009972,W001629,W002290,0.222912,2026-02-08 04:37:00,synthetic_normal,normal
TX10008896,W002269,W001975,1.162811,2026-02-08 04:44:00,synthetic_normal,normal
TX10003431,W002189,W001454,0.370107,2026-02-08 05:10:00,synthetic_normal,normal
TX10005993,W002361,W001973,0.265957,2026-02-08 05:56:00,synthetic_normal,normal
TX10003890,W001865,W000147,1.033383,2026-02-08 06:00:00,synthetic_normal,normal
TX10004040,W000920,W002446,0.61052,2026-02-08 06:41:00,synthetic_normal,normal
TX10003223,W001352,W002324,1.512996,2026-02-08 07:34:00,synthetic_normal,normal
TX10007464,W000819,W002249,0.910877,2026-02-08 07:35:00,synthetic_normal,normal
TX10002400,W001232,W001136,0.527637,2026-02-08 08:32:00,synthetic_normal,normal
TX10008413,W002443,W001462,0.50417,2026-02-08 09:54:00,synthetic_normal,normal
TX10003509,W001943,W002244,0.207576,2026-02-08 10:40:00,synthetic_normal,normal
TX10008571,W001335,W001332,0.248523,2026-02-08 11:18:00,synthetic_normal,normal
TX10003836,W001754,W002014,0.467871,2026-02-08 11:21:00,synthetic_normal,normal
TX10004097,W001654,W001841,0.303184,2026-02-08 11:21:00,synthetic_normal,normal
TX10009290,W000211,W001689,0.615086,2026-02-08 11:55:00,synthetic_normal,normal
TX10007107,W000943,W001397,0.127679,2026-02-08 12:26:00,synthetic_normal,normal
TX10005545,W002155,W001754,0.121679,2026-02-08 13:09:00,synthetic_normal,normal
TX10003436,W000950,W002003,0.38579,2026-02-08 13:35:00,synthetic_normal,normal
TX10008577,W000972,W000368,1.77444,2026-02-08 13:47:00,synthetic_normal,normal
TX10004994,W002061,W000524,0.331234,2026-02-08 16:08:00,synthetic_normal,normal
TX10003675,W001666,W001832,0.163842,2026-02-08 17:01:00,synthetic_normal,normal
TX10000370,W000040,W002487,3.428407,2026-02-08 17:04:00,synthetic_anomalous,fan_in
TX10001086,W001910,W000960,1.363245,2026-02-08 17:58:00,synthetic_normal,normal
TX10001680,W002268,W000027,0.461048,2026-02-08 18:30:00,synthetic_normal,normal
TX10008238,W002386,W002090,0.503465,2026-02-08 19:14:00,synthetic_normal,normal
TX10008387,W000339,W000017,0.475757,2026-02-08 19:44:00,synthetic_normal,normal
TX10005931,W000953,W001923,0.776172,2026-02-08 19:56:00,synthetic_normal,normal
TX10007559,W000724,W000802,0.513931,2026-02-08 20:07:00,synthetic_normal,normal
TX10008746,W001413,W002126,0.495534,2026-02-08 21:37:00,synthetic_normal,normal
TX10006488,W000763,W001603,0.372755,2026-02-08 21:43:00,synthetic_normal,normal
TX10000637,W000018,W002446,3.947775,2026-02-08 21:52:00,synthetic_anomalous,high_connectivity
TX10006107,W000401,W001731,1.646715,2026-02-08 23:03:00,synthetic_normal,normal
TX10000714,W000012,W000411,5.759858,2026-02-08 23:15:00,synthetic_anomalous,fan_in
TX10003086,W000287,W002174,0.840199,2026-02-08 23:17:00,synthetic_normal,normal
TX10007246,W001362,W001200,0.807286,2026-02-08 23:35:00,synthetic_normal,normal
TX10008683,W000398,W000515,0.322994,2026-02-08 23:49:00,synthetic_normal,normal
TX10005272,W002312,W000774,0.317141,2026-02-09 00:06:00,synthetic_normal,normal
TX10009158,W000785,W000356,0.496323,2026-02-09 00:09:00,synthetic_normal,normal
TX10003095,W001062,W001169,0.946646,2026-02-09 00:31:00,synthetic_normal,normal
TX10005287,W000172,W001242,0.622623,2026-02-09 01:25:00,synthetic_normal,normal
TX10005124,W002037,W000403,0.500507,2026-02-09 01:55:00,synthetic_normal,normal
TX10008818,W000711,W001213,0.156444,2026-02-09 02:06:00,synthetic_normal,normal
TX10002031,W000980,W000943,0.346515,2026-02-09 02:15:00,synthetic_normal,normal
TX10004872,W001139,W000423,0.116204,2026-02-09 03:11:00,synthetic_normal,normal
TX10004634,W001912,W000317,0.350981,2026-02-09 03:15:00,synthetic_normal,normal
TX10004111,W000499,W002065,0.356231,2026-02-09 03:18:00,synthetic_normal,normal
TX10004147,W000527,W002122,0.458863,2026-02-09 03:42:00,synthetic_normal,normal
TX10000995,W000405,W001969,0.779973,2026-02-09 03:56:00,synthetic_anomalous,cross_border_burst
TX10000823,W000021,W002450,5.500955,2026-02-09 04:35:00,synthetic_anomalous,layered_transfer
TX10003213,W001616,W001788,0.352906,2026-02-09 05:29:00,synthetic_normal,normal
TX10006493,W001950,W002321,0.712193,2026-02-09 05:40:00,synthetic_normal,normal
TX10006910,W002258,W001898,0.504137,2026-02-09 05:58:00,synthetic_normal,normal
TX10009984,W001074,W000580,0.571439,2026-02-09 07:16:00,synthetic_normal,normal
TX10005854,W002234,W002186,0.843396,2026-02-09 07:44:00,synthetic_normal,normal
TX10004015,W000939,W000677,2.011708,2026-02-09 07:55:00,synthetic_normal,normal
TX10005174,W002252,W001022,1.691422,2026-02-09 08:17:00,synthetic_normal,normal
TX10004280,W002125,W001342,1.44855,2026-02-09 08:31:00,synthetic_normal,normal
TX10000900,W000961,W000452,20.987556,2026-02-09 08:55:00,synthetic_anomalous,high_frequency
TX10006204,W001351,W000625,0.644601,2026-02-09 09:05:00,synthetic_normal,normal
TX10002261,W001822,W000370,0.198855,2026-02-09 09:07:00,synthetic_normal,normal
TX10007296,W000661,W001469,0.808238,2026-02-09 09:35:00,synthetic_normal,normal
TX10005732,W000498,W002064,2.498492,2026-02-09 10:01:00,synthetic_normal,normal
TX10005050,W000320,W000490,0.673095,2026-02-09 10:22:00,synthetic_normal,normal
TX10008811,W002435,W002143,0.561154,2026-02-09 11:11:00,synthetic_normal,normal
TX10007242,W002345,W000186,1.186316,2026-02-09 11:21:00,synthetic_normal,normal
TX10003827,W001537,W001318,0.320373,2026-02-09 12:21:00,synthetic_normal,normal
TX10008934,W002125,W001517,0.355948,2026-02-09 12:28:00,synthetic_normal,normal
TX10003115,W002341,W002390,0.220706,2026-02-09 12:38:00,synthetic_normal,normal
TX10001340,W001381,W001453,0.345909,2026-02-09 13:12:00,synthetic_normal,normal
TX10005329,W000052,W000526,0.700294,2026-02-09 13:14:00,synthetic_normal,normal
TX10008930,W001085,W001670,0.422444,2026-02-09 13:17:00,synthetic_normal,normal
TX10006391,W001666,W001163,1.007503,2026-02-09 14:09:00,synthetic_normal,normal
TX10001459,W002124,W001286,2.341416,2026-02-09 14:29:00,synthetic_normal,normal
TX10008040,W000187,W000154,0.290541,2026-02-09 14:37:00,synthetic_normal,normal
TX10000506,W000007,W002285,2.573386,2026-02-09 15:59:00,synthetic_anomalous,fan_in
TX10009137,W001704,W001023,0.537605,2026-02-09 16:47:00,synthetic_normal,normal
TX10006196,W000647,W001076,0.230485,2026-02-09 17:40:00,synthetic_normal,normal
TX10009254,W002294,W001496,0.111645,2026-02-09 18:02:00,synthetic_normal,normal
TX10001531,W000808,W000662,1.150607,2026-02-09 18:12:00,synthetic_normal,normal
TX10004048,W001150,W002087,0.219045,2026-02-09 18:18:00,synthetic_normal,normal
TX10003984,W000139,W002011,0.303441,2026-02-09 18:23:00,synthetic_normal,normal
TX10000531,W001369,W000842,2.483999,2026-02-09 18:40:00,synthetic_anomalous,cross_border_burst
TX10009569,W001786,W001598,0.440109,2026-02-09 20:56:00,synthetic_normal,normal
TX10005590,W000294,W000837,0.640668,2026-02-09 21:14:00,synthetic_normal,normal
TX10003268,W001260,W001767,0.19243,2026-02-09 21:19:00,synthetic_normal,normal
TX10004902,W000449,W002050,0.767494,2026-02-09 22:29:00,synthetic_normal,normal
TX10004103,W001659,W000882,1.39709,2026-02-09 23:10:00,synthetic_normal,normal
TX10000510,W000017,W000916,4.425073,2026-02-09 23:49:00,synthetic_anomalous,ip_wallet_reuse
TX10005542,W000003,W002116,0.366367,2026-02-10 00:01:00,synthetic_normal,normal
TX10007386,W001904,W001838,1.087437,2026-02-10 00:09:00,synthetic_normal,normal
TX10005034,W001975,W002349,0.112015,2026-02-10 00:12:00,synthetic_normal,normal
TX10005719,W001480,W001489,0.541306,2026-02-10 00:15:00,synthetic_normal,normal
TX10007867,W000539,W000225,0.616344,2026-02-10 00:48:00,synthetic_normal,normal
TX10008410,W001482,W000661,0.148407,2026-02-10 00:59:00,synthetic_normal,normal
TX10005016,W001878,W001097,0.414105,2026-02-10 01:36:00,synthetic_normal,normal
TX10009958,W002052,W001479,0.546943,2026-02-10 01:37:00,synthetic_normal,normal
TX10008724,W001797,W002319,0.583154,2026-02-10 01:38:00,synthetic_normal,normal
TX10006008,W002209,W001901,0.427499,2026-02-10 01:38:00,synthetic_normal,normal
TX10009630,W001216,W000133,0.38794,2026-02-10 02:56:00,synthetic_normal,normal
TX10006800,W001826,W001765,0.332243,2026-02-10 03:24:00,synthetic_normal,normal
TX10009028,W000792,W000243,0.612844,2026-02-10 04:32:00,synthetic_normal,normal
TX10003817,W000239,W000893,0.217143,2026-02-10 04:45:00,synthetic_normal,normal
TX10003553,W000791,W001510,1.442118,2026-02-10 04:56:00,synthetic_normal,normal
TX10005713,W000896,W000335,0.354371,2026-02-10 05:03:00,synthetic_normal,normal
TX10009320,W000933,W001771,0.958137,2026-02-10 05:14:00,synthetic_normal,normal
TX10009953,W000381,W000942,0.349839,2026-02-10 05:14:00,synthetic_normal,normal
TX10004333,W002491,W002311,0.363836,2026-02-10 06:12:00,synthetic_normal,normal
TX10004520,W000427,W000921,0.259277,2026-02-10 06:46:00,synthetic_normal,normal
TX10004006,W000334,W000916,0.258137,2026-02-10 08:11:00,synthetic_normal,normal
TX10005756,W001924,W001038,0.493435,2026-02-10 08:20:00,synthetic_normal,normal
TX10003996,W000534,W000893,0.525464,2026-02-10 09:03:00,synthetic_normal,normal
TX10001468,W001279,W000958,0.533218,2026-02-10 10:16:00,synthetic_normal,normal
TX10007656,W000539,W001607,0.217311,2026-02-10 10:33:00,synthetic_normal,normal
TX10000295,W000044,W000716,0.892526,2026-02-10 11:13:00,synthetic_anomalous,layered_transfer
TX10006590,W000904,W002357,0.155683,2026-02-10 11:26:00,synthetic_normal,normal
TX10001184,W002120,W000790,1.081015,2026-02-10 12:21:00,synthetic_normal,normal
TX10004364,W001490,W000972,1.019144,2026-02-10 13:09:00,synthetic_normal,normal
TX10003594,W000169,W001377,0.494214,2026-02-10 14:34:00,synthetic_normal,normal
TX10009447,W001103,W000513,0.565497,2026-02-10 14:35:00,synthetic_normal,normal
TX10006457,W002284,W000590,0.092136,2026-02-10 14:45:00,synthetic_normal,normal
TX10005386,W000410,W001628,2.616027,2026-02-10 15:01:00,synthetic_normal,normal
TX10002586,W000273,W000319,0.356213,2026-02-10 15:10:00,synthetic_normal,normal
TX10002812,W001413,W001779,0.30109,2026-02-10 15:16:00,synthetic_normal,normal
TX10004084,W001530,W002270,0.492271,2026-02-10 16:10:00,synthetic_normal,normal
TX10003544,W001621,W000556,0.519955,2026-02-10 16:41:00,synthetic_normal,normal
TX10002054,W001551,W001758,0.42877,2026-02-10 16:46:00,synthetic_normal,normal
TX10008771,W000372,W000273,0.525227,2026-02-10 17:43:00,synthetic_normal,normal
TX10000456,W002276,W001108,9.440392,2026-02-10 18:00:00,synthetic_anomalous,rapid_chain
TX10007270,W000512,W001163,0.357785,2026-02-10 18:30:00,synthetic_normal,normal
TX10001509,W001307,W001224,0.629348,2026-02-10 18:34:00,synthetic_normal,normal
TX10003334,W002091,W000918,0.892621,2026-02-10 20:02:00,synthetic_normal,normal
TX10002948,W000008,W001812,0.056927,2026-02-10 20:59:00,synthetic_normal,normal
TX10006740,W001591,W001781,0.482797,2026-02-10 21:00:00,synthetic_normal,normal
TX10007807,W001347,W001043,1.057224,2026-02-10 22:24:00,synthetic_normal,normal
TX10004911,W001253,W001036,0.29371,2026-02-10 22:47:00,synthetic_normal,normal
TX10004106,W001575,W000257,0.297718,2026-02-11 00:12:00,synthetic_normal,normal
TX10006443,W001201,W001889,0.129186,2026-02-11 00:48:00,synthetic_normal,normal
TX10009250,W002153,W001985,0.282925,2026-02-11 00:50:00,synthetic_normal,normal
TX10004017,W002103,W001479,0.246091,2026-02-11 01:56:00,synthetic_normal,normal
TX10002062,W001284,W001417,1.389492,2026-02-11 02:01:00,synthetic_normal,normal
TX10006070,W000280,W000508,0.561201,2026-02-11 02:04:00,synthetic_normal,normal
TX10009393,W000383,W001379,1.634591,2026-02-11 02:09:00,synthetic_normal,normal
TX10004262,W001793,W002464,0.536295,2026-02-11 02:37:00,synthetic_normal,normal
TX10006373,W002138,W000100,0.225337,2026-02-11 02:51:00,synthetic_normal,normal
TX10004432,W000838,W000090,0.393943,2026-02-11 02:52:00,synthetic_normal,normal
TX10000433,W000013,W001953,0.833478,2026-02-11 03:28:00,synthetic_anomalous,fan_out
TX10009768,W002043,W001470,0.513888,2026-02-11 04:00:00,synthetic_normal,normal
TX10006327,W002316,W000837,0.520904,2026-02-11 04:12:00,synthetic_normal,normal
TX10002618,W000036,W002277,0.56913,2026-02-11 04:34:00,synthetic_normal,normal
TX10000058,W000047,W000173,3.551613,2026-02-11 04:44:00,synthetic_anomalous,fan_in
TX10001968,W002071,W001331,0.489994,2026-02-11 05:45:00,synthetic_normal,normal
TX10005787,W002036,W002165,0.305812,2026-02-11 06:21:00,synthetic_normal,normal
TX10000446,W000012,W002482,6.405442,2026-02-11 06:41:00,synthetic_anomalous,ip_wallet_reuse
TX10002986,W002213,W000173,0.502001,2026-02-11 07:11:00,synthetic_normal,normal
TX10002191,W000597,W000048,0.504077,2026-02-11 07:24:00,synthetic_normal,normal
TX10000132,W000153,W001699,9.964059,2026-02-11 08:16:00,synthetic_anomalous,high_frequency
TX10003312,W001210,W000729,0.402429,2026-02-11 08:42:00,synthetic_normal,normal
TX10005204,W001880,W001199,0.602674,2026-02-11 08:52:00,synthetic_normal,normal
TX10006518,W001954,W000292,0.741618,2026-02-11 08:59:00,synthetic_normal,normal
TX10007162,W002260,W001684,0.439231,2026-02-11 09:06:00,synthetic_normal,normal
TX10006342,W002372,W001929,0.063918,2026-02-11 09:10:00,synthetic_normal,normal
TX10005076,W001490,W001606,0.264817,2026-02-11 09:24:00,synthetic_normal,normal
TX10007210,W002044,W001163,0.457479,2026-02-11 09:34:00,synthetic_normal,normal
TX10001228,W001691,W001897,0.973738,2026-02-11 10:14:00,synthetic_normal,normal
TX10003831,W001526,W001299,0.398015,2026-02-11 10:29:00,synthetic_normal,normal
TX10009633,W000388,W002110,0.113676,2026-02-11 11:22:00,synthetic_normal,normal
TX10007360,W002469,W001305,0.150438,2026-02-11 12:21:00,synthetic_normal,normal
TX10004981,W000657,W000945,0.161958,2026-02-11 13:36:00,synthetic_normal,normal
TX10003068,W000554,W000126,0.294568,2026-02-11 14:28:00,synthetic_normal,normal
TX10002467,W000976,W000186,0.131375,2026-02-11 14:46:00,synthetic_normal,normal
TX10009592,W002064,W002173,0.126785,2026-02-11 14:56:00,synthetic_normal,normal
TX10002426,W002301,W002101,0.738631,2026-02-11 15:42:00,synthetic_normal,normal
TX10003737,W000527,W001515,0.555295,2026-02-11 16:22:00,synthetic_normal,normal
TX10008775,W000001,W000358,0.645821,2026-02-11 16:54:00,synthetic_normal,normal
TX10003601,W000595,W000733,1.012049,2026-02-11 16:57:00,synthetic_normal,normal
TX10005663,W002298,W000432,0.411239,2026-02-11 17:31:00,synthetic_normal,normal
TX10002334,W000435,W002332,0.329101,2026-02-11 17:41:00,synthetic_normal,normal
TX10003542,W002307,W001370,0.271542,2026-02-11 18:18:00,synthetic_normal,normal
TX10007174,W000635,W001354,0.662036,2026-02-11 18:57:00,synthetic_normal,normal
TX10001548,W000352,W000820,0.823738,2026-02-11 19:33:00,synthetic_normal,normal
TX10003547,W002000,W001582,0.160198,2026-02-11 20:02:00,synthetic_normal,normal
TX10007596,W000918,W001975,0.099607,2026-02-11 20:10:00,synthetic_normal,normal
TX10008357,W000783,W000497,0.970869,2026-02-11 20:24:00,synthetic_normal,normal
TX10002286,W002185,W001859,0.534207,2026-02-11 20:35:00,synthetic_normal,normal
TX10000354,W000048,W000029,3.248314,2026-02-11 20:36:00,synthetic_anomalous,fan_in
TX10007305,W002009,W000409,0.455372,2026-02-11 20:49:00,synthetic_normal,normal
TX10007307,W002208,W001669,0.25658,2026-02-11 21:30:00,synthetic_normal,normal
TX10007637,W001129,W002321,0.344884,2026-02-11 22:20:00,synthetic_normal,normal
TX10005104,W000698,W002337,0.613015,2026-02-11 23:07:00,synthetic_normal,normal
TX10009063,W000352,W000957,0.189354,2026-02-11 23:25:00,synthetic_normal,normal
TX10000365,W000029,W000272,5.260593,2026-02-11 23:52:00,synthetic_anomalous,high_connectivity
TX10005282,W002287,W001316,0.266692,2026-02-12 01:22:00,synthetic_normal,normal
TX10001394,W000240,W001626,1.002458,2026-02-12 01:54:00,synthetic_normal,normal
TX10003388,W001105,W000493,0.507745,2026-02-12 02:01:00,synthetic_normal,normal
TX10008784,W001635,W000614,0.261807,2026-02-12 02:24:00,synthetic_normal,normal
TX10006622,W000145,W002481,0.54512,2026-02-12 02:59:00,synthetic_normal,normal
TX10003256,W001825,W000327,0.5887,2026-02-12 03:20:00,synthetic_normal,normal
TX10004210,W002453,W001066,0.143098,2026-02-12 03:25:00,synthetic_normal,normal
TX10005359,W002326,W001236,0.303288,2026-02-12 03:39:00,synthetic_normal,normal
TX10000282,W000008,W002191,5.201591,2026-02-12 03:42:00,synthetic_anomalous,fan_in
TX10009723,W001322,W000064,0.100258,2026-02-12 04:10:00,synthetic_normal,normal
TX10001110,W001743,W001693,0.395776,2026-02-12 04:47:00,synthetic_normal,normal
TX10002711,W000909,W000778,0.65471,2026-02-12 04:56:00,synthetic_normal,normal
TX10008367,W001330,W001954,0.623345,2026-02-12 05:14:00,synthetic_normal,normal
TX10005988,W001781,W000869,0.648001,2026-02-12 05:33:00,synthetic_normal,normal
TX10002634,W001774,W000704,0.384532,2026-02-12 06:04:00,synthetic_normal,normal
TX10001837,W001917,W001612,0.338756,2026-02-12 06:15:00,synthetic_normal,normal
TX10005949,W000309,W001614,0.550733,2026-02-12 06:17:00,synthetic_normal,normal
TX10003356,W000592,W002372,0.572985,2026-02-12 07:17:00,synthetic_normal,normal
TX10005851,W000442,W001581,0.345538,2026-02-12 07:52:00,synthetic_normal,normal
TX10008076,W001277,W000138,0.513107,2026-02-12 07:53:00,synthetic_normal,normal
TX10002193,W000102,W001621,0.387112,2026-02-12 07:54:00,synthetic_normal,normal
TX10006056,W000043,W000114,0.549156,2026-02-12 08:29:00,synthetic_normal,normal
TX10009666,W001744,W001660,0.472596,2026-02-12 09:08:00,synthetic_normal,normal
TX10008488,W000400,W001216,0.300913,2026-02-12 09:15:00,synthetic_normal,normal
TX10003992,W002433,W001996,1.023618,2026-02-12 09:39:00,synthetic_normal,normal
TX10000429,W000045,W002017,5.447213,2026-02-12 10:42:00,synthetic_anomalous,high_connectivity
TX10006366,W001924,W000806,0.242451,2026-02-12 10:51:00,synthetic_normal,normal
TX10004837,W000358,W002140,0.177129,2026-02-12 10:53:00,synthetic_normal,normal
TX10002474,W000110,W001616,0.488271,2026-02-12 11:15:00,synthetic_normal,normal
TX10003294,W002026,W001553,1.025538,2026-02-12 11:59:00,synthetic_normal,normal
TX10006016,W002234,W002165,0.736924,2026-02-12 12:35:00,synthetic_normal,normal
TX10000452,W002179,W001152,2.736895,2026-02-12 13:38:00,synthetic_anomalous,high_frequency
TX10006941,W001239,W001752,1.603356,2026-02-12 13:53:00,synthetic_normal,normal
TX10008079,W001401,W001402,1.330534,2026-02-12 14:23:00,synthetic_normal,normal
TX10002604,W000129,W000523,2.26198,2026-02-12 14:44:00,synthetic_normal,normal
TX10009261,W001395,W000647,0.274744,2026-02-12 14:51:00,synthetic_normal,normal
TX10002151,W000191,W000457,0.895871,2026-02-12 15:24:00,synthetic_normal,normal
TX10005905,W001094,W000190,0.499883,2026-02-12 16:12:00,synthetic_normal,normal
TX10000275,W001779,W001023,3.942803,2026-02-12 16:21:00,synthetic_anomalous,cross_border_burst
TX10001929,W002384,W001625,0.871402,2026-02-12 18:40:00,synthetic_normal,normal
TX10005208,W001518,W002415,0.586889,2026-02-12 19:11:00,synthetic_normal,normal
TX10009671,W002357,W002415,0.608221,2026-02-12 20:30:00,synthetic_normal,normal
TX10002246,W000715,W000582,0.404158,2026-02-12 21:22:00,synthetic_normal,normal
TX10006272,W002215,W001404,0.182163,2026-02-12 21:29:00,synthetic_normal,normal
TX10009366,W002091,W002177,0.757711,2026-02-12 21:39:00,synthetic_normal,normal
TX10007207,W000783,W002466,0.668592,2026-02-12 22:54:00,synthetic_normal,normal
TX10005031,W001242,W002118,0.219268,2026-02-12 22:56:00,synthetic_normal,normal
TX10003096,W000901,W001409,0.321212,2026-02-12 23:06:00,synthetic_normal,normal
TX10003070,W001495,W000094,0.387636,2026-02-13 00:26:00,synthetic_normal,normal
TX10003497,W001641,W000620,0.155254,2026-02-13 00:57:00,synthetic_normal,normal
TX10001670,W000983,W001628,0.374737,2026-02-13 01:54:00,synthetic_normal,normal
TX10002856,W000803,W001690,0.315319,2026-02-13 02:25:00,synthetic_normal,normal
TX10002022,W000997,W001173,0.206151,2026-02-13 02:33:00,synthetic_normal,normal
TX10006474,W000275,W001413,0.362801,2026-02-13 03:19:00,synthetic_normal,normal
TX10009145,W000671,W002459,0.627389,2026-02-13 03:27:00,synthetic_normal,normal
TX10005695,W000247,W002110,0.940842,2026-02-13 03:50:00,synthetic_normal,normal
TX10006071,W001343,W001294,0.266269,2026-02-13 04:11:00,synthetic_normal,normal
TX10002677,W001910,W000607,0.86996,2026-02-13 05:11:00,synthetic_normal,normal
TX10009061,W001060,W000452,0.219766,2026-02-13 05:36:00,synthetic_normal,normal
TX10002242,W002219,W000887,0.123996,2026-02-13 06:44:00,synthetic_normal,normal
TX10008100,W000425,W000586,0.493655,2026-02-13 07:26:00,synthetic_normal,normal
TX10000857,W000049,W001856,5.154241,2026-02-13 07:36:00,synthetic_anomalous,fan_out
TX10009243,W002479,W000809,0.08612,2026-02-13 07:51:00,synthetic_normal,normal
TX10003473,W002117,W000425,1.502831,2026-02-13 07:54:00,synthetic_normal,normal
TX10008782,W001484,W002376,2.096686,2026-02-13 08:11:00,synthetic_normal,normal
TX10000631,W000001,W002320,4.289657,2026-02-13 08:19:00,synthetic_anomalous,layered_transfer
TX10006406,W002050,W000254,0.487502,2026-02-13 08:22:00,synthetic_normal,normal
TX10008496,W002384,W001389,0.48258,2026-02-13 08:41:00,synthetic_normal,normal
TX10001247,W000035,W002276,0.489169,2026-02-13 08:52:00,synthetic_normal,normal
TX10005222,W002477,W002304,0.800568,2026-02-13 09:48:00,synthetic_normal,normal
TX10008002,W001705,W001768,0.094744,2026-02-13 10:26:00,synthetic_normal,normal
TX10002850,W000616,W000513,1.251961,2026-02-13 10:35:00,synthetic_normal,normal
TX10005828,W000306,W000198,1.099887,2026-02-13 11:21:00,synthetic_normal,normal
TX10006158,W001661,W001524,0.583921,2026-02-13 11:55:00,synthetic_normal,normal
TX10007459,W000526,W001696,0.168014,2026-02-13 11:58:00,synthetic_normal,normal
TX10000981,W000032,W000895,4.308911,2026-02-13 12:48:00,synthetic_anomalous,high_connectivity
TX10008895,W001649,W001758,0.160464,2026-02-13 13:01:00,synthetic_normal,normal
TX10000400,W001447,W000130,2.371668,2026-02-13 13:02:00,synthetic_anomalous,rapid_chain
TX10005806,W000099,W002136,0.284024,2026-02-13 13:31:00,synthetic_normal,normal
TX10007006,W001763,W002024,1.12893,2026-02-13 13:46:00,synthetic_normal,normal
TX10007384,W002057,W001884,0.968525,2026-02-13 14:16:00,synthetic_normal,normal
TX10003412,W001021,W001035,0.291198,2026-02-13 14:33:00,synthetic_normal,normal
TX10002805,W001875,W002126,0.964718,2026-02-13 14:46:00,synthetic_normal,normal
TX10003484,W000162,W000945,0.398417,2026-02-13 14:58:00,synthetic_normal,normal
TX10002088,W002263,W000966,0.579962,2026-02-13 15:21:00,synthetic_normal,normal
TX10007832,W000021,W001988,1.114574,2026-02-13 15:30:00,synthetic_normal,normal
TX10009752,W001277,W002262,0.225931,2026-02-13 15:43:00,synthetic_normal,normal
TX10002978,W000749,W002390,0.592996,2026-02-13 16:18:00,synthetic_normal,normal
TX10003768,W001933,W001398,0.47394,2026-02-13 16:30:00,synthetic_normal,normal
TX10006885,W002263,W001778,0.37731,2026-02-13 16:50:00,synthetic_normal,normal
TX10007631,W002452,W001050,0.231304,2026-02-13 17:28:00,synthetic_normal,normal
TX10004191,W001020,W002198,0.37213,2026-02-13 17:31:00,synthetic_normal,normal
TX10004384,W000317,W000409,0.704066,2026-02-13 18:02:00,synthetic_normal,normal
TX10005675,W000710,W002062,0.290439,2026-02-13 18:36:00,synthetic_normal,normal
TX10001528,W001892,W001971,0.307235,2026-02-13 18:40:00,synthetic_normal,normal
TX10001457,W000145,W000265,0.400607,2026-02-13 18:55:00,synthetic_normal,normal
TX10009225,W002412,W000569,0.841529,2026-02-13 19:19:00,synthetic_normal,normal
TX10003908,W001158,W001282,0.86317,2026-02-13 21:18:00,synthetic_normal,normal
TX10000549,W000047,W000254,9.05569,2026-02-13 21:40:00,synthetic_anomalous,high_connectivity
TX10007540,W001956,W001126,0.891622,2026-02-13 21:42:00,synthetic_normal,normal
TX10007974,W001637,W001511,0.342256,2026-02-13 22:36:00,synthetic_normal,normal
TX10009691,W001480,W000698,0.722592,2026-02-13 23:35:00,synthetic_normal,normal
TX10004182,W000258,W001676,0.336337,2026-02-13 23:52:00,synthetic_normal,normal
TX10004783,W001834,W000366,0.168963,2026-02-14 00:33:00,synthetic_normal,normal
TX10003944,W001292,W000868,0.59055,2026-02-14 00:33:00,synthetic_normal,normal
TX10004836,W000544,W002095,0.2477,2026-02-14 00:37:00,synthetic_normal,normal
TX10000260,W000258,W001030,1.248933,2026-02-14 00:47:00,synthetic_anomalous,high_frequency
TX10000228,W000359,W001989,5.458199,2026-02-14 01:10:00,synthetic_anomalous,high_frequency
TX10008083,W001668,W001997,0.792789,2026-02-14 01:13:00,synthetic_normal,normal
TX10001147,W000582,W000514,0.149736,2026-02-14 02:35:00,synthetic_normal,normal
TX10003479,W000340,W000382,0.996475,2026-02-14 03:13:00,synthetic_normal,normal
TX10003393,W001407,W000977,1.015332,2026-02-14 03:16:00,synthetic_normal,normal
TX10005898,W001659,W000308,0.308487,2026-02-14 04:08:00,synthetic_normal,normal
TX10003913,W000495,W001643,0.229367,2026-02-14 04:10:00,synthetic_normal,normal
TX10006722,W000513,W002067,0.370695,2026-02-14 04:27:00,synthetic_normal,normal
TX10004355,W000514,W000149,0.154738,2026-02-14 04:32:00,synthetic_normal,normal
TX10007349,W002165,W001472,0.209239,2026-02-14 05:02:00,synthetic_normal,normal
TX10002278,W000983,W002362,0.850845,2026-02-14 05:39:00,synthetic_normal,normal
TX10003969,W002105,W002070,0.548985,2026-02-14 06:31:00,synthetic_normal,normal
TX10000825,W000016,W000272,1.628439,2026-02-14 08:02:00,synthetic_anomalous,fan_out
TX10006735,W002150,W002279,0.451634,2026-02-14 08:08:00,synthetic_normal,normal
TX10003879,W000932,W001634,0.307281,2026-02-14 08:08:00,synthetic_normal,normal
TX10006157,W000785,W002105,0.843321,2026-02-14 08:15:00,synthetic_normal,normal
TX10008960,W000001,W000541,0.176254,2026-02-14 08:16:00,synthetic_normal,normal
TX10009342,W001392,W001493,0.439654,2026-02-14 08:38:00,synthetic_normal,normal
TX10003624,W001036,W001157,0.477235,2026-02-14 09:26:00,synthetic_normal,normal
TX10005315,W001198,W000828,0.567504,2026-02-14 10:12:00,synthetic_normal,normal
TX10003180,W001340,W000897,0.585003,2026-02-14 10:25:00,synthetic_normal,normal
TX10003578,W001112,W000361,4.445215,2026-02-14 10:41:00,synthetic_normal,normal
TX10008840,W000935,W001487,1.415589,2026-02-14 11:21:00,synthetic_normal,normal
TX10001595,W001622,W001043,1.045877,2026-02-14 11:30:00,synthetic_normal,normal
TX10000674,W000002,W000895,2.489055,2026-02-14 11:31:00,synthetic_anomalous,fan_in
TX10007371,W001535,W001024,0.203719,2026-02-14 11:42:00,synthetic_normal,normal
TX10003778,W002479,W000561,0.395529,2026-02-14 12:36:00,synthetic_normal,normal
TX10009301,W000070,W002387,0.489668,2026-02-14 12:53:00,synthetic_normal,normal
TX10002983,W001564,W002428,0.166384,2026-02-14 14:05:00,synthetic_normal,normal
TX10001031,W000721,W001769,1.683991,2026-02-14 14:10:00,synthetic_normal,normal
TX10007940,W001852,W001722,0.325246,2026-02-14 14:13:00,synthetic_normal,normal
TX10006852,W000128,W002081,0.738636,2026-02-14 14:37:00,synthetic_normal,normal
TX10007714,W001238,W001711,1.478702,2026-02-14 14:43:00,synthetic_normal,normal
TX10006628,W001480,W002037,1.969431,2026-02-14 14:50:00,synthetic_normal,normal
TX10001195,W002101,W000499,0.291333,2026-02-14 15:25:00,synthetic_normal,normal
TX10003472,W000242,W000136,0.538273,2026-02-14 16:17:00,synthetic_normal,normal
TX10004983,W001176,W002450,0.236219,2026-02-14 16:29:00,synthetic_normal,normal
TX10006495,W000367,W000494,0.175142,2026-02-14 17:02:00,synthetic_normal,normal
TX10006324,W000836,W000574,0.680769,2026-02-14 17:22:00,synthetic_normal,normal
TX10008116,W002006,W000387,0.607718,2026-02-14 18:00:00,synthetic_normal,normal
TX10007836,W002391,W001189,0.330317,2026-02-14 18:16:00,synthetic_normal,normal
TX10006803,W001390,W001796,0.421364,2026-02-14 18:19:00,synthetic_normal,normal
TX10008817,W000925,W000801,0.371048,2026-02-14 18:44:00,synthetic_normal,normal
TX10000386,W000018,W001770,0.357608,2026-02-14 18:49:00,synthetic_anomalous,fan_in
TX10005321,W001746,W002324,0.27029,2026-02-14 18:51:00,synthetic_normal,normal
TX10003734,W002366,W001972,0.191652,2026-02-14 18:52:00,synthetic_normal,normal
TX10004882,W001136,W002147,0.098616,2026-02-14 20:18:00,synthetic_normal,normal
TX10000644,W000383,W001807,2.417506,2026-02-14 20:34:00,synthetic_anomalous,high_frequency
TX10009888,W001802,W001926,0.495698,2026-02-14 21:24:00,synthetic_normal,normal
TX10001337,W000732,W001161,0.372796,2026-02-14 21:54:00,synthetic_normal,normal
TX10006110,W001122,W001649,0.584838,2026-02-14 22:02:00,synthetic_normal,normal
TX10008046,W002296,W000426,0.374102,2026-02-14 22:08:00,synthetic_normal,normal
TX10008477,W002053,W000516,0.97845,2026-02-14 22:23:00,synthetic_normal,normal
TX10009150,W000423,W000034,0.218142,2026-02-14 22:47:00,synthetic_normal,normal
TX10005633,W002034,W000142,0.252319,2026-02-14 23:33:00,synthetic_normal,normal
TX10000946,W000002,W002054,2.309475,2026-02-15 00:01:00,synthetic_anomalous,fan_in
TX10008226,W002092,W000842,0.308302,2026-02-15 01:28:00,synthetic_normal,normal
TX10007119,W001757,W001513,0.187083,2026-02-15 01:54:00,synthetic_normal,normal
TX10001014,W001766,W001998,0.456272,2026-02-15 02:20:00,synthetic_normal,normal
TX10008650,W001263,W001756,0.186792,2026-02-15 02:28:00,synthetic_normal,normal
TX10007410,W000049,W002035,0.620866,2026-02-15 02:43:00,synthetic_normal,normal
TX10000569,W000038,W000853,5.769071,2026-02-15 03:10:00,synthetic_anomalous,fan_out
TX10009210,W002489,W002306,0.73399,2026-02-15 03:48:00,synthetic_normal,normal
TX10009707,W000527,W000706,1.194529,2026-02-15 04:11:00,synthetic_normal,normal
TX10001386,W001792,W001668,0.98529,2026-02-15 04:35:00,synthetic_normal,normal
TX10009033,W002415,W000697,0.40713,2026-02-15 04:47:00,synthetic_normal,normal
TX10002692,W000125,W000261,1.325556,2026-02-15 04:52:00,synthetic_normal,normal
TX10009147,W001205,W002282,0.806202,2026-02-15 05:14:00,synthetic_normal,normal
TX10008846,W001375,W000349,0.502723,2026-02-15 05:46:00,synthetic_normal,normal
TX10005903,W000637,W001169,0.246711,2026-02-15 08:07:00,synthetic_normal,normal
TX10009536,W001852,W001441,0.711335,2026-02-15 08:29:00,synthetic_normal,normal
TX10008859,W002429,W001444,0.305931,2026-02-15 08:31:00,synthetic_normal,normal
TX10003901,W001888,W000006,1.857547,2026-02-15 08:33:00,synthetic_normal,normal
TX10003688,W000427,W000154,0.33557,2026-02-15 09:08:00,synthetic_normal,normal
TX10000760,W001961,W000073,11.097131,2026-02-15 09:36:00,synthetic_anomalous,rapid_chain
TX10009144,W001122,W000005,0.24698,2026-02-15 09:48:00,synthetic_normal,normal
TX10005631,W001163,W000660,0.407079,2026-02-15 10:39:00,synthetic_normal,normal
TX10007643,W000878,W000765,0.760035,2026-02-15 11:37:00,synthetic_normal,normal
TX10008194,W001286,W001770,0.631386,2026-02-15 11:38:00,synthetic_normal,normal
TX10000108,W001130,W001500,0.675989,2026-02-15 12:00:00,synthetic_anomalous,high_frequency
TX10005515,W002098,W000845,1.330363,2026-02-15 12:02:00,synthetic_normal,normal
TX10001773,W000577,W002334,0.452561,2026-02-15 12:22:00,synthetic_normal,normal
TX10000163,W000064,W000637,4.508951,2026-02-15 12:57:00,synthetic_anomalous,cross_border_burst
TX10001918,W001099,W000094,0.181078,2026-02-15 12:58:00,synthetic_normal,normal
TX10008535,W002297,W001177,0.310588,2026-02-15 13:02:00,synthetic_normal,normal
TX10008643,W000929,W001230,0.956468,2026-02-15 13:45:00,synthetic_normal,normal
TX10000992,W001737,W002085,22.321803,2026-02-15 15:44:00,synthetic_anomalous,rapid_chain
TX10001239,W001347,W000984,1.050025,2026-02-15 16:09:00,synthetic_normal,normal
TX10008702,W000233,W001330,0.346762,2026-02-15 16:54:00,synthetic_normal,normal
TX10009271,W000320,W000669,0.342987,2026-02-15 17:35:00,synthetic_normal,normal
TX10004961,W000677,W000971,0.462833,2026-02-15 18:13:00,synthetic_normal,normal
TX10002947,W000524,W001504,0.246573,2026-02-15 18:23:00,synthetic_normal,normal
TX10005219,W001699,W001302,0.229796,2026-02-15 18:26:00,synthetic_normal,normal
TX10004277,W002402,W002435,0.367108,2026-02-15 19:39:00,synthetic_normal,normal
TX10005770,W002069,W000211,0.1797,2026-02-15 20:04:00,synthetic_normal,normal
TX10008761,W002347,W000272,0.457951,2026-02-15 20:30:00,synthetic_normal,normal
TX10004558,W001519,W000905,0.0878,2026-02-15 21:36:00,synthetic_normal,normal
TX10003058,W001676,W001114,0.576938,2026-02-15 21:45:00,synthetic_normal,normal
TX10009198,W001330,W001853,0.622945,2026-02-15 22:05:00,synthetic_normal,normal
TX10004121,W002118,W002075,0.311737,2026-02-15 22:21:00,synthetic_normal,normal
TX10006889,W000498,W000863,3.236301,2026-02-15 22:45:00,synthetic_normal,normal
TX10002653,W000401,W002112,1.036964,2026-02-15 23:00:00,synthetic_normal,normal
TX10001437,W000783,W000955,0.273485,2026-02-15 23:13:00,synthetic_normal,normal
TX10008936,W002240,W002101,0.877805,2026-02-15 23:35:00,synthetic_normal,normal
TX10009705,W000771,W002430,0.422518,2026-02-15 23:36:00,synthetic_normal,normal
TX10008113,W000503,W000620,0.39057,2026-02-16 00:00:00,synthetic_normal,normal
TX10002699,W001567,W000980,0.505689,2026-02-16 00:20:00,synthetic_normal,normal
TX10004721,W002100,W000686,1.14704,2026-02-16 01:19:00,synthetic_normal,normal
TX10008343,W002351,W002419,1.789225,2026-02-16 01:41:00,synthetic_normal,normal
TX10000843,W000337,W001769,11.131529,2026-02-16 01:48:00,synthetic_anomalous,cross_border_burst
TX10008739,W001283,W000597,0.692065,2026-02-16 01:54:00,synthetic_normal,normal
TX10000381,W000017,W000215,7.985458,2026-02-16 02:09:00,synthetic_anomalous,high_connectivity
TX10008953,W000417,W002350,0.378034,2026-02-16 02:11:00,synthetic_normal,normal
TX10007741,W000117,W000571,0.379311,2026-02-16 02:19:00,synthetic_normal,normal
TX10009771,W002260,W001965,0.089373,2026-02-16 02:39:00,synthetic_normal,normal
TX10004647,W002364,W002416,0.349199,2026-02-16 02:43:00,synthetic_normal,normal
TX10009816,W002108,W000626,0.150657,2026-02-16 03:09:00,synthetic_normal,normal
TX10003905,W001586,W002085,0.475425,2026-02-16 03:30:00,synthetic_normal,normal
TX10001903,W002085,W001613,0.266409,2026-02-16 04:47:00,synthetic_normal,normal
TX10007771,W002096,W001882,0.982186,2026-02-16 04:59:00,synthetic_normal,normal
TX10006160,W000099,W000912,1.582932,2026-02-16 06:07:00,synthetic_normal,normal
TX10008273,W001395,W000752,0.104207,2026-02-16 06:13:00,synthetic_normal,normal
TX10004223,W002321,W000914,1.047676,2026-02-16 06:17:00,synthetic_normal,normal
TX10005996,W000240,W001862,0.054322,2026-02-16 07:17:00,synthetic_normal,normal
TX10008802,W000872,W000980,0.761613,2026-02-16 07:44:00,synthetic_normal,normal
TX10008971,W000145,W000715,0.643827,2026-02-16 08:28:00,synthetic_normal,normal
TX10009340,W000496,W001133,0.692688,2026-02-16 09:08:00,synthetic_normal,normal
TX10004438,W000514,W002382,1.185896,2026-02-16 09:15:00,synthetic_normal,normal
TX10000271,W000017,W001664,2.642145,2026-02-16 09:18:00,synthetic_anomalous,layered_transfer
TX10000572,W001917,W001817,13.492904,2026-02-16 09:19:00,synthetic_anomalous,high_frequency
TX10004169,W001741,W001330,0.213397,2026-02-16 09:37:00,synthetic_normal,normal
TX10005406,W002292,W000528,0.930512,2026-02-16 09:57:00,synthetic_normal,normal
TX10005192,W001932,W000999,0.232032,2026-02-16 10:32:00,synthetic_normal,normal
TX10005548,W002212,W000379,0.280454,2026-02-16 12:00:00,synthetic_normal,normal
TX10009742,W000086,W002315,0.34063,2026-02-16 12:01:00,synthetic_normal,normal
TX10008842,W000476,W000163,1.328577,2026-02-16 12:31:00,synthetic_normal,normal
TX10009469,W001815,W001008,0.465401,2026-02-16 12:32:00,synthetic_normal,normal
TX10009045,W000465,W001125,0.20541,2026-02-16 12:35:00,synthetic_normal,normal
TX10009003,W001388,W001933,0.268627,2026-02-16 13:02:00,synthetic_normal,normal
TX10009588,W000651,W001127,0.157947,2026-02-16 13:25:00,synthetic_normal,normal
TX10008915,W001433,W000915,0.231593,2026-02-16 13:40:00,synthetic_normal,normal
TX10000731,W001418,W001496,2.457118,2026-02-16 13:41:00,synthetic_anomalous,cross_border_burst
TX10003061,W002175,W002169,0.458992,2026-02-16 14:03:00,synthetic_normal,normal
TX10009464,W001358,W001337,0.886582,2026-02-16 14:08:00,synthetic_normal,normal
TX10006919,W001235,W000484,1.199102,2026-02-16 14:35:00,synthetic_normal,normal
TX10007187,W001203,W000201,0.18416,2026-02-16 14:43:00,synthetic_normal,normal
TX10009583,W002002,W001901,0.624872,2026-02-16 15:21:00,synthetic_normal,normal
TX10000812,W002222,W000453,0.81628,2026-02-16 15:30:00,synthetic_anomalous,high_frequency
TX10006873,W000093,W001501,0.170608,2026-02-16 15:35:00,synthetic_normal,normal
TX10009215,W001714,W001195,0.481755,2026-02-16 16:11:00,synthetic_normal,normal
TX10009954,W001532,W001166,0.401177,2026-02-16 17:13:00,synthetic_normal,normal
TX10009407,W000119,W001288,0.731205,2026-02-16 17:20:00,synthetic_normal,normal
TX10008800,W000578,W001999,0.692156,2026-02-16 17:35:00,synthetic_normal,normal
TX10001652,W001158,W000349,1.319578,2026-02-16 17:40:00,synthetic_normal,normal
TX10000217,W000015,W000908,6.641763,2026-02-16 18:07:00,synthetic_anomalous,fan_out
TX10001279,W001682,W001395,0.586138,2026-02-16 18:12:00,synthetic_normal,normal
TX10008922,W001433,W000771,0.580453,2026-02-16 18:25:00,synthetic_normal,normal
TX10004442,W001999,W001666,0.292634,2026-02-16 18:34:00,synthetic_normal,normal
TX10002020,W000400,W002253,0.236162,2026-02-16 18:56:00,synthetic_normal,normal
TX10007987,W002179,W000312,0.427303,2026-02-16 19:11:00,synthetic_normal,normal
TX10007764,W001150,W000372,0.986458,2026-02-16 19:11:00,synthetic_normal,normal
TX10006312,W000160,W001952,0.469751,2026-02-16 19:22:00,synthetic_normal,normal
TX10000288,W001658,W001447,2.112549,2026-02-16 19:34:00,synthetic_anomalous,rapid_chain
TX10004101,W000907,W002475,0.479412,2026-02-16 19:37:00,synthetic_normal,normal
TX10009618,W000858,W000203,0.235361,2026-02-16 20:02:00,synthetic_normal,normal
TX10005520,W001260,W000971,1.025235,2026-02-16 20:26:00,synthetic_normal,normal
TX10000651,W000945,W000006,4.644513,2026-02-16 20:40:00,synthetic_anomalous,cross_border_burst
TX10006986,W000076,W002088,0.299189,2026-02-16 20:43:00,synthetic_normal,normal
TX10000006,W000018,W000572,2.425244,2026-02-16 21:04:00,synthetic_anomalous,ip_wallet_reuse
TX10001780,W000808,W001844,0.920417,2026-02-16 21:40:00,synthetic_normal,normal
TX10005641,W001377,W000563,0.2608,2026-02-16 21:43:00,synthetic_normal,normal
TX10007441,W000198,W000410,0.168434,2026-02-16 21:53:00,synthetic_normal,normal
TX10009697,W001334,W001036,0.347435,2026-02-16 22:41:00,synthetic_normal,normal
TX10009394,W002075,W001375,0.346076,2026-02-16 23:24:00,synthetic_normal,normal
TX10006024,W001844,W000677,0.117082,2026-02-16 23:54:00,synthetic_normal,normal
TX10008018,W000371,W002148,0.272184,2026-02-16 23:58:00,synthetic_normal,normal
TX10008457,W000429,W001741,0.250298,2026-02-17 00:08:00,synthetic_normal,normal
TX10004306,W000528,W000211,0.623399,2026-02-17 00:10:00,synthetic_normal,normal
TX10001913,W001421,W001058,0.23596,2026-02-17 00:12:00,synthetic_normal,normal
TX10004548,W002042,W000366,1.876807,2026-02-17 00:20:00,synthetic_normal,normal
TX10009909,W000150,W002423,0.574031,2026-02-17 00:46:00,synthetic_normal,normal
TX10007700,W002431,W001349,0.702664,2026-02-17 01:35:00,synthetic_normal,normal
TX10003964,W002298,W002083,0.249889,2026-02-17 01:43:00,synthetic_normal,normal
TX10000490,W000010,W002114,4.715649,2026-02-17 01:46:00,synthetic_anomalous,fan_in
TX10005400,W000158,W002252,0.730977,2026-02-17 01:47:00,synthetic_normal,normal
TX10009681,W001630,W000976,0.587373,2026-02-17 02:00:00,synthetic_normal,normal
TX10003405,W000085,W002034,0.487328,2026-02-17 02:16:00,synthetic_normal,normal
TX10006367,W001133,W001384,0.411516,2026-02-17 02:20:00,synthetic_normal,normal
TX10004325,W001834,W000146,0.320821,2026-02-17 02:28:00,synthetic_normal,normal
TX10006736,W001716,W000047,0.383017,2026-02-17 03:19:00,synthetic_normal,normal
TX10001513,W000985,W001761,0.658057,2026-02-17 03:35:00,synthetic_normal,normal
TX10001550,W002441,W001531,1.343763,2026-02-17 03:50:00,synthetic_normal,normal
TX10001775,W000920,W001558,0.404335,2026-02-17 05:00:00,synthetic_normal,normal
TX10000958,W000027,W001588,9.30845,2026-02-17 05:05:00,synthetic_anomalous,ip_wallet_reuse
TX10004565,W000297,W000753,0.985709,2026-02-17 05:12:00,synthetic_normal,normal
TX10008705,W001232,W001312,0.233458,2026-02-17 05:57:00,synthetic_normal,normal
TX10000621,W000031,W000513,3.701029,2026-02-17 06:04:00,synthetic_anomalous,high_connectivity
TX10000303,W000034,W001401,0.496286,2026-02-17 06:49:00,synthetic_anomalous,layered_transfer
TX10006165,W000694,W000715,0.312602,2026-02-17 07:07:00,synthetic_normal,normal
TX10002801,W000536,W001117,0.591536,2026-02-17 07:28:00,synthetic_normal,normal
TX10000941,W000046,W000820,2.810848,2026-02-17 08:02:00,synthetic_anomalous,high_connectivity
TX10009522,W000058,W001009,0.72852,2026-02-17 08:18:00,synthetic_normal,normal
TX10004207,W000225,W000292,0.415734,2026-02-17 09:22:00,synthetic_normal,normal
TX10008636,W001875,W000295,0.482701,2026-02-17 09:29:00,synthetic_normal,normal
TX10002889,W000621,W000676,2.341617,2026-02-17 10:02:00,synthetic_normal,normal
TX10007619,W000487,W000261,0.76921,2026-02-17 10:49:00,synthetic_normal,normal
TX10002851,W000453,W002462,1.65402,2026-02-17 11:27:00,synthetic_normal,normal
TX10001278,W000904,W000677,0.88771,2026-02-17 11:36:00,synthetic_normal,normal
TX10002112,W000467,W001837,0.851291,2026-02-17 12:52:00,synthetic_normal,normal
TX10006668,W000772,W000081,0.372558,2026-02-17 12:58:00,synthetic_normal,normal
TX10000589,W000038,W000465,4.854271,2026-02-17 12:59:00,synthetic_anomalous,high_connectivity
TX10001819,W000306,W000167,0.772159,2026-02-17 13:07:00,synthetic_normal,normal
TX10008474,W001296,W000853,0.532261,2026-02-17 13:13:00,synthetic_normal,normal
TX10009483,W001755,W001166,0.848247,2026-02-17 13:13:00,synthetic_normal,normal
TX10004967,W000758,W000463,0.387879,2026-02-17 14:23:00,synthetic_normal,normal
TX10006490,W001556,W002343,0.350253,2026-02-17 14:47:00,synthetic_normal,normal
TX10000428,W002192,W002320,1.86688,2026-02-17 15:10:00,synthetic_anomalous,high_frequency
TX10008209,W000801,W002278,0.585419,2026-02-17 17:21:00,synthetic_normal,normal
TX10004982,W002443,W000346,1.468138,2026-02-17 17:44:00,synthetic_normal,normal
TX10004349,W000232,W001584,0.329368,2026-02-17 18:06:00,synthetic_normal,normal
TX10001117,W000290,W000465,0.489874,2026-02-17 18:06:00,synthetic_normal,normal
TX10006948,W000387,W001974,0.130663,2026-02-17 18:21:00,synthetic_normal,normal
TX10009648,W001467,W000742,0.266666,2026-02-17 18:23:00,synthetic_normal,normal
TX10006362,W001755,W002010,0.281122,2026-02-17 18:55:00,synthetic_normal,normal
TX10002707,W000670,W000750,0.307765,2026-02-17 19:00:00,synthetic_normal,normal
TX10006003,W000169,W000394,0.186901,2026-02-17 20:10:00,synthetic_normal,normal
TX10005547,W000335,W002414,0.550964,2026-02-17 20:54:00,synthetic_normal,normal
TX10001789,W000355,W000914,3.069452,2026-02-17 21:01:00,synthetic_normal,normal
TX10007151,W002477,W002107,0.583507,2026-02-17 21:06:00,synthetic_normal,normal
TX10006770,W001238,W002389,2.051808,2026-02-17 21:25:00,synthetic_normal,normal
TX10009799,W000818,W000164,1.151771,2026-02-17 21:58:00,synthetic_normal,normal
TX10003871,W001241,W000003,0.469884,2026-02-17 22:00:00,synthetic_normal,normal
TX10000609,W000005,W002494,5.342929,2026-02-17 22:41:00,synthetic_anomalous,fan_out
TX10000694,W000034,W000638,6.018397,2026-02-17 23:12:00,synthetic_anomalous,ip_wallet_reuse
TX10009090,W001759,W000036,0.776766,2026-02-17 23:21:00,synthetic_normal,normal
TX10001525,W000163,W000555,0.392141,2026-02-17 23:33:00,synthetic_normal,normal
TX10000453,W000050,W001729,1.387313,2026-02-17 23:49:00,synthetic_anomalous,high_connectivity
TX10003732,W001324,W000812,0.366493,2026-02-18 00:18:00,synthetic_normal,normal
TX10008259,W001527,W000044,0.308571,2026-02-18 00:34:00,synthetic_normal,normal
TX10004378,W002075,W002117,0.570832,2026-02-18 01:05:00,synthetic_normal,normal
TX10003463,W000837,W000633,0.227533,2026-02-18 01:23:00,synthetic_normal,normal
TX10002811,W000016,W000222,0.158681,2026-02-18 02:27:00,synthetic_normal,normal
TX10002089,W000236,W000714,0.887414,2026-02-18 02:36:00,synthetic_normal,normal
TX10006458,W001492,W000652,0.4226,2026-02-18 04:54:00,synthetic_normal,normal
TX10009029,W002121,W001439,0.210063,2026-02-18 04:54:00,synthetic_normal,normal
TX10009406,W001427,W001642,0.837895,2026-02-18 05:13:00,synthetic_normal,normal
TX10000274,W000022,W000441,1.308601,2026-02-18 05:30:00,synthetic_anomalous,fan_in
TX10003340,W000579,W001175,0.295333,2026-02-18 05:31:00,synthetic_normal,normal
TX10003210,W000794,W001335,0.287502,2026-02-18 05:46:00,synthetic_normal,normal
TX10003900,W000274,W001243,0.383942,2026-02-18 05:51:00,synthetic_normal,normal
TX10009262,W001177,W001669,0.082228,2026-02-18 05:52:00,synthetic_normal,normal
TX10001697,W002231,W000069,0.418475,2026-02-18 06:03:00,synthetic_normal,normal
TX10003669,W000589,W000941,0.508146,2026-02-18 07:06:00,synthetic_normal,normal
TX10002373,W001585,W000599,0.304878,2026-02-18 07:45:00,synthetic_normal,normal
TX10007707,W002123,W001482,0.29901,2026-02-18 08:12:00,synthetic_normal,normal
TX10009911,W000463,W000609,0.767196,2026-02-18 08:13:00,synthetic_normal,normal
TX10002712,W001301,W001272,0.486663,2026-02-18 09:50:00,synthetic_normal,normal
TX10005457,W000348,W000769,0.457343,2026-02-18 10:05:00,synthetic_normal,normal
TX10000046,W000012,W002217,1.876833,2026-02-18 10:16:00,synthetic_anomalous,ip_wallet_reuse
TX10007883,W001533,W000981,0.246497,2026-02-18 10:16:00,synthetic_normal,normal
TX10002154,W001644,W001762,0.48474,2026-02-18 10:35:00,synthetic_normal,normal
TX10004951,W000998,W000119,0.246723,2026-02-18 12:01:00,synthetic_normal,normal
TX10002638,W000177,W000116,0.618481,2026-02-18 12:01:00,synthetic_normal,normal
TX10003400,W000587,W002309,0.681658,2026-02-18 13:06:00,synthetic_normal,normal
TX10007311,W001885,W001463,0.193577,2026-02-18 13:09:00,synthetic_normal,normal
TX10008829,W001136,W001079,0.838553,2026-02-18 14:14:00,synthetic_normal,normal
TX10007447,W002492,W002389,0.330918,2026-02-18 14:21:00,synthetic_normal,normal
TX10003355,W001037,W000815,2.077433,2026-02-18 14:35:00,synthetic_normal,normal
TX10007925,W000097,W001314,0.214326,2026-02-18 14:59:00,synthetic_normal,normal
TX10003972,W001566,W002071,0.427536,2026-02-18 14:59:00,synthetic_normal,normal
TX10003323,W001271,W001311,1.155218,2026-02-18 15:01:00,synthetic_normal,normal
TX10003026,W000132,W002385,0.62804,2026-02-18 15:04:00,synthetic_normal,normal
TX10005928,W000007,W002053,0.996646,2026-02-18 15:46:00,synthetic_normal,normal
TX10008988,W001028,W002439,0.378095,2026-02-18 16:11:00,synthetic_normal,normal
TX10001151,W001827,W001914,0.27899,2026-02-18 16:15:00,synthetic_normal,normal
TX10004603,W000444,W000080,0.165237,2026-02-18 16:59:00,synthetic_normal,normal
TX10001258,W000912,W000274,0.372401,2026-02-18 18:04:00,synthetic_normal,normal
TX10007913,W001650,W001246,0.481164,2026-02-18 18:08:00,synthetic_normal,normal
TX10002687,W000234,W000380,1.127848,2026-02-18 19:44:00,synthetic_normal,normal
TX10004477,W001866,W002018,0.942868,2026-02-18 19:46:00,synthetic_normal,normal
TX10005902,W000896,W000913,0.358869,2026-02-18 19:48:00,synthetic_normal,normal
TX10009581,W002111,W001816,0.45063,2026-02-18 19:57:00,synthetic_normal,normal
TX10004287,W000889,W000415,0.28016,2026-02-18 20:03:00,synthetic_normal,normal
TX10007460,W001959,W001017,0.186936,2026-02-18 20:17:00,synthetic_normal,normal
TX10006534,W001155,W001277,0.319604,2026-02-18 20:22:00,synthetic_normal,normal
TX10005589,W000188,W000368,0.415017,2026-02-18 20:28:00,synthetic_normal,normal
TX10008465,W001348,W001958,0.844051,2026-02-18 21:21:00,synthetic_normal,normal
TX10002440,W000136,W002441,0.280771,2026-02-18 21:23:00,synthetic_normal,normal
TX10002514,W001178,W002480,1.022519,2026-02-18 22:11:00,synthetic_normal,normal
TX10007492,W000083,W002374,0.340082,2026-02-18 22:14:00,synthetic_normal,normal
TX10002053,W002375,W000018,0.310366,2026-02-18 22:48:00,synthetic_normal,normal
TX10003036,W002067,W000830,0.411563,2026-02-18 23:41:00,synthetic_normal,normal
TX10003185,W001990,W000456,0.270721,2026-02-18 23:51:00,synthetic_normal,normal
TX10001917,W000888,W001982,0.164355,2026-02-19 00:25:00,synthetic_normal,normal
TX10009892,W001972,W000812,0.325005,2026-02-19 00:47:00,synthetic_normal,normal
TX10002848,W001452,W000644,0.507086,2026-02-19 01:02:00,synthetic_normal,normal
TX10001603,W000943,W000662,0.422417,2026-02-19 01:14:00,synthetic_normal,normal
TX10004152,W001536,W002209,0.46969,2026-02-19 01:14:00,synthetic_normal,normal
TX10009878,W001269,W001231,0.924742,2026-02-19 02:07:00,synthetic_normal,normal
TX10004051,W000157,W000794,0.836279,2026-02-19 02:08:00,synthetic_normal,normal
TX10008916,W001267,W000379,0.312282,2026-02-19 02:25:00,synthetic_normal,normal
TX10007961,W000003,W000010,0.759306,2026-02-19 02:27:00,synthetic_normal,normal
TX10007895,W001603,W002307,0.852697,2026-02-19 02:46:00,synthetic_normal,normal
TX10003781,W002283,W000487,0.205813,2026-02-19 03:33:00,synthetic_normal,normal
TX10009831,W000194,W000610,0.943785,2026-02-19 04:32:00,synthetic_normal,normal
TX10007368,W000721,W001547,0.46355,2026-02-19 04:54:00,synthetic_normal,normal
TX10003022,W001372,W001095,0.715869,2026-02-19 04:57:00,synthetic_normal,normal
TX10006812,W001612,W002449,0.158536,2026-02-19 05:35:00,synthetic_normal,normal
TX10007079,W002253,W001370,0.172378,2026-02-19 05:50:00,synthetic_normal,normal
TX10006499,W001114,W000838,0.435206,2026-02-19 06:04:00,synthetic_normal,normal
TX10000593,W000037,W000025,3.419415,2026-02-19 06:25:00,synthetic_anomalous,fan_out
TX10001805,W000715,W001030,0.625134,2026-02-19 06:38:00,synthetic_normal,normal
TX10005623,W001016,W001851,0.112186,2026-02-19 07:23:00,synthetic_normal,normal
TX10000015,W000018,W000716,10.744826,2026-02-19 07:28:00,synthetic_anomalous,layered_transfer
TX10004449,W000107,W002433,0.913169,2026-02-19 07:41:00,synthetic_normal,normal
TX10000377,W000050,W002298,2.219722,2026-02-19 07:49:00,synthetic_anomalous,fan_out
TX10000886,W000026,W000529,0.811947,2026-02-19 07:52:00,synthetic_anomalous,ip_wallet_reuse
TX10008717,W000121,W000666,1.097579,2026-02-19 08:01:00,synthetic_normal,normal
TX10003468,W001592,W001910,0.224901,2026-02-19 08:05:00,synthetic_normal,normal
TX10002969,W001270,W002316,0.370565,2026-02-19 08:34:00,synthetic_normal,normal
TX10001806,W001175,W001545,0.364911,2026-02-19 09:31:00,synthetic_normal,normal
TX10000511,W000001,W001403,8.999029,2026-02-19 09:36:00,synthetic_anomalous,layered_transfer
TX10000005,W000034,W001964,1.40731,2026-02-19 09:39:00,synthetic_anomalous,high_connectivity
TX10001233,W002158,W001308,0.372803,2026-02-19 10:10:00,synthetic_normal,normal
TX10000929,W000044,W002022,10.937254,2026-02-19 11:11:00,synthetic_anomalous,fan_out
TX10004422,W001212,W001167,0.273629,2026-02-19 11:44:00,synthetic_normal,normal
TX10001988,W001705,W001726,0.16995,2026-02-19 12:30:00,synthetic_normal,normal
TX10006962,W000206,W002229,0.848001,2026-02-19 12:49:00,synthetic_normal,normal
TX10002745,W001863,W000326,0.802492,2026-02-19 12:52:00,synthetic_normal,normal
TX10002411,W001799,W001193,0.574015,2026-02-19 13:01:00,synthetic_normal,normal
TX10005416,W000679,W001194,0.354003,2026-02-19 13:03:00,synthetic_normal,normal
TX10000038,W000008,W001940,8.952204,2026-02-19 14:03:00,synthetic_anomalous,ip_wallet_reuse
TX10008862,W000794,W000685,0.312009,2026-02-19 14:41:00,synthetic_normal,normal
TX10001222,W001726,W000241,0.680599,2026-02-19 14:47:00,synthetic_normal,normal
TX10003375,W002225,W002255,0.390399,2026-02-19 14:52:00,synthetic_normal,normal
TX10006637,W000256,W001780,0.303011,2026-02-19 15:32:00,synthetic_normal,normal
TX10004561,W001850,W002152,0.504314,2026-02-19 16:00:00,synthetic_normal,normal
TX10009437,W000218,W001998,0.867412,2026-02-19 16:37:00,synthetic_normal,normal
TX10006663,W001641,W002340,0.482291,2026-02-19 16:52:00,synthetic_normal,normal
TX10004885,W001165,W002279,1.055868,2026-02-19 17:02:00,synthetic_normal,normal
TX10009283,W002098,W002342,1.459628,2026-02-19 17:18:00,synthetic_normal,normal
TX10005310,W001562,W000887,0.127985,2026-02-19 17:47:00,synthetic_normal,normal
TX10007023,W000088,W000377,0.690425,2026-02-19 18:59:00,synthetic_normal,normal
TX10001945,W002251,W000445,0.376924,2026-02-19 19:33:00,synthetic_normal,normal
TX10005692,W001251,W001077,0.135915,2026-02-19 19:38:00,synthetic_normal,normal
TX10006926,W000297,W002423,0.243471,2026-02-19 19:41:00,synthetic_normal,normal
TX10000223,W000036,W001039,1.91391,2026-02-19 21:34:00,synthetic_anomalous,layered_transfer
TX10006578,W000275,W001674,1.358212,2026-02-19 22:01:00,synthetic_normal,normal
TX10009356,W000559,W000162,0.759937,2026-02-19 22:18:00,synthetic_normal,normal
TX10008485,W002475,W000001,0.251242,2026-02-19 23:18:00,synthetic_normal,normal
TX10000174,W000036,W001520,4.977161,2026-02-19 23:40:00,synthetic_anomalous,ip_wallet_reuse
TX10005241,W000659,W000218,0.520967,2026-02-20 00:00:00,synthetic_normal,normal
TX10007970,W001033,W000252,0.415382,2026-02-20 00:22:00,synthetic_normal,normal
TX10003857,W001238,W000079,0.809263,2026-02-20 00:23:00,synthetic_normal,normal
TX10009905,W000271,W001473,0.338369,2026-02-20 01:05:00,synthetic_normal,normal
TX10009675,W001815,W000885,0.594175,2026-02-20 01:07:00,synthetic_normal,normal
TX10003543,W001824,W000517,1.199551,2026-02-20 01:25:00,synthetic_normal,normal
TX10003457,W000861,W000389,0.25256,2026-02-20 01:29:00,synthetic_normal,normal
TX10006535,W001227,W000868,0.239414,2026-02-20 02:21:00,synthetic_normal,normal
TX10003348,W002065,W002303,0.452642,2026-02-20 02:21:00,synthetic_normal,normal
TX10008990,W000210,W002174,0.474889,2026-02-20 02:28:00,synthetic_normal,normal
TX10007810,W002364,W002202,0.936968,2026-02-20 02:38:00,synthetic_normal,normal
TX10007075,W001633,W000532,0.383179,2026-02-20 03:09:00,synthetic_normal,normal
TX10002306,W001886,W002229,0.33901,2026-02-20 03:39:00,synthetic_normal,normal
TX10005168,W001099,W002084,0.445449,2026-02-20 03:45:00,synthetic_normal,normal
TX10000938,W000008,W000073,3.195223,2026-02-20 03:54:00,synthetic_anomalous,fan_in
TX10008340,W002121,W000528,0.423793,2026-02-20 04:08:00,synthetic_normal,normal
TX10002753,W002143,W000132,0.497096,2026-02-20 04:43:00,synthetic_normal,normal
TX10006826,W000931,W000554,0.400263,2026-02-20 05:17:00,synthetic_normal,normal
TX10003112,W000649,W001070,0.18804,2026-02-20 07:08:00,synthetic_normal,normal
TX10009239,W002458,W000232,0.409905,2026-02-20 08:04:00,synthetic_normal,normal
TX10004658,W000100,W000685,1.51713,2026-02-20 08:14:00,synthetic_normal,normal
TX10005765,W000239,W001894,0.893523,2026-02-20 08:28:00,synthetic_normal,normal
TX10007232,W000246,W000636,0.189701,2026-02-20 08:41:00,synthetic_normal,normal
TX10004164,W002322,W002283,0.367787,2026-02-20 09:39:00,synthetic_normal,normal
TX10006379,W000788,W002494,0.344811,2026-02-20 09:58:00,synthetic_normal,normal
TX10007208,W000706,W002269,0.198922,2026-02-20 11:16:00,synthetic_normal,normal
TX10002759,W001269,W002404,0.173293,2026-02-20 11:28:00,synthetic_normal,normal
TX10001824,W000431,W002260,3.633679,2026-02-20 11:44:00,synthetic_normal,normal
TX10008355,W002483,W001214,0.346349,2026-02-20 11:56:00,synthetic_normal,normal
TX10007598,W001657,W000303,0.121285,2026-02-20 12:22:00,synthetic_normal,normal
TX10003296,W001825,W000225,0.452483,2026-02-20 12:27:00,synthetic_normal,normal
TX10003202,W000738,W002358,0.268959,2026-02-20 12:32:00,synthetic_normal,normal
TX10003501,W001998,W000369,1.184041,2026-02-20 12:39:00,synthetic_normal,normal
TX10006831,W002233,W001639,0.27797,2026-02-20 12:51:00,synthetic_normal,normal
TX10009056,W001637,W000424,0.292014,2026-02-20 12:51:00,synthetic_normal,normal
TX10002340,W001734,W000983,1.211291,2026-02-20 13:02:00,synthetic_normal,normal
TX10000775,W000023,W002009,0.641467,2026-02-20 13:03:00,synthetic_anomalous,layered_transfer
TX10007424,W001163,W002114,1.251628,2026-02-20 13:16:00,synthetic_normal,normal
TX10009623,W000948,W000720,0.990423,2026-02-20 13:28:00,synthetic_normal,normal
TX10005776,W001045,W000313,1.044072,2026-02-20 14:10:00,synthetic_normal,normal
TX10001887,W001060,W000427,0.2782,2026-02-20 14:51:00,synthetic_normal,normal
TX10009490,W000727,W002127,0.683284,2026-02-20 15:43:00,synthetic_normal,normal
TX10006645,W002139,W001276,0.581651,2026-02-20 16:10:00,synthetic_normal,normal
TX10009587,W002162,W002439,0.296573,2026-02-20 16:19:00,synthetic_normal,normal
TX10001320,W001081,W001797,0.406275,2026-02-20 16:24:00,synthetic_normal,normal
TX10000449,W000032,W000281,10.006779,2026-02-20 16:29:00,synthetic_anomalous,fan_out
TX10002942,W002075,W000470,0.38498,2026-02-20 16:39:00,synthetic_normal,normal
TX10007580,W001810,W002190,0.310402,2026-02-20 16:42:00,synthetic_normal,normal
TX10004949,W000921,W000264,1.387147,2026-02-20 17:04:00,synthetic_normal,normal
TX10004920,W000214,W000112,0.369099,2026-02-20 17:20:00,synthetic_normal,normal
TX10007157,W000723,W000386,0.30983,2026-02-20 17:46:00,synthetic_normal,normal
TX10008283,W000496,W000573,1.026201,2026-02-20 18:16:00,synthetic_normal,normal
TX10008552,W001580,W001608,0.208566,2026-02-20 18:30:00,synthetic_normal,normal
TX10004801,W000896,W001599,0.216553,2026-02-20 18:48:00,synthetic_normal,normal
TX10000676,W002149,W001849,1.525972,2026-02-20 18:57:00,synthetic_anomalous,high_frequency
TX10008091,W001832,W001188,0.292128,2026-02-20 19:08:00,synthetic_normal,normal
TX10006729,W000518,W000147,0.197477,2026-02-20 20:17:00,synthetic_normal,normal
TX10005038,W001937,W000280,0.339926,2026-02-20 20:20:00,synthetic_normal,normal
TX10000948,W001015,W002204,4.525728,2026-02-20 20:20:00,synthetic_anomalous,high_frequency
TX10007921,W001426,W001771,0.703911,2026-02-20 20:40:00,synthetic_normal,normal
TX10007992,W001060,W000035,0.213537,2026-02-20 21:30:00,synthetic_normal,normal
TX10009763,W001070,W001637,0.594727,2026-02-20 21:39:00,synthetic_normal,normal
TX10007496,W001484,W002203,0.318335,2026-02-20 22:32:00,synthetic_normal,normal
TX10005941,W001948,W000734,0.92375,2026-02-20 22:33:00,synthetic_normal,normal
TX10001727,W000463,W001032,0.474011,2026-02-20 22:47:00,synthetic_normal,normal
TX10006626,W002384,W000105,0.490912,2026-02-20 22:56:00,synthetic_normal,normal
TX10000298,W000041,W000046,1.889891,2026-02-20 23:41:00,synthetic_anomalous,fan_in
TX10000592,W001526,W000066,7.563357,2026-02-20 23:56:00,synthetic_anomalous,rapid_chain
TX10003016,W000010,W001252,1.411604,2026-02-21 00:31:00,synthetic_normal,normal
TX10000914,W000042,W000424,1.504479,2026-02-21 00:41:00,synthetic_anomalous,fan_in
TX10009511,W001329,W000416,0.628453,2026-02-21 00:51:00,synthetic_normal,normal
TX10006705,W000931,W000288,0.921677,2026-02-21 00:51:00,synthetic_normal,normal
TX10000829,W000015,W000412,1.047133,2026-02-21 01:09:00,synthetic_anomalous,high_connectivity
TX10004829,W001465,W001943,0.295045,2026-02-21 01:21:00,synthetic_normal,normal
TX10001256,W001396,W000872,0.284289,2026-02-21 01:45:00,synthetic_normal,normal
TX10001398,W001152,W001987,0.625631,2026-02-21 02:22:00,synthetic_normal,normal
TX10004401,W000972,W001401,0.424407,2026-02-21 02:36:00,synthetic_normal,normal
TX10009382,W000708,W002124,0.549319,2026-02-21 02:48:00,synthetic_normal,normal
TX10004645,W001456,W001617,0.327667,2026-02-21 03:01:00,synthetic_normal,normal
TX10004670,W000422,W001686,0.221092,2026-02-21 03:02:00,synthetic_normal,normal
TX10003982,W000896,W000823,0.527852,2026-02-21 04:11:00,synthetic_normal,normal
TX10001570,W000004,W000879,1.077774,2026-02-21 04:29:00,synthetic_normal,normal
TX10003500,W001101,W000676,0.418104,2026-02-21 04:48:00,synthetic_normal,normal
TX10003526,W002342,W001898,0.40833,2026-02-21 05:20:00,synthetic_normal,normal
TX10007046,W002207,W001196,0.264804,2026-02-21 05:24:00,synthetic_normal,normal
TX10003434,W001182,W002413,0.808029,2026-02-21 05:39:00,synthetic_normal,normal
TX10009084,W000776,W001567,0.832469,2026-02-21 05:55:00,synthetic_normal,normal
TX10006033,W002228,W001200,0.506895,2026-02-21 06:02:00,synthetic_normal,normal
TX10001227,W001492,W001886,0.447795,2026-02-21 06:09:00,synthetic_normal,normal
TX10001835,W001729,W001320,0.411557,2026-02-21 06:16:00,synthetic_normal,normal
TX10005886,W000990,W000905,0.282613,2026-02-21 06:39:00,synthetic_normal,normal
TX10001851,W001364,W000739,0.400594,2026-02-21 08:27:00,synthetic_normal,normal
TX10002235,W002179,W002016,1.237806,2026-02-21 09:02:00,synthetic_normal,normal
TX10008536,W000291,W001531,0.252157,2026-02-21 09:09:00,synthetic_normal,normal
TX10005750,W001354,W000329,0.574135,2026-02-21 09:34:00,synthetic_normal,normal
TX10004331,W001848,W001654,0.883692,2026-02-21 09:59:00,synthetic_normal,normal
TX10004755,W000171,W001648,0.425615,2026-02-21 10:15:00,synthetic_normal,normal
TX10006952,W000472,W001625,0.386245,2026-02-21 10:30:00,synthetic_normal,normal
TX10000448,W000104,W000590,3.64897,2026-02-21 10:51:00,synthetic_anomalous,rapid_chain
TX10006221,W000437,W002417,0.652964,2026-02-21 11:52:00,synthetic_normal,normal
TX10009185,W000935,W001084,1.300219,2026-02-21 12:14:00,synthetic_normal,normal
TX10008443,W001952,W001434,0.154974,2026-02-21 12:26:00,synthetic_normal,normal
TX10009074,W001476,W001806,1.018295,2026-02-21 12:45:00,synthetic_normal,normal
TX10007193,W001145,W000257,1.343939,2026-02-21 12:57:00,synthetic_normal,normal
TX10002975,W000563,W001590,2.495652,2026-02-21 13:07:00,synthetic_normal,normal
TX10006066,W000495,W002189,0.722192,2026-02-21 13:33:00,synthetic_normal,normal
TX10008952,W001986,W000216,0.656486,2026-02-21 13:57:00,synthetic_normal,normal
TX10001348,W000730,W002009,0.291865,2026-02-21 14:09:00,synthetic_normal,normal
TX10009326,W002331,W002142,0.246162,2026-02-21 14:21:00,synthetic_normal,normal
TX10007269,W000011,W002473,0.968908,2026-02-21 14:39:00,synthetic_normal,normal
TX10005083,W002064,W000637,0.101631,2026-02-21 14:49:00,synthetic_normal,normal
TX10008404,W001771,W000411,0.515713,2026-02-21 15:06:00,synthetic_normal,normal
TX10009419,W000070,W001519,1.590103,2026-02-21 15:27:00,synthetic_normal,normal
TX10003338,W001239,W001910,0.443228,2026-02-21 16:07:00,synthetic_normal,normal
TX10001288,W002211,W001603,0.448,2026-02-21 16:12:00,synthetic_normal,normal
TX10005483,W001477,W000032,1.822684,2026-02-21 17:07:00,synthetic_normal,normal
TX10007184,W000968,W000690,0.33102,2026-02-21 17:10:00,synthetic_normal,normal
TX10004635,W002084,W000608,0.463239,2026-02-21 18:31:00,synthetic_normal,normal
TX10009559,W000709,W000470,1.024576,2026-02-21 18:57:00,synthetic_normal,normal
TX10009381,W001183,W001002,0.45292,2026-02-21 19:06:00,synthetic_normal,normal
TX10007933,W000079,W001519,0.194368,2026-02-21 19:14:00,synthetic_normal,normal
TX10004855,W001089,W001603,0.849138,2026-02-21 19:56:00,synthetic_normal,normal
TX10003402,W002034,W001626,0.21886,2026-02-21 19:59:00,synthetic_normal,normal
TX10007455,W001937,W000156,0.508758,2026-02-21 20:10:00,synthetic_normal,normal
TX10002008,W000761,W000959,0.432704,2026-02-21 21:36:00,synthetic_normal,normal
TX10001499,W001282,W001697,0.221232,2026-02-21 21:38:00,synthetic_normal,normal
TX10003615,W000319,W001176,0.39354,2026-02-21 21:42:00,synthetic_normal,normal
TX10009159,W000220,W001284,1.146632,2026-02-21 21:59:00,synthetic_normal,normal
TX10005255,W001533,W000953,0.516475,2026-02-21 22:06:00,synthetic_normal,normal
TX10001261,W001511,W001241,0.466151,2026-02-21 23:08:00,synthetic_normal,normal
TX10002795,W000525,W001542,1.073301,2026-02-21 23:15:00,synthetic_normal,normal
TX10001421,W002217,W001209,0.850328,2026-02-21 23:22:00,synthetic_normal,normal
TX10001871,W000373,W001242,1.261638,2026-02-21 23:36:00,synthetic_normal,normal
TX10000968,W001263,W000693,5.766752,2026-02-21 23:39:00,synthetic_anomalous,rapid_chain
TX10008951,W001851,W001547,0.284822,2026-02-21 23:43:00,synthetic_normal,normal
TX10006141,W000287,W002432,0.795815,2026-02-22 00:12:00,synthetic_normal,normal
TX10009226,W000741,W000075,0.571199,2026-02-22 00:35:00,synthetic_normal,normal
TX10009601,W000032,W002256,0.664822,2026-02-22 01:02:00,synthetic_normal,normal
TX10001149,W001901,W000569,0.276863,2026-02-22 01:10:00,synthetic_normal,normal
TX10009319,W002426,W000834,0.825553,2026-02-22 01:21:00,synthetic_normal,normal
TX10000244,W000284,W002006,5.24191,2026-02-22 01:31:00,synthetic_anomalous,high_frequency
TX10006256,W000933,W001793,1.052171,2026-02-22 01:42:00,synthetic_normal,normal
TX10006122,W000179,W001594,0.13013,2026-02-22 02:39:00,synthetic_normal,normal
TX10000575,W000036,W000123,4.716964,2026-02-22 03:05:00,synthetic_anomalous,layered_transfer
TX10003990,W000277,W000708,0.314615,2026-02-22 03:08:00,synthetic_normal,normal
TX10000770,W000046,W001003,2.577832,2026-02-22 03:20:00,synthetic_anomalous,fan_in
TX10003326,W001185,W000922,0.559212,2026-02-22 04:39:00,synthetic_normal,normal
TX10003226,W001323,W001355,0.289979,2026-02-22 04:45:00,synthetic_normal,normal
TX10003206,W000857,W000076,0.098371,2026-02-22 05:19:00,synthetic_normal,normal
TX10002314,W001084,W001152,0.803107,2026-02-22 05:26:00,synthetic_normal,normal
TX10000100,W001826,W001326,7.747296,2026-02-22 05:30:00,synthetic_anomalous,high_frequency
TX10009540,W000615,W000386,0.203496,2026-02-22 06:17:00,synthetic_normal,normal
TX10003050,W001060,W001726,0.108303,2026-02-22 06:32:00,synthetic_normal,normal
TX10002476,W001279,W001617,0.30793,2026-02-22 06:40:00,synthetic_normal,normal
TX10008656,W001989,W000769,0.866992,2026-02-22 06:54:00,synthetic_normal,normal
TX10001549,W000517,W000782,0.506015,2026-02-22 07:04:00,synthetic_normal,normal
TX10000277,W000041,W000608,3.449243,2026-02-22 07:43:00,synthetic_anomalous,high_connectivity
TX10001938,W000208,W000568,0.921794,2026-02-22 07:44:00,synthetic_normal,normal
TX10000471,W000029,W002284,1.986584,2026-02-22 08:59:00,synthetic_anomalous,layered_transfer
TX10009664,W000998,W001640,0.430104,2026-02-22 09:45:00,synthetic_normal,normal
TX10000241,W000022,W000629,8.169702,2026-02-22 09:52:00,synthetic_anomalous,fan_out
TX10005449,W002363,W000711,0.389986,2026-02-22 10:38:00,synthetic_normal,normal
TX10000525,W000028,W001612,2.31225,2026-02-22 10:55:00,synthetic_anomalous,high_connectivity
TX10008750,W000389,W001466,0.241582,2026-02-22 11:36:00,synthetic_normal,normal
TX10006249,W002461,W002422,0.20814,2026-02-22 11:51:00,synthetic_normal,normal
TX10001374,W000036,W000117,0.346504,2026-02-22 12:58:00,synthetic_normal,normal
TX10006290,W001444,W001839,0.761405,2026-02-22 13:29:00,synthetic_normal,normal
TX10004396,W001605,W000951,0.32342,2026-02-22 13:43:00,synthetic_normal,normal
TX10000544,W001370,W001180,9.876544,2026-02-22 14:13:00,synthetic_anomalous,rapid_chain
TX10001193,W000021,W002233,0.246106,2026-02-22 15:40:00,synthetic_normal,normal
TX10008098,W001415,W001377,0.239782,2026-02-22 17:02:00,synthetic_normal,normal
TX10000740,W001718,W000106,5.567558,2026-02-22 18:26:00,synthetic_anomalous,high_frequency
TX10003427,W000453,W000032,0.186525,2026-02-22 18:49:00,synthetic_normal,normal
TX10004230,W001805,W002054,0.82496,2026-02-22 19:07:00,synthetic_normal,normal
TX10001306,W000495,W000691,0.479751,2026-02-22 19:25:00,synthetic_normal,normal
TX10007855,W000716,W002153,0.335207,2026-02-22 20:07:00,synthetic_normal,normal
TX10001360,W002369,W000225,0.396962,2026-02-22 20:39:00,synthetic_normal,normal
TX10007347,W001453,W001816,0.464178,2026-02-22 21:06:00,synthetic_normal,normal
TX10003700,W001984,W000268,0.501764,2026-02-22 21:11:00,synthetic_normal,normal
TX10008756,W000299,W001254,0.188255,2026-02-22 21:26:00,synthetic_normal,normal
TX10003160,W000021,W001113,1.21406,2026-02-22 21:27:00,synthetic_normal,normal
TX10002994,W001205,W000162,1.148094,2026-02-22 21:38:00,synthetic_normal,normal
TX10007451,W002279,W001134,0.145267,2026-02-22 21:39:00,synthetic_normal,normal
TX10000919,W000032,W002379,3.123781,2026-02-22 22:19:00,synthetic_anomalous,layered_transfer
TX10005831,W002194,W000894,0.703949,2026-02-22 22:41:00,synthetic_normal,normal
TX10004474,W002134,W001567,0.865429,2026-02-22 23:25:00,synthetic_normal,normal
TX10009229,W001987,W000824,0.686969,2026-02-22 23:29:00,synthetic_normal,normal
TX10003875,W000936,W001766,0.434712,2026-02-22 23:59:00,synthetic_normal,normal
TX10002844,W002329,W000091,0.333265,2026-02-23 00:00:00,synthetic_normal,normal
TX10009131,W000312,W000242,0.207897,2026-02-23 00:07:00,synthetic_normal,normal
TX10006258,W001106,W001721,0.102214,2026-02-23 02:16:00,synthetic_normal,normal
TX10008003,W000815,W000759,1.204995,2026-02-23 02:35:00,synthetic_normal,normal
TX10000814,W000011,W000676,9.100522,2026-02-23 03:20:00,synthetic_anomalous,ip_wallet_reuse
TX10009715,W002110,W001973,0.282628,2026-02-23 03:21:00,synthetic_normal,normal
TX10002831,W001471,W002171,0.33578,2026-02-23 03:45:00,synthetic_normal,normal
TX10009106,W000391,W000411,0.446456,2026-02-23 03:55:00,synthetic_normal,normal
TX10000062,W000041,W002222,18.000919,2026-02-23 03:58:00,synthetic_anomalous,ip_wallet_reuse
TX10001698,W001026,W001992,1.969737,2026-02-23 05:08:00,synthetic_normal,normal
TX10009101,W002202,W000914,0.851474,2026-02-23 05:08:00,synthetic_normal,normal
TX10007080,W001639,W001291,0.365307,2026-02-23 05:49:00,synthetic_normal,normal
TX10009706,W001388,W002077,2.105273,2026-02-23 06:41:00,synthetic_normal,normal
TX10000018,W000048,W000773,1.622364,2026-02-23 07:26:00,synthetic_anomalous,fan_in
TX10008502,W000215,W001331,1.803298,2026-02-23 07:32:00,synthetic_normal,normal
TX10003589,W001833,W000211,0.213077,2026-02-23 07:35:00,synthetic_normal,normal
TX10007706,W001102,W001186,0.364031,2026-02-23 07:56:00,synthetic_normal,normal
TX10007769,W001939,W000001,0.33927,2026-02-23 08:37:00,synthetic_normal,normal
TX10007277,W000980,W002367,0.185877,2026-02-23 08:38:00,synthetic_normal,normal
TX10002897,W000327,W000602,0.603768,2026-02-23 08:51:00,synthetic_normal,normal
TX10005793,W001072,W000792,1.21802,2026-02-23 09:25:00,synthetic_normal,normal
TX10007868,W000225,W001810,0.731032,2026-02-23 09:56:00,synthetic_normal,normal
TX10009899,W002208,W001791,0.426576,2026-02-23 10:08:00,synthetic_normal,normal
TX10000889,W000035,W000591,4.670842,2026-02-23 10:59:00,synthetic_anomalous,fan_out
TX10005839,W001501,W000714,1.103095,2026-02-23 11:01:00,synthetic_normal,normal
TX10005840,W001542,W001880,0.951801,2026-02-23 11:20:00,synthetic_normal,normal
TX10005453,W002401,W001704,1.052032,2026-02-23 12:24:00,synthetic_normal,normal
TX10009410,W002424,W001356,0.373839,2026-02-23 13:58:00,synthetic_normal,normal
TX10004604,W001802,W000038,0.230478,2026-02-23 14:01:00,synthetic_normal,normal
TX10001380,W000842,W000502,0.352884,2026-02-23 14:17:00,synthetic_normal,normal
TX10009912,W000554,W000667,0.683849,2026-02-23 14:20:00,synthetic_normal,normal
TX10002874,W001330,W002411,0.634023,2026-02-23 14:22:00,synthetic_normal,normal
TX10003652,W001865,W000639,0.545401,2026-02-23 14:28:00,synthetic_normal,normal
TX10002884,W002466,W001297,0.413733,2026-02-23 14:38:00,synthetic_normal,normal
TX10001650,W001657,W001186,1.191917,2026-02-23 15:12:00,synthetic_normal,normal
TX10007931,W001116,W000167,1.079019,2026-02-23 15:19:00,synthetic_normal,normal
TX10006370,W000065,W000552,0.317537,2026-02-23 15:26:00,synthetic_normal,normal
TX10005225,W001544,W001459,1.11652,2026-02-23 16:02:00,synthetic_normal,normal
TX10009240,W000943,W001052,0.18544,2026-02-23 16:16:00,synthetic_normal,normal
TX10002936,W000358,W002220,0.272392,2026-02-23 16:30:00,synthetic_normal,normal
TX10003659,W000371,W000966,1.879711,2026-02-23 16:31:00,synthetic_normal,normal
TX10002315,W002238,W000287,0.58165,2026-02-23 16:42:00,synthetic_normal,normal
TX10004146,W002186,W002156,1.346538,2026-02-23 16:42:00,synthetic_normal,normal
TX10008138,W001546,W001871,0.355327,2026-02-23 17:17:00,synthetic_normal,normal
TX10005584,W001904,W001634,0.758949,2026-02-23 17:49:00,synthetic_normal,normal
TX10007035,W000928,W002407,0.933059,2026-02-23 17:52:00,synthetic_normal,normal
TX10000904,W001644,W000890,1.846754,2026-02-23 17:55:00,synthetic_anomalous,rapid_chain
TX10002767,W000893,W001800,0.407741,2026-02-23 18:05:00,synthetic_normal,normal
TX10008781,W002446,W000162,0.356696,2026-02-23 18:41:00,synthetic_normal,normal
TX10006296,W000607,W002024,0.258504,2026-02-23 19:12:00,synthetic_normal,normal
TX10008595,W002058,W002277,0.634197,2026-02-23 20:41:00,synthetic_normal,normal
TX10008644,W001543,W002261,0.083339,2026-02-23 21:36:00,synthetic_normal,normal
TX10006360,W002191,W002427,0.267811,2026-02-23 22:23:00,synthetic_normal,normal
TX10002027,W001340,W001692,0.624709,2026-02-23 22:31:00,synthetic_normal,normal
TX10006757,W001906,W001685,0.220444,2026-02-23 23:09:00,synthetic_normal,normal
TX10009285,W002369,W002174,0.952902,2026-02-23 23:19:00,synthetic_normal,normal
TX10007986,W000954,W002200,0.471817,2026-02-24 00:06:00,synthetic_normal,normal
TX10004428,W000394,W000523,0.697638,2026-02-24 00:22:00,synthetic_normal,normal
TX10002326,W001516,W001592,0.870634,2026-02-24 00:27:00,synthetic_normal,normal
TX10001267,W002293,W001175,0.639275,2026-02-24 00:34:00,synthetic_normal,normal
TX10005517,W000213,W001322,0.358764,2026-02-24 00:40:00,synthetic_normal,normal
TX10000685,W000018,W000846,1.722657,2026-02-24 02:01:00,synthetic_anomalous,high_connectivity
TX10006356,W001657,W000509,1.384637,2026-02-24 02:40:00,synthetic_normal,normal
TX10006581,W000301,W001200,0.121932,2026-02-24 02:49:00,synthetic_normal,normal
TX10001180,W000638,W000626,0.296561,2026-02-24 03:14:00,synthetic_normal,normal
TX10005893,W001383,W000399,0.445525,2026-02-24 03:15:00,synthetic_normal,normal
TX10000868,W001464,W002107,0.953199,2026-02-24 03:28:00,synthetic_anomalous,high_frequency
TX10006755,W002134,W001458,0.532088,2026-02-24 03:36:00,synthetic_normal,normal
TX10008274,W000618,W002202,1.210832,2026-02-24 04:11:00,synthetic_normal,normal
TX10005266,W001455,W001212,0.254701,2026-02-24 04:19:00,synthetic_normal,normal
TX10000640,W000399,W001293,0.921911,2026-02-24 04:20:00,synthetic_anomalous,rapid_chain
TX10009295,W001872,W001642,0.109998,2026-02-24 04:38:00,synthetic_normal,normal
TX10005251,W000657,W001410,0.17776,2026-02-24 04:55:00,synthetic_normal,normal
TX10001629,W000597,W000606,0.925817,2026-02-24 05:16:00,synthetic_normal,normal
TX10002169,W000596,W001676,0.336781,2026-02-24 05:26:00,synthetic_normal,normal
TX10008407,W001588,W002195,0.724462,2026-02-24 06:17:00,synthetic_normal,normal
TX10005467,W000097,W001808,0.14419,2026-02-24 06:21:00,synthetic_normal,normal
TX10001601,W001864,W001723,0.180653,2026-02-24 06:35:00,synthetic_normal,normal
TX10007186,W000535,W000635,0.217289,2026-02-24 06:59:00,synthetic_normal,normal
TX10006957,W001427,W000374,0.243247,2026-02-24 08:18:00,synthetic_normal,normal
TX10007674,W000973,W002056,0.169128,2026-02-24 09:29:00,synthetic_normal,normal
TX10003716,W001326,W002158,0.536454,2026-02-24 09:35:00,synthetic_normal,normal
TX10006940,W000426,W001443,0.698988,2026-02-24 10:40:00,synthetic_normal,normal
TX10000956,W001451,W000974,5.140038,2026-02-24 10:45:00,synthetic_anomalous,high_frequency
TX10004685,W000622,W002343,1.266071,2026-02-24 11:16:00,synthetic_normal,normal
TX10003592,W002295,W002152,0.213883,2026-02-24 12:21:00,synthetic_normal,normal
TX10005804,W000722,W000075,0.3669,2026-02-24 12:58:00,synthetic_normal,normal
TX10001165,W000969,W000641,2.801522,2026-02-24 13:18:00,synthetic_normal,normal
TX10001870,W001977,W001335,0.529744,2026-02-24 13:30:00,synthetic_normal,normal
TX10001167,W001714,W001787,0.422471,2026-02-24 13:31:00,synthetic_normal,normal
TX10003774,W002322,W000352,0.783227,2026-02-24 13:38:00,synthetic_normal,normal
TX10006198,W001881,W000337,0.49125,2026-02-24 14:24:00,synthetic_normal,normal
TX10008430,W000753,W001903,0.2258,2026-02-24 15:08:00,synthetic_normal,normal
TX10000195,W001496,W002282,2.74289,2026-02-24 15:33:00,synthetic_anomalous,cross_border_burst
TX10007682,W002408,W000745,0.429145,2026-02-24 15:47:00,synthetic_normal,normal
TX10007638,W001973,W000210,0.229596,2026-02-24 16:09:00,synthetic_normal,normal
TX10009994,W002149,W001277,0.646157,2026-02-24 16:16:00,synthetic_normal,normal
TX10002532,W000517,W002137,0.257198,2026-02-24 17:08:00,synthetic_normal,normal
TX10005021,W001218,W000532,0.569234,2026-02-24 17:17:00,synthetic_normal,normal
TX10001526,W002452,W002348,0.733909,2026-02-24 18:02:00,synthetic_normal,normal
TX10000334,W000049,W001949,1.686949,2026-02-24 18:16:00,synthetic_anomalous,ip_wallet_reuse
TX10000918,W000043,W000223,5.069325,2026-02-24 18:19:00,synthetic_anomalous,ip_wallet_reuse
TX10008010,W000222,W001064,0.209703,2026-02-24 18:34:00,synthetic_normal,normal
TX10007799,W000276,W002112,0.250092,2026-02-24 19:11:00,synthetic_normal,normal
TX10000070,W000042,W002197,1.772377,2026-02-24 19:37:00,synthetic_anomalous,ip_wallet_reuse
TX10003488,W000425,W000091,0.578293,2026-02-24 19:38:00,synthetic_normal,normal
TX10002744,W001891,W000348,0.208304,2026-02-24 19:54:00,synthetic_normal,normal
TX10003834,W000744,W000521,0.20735,2026-02-24 20:13:00,synthetic_normal,normal
TX10003239,W000261,W000206,0.437425,2026-02-24 20:13:00,synthetic_normal,normal
TX10008632,W000955,W001678,0.576326,2026-02-24 20:31:00,synthetic_normal,normal
TX10004530,W000796,W000239,0.458427,2026-02-24 21:11:00,synthetic_normal,normal
TX10004347,W002234,W000024,0.445243,2026-02-24 21:21:00,synthetic_normal,normal
TX10003860,W001125,W000909,0.96787,2026-02-24 21:54:00,synthetic_normal,normal
TX10000153,W000018,W000946,1.737261,2026-02-24 22:22:00,synthetic_anomalous,fan_out
TX10006935,W002201,W001533,0.342487,2026-02-24 22:54:00,synthetic_normal,normal
TX10004515,W001771,W002091,0.296279,2026-02-24 23:04:00,synthetic_normal,normal
TX10006970,W000903,W001241,0.856647,2026-02-25 00:03:00,synthetic_normal,normal
TX10002990,W002466,W001133,0.685022,2026-02-25 00:03:00,synthetic_normal,normal
TX10007696,W002278,W000827,0.450078,2026-02-25 00:55:00,synthetic_normal,normal
TX10005364,W000549,W002421,0.203826,2026-02-25 01:06:00,synthetic_normal,normal
TX10006466,W002136,W002352,0.251573,2026-02-25 01:06:00,synthetic_normal,normal
TX10005027,W002011,W000936,0.859724,2026-02-25 01:47:00,synthetic_normal,normal
TX10009405,W000649,W002276,1.094976,2026-02-25 02:00:00,synthetic_normal,normal
TX10003039,W001861,W001171,0.67243,2026-02-25 02:53:00,synthetic_normal,normal
TX10006631,W000289,W001657,0.976893,2026-02-25 02:56:00,synthetic_normal,normal
TX10000819,W000567,W000854,1.324157,2026-02-25 03:58:00,synthetic_anomalous,cross_border_burst
TX10000285,W000041,W001942,1.840328,2026-02-25 04:25:00,synthetic_anomalous,high_connectivity
TX10004762,W001760,W002203,0.218237,2026-02-25 04:27:00,synthetic_normal,normal
TX10000832,W000123,W000899,20.8248,2026-02-25 04:41:00,synthetic_anomalous,rapid_chain
TX10001858,W002319,W001961,1.722154,2026-02-25 04:47:00,synthetic_normal,normal
TX10001822,W002477,W002280,0.266089,2026-02-25 05:17:00,synthetic_normal,normal
TX10001542,W001017,W000234,0.503017,2026-02-25 05:19:00,synthetic_normal,normal
TX10001644,W002273,W000268,1.043226,2026-02-25 05:57:00,synthetic_normal,normal
TX10002196,W001154,W001825,0.598112,2026-02-25 06:33:00,synthetic_normal,normal
TX10002264,W000719,W001828,0.83301,2026-02-25 06:36:00,synthetic_normal,normal
TX10009541,W002114,W000128,1.064329,2026-02-25 07:36:00,synthetic_normal,normal
TX10002957,W002284,W001904,0.237419,2026-02-25 07:45:00,synthetic_normal,normal
TX10002146,W001529,W000152,0.3683,2026-02-25 07:56:00,synthetic_normal,normal
TX10002243,W000375,W001596,0.664156,2026-02-25 08:31:00,synthetic_normal,normal
TX10005389,W001277,W001054,0.516089,2026-02-25 08:38:00,synthetic_normal,normal
TX10004430,W002207,W001185,0.547386,2026-02-25 09:00:00,synthetic_normal,normal
TX10002622,W000259,W001671,0.200509,2026-02-25 09:19:00,synthetic_normal,normal
TX10001615,W001649,W000963,0.222854,2026-02-25 09:30:00,synthetic_normal,normal
TX10005634,W001669,W001850,0.2847,2026-02-25 10:03:00,synthetic_normal,normal
TX10003254,W000100,W000221,0.497442,2026-02-25 10:19:00,synthetic_normal,normal
TX10009759,W000858,W000240,0.467961,2026-02-25 10:29:00,synthetic_normal,normal
TX10001305,W001797,W000461,0.49663,2026-02-25 10:44:00,synthetic_normal,normal
TX10007010,W000486,W001117,0.691395,2026-02-25 10:45:00,synthetic_normal,normal
TX10000611,W000281,W000200,3.012326,2026-02-25 11:10:00,synthetic_anomalous,cross_border_burst
TX10002910,W002446,W000115,0.097182,2026-02-25 11:26:00,synthetic_normal,normal
TX10007733,W001793,W000569,1.445752,2026-02-25 11:51:00,synthetic_normal,normal
TX10005209,W000229,W000433,1.059738,2026-02-25 12:12:00,synthetic_normal,normal
TX10006842,W000234,W000127,0.775751,2026-02-25 12:47:00,synthetic_normal,normal
TX10009344,W000085,W000124,0.350988,2026-02-25 12:48:00,synthetic_normal,normal
TX10001636,W002035,W000785,0.519498,2026-02-25 12:53:00,synthetic_normal,normal
TX10008248,W002425,W000176,0.176739,2026-02-25 13:34:00,synthetic_normal,normal
TX10000081,W000046,W001869,7.130246,2026-02-25 14:13:00,synthetic_anomalous,fan_out
TX10008776,W001753,W002238,1.015978,2026-02-25 15:04:00,synthetic_normal,normal
TX10002228,W001314,W001929,0.695136,2026-02-25 15:11:00,synthetic_normal,normal
TX10007039,W002334,W000294,0.366666,2026-02-25 16:04:00,synthetic_normal,normal
TX10001996,W001851,W000482,1.123343,2026-02-25 16:19:00,synthetic_normal,normal
TX10005761,W001600,W000103,0.486875,2026-02-25 16:43:00,synthetic_normal,normal
TX10006461,W001499,W002145,1.070274,2026-02-25 17:55:00,synthetic_normal,normal
TX10009064,W001420,W000908,0.427033,2026-02-25 18:16:00,synthetic_normal,normal
TX10003300,W001479,W001666,0.544721,2026-02-25 19:00:00,synthetic_normal,normal
TX10000777,W000007,W000086,12.394944,2026-02-25 20:07:00,synthetic_anomalous,fan_out
TX10003410,W000894,W001772,0.852888,2026-02-25 20:18:00,synthetic_normal,normal
TX10006887,W000440,W000573,0.369353,2026-02-25 20:20:00,synthetic_normal,normal
TX10003077,W000032,W001778,0.358784,2026-02-25 20:36:00,synthetic_normal,normal
TX10005388,W000070,W000071,1.802757,2026-02-25 20:39:00,synthetic_normal,normal
TX10005357,W001558,W001057,0.417309,2026-02-25 21:12:00,synthetic_normal,normal
TX10009748,W001865,W001321,0.109847,2026-02-25 21:31:00,synthetic_normal,normal
TX10008667,W002402,W001450,0.200684,2026-02-25 22:00:00,synthetic_normal,normal
TX10004250,W001050,W002104,0.868852,2026-02-25 23:06:00,synthetic_normal,normal
TX10005835,W000654,W001414,0.57837,2026-02-25 23:52:00,synthetic_normal,normal
TX10008114,W002045,W001824,0.268031,2026-02-26 00:59:00,synthetic_normal,normal
TX10007542,W000015,W001861,0.516389,2026-02-26 01:17:00,synthetic_normal,normal
TX10006028,W001025,W000809,0.500282,2026-02-26 01:22:00,synthetic_normal,normal
TX10000192,W000146,W002233,1.428993,2026-02-26 01:50:00,synthetic_anomalous,rapid_chain
TX10000881,W000037,W001670,2.363824,2026-02-26 01:54:00,synthetic_anomalous,fan_out
TX10003408,W001793,W001197,1.941507,2026-02-26 02:55:00,synthetic_normal,normal
TX10008412,W002006,W001618,0.315323,2026-02-26 03:19:00,synthetic_normal,normal
TX10009644,W001911,W000514,0.362815,2026-02-26 03:19:00,synthetic_normal,normal
TX10005627,W001056,W000284,0.704939,2026-02-26 03:19:00,synthetic_normal,normal
TX10006864,W002039,W002401,0.343675,2026-02-26 03:24:00,synthetic_normal,normal
TX10007350,W000842,W002209,2.962963,2026-02-26 03:56:00,synthetic_normal,normal
TX10008619,W002319,W000454,0.25117,2026-02-26 04:05:00,synthetic_normal,normal
TX10005268,W002407,W001840,0.741889,2026-02-26 04:10:00,synthetic_normal,normal
TX10004203,W001262,W000861,0.324716,2026-02-26 04:26:00,synthetic_normal,normal
TX10008993,W001551,W001262,0.346543,2026-02-26 04:50:00,synthetic_normal,normal
TX10000781,W000037,W000619,6.885481,2026-02-26 05:53:00,synthetic_anomalous,high_connectivity
TX10006813,W001958,W001084,0.432048,2026-02-26 07:14:00,synthetic_normal,normal
TX10003011,W002470,W000700,0.173391,2026-02-26 07:36:00,synthetic_normal,normal
TX10008107,W002256,W002043,0.188394,2026-02-26 07:56:00,synthetic_normal,normal
TX10000179,W000227,W001352,1.259116,2026-02-26 08:20:00,synthetic_anomalous,cross_border_burst
TX10004953,W001601,W002038,0.147392,2026-02-26 08:31:00,synthetic_normal,normal
TX10003723,W001830,W001678,0.640067,2026-02-26 10:01:00,synthetic_normal,normal
TX10007964,W001202,W002018,0.211951,2026-02-26 10:08:00,synthetic_normal,normal
TX10008658,W000161,W001668,0.486099,2026-02-26 10:09:00,synthetic_normal,normal
TX10006785,W002138,W001100,0.929497,2026-02-26 10:10:00,synthetic_normal,normal
TX10005678,W001752,W001162,0.265949,2026-02-26 10:41:00,synthetic_normal,normal
TX10001560,W000131,W001528,0.382049,2026-02-26 12:11:00,synthetic_normal,normal
TX10001242,W001977,W002311,0.221016,2026-02-26 12:12:00,synthetic_normal,normal
TX10007308,W001706,W001844,0.418592,2026-02-26 12:15:00,synthetic_normal,normal
TX10009624,W001995,W001386,0.447278,2026-02-26 12:32:00,synthetic_normal,normal
TX10008975,W001237,W000347,0.19243,2026-02-26 12:53:00,synthetic_normal,normal
TX10002962,W000477,W000612,1.435701,2026-02-26 13:04:00,synthetic_normal,normal
TX10001907,W001343,W002236,0.116359,2026-02-26 13:43:00,synthetic_normal,normal
TX10004880,W001078,W000130,1.453851,2026-02-26 14:07:00,synthetic_normal,normal
TX10000301,W000006,W001483,3.683643,2026-02-26 14:42:00,synthetic_anomalous,high_connectivity
TX10001366,W001198,W001203,1.229166,2026-02-26 17:21:00,synthetic_normal,normal
TX10005032,W002116,W002000,0.516251,2026-02-26 17:45:00,synthetic_normal,normal
TX10005096,W002249,W000355,1.416533,2026-02-26 18:56:00,synthetic_normal,normal
TX10005709,W001820,W001819,0.472865,2026-02-26 19:17:00,synthetic_normal,normal
TX10006113,W001104,W000203,1.057383,2026-02-26 20:06:00,synthetic_normal,normal
TX10004219,W000423,W001853,1.054707,2026-02-26 20:41:00,synthetic_normal,normal
TX10007969,W000373,W001353,0.811773,2026-02-26 21:01:00,synthetic_normal,normal
TX10009927,W000248,W002012,0.305807,2026-02-26 22:08:00,synthetic_normal,normal
TX10002256,W001815,W001339,0.506455,2026-02-26 22:08:00,synthetic_normal,normal
TX10000323,W001418,W001441,1.746109,2026-02-26 22:27:00,synthetic_anomalous,cross_border_burst
TX10008584,W001351,W000038,0.163242,2026-02-26 23:19:00,synthetic_normal,normal
TX10009396,W002075,W000155,0.789562,2026-02-26 23:54:00,synthetic_normal,normal
TX10000842,W000024,W001145,3.069267,2026-02-27 00:00:00,synthetic_anomalous,fan_in
TX10008190,W000596,W002253,0.598579,2026-02-27 00:16:00,synthetic_normal,normal
TX10003034,W001412,W001178,1.227477,2026-02-27 00:40:00,synthetic_normal,normal
TX10008217,W001890,W001270,0.254647,2026-02-27 00:44:00,synthetic_normal,normal
TX10008017,W001997,W000016,0.205251,2026-02-27 01:37:00,synthetic_normal,normal
TX10006685,W002446,W002146,1.061214,2026-02-27 02:10:00,synthetic_normal,normal
TX10006951,W002201,W000121,0.316867,2026-02-27 02:17:00,synthetic_normal,normal
TX10004875,W000008,W000392,0.614256,2026-02-27 03:11:00,synthetic_normal,normal
TX10005825,W000801,W001899,0.14355,2026-02-27 03:36:00,synthetic_normal,normal
TX10007851,W001890,W002086,0.165413,2026-02-27 03:38:00,synthetic_normal,normal
TX10005175,W002332,W001702,0.460805,2026-02-27 03:46:00,synthetic_normal,normal
TX10001212,W002179,W000838,0.733213,2026-02-27 04:08:00,synthetic_normal,normal
TX10009097,W001383,W001774,0.150896,2026-02-27 05:04:00,synthetic_normal,normal
TX10003020,W000625,W000806,0.35865,2026-02-27 05:22:00,synthetic_normal,normal
TX10003858,W002052,W001540,1.299089,2026-02-27 06:20:00,synthetic_normal,normal
TX10006598,W002363,W000184,1.182081,2026-02-27 06:27:00,synthetic_normal,normal
TX10000469,W000033,W001442,7.557722,2026-02-27 06:33:00,synthetic_anomalous,high_connectivity
TX10003970,W000856,W000027,0.553297,2026-02-27 06:43:00,synthetic_normal,normal
TX10001785,W000516,W002419,0.807267,2026-02-27 07:33:00,synthetic_normal,normal
TX10001923,W002259,W002175,0.440696,2026-02-27 08:37:00,synthetic_normal,normal
TX10007370,W002126,W002112,1.311061,2026-02-27 09:18:00,synthetic_normal,normal
TX10000462,W000018,W000220,4.891332,2026-02-27 10:09:00,synthetic_anomalous,ip_wallet_reuse
TX10001139,W001133,W000052,0.274481,2026-02-27 11:21:00,synthetic_normal,normal
TX10001133,W001276,W000843,1.506725,2026-02-27 11:34:00,synthetic_normal,normal
TX10007316,W000874,W001712,0.667489,2026-02-27 12:07:00,synthetic_normal,normal
TX10000957,W000017,W000250,1.92526,2026-02-27 12:28:00,synthetic_anomalous,high_connectivity
TX10003332,W000610,W001799,0.390039,2026-02-27 12:30:00,synthetic_normal,normal
TX10001726,W000980,W000876,0.315272,2026-02-27 12:37:00,synthetic_normal,normal
TX10002510,W000034,W000054,0.178118,2026-02-27 13:31:00,synthetic_normal,normal
TX10003140,W001792,W002139,1.536374,2026-02-27 13:43:00,synthetic_normal,normal
TX10004732,W002216,W001397,1.053154,2026-02-27 13:44:00,synthetic_normal,normal
TX10000602,W000049,W000949,2.618637,2026-02-27 14:12:00,synthetic_anomalous,fan_in
TX10007173,W000102,W001357,0.130386,2026-02-27 14:39:00,synthetic_normal,normal
TX10006007,W000175,W002106,1.005218,2026-02-27 15:38:00,synthetic_normal,normal
TX10006424,W001106,W000331,0.537202,2026-02-27 16:08:00,synthetic_normal,normal
TX10003104,W002438,W002317,0.631038,2026-02-27 16:32:00,synthetic_normal,normal
TX10007427,W000384,W001559,0.273865,2026-02-27 16:44:00,synthetic_normal,normal
TX10003371,W000760,W000480,0.229825,2026-02-27 16:58:00,synthetic_normal,normal
TX10009017,W000985,W000272,0.191094,2026-02-27 17:34:00,synthetic_normal,normal
TX10005447,W001906,W002020,0.104768,2026-02-27 18:14:00,synthetic_normal,normal
TX10005951,W000211,W000437,0.269413,2026-02-27 20:05:00,synthetic_normal,normal
TX10000414,W000013,W002350,8.122409,2026-02-27 20:07:00,synthetic_anomalous,ip_wallet_reuse
TX10006494,W000782,W000218,0.554974,2026-02-27 21:24:00,synthetic_normal,normal
TX10008302,W000074,W001973,0.329937,2026-02-27 22:30:00,synthetic_normal,normal
TX10005681,W000302,W001898,0.736207,2026-02-27 22:48:00,synthetic_normal,normal
TX10008456,W002350,W001487,0.607762,2026-02-27 23:32:00,synthetic_normal,normal
TX10006348,W002405,W002021,0.579791,2026-02-28 00:11:00,synthetic_normal,normal
TX10003426,W000809,W002255,1.161464,2026-02-28 00:12:00,synthetic_normal,normal
TX10007549,W001615,W002029,0.145306,2026-02-28 00:27:00,synthetic_normal,normal
TX10008711,W001560,W001303,0.335595,2026-02-28 01:48:00,synthetic_normal,normal
TX10005087,W001718,W000102,0.348627,2026-02-28 02:27:00,synthetic_normal,normal
TX10003708,W002332,W002097,0.622368,2026-02-28 03:03:00,synthetic_normal,normal
TX10009989,W000030,W002361,1.080933,2026-02-28 03:47:00,synthetic_normal,normal
TX10001624,W002481,W001016,0.249957,2026-02-28 04:15:00,synthetic_normal,normal
TX10004385,W000397,W001634,0.329662,2026-02-28 04:34:00,synthetic_normal,normal
TX10003295,W001649,W000394,0.339198,2026-02-28 05:15:00,synthetic_normal,normal
TX10007541,W000962,W002259,0.762747,2026-02-28 05:49:00,synthetic_normal,normal
TX10005669,W000397,W001137,0.643649,2026-02-28 06:40:00,synthetic_normal,normal
TX10003751,W001306,W000817,0.212512,2026-02-28 07:02:00,synthetic_normal,normal
TX10004344,W000656,W001949,0.266491,2026-02-28 07:08:00,synthetic_normal,normal
TX10008189,W001402,W000824,0.263394,2026-02-28 07:13:00,synthetic_normal,normal
TX10007321,W001904,W000973,0.350429,2026-02-28 09:19:00,synthetic_normal,normal
TX10005155,W002074,W001475,0.133956,2026-02-28 10:20:00,synthetic_normal,normal
TX10006801,W001895,W001019,0.520113,2026-02-28 10:26:00,synthetic_normal,normal
TX10004989,W000566,W000446,0.729994,2026-02-28 10:35:00,synthetic_normal,normal
TX10006075,W000721,W001821,0.45022,2026-02-28 11:03:00,synthetic_normal,normal
TX10000327,W000006,W000870,2.808718,2026-02-28 11:09:00,synthetic_anomalous,layered_transfer
TX10009786,W002448,W001614,0.448205,2026-02-28 11:13:00,synthetic_normal,normal
TX10002891,W002255,W002496,0.407677,2026-02-28 11:25:00,synthetic_normal,normal
TX10003979,W001914,W001673,0.647215,2026-02-28 11:48:00,synthetic_normal,normal
TX10000130,W000017,W000325,2.608534,2026-02-28 12:38:00,synthetic_anomalous,fan_in
TX10004846,W001870,W000658,0.397487,2026-02-28 13:31:00,synthetic_normal,normal
TX10003978,W001793,W000934,0.702908,2026-02-28 13:37:00,synthetic_normal,normal
TX10002216,W001948,W002415,0.579253,2026-02-28 13:42:00,synthetic_normal,normal
TX10008437,W001363,W001076,0.173374,2026-02-28 13:45:00,synthetic_normal,normal
TX10008126,W001983,W001296,0.990959,2026-02-28 14:12:00,synthetic_normal,normal
TX10008809,W001506,W001802,1.00397,2026-02-28 14:43:00,synthetic_normal,normal
TX10000548,W000031,W001130,2.623868,2026-02-28 14:50:00,synthetic_anomalous,high_frequency
TX10008973,W000664,W001338,0.666495,2026-02-28 14:54:00,synthetic_normal,normal
TX10003559,W000964,W000806,0.476472,2026-02-28 15:13:00,synthetic_normal,normal
TX10001402,W002076,W001019,1.132261,2026-02-28 15:14:00,synthetic_normal,normal
TX10008548,W002114,W000061,2.607376,2026-02-28 15:24:00,synthetic_normal,normal
TX10004408,W002023,W001261,0.183367,2026-02-28 15:46:00,synthetic_normal,normal
TX10000199,W000045,W002205,5.344686,2026-02-28 16:10:00,synthetic_anomalous,layered_transfer
TX10008260,W000907,W000989,0.091943,2026-02-28 16:14:00,synthetic_normal,normal
TX10006311,W000050,W001850,0.481317,2026-02-28 16:14:00,synthetic_normal,normal
TX10008351,W002450,W000369,0.257066,2026-02-28 16:25:00,synthetic_normal,normal
TX10000836,W000545,W001616,3.519126,2026-02-28 16:32:00,synthetic_anomalous,high_frequency
TX10003399,W000817,W000544,0.363188,2026-02-28 18:10:00,synthetic_normal,normal
TX10006975,W001432,W000425,0.625632,2026-02-28 18:16:00,synthetic_normal,normal
TX10007665,W001295,W001527,1.073596,2026-02-28 18:21:00,synthetic_normal,normal
TX10001674,W000567,W000972,1.02759,2026-02-28 18:31:00,synthetic_normal,normal
TX10002487,W000904,W001936,2.931167,2026-02-28 18:49:00,synthetic_normal,normal
TX10001412,W000219,W000939,0.464553,2026-02-28 19:21:00,synthetic_normal,normal
TX10004368,W000218,W001254,0.487004,2026-02-28 19:33:00,synthetic_normal,normal
TX10004957,W000368,W000336,0.287936,2026-02-28 20:58:00,synthetic_normal,normal
TX10003869,W002388,W000104,0.495211,2026-02-28 21:33:00,synthetic_normal,normal
TX10003910,W002089,W000352,1.365662,2026-02-28 21:51:00,synthetic_normal,normal
TX10003541,W001367,W000506,0.396393,2026-02-28 21:54:00,synthetic_normal,normal
TX10005984,W001177,W001608,0.918051,2026-02-28 22:05:00,synthetic_normal,normal
TX10009422,W000301,W001089,0.376378,2026-02-28 23:10:00,synthetic_normal,normal
TX10001377,W000216,W001327,0.487573,2026-02-28 23:15:00,synthetic_normal,normal
TX10006861,W002340,W001925,1.045344,2026-02-28 23:19:00,synthetic_normal,normal
TX10002783,W002143,W000220,0.365812,2026-02-28 23:43:00,synthetic_normal,normal
TX10004461,W001603,W000406,0.98064,2026-02-28 23:46:00,synthetic_normal,normal
TX10007523,W000977,W000031,0.525787,2026-02-28 23:52:00,synthetic_normal,normal
TX10005320,W000940,W001314,0.913784,2026-02-28 23:54:00,synthetic_normal,normal
TX10003765,W000220,W001793,0.663783,2026-03-01 00:34:00,synthetic_normal,normal
TX10008223,W001200,W001177,0.173045,2026-03-01 00:47:00,synthetic_normal,normal
TX10009835,W001668,W000121,0.387081,2026-03-01 00:47:00,synthetic_normal,normal
TX10007358,W002182,W001555,0.254041,2026-03-01 00:48:00,synthetic_normal,normal
TX10004429,W002432,W000793,0.199382,2026-03-01 01:04:00,synthetic_normal,normal
TX10009449,W000382,W002219,0.64344,2026-03-01 02:34:00,synthetic_normal,normal
TX10006961,W000211,W000069,0.27227,2026-03-01 02:41:00,synthetic_normal,normal
TX10008958,W000480,W001961,0.238639,2026-03-01 02:57:00,synthetic_normal,normal
TX10008063,W001755,W001345,0.414745,2026-03-01 03:10:00,synthetic_normal,normal
TX10008736,W001153,W001729,0.222368,2026-03-01 03:25:00,synthetic_normal,normal
TX10006486,W000346,W001501,0.179298,2026-03-01 03:28:00,synthetic_normal,normal
TX10008641,W001217,W000141,0.736583,2026-03-01 03:59:00,synthetic_normal,normal
TX10005360,W000056,W000605,0.38977,2026-03-01 04:30:00,synthetic_normal,normal
TX10002081,W001001,W000462,0.167397,2026-03-01 05:25:00,synthetic_normal,normal
TX10004108,W002219,W001707,0.258962,2026-03-01 05:45:00,synthetic_normal,normal
TX10003190,W000901,W000891,0.648014,2026-03-01 06:53:00,synthetic_normal,normal
TX10002479,W000996,W002360,0.211365,2026-03-01 07:11:00,synthetic_normal,normal
TX10003477,W000433,W000290,0.371851,2026-03-01 07:57:00,synthetic_normal,normal
TX10008774,W001358,W000425,1.334988,2026-03-01 08:26:00,synthetic_normal,normal
TX10005097,W001979,W000619,0.091509,2026-03-01 08:30:00,synthetic_normal,normal
TX10002223,W001437,W000203,0.46767,2026-03-01 09:02:00,synthetic_normal,normal
TX10006018,W000421,W000668,0.127461,2026-03-01 09:10:00,synthetic_normal,normal
TX10002513,W002160,W002099,5.731896,2026-03-01 09:32:00,synthetic_normal,normal
TX10008901,W000043,W001464,1.818899,2026-03-01 09:38:00,synthetic_normal,normal
TX10002822,W000140,W000354,0.367336,2026-03-01 09:41:00,synthetic_normal,normal
TX10007070,W002194,W001935,0.211084,2026-03-01 10:06:00,synthetic_normal,normal
TX10005197,W001001,W002105,0.358861,2026-03-01 10:07:00,synthetic_normal,normal
TX10006019,W000378,W001551,0.264783,2026-03-01 10:17:00,synthetic_normal,normal
TX10005036,W000290,W002069,0.679259,2026-03-01 10:23:00,synthetic_normal,normal
TX10003492,W001331,W001274,0.370233,2026-03-01 10:30:00,synthetic_normal,normal
TX10002784,W001742,W002166,0.583819,2026-03-01 10:45:00,synthetic_normal,normal
TX10005478,W001049,W001162,0.607897,2026-03-01 11:40:00,synthetic_normal,normal
TX10009442,W000687,W002171,0.672193,2026-03-01 11:40:00,synthetic_normal,normal
TX10001876,W001460,W001692,0.438522,2026-03-01 11:53:00,synthetic_normal,normal
TX10007892,W001216,W002147,0.351702,2026-03-01 12:47:00,synthetic_normal,normal
TX10006115,W001866,W000627,0.477543,2026-03-01 13:12:00,synthetic_normal,normal
TX10009902,W000725,W000547,0.450017,2026-03-01 13:27:00,synthetic_normal,normal
TX10005000,W001038,W000337,0.19511,2026-03-01 13:38:00,synthetic_normal,normal
TX10003921,W001588,W001684,0.284603,2026-03-01 14:38:00,synthetic_normal,normal
TX10005159,W001149,W001863,0.474089,2026-03-01 15:49:00,synthetic_normal,normal
TX10006923,W000794,W001730,0.229175,2026-03-01 15:50:00,synthetic_normal,normal
TX10005832,W001564,W002406,0.277472,2026-03-01 16:49:00,synthetic_normal,normal
TX10006884,W001173,W000416,0.335736,2026-03-01 17:43:00,synthetic_normal,normal
TX10001303,W000398,W002235,0.383218,2026-03-01 17:56:00,synthetic_normal,normal
TX10004354,W000688,W002152,0.347937,2026-03-01 18:08:00,synthetic_normal,normal
TX10006177,W000783,W000007,0.089082,2026-03-01 18:41:00,synthetic_normal,normal
TX10004901,W000095,W001785,0.35151,2026-03-01 19:08:00,synthetic_normal,normal
TX10004247,W002468,W001003,0.204914,2026-03-01 19:16:00,synthetic_normal,normal
TX10008044,W001149,W001271,0.737569,2026-03-01 20:22:00,synthetic_normal,normal
TX10007380,W000370,W001144,0.472419,2026-03-01 21:05:00,synthetic_normal,normal
TX10004278,W001629,W002381,0.790176,2026-03-01 21:06:00,synthetic_normal,normal
TX10000750,W000047,W001864,2.147096,2026-03-01 21:37:00,synthetic_anomalous,ip_wallet_reuse
TX10000201,W000021,W000384,3.253135,2026-03-01 22:14:00,synthetic_anomalous,fan_out
TX10009468,W000017,W001702,0.318767,2026-03-01 23:12:00,synthetic_normal,normal
TX10005040,W001294,W001361,0.541254,2026-03-01 23:13:00,synthetic_normal,normal
TX10009853,W002275,W000541,0.573856,2026-03-01 23:19:00,synthetic_normal,normal
TX10009526,W002371,W002424,0.363358,2026-03-02 00:15:00,synthetic_normal,normal
TX10000745,W000049,W000192,3.748595,2026-03-02 00:17:00,synthetic_anomalous,fan_out
TX10007052,W002022,W000656,0.918959,2026-03-02 00:39:00,synthetic_normal,normal
TX10000808,W000928,W001293,1.007695,2026-03-02 00:45:00,synthetic_anomalous,rapid_chain
TX10006938,W002025,W001106,1.566586,2026-03-02 01:25:00,synthetic_normal,normal
TX10002843,W002429,W001191,0.50679,2026-03-02 01:41:00,synthetic_normal,normal
TX10002431,W000049,W000770,0.555703,2026-03-02 03:19:00,synthetic_normal,normal
TX10008606,W001522,W000802,0.68329,2026-03-02 03:43:00,synthetic_normal,normal
TX10007959,W002422,W000356,0.113623,2026-03-02 04:39:00,synthetic_normal,normal
TX10004339,W000826,W000371,1.064531,2026-03-02 05:02:00,synthetic_normal,normal
TX10002072,W001725,W002080,0.327037,2026-03-02 05:10:00,synthetic_normal,normal
TX10004707,W000259,W001074,0.560067,2026-03-02 05:44:00,synthetic_normal,normal
TX10006433,W001341,W002216,3.529822,2026-03-02 06:19:00,synthetic_normal,normal
TX10001442,W000107,W000541,0.394944,2026-03-02 06:44:00,synthetic_normal,normal
TX10005325,W001282,W000888,0.324481,2026-03-02 07:09:00,synthetic_normal,normal
TX10003459,W001911,W001552,0.726137,2026-03-02 07:17:00,synthetic_normal,normal
TX10004802,W000964,W001223,0.399926,2026-03-02 07:43:00,synthetic_normal,normal
TX10007942,W001282,W000545,0.55959,2026-03-02 08:36:00,synthetic_normal,normal
TX10003792,W000154,W001732,1.250591,2026-03-02 09:07:00,synthetic_normal,normal
TX10000692,W001789,W001204,1.498847,2026-03-02 09:12:00,synthetic_anomalous,high_frequency
TX10006600,W002337,W000876,0.574767,2026-03-02 09:32:00,synthetic_normal,normal
TX10006771,W000427,W001265,0.366664,2026-03-02 09:33:00,synthetic_normal,normal
TX10000447,W000018,W001145,12.87016,2026-03-02 09:41:00,synthetic_anomalous,layered_transfer
TX10006073,W002184,W001445,0.146979,2026-03-02 09:45:00,synthetic_normal,normal
TX10001266,W002221,W001562,0.46073,2026-03-02 09:58:00,synthetic_normal,normal
TX10007510,W001341,W001244,0.993215,2026-03-02 10:28:00,synthetic_normal,normal
TX10002396,W002127,W001092,0.50582,2026-03-02 10:29:00,synthetic_normal,normal
TX10007709,W001312,W000143,0.260217,2026-03-02 10:36:00,synthetic_normal,normal
TX10008540,W001210,W001486,0.192284,2026-03-02 11:05:00,synthetic_normal,normal
TX10002170,W000226,W001393,0.381153,2026-03-02 11:33:00,synthetic_normal,normal
TX10004922,W002449,W001166,0.29936,2026-03-02 11:55:00,synthetic_normal,normal
TX10000392,W001459,W000885,4.515768,2026-03-02 12:28:00,synthetic_anomalous,rapid_chain
TX10009380,W002367,W000224,0.354706,2026-03-02 12:55:00,synthetic_normal,normal
TX10003788,W000987,W001355,1.029333,2026-03-02 13:04:00,synthetic_normal,normal
TX10005792,W000284,W001162,1.980942,2026-03-02 13:30:00,synthetic_normal,normal
TX10001071,W000976,W000952,0.292522,2026-03-02 13:37:00,synthetic_normal,normal
TX10006944,W000988,W000372,0.242674,2026-03-02 13:52:00,synthetic_normal,normal
TX10006994,W000854,W001131,0.75878,2026-03-02 14:47:00,synthetic_normal,normal
TX10004572,W000623,W001304,0.15272,2026-03-02 15:55:00,synthetic_normal,normal
TX10006178,W001655,W002064,0.508356,2026-03-02 16:04:00,synthetic_normal,normal
TX10008558,W002215,W000144,0.300321,2026-03-02 16:11:00,synthetic_normal,normal
TX10002397,W000738,W000408,0.474954,2026-03-02 16:13:00,synthetic_normal,normal
TX10007765,W002113,W001271,0.462627,2026-03-02 17:21:00,synthetic_normal,normal
TX10000844,W000168,W000602,5.022517,2026-03-02 17:45:00,synthetic_anomalous,high_frequency
TX10000860,W002188,W001196,6.822594,2026-03-02 18:00:00,synthetic_anomalous,high_frequency
TX10006214,W000473,W000656,0.9966,2026-03-02 18:16:00,synthetic_normal,normal
TX10007389,W000248,W001383,0.751453,2026-03-02 19:05:00,synthetic_normal,normal
TX10008309,W000918,W000836,0.403738,2026-03-02 20:52:00,synthetic_normal,normal
TX10009092,W002158,W000918,0.319049,2026-03-02 21:13:00,synthetic_normal,normal
TX10000509,W000013,W000494,3.305723,2026-03-02 21:36:00,synthetic_anomalous,high_connectivity
TX10000138,W000038,W001855,1.586182,2026-03-02 21:48:00,synthetic_anomalous,fan_in
TX10007847,W000758,W002272,0.873537,2026-03-02 22:30:00,synthetic_normal,normal
TX10003546,W000823,W002357,0.737819,2026-03-02 23:25:00,synthetic_normal,normal
TX10008917,W000811,W001875,1.626085,2026-03-03 00:16:00,synthetic_normal,normal
TX10004944,W002323,W000416,0.607707,2026-03-03 00:37:00,synthetic_normal,normal
TX10001683,W002273,W001138,1.121628,2026-03-03 00:39:00,synthetic_normal,normal
TX10004743,W002194,W000618,0.974485,2026-03-03 00:54:00,synthetic_normal,normal
TX10005965,W001856,W001677,0.294682,2026-03-03 00:57:00,synthetic_normal,normal
TX10007101,W000642,W001400,0.560014,2026-03-03 01:42:00,synthetic_normal,normal
TX10002133,W001805,W000272,0.434039,2026-03-03 03:00:00,synthetic_normal,normal
TX10007833,W001046,W002450,0.711126,2026-03-03 03:09:00,synthetic_normal,normal
TX10000258,W000002,W000063,8.269623,2026-03-03 03:33:00,synthetic_anomalous,fan_in
TX10003623,W001074,W000719,0.225792,2026-03-03 03:34:00,synthetic_normal,normal
TX10002931,W001615,W002132,1.424567,2026-03-03 03:53:00,synthetic_normal,normal
TX10006251,W000486,W001471,0.381023,2026-03-03 04:09:00,synthetic_normal,normal
TX10009910,W000598,W000256,0.289611,2026-03-03 04:44:00,synthetic_normal,normal
TX10008720,W001282,W002063,0.374759,2026-03-03 05:10:00,synthetic_normal,normal
TX10006920,W002117,W001206,1.158939,2026-03-03 05:29:00,synthetic_normal,normal
TX10001480,W002401,W002403,2.514171,2026-03-03 05:29:00,synthetic_normal,normal
TX10008225,W001420,W000025,0.253274,2026-03-03 05:33:00,synthetic_normal,normal
TX10002766,W000133,W001541,0.456118,2026-03-03 05:54:00,synthetic_normal,normal
TX10007666,W001321,W000046,1.482495,2026-03-03 06:04:00,synthetic_normal,normal
TX10005518,W000180,W001683,0.707936,2026-03-03 06:09:00,synthetic_normal,normal
TX10004889,W002315,W000774,0.63985,2026-03-03 06:59:00,synthetic_normal,normal
TX10003495,W000381,W001550,0.261581,2026-03-03 07:41:00,synthetic_normal,normal
TX10000716,W000648,W000475,2.708934,2026-03-03 08:43:00,synthetic_anomalous,high_frequency
TX10002832,W002490,W001882,0.513639,2026-03-03 09:04:00,synthetic_normal,normal
TX10001121,W002296,W001251,1.233466,2026-03-03 10:05:00,synthetic_normal,normal
TX10008075,W000689,W001674,0.185234,2026-03-03 11:27:00,synthetic_normal,normal
TX10002847,W000887,W000337,0.311599,2026-03-03 11:47:00,synthetic_normal,normal
TX10003021,W001808,W000905,0.527758,2026-03-03 11:54:00,synthetic_normal,normal
TX10000427,W000534,W001198,5.225846,2026-03-03 11:54:00,synthetic_anomalous,cross_border_burst
TX10002040,W000576,W001305,0.875729,2026-03-03 12:08:00,synthetic_normal,normal
TX10001959,W002355,W001020,0.268829,2026-03-03 12:18:00,synthetic_normal,normal
TX10009012,W000822,W001284,0.363732,2026-03-03 12:46:00,synthetic_normal,normal
TX10007866,W001256,W002385,0.313322,2026-03-03 14:04:00,synthetic_normal,normal
TX10006588,W002150,W000954,0.129316,2026-03-03 14:18:00,synthetic_normal,normal
TX10009371,W000924,W001263,0.717004,2026-03-03 14:24:00,synthetic_normal,normal
TX10009402,W000779,W001117,0.489211,2026-03-03 14:26:00,synthetic_normal,normal
TX10002211,W001132,W002298,0.766901,2026-03-03 14:28:00,synthetic_normal,normal
TX10000302,W000019,W000651,3.367172,2026-03-03 14:44:00,synthetic_anomalous,ip_wallet_reuse
TX10009736,W001547,W000252,0.826003,2026-03-03 14:47:00,synthetic_normal,normal
TX10006511,W001600,W002466,0.564958,2026-03-03 15:18:00,synthetic_normal,normal
TX10006802,W000566,W000033,0.387176,2026-03-03 15:26:00,synthetic_normal,normal
TX10004678,W001318,W001111,0.133379,2026-03-03 15:29:00,synthetic_normal,normal
TX10004735,W000376,W000023,0.301109,2026-03-03 15:31:00,synthetic_normal,normal
TX10004715,W001490,W000054,1.11434,2026-03-03 15:32:00,synthetic_normal,normal
TX10003328,W002120,W002235,0.558655,2026-03-03 15:43:00,synthetic_normal,normal
TX10006679,W001773,W002404,0.197851,2026-03-03 16:05:00,synthetic_normal,normal
TX10000231,W000005,W001838,5.577153,2026-03-03 16:24:00,synthetic_anomalous,layered_transfer
TX10002718,W002189,W002452,0.45738,2026-03-03 16:41:00,synthetic_normal,normal
TX10005048,W000154,W002495,0.274877,2026-03-03 16:52:00,synthetic_normal,normal
TX10001770,W001077,W001775,0.708197,2026-03-03 17:01:00,synthetic_normal,normal
TX10002381,W002132,W002446,0.916583,2026-03-03 18:02:00,synthetic_normal,normal
TX10002705,W000450,W001010,0.399394,2026-03-03 18:12:00,synthetic_normal,normal
TX10004043,W000219,W000775,0.618082,2026-03-03 18:12:00,synthetic_normal,normal
TX10009966,W001133,W000817,1.318075,2026-03-03 18:13:00,synthetic_normal,normal
TX10001061,W001497,W002119,2.171344,2026-03-03 18:59:00,synthetic_normal,normal
TX10000265,W000039,W000611,2.375543,2026-03-03 19:00:00,synthetic_anomalous,fan_out
TX10001390,W001676,W002082,0.730606,2026-03-03 19:02:00,synthetic_normal,normal
TX10002562,W000457,W000634,0.619521,2026-03-03 19:29:00,synthetic_normal,normal
TX10009600,W002232,W001963,0.992902,2026-03-03 19:32:00,synthetic_normal,normal
TX10002682,W000685,W000454,1.09534,2026-03-03 20:16:00,synthetic_normal,normal
TX10002881,W000440,W000781,0.665071,2026-03-03 21:02:00,synthetic_normal,normal
TX10009073,W001311,W001963,0.384087,2026-03-03 21:36:00,synthetic_normal,normal
TX10009889,W000663,W002410,0.228652,2026-03-03 22:40:00,synthetic_normal,normal
TX10009782,W001803,W000121,0.425644,2026-03-03 23:25:00,synthetic_normal,normal
TX10004959,W001952,W000804,0.598792,2026-03-03 23:42:00,synthetic_normal,normal
TX10001931,W001343,W000786,0.36494,2026-03-03 23:47:00,synthetic_normal,normal
TX10007886,W001563,W002477,1.291314,2026-03-04 00:00:00,synthetic_normal,normal
TX10009785,W002324,W000807,0.191965,2026-03-04 00:02:00,synthetic_normal,normal
TX10009389,W001149,W000308,0.330026,2026-03-04 00:19:00,synthetic_normal,normal
TX10006630,W001369,W000660,0.328582,2026-03-04 00:46:00,synthetic_normal,normal
TX10001592,W000237,W002049,0.279605,2026-03-04 02:54:00,synthetic_normal,normal
TX10004612,W000792,W000061,0.240312,2026-03-04 03:19:00,synthetic_normal,normal
TX10003481,W001793,W000116,0.125551,2026-03-04 03:38:00,synthetic_normal,normal
TX10000537,W000028,W001461,7.410352,2026-03-04 03:39:00,synthetic_anomalous,fan_out
TX10005081,W000765,W001073,0.17146,2026-03-04 03:59:00,synthetic_normal,normal
TX10001759,W000368,W001423,0.353664,2026-03-04 04:38:00,synthetic_normal,normal
TX10000243,W001999,W002211,0.746181,2026-03-04 05:11:00,synthetic_anomalous,cross_border_burst
TX10001930,W001829,W000882,0.337484,2026-03-04 05:38:00,synthetic_normal,normal
TX10002377,W000473,W000728,0.315046,2026-03-04 06:07:00,synthetic_normal,normal
TX10008949,W000312,W002498,0.43559,2026-03-04 06:27:00,synthetic_normal,normal
TX10009362,W001829,W002087,0.693706,2026-03-04 06:55:00,synthetic_normal,normal
TX10009014,W002162,W000117,0.974017,2026-03-04 07:00:00,synthetic_normal,normal
TX10001868,W001933,W002089,0.408463,2026-03-04 08:38:00,synthetic_normal,normal
TX10007017,W001565,W002114,0.541533,2026-03-04 08:44:00,synthetic_normal,normal
TX10008004,W000780,W001041,0.527784,2026-03-04 08:49:00,synthetic_normal,normal
TX10009031,W001211,W001852,0.436953,2026-03-04 08:57:00,synthetic_normal,normal
TX10006746,W000249,W001740,0.575956,2026-03-04 09:01:00,synthetic_normal,normal
TX10005877,W000100,W002162,0.081736,2026-03-04 09:08:00,synthetic_normal,normal
TX10003080,W001483,W002196,1.173,2026-03-04 09:17:00,synthetic_normal,normal
TX10000126,W000008,W000578,1.357197,2026-03-04 09:33:00,synthetic_anomalous,ip_wallet_reuse
TX10003453,W001142,W001439,0.32084,2026-03-04 11:26:00,synthetic_normal,normal
TX10005852,W000748,W001706,1.14362,2026-03-04 11:55:00,synthetic_normal,normal
TX10007982,W001081,W000629,0.478742,2026-03-04 12:33:00,synthetic_normal,normal
TX10000044,W001444,W001609,11.367986,2026-03-04 13:38:00,synthetic_anomalous,high_frequency
TX10001874,W001686,W002020,0.218137,2026-03-04 14:13:00,synthetic_normal,normal
TX10004597,W001940,W000841,0.282503,2026-03-04 14:17:00,synthetic_normal,normal
TX10007373,W001712,W001759,0.4709,2026-03-04 14:26:00,synthetic_normal,normal
TX10009790,W000520,W001942,0.423951,2026-03-04 15:04:00,synthetic_normal,normal
TX10001896,W000747,W000057,0.104227,2026-03-04 15:34:00,synthetic_normal,normal
TX10009317,W000562,W000059,0.961741,2026-03-04 15:36:00,synthetic_normal,normal
TX10008269,W001304,W001403,0.497809,2026-03-04 15:42:00,synthetic_normal,normal
TX10007473,W000695,W001591,0.210497,2026-03-04 16:19:00,synthetic_normal,normal
TX10006208,W000699,W000593,0.159815,2026-03-04 16:48:00,synthetic_normal,normal
TX10009724,W002013,W002034,1.016664,2026-03-04 17:22:00,synthetic_normal,normal
TX10005500,W002043,W001516,0.739462,2026-03-04 17:34:00,synthetic_normal,normal
TX10006301,W001031,W001240,0.334823,2026-03-04 17:38:00,synthetic_normal,normal
TX10009947,W001523,W000329,0.33238,2026-03-04 18:14:00,synthetic_normal,normal
TX10000932,W002256,W000153,2.842011,2026-03-04 19:15:00,synthetic_anomalous,high_frequency
TX10001158,W000136,W001758,0.794901,2026-03-04 20:04:00,synthetic_normal,normal
TX10008103,W000656,W001572,0.816006,2026-03-04 20:41:00,synthetic_normal,normal
TX10006533,W001009,W001390,0.176588,2026-03-04 21:08:00,synthetic_normal,normal
TX10008555,W001349,W001862,0.29442,2026-03-04 21:12:00,synthetic_normal,normal
TX10000008,W000744,W000755,1.717873,2026-03-04 21:44:00,synthetic_anomalous,rapid_chain
TX10002872,W001464,W000365,0.426719,2026-03-04 21:45:00,synthetic_normal,normal
TX10004317,W000505,W002265,0.238839,2026-03-04 21:55:00,synthetic_normal,normal
TX10001338,W002408,W002438,1.53893,2026-03-04 22:02:00,synthetic_normal,normal
TX10001745,W000208,W000220,0.236287,2026-03-04 22:12:00,synthetic_normal,normal
TX10003899,W002163,W002136,0.495098,2026-03-04 22:20:00,synthetic_normal,normal
TX10005161,W000268,W000410,0.87147,2026-03-04 22:47:00,synthetic_normal,normal
TX10000281,W000035,W000108,2.00725,2026-03-04 22:50:00,synthetic_anomalous,fan_out
TX10008557,W001255,W000856,1.965817,2026-03-05 00:24:00,synthetic_normal,normal
TX10000483,W001866,W001793,4.990325,2026-03-05 00:26:00,synthetic_anomalous,cross_border_burst
TX10008688,W000831,W001607,0.696927,2026-03-05 00:45:00,synthetic_normal,normal
TX10008672,W002143,W000613,0.167467,2026-03-05 01:23:00,synthetic_normal,normal
TX10003767,W001737,W001243,0.17577,2026-03-05 01:31:00,synthetic_normal,normal
TX10001345,W001449,W000724,0.335924,2026-03-05 01:31:00,synthetic_normal,normal
TX10001651,W000459,W000403,0.335942,2026-03-05 01:42:00,synthetic_normal,normal
TX10008893,W001593,W002067,0.913552,2026-03-05 02:49:00,synthetic_normal,normal
TX10000385,W000008,W002197,3.343636,2026-03-05 02:56:00,synthetic_anomalous,fan_out
TX10004175,W000898,W000832,0.924727,2026-03-05 03:31:00,synthetic_normal,normal
TX10008827,W000172,W000776,0.689096,2026-03-05 03:31:00,synthetic_normal,normal
TX10009537,W000156,W001422,0.296581,2026-03-05 03:39:00,synthetic_normal,normal
TX10009252,W000835,W001377,0.250406,2026-03-05 03:46:00,synthetic_normal,normal
TX10003706,W001584,W002238,0.253716,2026-03-05 03:47:00,synthetic_normal,normal
TX10006700,W001968,W001266,0.823823,2026-03-05 04:32:00,synthetic_normal,normal
TX10005383,W000185,W001826,0.554,2026-03-05 04:39:00,synthetic_normal,normal
TX10001637,W002394,W000555,1.094469,2026-03-05 04:43:00,synthetic_normal,normal
TX10001681,W000756,W001354,0.607951,2026-03-05 06:14:00,synthetic_normal,normal
TX10009179,W000533,W000438,0.808622,2026-03-05 06:27:00,synthetic_normal,normal
TX10006783,W000596,W001708,0.168232,2026-03-05 06:27:00,synthetic_normal,normal
TX10002257,W000627,W000727,0.792116,2026-03-05 06:30:00,synthetic_normal,normal
TX10001553,W000528,W001338,1.611346,2026-03-05 06:47:00,synthetic_normal,normal
TX10008881,W000880,W001586,0.161994,2026-03-05 07:01:00,synthetic_normal,normal
TX10005235,W000990,W002311,0.482531,2026-03-05 07:56:00,synthetic_normal,normal
TX10005562,W001141,W000087,0.267179,2026-03-05 08:33:00,synthetic_normal,normal
TX10005270,W001461,W002124,2.964806,2026-03-05 08:36:00,synthetic_normal,normal
TX10007939,W001786,W001805,0.200998,2026-03-05 08:39:00,synthetic_normal,normal
TX10000884,W002415,W000340,4.548918,2026-03-05 08:43:00,synthetic_anomalous,high_frequency
TX10003019,W000810,W000026,0.322407,2026-03-05 08:44:00,synthetic_normal,normal
TX10003529,W001558,W001584,0.282882,2026-03-05 08:53:00,synthetic_normal,normal
TX10008379,W000391,W000930,0.578275,2026-03-05 08:58:00,synthetic_normal,normal
TX10000207,W000012,W000991,1.523118,2026-03-05 09:08:00,synthetic_anomalous,layered_transfer
TX10007891,W002337,W000677,0.287836,2026-03-05 09:17:00,synthetic_normal,normal
TX10007051,W002253,W001387,1.017657,2026-03-05 09:20:00,synthetic_normal,normal
TX10009168,W000901,W002250,0.52796,2026-03-05 09:42:00,synthetic_normal,normal
TX10006945,W001214,W002310,0.431919,2026-03-05 10:12:00,synthetic_normal,normal
TX10008789,W002026,W000968,1.497637,2026-03-05 10:47:00,synthetic_normal,normal
TX10002489,W000458,W001475,0.721019,2026-03-05 10:58:00,synthetic_normal,normal
TX10003197,W000411,W001082,1.727978,2026-03-05 11:13:00,synthetic_normal,normal
TX10004450,W000060,W001128,0.143161,2026-03-05 11:53:00,synthetic_normal,normal
TX10001003,W000689,W000798,1.071003,2026-03-05 11:57:00,synthetic_normal,normal
TX10000041,W000023,W000874,5.96109,2026-03-05 11:58:00,synthetic_anomalous,fan_out
TX10000332,W002478,W001381,3.486268,2026-03-05 12:09:00,synthetic_anomalous,high_frequency
TX10002548,W000366,W000836,0.65354,2026-03-05 12:15:00,synthetic_normal,normal
TX10004297,W000909,W001501,0.223092,2026-03-05 12:52:00,synthetic_normal,normal
TX10002619,W001174,W002176,0.155179,2026-03-05 13:00:00,synthetic_normal,normal
TX10002863,W002297,W000970,0.312883,2026-03-05 13:14:00,synthetic_normal,normal
TX10002204,W001378,W002032,0.698734,2026-03-05 13:35:00,synthetic_normal,normal
TX10005514,W002367,W002013,0.351062,2026-03-05 13:54:00,synthetic_normal,normal
TX10009667,W000583,W000750,0.638023,2026-03-05 14:04:00,synthetic_normal,normal
TX10001582,W000595,W000455,0.50448,2026-03-05 14:14:00,synthetic_normal,normal
TX10009260,W001359,W001753,0.504592,2026-03-05 14:15:00,synthetic_normal,normal
TX10009872,W000446,W002081,0.615944,2026-03-05 14:16:00,synthetic_normal,normal
TX10007138,W001672,W001534,0.49177,2026-03-05 15:19:00,synthetic_normal,normal
TX10005926,W001377,W000875,0.318584,2026-03-05 15:20:00,synthetic_normal,normal
TX10008313,W000919,W001181,2.366555,2026-03-05 16:02:00,synthetic_normal,normal
TX10005182,W001825,W002477,0.765663,2026-03-05 16:09:00,synthetic_normal,normal
TX10004358,W000521,W000005,0.434656,2026-03-05 17:38:00,synthetic_normal,normal
TX10002124,W002281,W001207,0.515252,2026-03-05 18:07:00,synthetic_normal,normal
TX10007752,W002151,W002314,0.758332,2026-03-05 19:05:00,synthetic_normal,normal
TX10000959,W000045,W001583,1.615143,2026-03-05 19:10:00,synthetic_anomalous,layered_transfer
TX10009960,W000678,W000224,0.53247,2026-03-05 20:20:00,synthetic_normal,normal
TX10009934,W002150,W000571,0.245894,2026-03-05 20:22:00,synthetic_normal,normal
TX10008986,W001468,W000007,0.373459,2026-03-05 21:08:00,synthetic_normal,normal
TX10001286,W000768,W001940,0.148672,2026-03-05 21:28:00,synthetic_normal,normal
TX10005233,W001912,W001102,0.119401,2026-03-05 22:01:00,synthetic_normal,normal
TX10002592,W000015,W001309,0.337075,2026-03-05 23:09:00,synthetic_normal,normal
TX10004292,W002019,W001690,0.38452,2026-03-05 23:25:00,synthetic_normal,normal
TX10006720,W000725,W000838,0.54577,2026-03-06 00:08:00,synthetic_normal,normal
TX10005700,W002171,W002250,1.032514,2026-03-06 00:56:00,synthetic_normal,normal
TX10002370,W001202,W001013,0.573229,2026-03-06 01:09:00,synthetic_normal,normal
TX10002496,W000178,W001615,0.402006,2026-03-06 01:34:00,synthetic_normal,normal
TX10006078,W001955,W001739,0.664914,2026-03-06 01:46:00,synthetic_normal,normal
TX10000799,W000022,W001237,6.391409,2026-03-06 01:51:00,synthetic_anomalous,layered_transfer
TX10008539,W001694,W002169,0.327504,2026-03-06 02:10:00,synthetic_normal,normal
TX10001729,W000930,W000212,1.447396,2026-03-06 02:16:00,synthetic_normal,normal
TX10001769,W001173,W000023,0.191735,2026-03-06 02:52:00,synthetic_normal,normal
TX10008701,W000825,W001063,0.16207,2026-03-06 03:12:00,synthetic_normal,normal
TX10001375,W001844,W000248,0.596868,2026-03-06 03:33:00,synthetic_normal,normal
TX10008241,W002398,W002312,0.248171,2026-03-06 03:48:00,synthetic_normal,normal
TX10007171,W002231,W002494,0.423654,2026-03-06 03:50:00,synthetic_normal,normal
TX10001623,W000996,W002315,0.465895,2026-03-06 04:05:00,synthetic_normal,normal
TX10007896,W001627,W001791,1.251413,2026-03-06 04:12:00,synthetic_normal,normal
TX10008146,W001365,W000895,0.51673,2026-03-06 04:22:00,synthetic_normal,normal
TX10002322,W000660,W000909,0.848521,2026-03-06 04:49:00,synthetic_normal,normal
TX10003253,W001912,W000738,2.192114,2026-03-06 05:34:00,synthetic_normal,normal
TX10008616,W000792,W002358,1.280836,2026-03-06 06:54:00,synthetic_normal,normal
TX10007049,W001627,W000238,1.454884,2026-03-06 07:18:00,synthetic_normal,normal
TX10008997,W000307,W002500,0.785146,2026-03-06 07:22:00,synthetic_normal,normal
TX10002860,W001057,W000818,0.270252,2026-03-06 07:24:00,synthetic_normal,normal
TX10005662,W000613,W001410,0.266664,2026-03-06 07:39:00,synthetic_normal,normal
TX10004536,W000729,W002465,0.326478,2026-03-06 07:43:00,synthetic_normal,normal
TX10005368,W001717,W001646,0.388253,2026-03-06 07:47:00,synthetic_normal,normal
TX10004421,W001288,W000136,0.832535,2026-03-06 08:19:00,synthetic_normal,normal
TX10006012,W000280,W000214,0.586505,2026-03-06 08:26:00,synthetic_normal,normal
TX10001898,W001360,W002459,0.31727,2026-03-06 08:37:00,synthetic_normal,normal
TX10000923,W001458,W002417,5.627904,2026-03-06 09:06:00,synthetic_anomalous,cross_border_burst
TX10003628,W002165,W001138,0.093658,2026-03-06 10:04:00,synthetic_normal,normal
TX10009734,W002023,W002136,0.410527,2026-03-06 12:35:00,synthetic_normal,normal
TX10009222,W002207,W001680,0.758551,2026-03-06 13:37:00,synthetic_normal,normal
TX10006166,W000485,W000861,0.291121,2026-03-06 13:52:00,synthetic_normal,normal
TX10007798,W000004,W000184,0.305096,2026-03-06 13:54:00,synthetic_normal,normal
TX10004930,W001974,W000150,0.797931,2026-03-06 14:50:00,synthetic_normal,normal
TX10008653,W001674,W000827,0.095393,2026-03-06 15:19:00,synthetic_normal,normal
TX10003045,W000792,W000901,2.4465,2026-03-06 15:19:00,synthetic_normal,normal
TX10000390,W000046,W001099,3.733397,2026-03-06 16:36:00,synthetic_anomalous,ip_wallet_reuse
TX10007695,W000556,W002493,0.35779,2026-03-06 17:43:00,synthetic_normal,normal
TX10001318,W002125,W001572,0.198336,2026-03-06 17:51:00,synthetic_normal,normal
TX10005439,W000798,W002022,0.707652,2026-03-06 18:14:00,synthetic_normal,normal
TX10003163,W000048,W000541,0.464418,2026-03-06 19:33:00,synthetic_normal,normal
TX10009800,W002466,W001871,0.385129,2026-03-06 19:51:00,synthetic_normal,normal
TX10000805,W000024,W001617,5.98272,2026-03-06 19:56:00,synthetic_anomalous,high_connectivity
TX10006174,W002469,W001523,0.561531,2026-03-06 20:24:00,synthetic_normal,normal
TX10001022,W000315,W000501,1.153729,2026-03-06 20:54:00,synthetic_normal,normal
TX10009094,W000428,W000652,0.266542,2026-03-06 20:55:00,synthetic_normal,normal
TX10004087,W000244,W001935,0.180343,2026-03-06 21:48:00,synthetic_normal,normal
TX10004852,W001623,W002125,0.596087,2026-03-06 21:49:00,synthetic_normal,normal
TX10008466,W000360,W001140,0.223316,2026-03-06 22:25:00,synthetic_normal,normal
TX10001226,W002495,W002018,0.406638,2026-03-06 22:33:00,synthetic_normal,normal
TX10001312,W000907,W000759,0.9197,2026-03-06 22:52:00,synthetic_normal,normal
TX10008956,W001949,W000808,0.757419,2026-03-06 22:58:00,synthetic_normal,normal
TX10002605,W002116,W001287,0.408999,2026-03-06 23:15:00,synthetic_normal,normal
TX10003789,W001065,W000872,0.50674,2026-03-06 23:33:00,synthetic_normal,normal
TX10006577,W000166,W000388,1.307391,2026-03-06 23:33:00,synthetic_normal,normal
TX10008032,W001941,W001977,0.295504,2026-03-07 00:38:00,synthetic_normal,normal
TX10008525,W000964,W001165,0.405494,2026-03-07 00:41:00,synthetic_normal,normal
TX10004343,W002111,W002166,0.527762,2026-03-07 01:58:00,synthetic_normal,normal
TX10000240,W001603,W001363,3.289314,2026-03-07 03:09:00,synthetic_anomalous,rapid_chain
TX10001799,W001548,W002132,0.104261,2026-03-07 03:18:00,synthetic_normal,normal
TX10001937,W002032,W001822,0.402588,2026-03-07 03:23:00,synthetic_normal,normal
TX10004004,W002192,W001603,0.517678,2026-03-07 03:26:00,synthetic_normal,normal
TX10000421,W000032,W000574,7.078463,2026-03-07 04:15:00,synthetic_anomalous,high_connectivity
TX10000905,W000045,W000367,3.585163,2026-03-07 04:15:00,synthetic_anomalous,fan_out
TX10007185,W001646,W001467,0.159393,2026-03-07 04:27:00,synthetic_normal,normal
TX10003950,W002322,W000500,0.467853,2026-03-07 05:37:00,synthetic_normal,normal
TX10003776,W000572,W001295,0.369689,2026-03-07 05:41:00,synthetic_normal,normal
TX10005068,W000581,W002015,0.111911,2026-03-07 05:51:00,synthetic_normal,normal
TX10001050,W001924,W000119,0.457472,2026-03-07 07:29:00,synthetic_normal,normal
TX10007508,W001769,W000614,0.300703,2026-03-07 08:33:00,synthetic_normal,normal
TX10000344,W000602,W001567,1.865231,2026-03-07 10:11:00,synthetic_anomalous,rapid_chain
TX10007907,W002202,W001042,1.010812,2026-03-07 10:29:00,synthetic_normal,normal
TX10002620,W001888,W001356,0.168158,2026-03-07 10:45:00,synthetic_normal,normal
TX10008929,W000202,W000880,0.120652,2026-03-07 10:49:00,synthetic_normal,normal
TX10007243,W002330,W000929,0.272519,2026-03-07 11:42:00,synthetic_normal,normal
TX10007053,W001572,W000689,0.497841,2026-03-07 12:34:00,synthetic_normal,normal
TX10007997,W001181,W000518,0.337483,2026-03-07 13:19:00,synthetic_normal,normal
TX10001416,W001182,W000298,0.583388,2026-03-07 13:58:00,synthetic_normal,normal
TX10006820,W000765,W000751,0.259344,2026-03-07 14:05:00,synthetic_normal,normal
TX10008041,W001032,W002429,0.144349,2026-03-07 16:05:00,synthetic_normal,normal
TX10007551,W000091,W001340,0.246874,2026-03-07 16:09:00,synthetic_normal,normal
TX10007826,W000224,W001820,0.713906,2026-03-07 16:17:00,synthetic_normal,normal
TX10001508,W001153,W002024,0.441542,2026-03-07 16:31:00,synthetic_normal,normal
TX10001076,W002426,W001105,0.80433,2026-03-07 17:05:00,synthetic_normal,normal
TX10008544,W000912,W000959,0.670893,2026-03-07 17:10:00,synthetic_normal,normal
TX10000522,W000013,W000857,5.43397,2026-03-07 17:43:00,synthetic_anomalous,fan_in
TX10000939,W001843,W001430,3.238798,2026-03-07 17:49:00,synthetic_anomalous,cross_border_burst
TX10007558,W001151,W001769,0.221383,2026-03-07 17:58:00,synthetic_normal,normal
TX10005830,W001546,W001287,0.203057,2026-03-07 18:22:00,synthetic_normal,normal
TX10008425,W000298,W000202,1.087397,2026-03-07 18:33:00,synthetic_normal,normal
TX10007811,W000612,W001922,0.942553,2026-03-07 18:36:00,synthetic_normal,normal
TX10003318,W000151,W000720,0.227964,2026-03-07 18:43:00,synthetic_normal,normal
TX10007797,W002037,W001930,0.757634,2026-03-07 20:28:00,synthetic_normal,normal
TX10006456,W000712,W001372,0.25761,2026-03-07 20:39:00,synthetic_normal,normal
TX10009246,W001350,W001976,1.20416,2026-03-07 20:39:00,synthetic_normal,normal
TX10007372,W002397,W001768,0.322973,2026-03-07 21:32:00,synthetic_normal,normal
TX10004236,W001375,W001652,0.510588,2026-03-07 21:45:00,synthetic_normal,normal
TX10007956,W000218,W002302,0.295468,2026-03-07 22:25:00,synthetic_normal,normal
TX10005556,W002179,W000531,0.819508,2026-03-07 22:26:00,synthetic_normal,normal
TX10006417,W001875,W000879,0.799516,2026-03-07 22:27:00,synthetic_normal,normal
TX10007936,W000680,W000407,0.751515,2026-03-07 22:34:00,synthetic_normal,normal
TX10006646,W001782,W002104,0.309899,2026-03-07 22:48:00,synthetic_normal,normal
TX10004717,W002417,W000965,0.347707,2026-03-07 23:24:00,synthetic_normal,normal
TX10008038,W002065,W001050,0.252152,2026-03-07 23:33:00,synthetic_normal,normal
TX10000945,W000030,W000329,1.760021,2026-03-07 23:42:00,synthetic_anomalous,fan_out
TX10008657,W001810,W001051,0.147338,2026-03-08 00:08:00,synthetic_normal,normal
TX10008414,W000283,W002319,1.495901,2026-03-08 00:33:00,synthetic_normal,normal
TX10001257,W001153,W000172,0.360111,2026-03-08 00:37:00,synthetic_normal,normal
TX10008668,W001890,W001027,0.943347,2026-03-08 02:04:00,synthetic_normal,normal
TX10004177,W000151,W001790,0.216894,2026-03-08 02:16:00,synthetic_normal,normal
TX10007586,W001825,W000795,0.300924,2026-03-08 02:52:00,synthetic_normal,normal
TX10008307,W001869,W000293,0.776668,2026-03-08 03:36:00,synthetic_normal,normal
TX10002633,W001616,W000126,0.460879,2026-03-08 03:49:00,synthetic_normal,normal
TX10008129,W000051,W000002,0.222539,2026-03-08 03:56:00,synthetic_normal,normal
TX10007754,W000498,W000660,0.145377,2026-03-08 05:01:00,synthetic_normal,normal
TX10008374,W000261,W000633,0.088636,2026-03-08 05:19:00,synthetic_normal,normal
TX10002643,W001162,W000194,1.163311,2026-03-08 05:25:00,synthetic_normal,normal
TX10004757,W001187,W001002,0.403646,2026-03-08 05:28:00,synthetic_normal,normal
TX10001689,W000863,W000227,0.820558,2026-03-08 05:43:00,synthetic_normal,normal
TX10009814,W001431,W001065,0.21887,2026-03-08 06:57:00,synthetic_normal,normal
TX10009868,W001457,W001722,4.386546,2026-03-08 07:48:00,synthetic_normal,normal
TX10001136,W001809,W001977,0.158414,2026-03-08 08:03:00,synthetic_normal,normal
TX10001224,W001781,W001586,0.413937,2026-03-08 08:10:00,synthetic_normal,normal
TX10002451,W000375,W000455,1.789564,2026-03-08 08:11:00,synthetic_normal,normal
TX10006346,W002296,W001632,0.321788,2026-03-08 08:19:00,synthetic_normal,normal
TX10001869,W001477,W000444,0.618296,2026-03-08 08:35:00,synthetic_normal,normal
TX10003803,W000103,W000750,0.394398,2026-03-08 09:02:00,synthetic_normal,normal
TX10004301,W002184,W000233,1.075065,2026-03-08 09:03:00,synthetic_normal,normal
TX10003577,W000122,W002316,0.815813,2026-03-08 10:31:00,synthetic_normal,normal
TX10007461,W000157,W002422,0.484017,2026-03-08 12:39:00,synthetic_normal,normal
TX10009841,W002069,W001294,0.535745,2026-03-08 13:27:00,synthetic_normal,normal
TX10001058,W002240,W001191,0.234029,2026-03-08 13:27:00,synthetic_normal,normal
TX10001934,W001739,W001524,0.081449,2026-03-08 14:32:00,synthetic_normal,normal
TX10006287,W001321,W001488,0.249876,2026-03-08 16:00:00,synthetic_normal,normal
TX10000315,W001420,W001323,12.30605,2026-03-08 17:12:00,synthetic_anomalous,cross_border_burst
TX10007115,W000368,W002240,1.065159,2026-03-08 17:40:00,synthetic_normal,normal
TX10008765,W000631,W000414,0.48968,2026-03-08 18:04:00,synthetic_normal,normal
TX10009273,W002326,W000696,0.487706,2026-03-08 18:06:00,synthetic_normal,normal
TX10002835,W001166,W001373,0.35009,2026-03-08 18:32:00,synthetic_normal,normal
TX10004531,W000595,W002249,0.518833,2026-03-08 18:34:00,synthetic_normal,normal
TX10006275,W000301,W000471,0.164487,2026-03-08 19:21:00,synthetic_normal,normal
TX10005216,W001335,W002079,0.279742,2026-03-08 19:34:00,synthetic_normal,normal
TX10005944,W000218,W000547,1.098883,2026-03-08 19:42:00,synthetic_normal,normal
TX10009038,W002289,W001935,0.094934,2026-03-08 20:27:00,synthetic_normal,normal
TX10008843,W000721,W001920,0.670158,2026-03-08 20:38:00,synthetic_normal,normal
TX10002650,W002441,W001667,0.094389,2026-03-08 21:47:00,synthetic_normal,normal
TX10009720,W000476,W002061,0.698291,2026-03-08 22:06:00,synthetic_normal,normal
TX10000802,W000004,W001868,11.379172,2026-03-08 22:17:00,synthetic_anomalous,fan_in
TX10002763,W000683,W002146,0.572122,2026-03-08 22:26:00,synthetic_normal,normal
TX10005252,W002443,W002454,0.220393,2026-03-08 22:50:00,synthetic_normal,normal
TX10002405,W000511,W001190,0.151454,2026-03-08 23:26:00,synthetic_normal,normal
TX10009998,W000165,W000497,0.972729,2026-03-08 23:38:00,synthetic_normal,normal
TX10004202,W001732,W002168,0.451528,2026-03-09 00:25:00,synthetic_normal,normal
TX10003670,W002168,W001804,0.778155,2026-03-09 01:07:00,synthetic_normal,normal
TX10006739,W002323,W001284,0.051711,2026-03-09 01:09:00,synthetic_normal,normal
TX10004726,W002357,W000584,0.202007,2026-03-09 01:09:00,synthetic_normal,normal
TX10005322,W002356,W000696,1.123028,2026-03-09 01:21:00,synthetic_normal,normal
TX10006401,W002156,W002171,0.464378,2026-03-09 01:35:00,synthetic_normal,normal
TX10000926,W000040,W001834,1.559384,2026-03-09 01:50:00,synthetic_anomalous,ip_wallet_reuse
TX10008886,W000452,W000014,0.354154,2026-03-09 02:09:00,synthetic_normal,normal
TX10008183,W002107,W001942,0.375623,2026-03-09 03:21:00,synthetic_normal,normal
TX10008533,W000660,W000750,0.280273,2026-03-09 03:51:00,synthetic_normal,normal
TX10008184,W000349,W000525,0.273663,2026-03-09 04:02:00,synthetic_normal,normal
TX10007738,W001616,W000177,1.324553,2026-03-09 04:33:00,synthetic_normal,normal
TX10003192,W002470,W000723,0.446985,2026-03-09 05:08:00,synthetic_normal,normal
TX10005676,W000187,W002500,0.609956,2026-03-09 05:15:00,synthetic_normal,normal
TX10007804,W002241,W000875,1.137443,2026-03-09 05:24:00,synthetic_normal,normal
TX10005625,W001289,W000795,0.612505,2026-03-09 05:25:00,synthetic_normal,normal
TX10000306,W000014,W000216,4.629479,2026-03-09 06:26:00,synthetic_anomalous,fan_in
TX10008522,W002476,W001574,0.37489,2026-03-09 06:54:00,synthetic_normal,normal
TX10009815,W000512,W002046,1.484835,2026-03-09 08:00:00,synthetic_normal,normal
TX10000339,W001242,W001158,3.811925,2026-03-09 08:01:00,synthetic_anomalous,cross_border_burst
TX10008008,W001169,W000426,0.256203,2026-03-09 08:01:00,synthetic_normal,normal
TX10002878,W002159,W001670,0.240697,2026-03-09 08:27:00,synthetic_normal,normal
TX10001115,W000146,W000802,0.753164,2026-03-09 09:04:00,synthetic_normal,normal
TX10008308,W000677,W000421,0.42005,2026-03-09 10:44:00,synthetic_normal,normal
TX10008858,W001817,W001337,0.687795,2026-03-09 11:10:00,synthetic_normal,normal
TX10001675,W002319,W002177,0.121132,2026-03-09 11:18:00,synthetic_normal,normal
TX10000800,W000862,W001205,1.654325,2026-03-09 11:29:00,synthetic_anomalous,rapid_chain
TX10004642,W001806,W001959,1.07967,2026-03-09 13:28:00,synthetic_normal,normal
TX10003949,W002333,W001459,0.843088,2026-03-09 13:48:00,synthetic_normal,normal
TX10001880,W001298,W000171,0.36514,2026-03-09 13:49:00,synthetic_normal,normal
TX10001718,W000046,W000110,0.605339,2026-03-09 14:13:00,synthetic_normal,normal
TX10008256,W000912,W001956,1.161375,2026-03-09 14:14:00,synthetic_normal,normal
TX10008110,W001337,W001854,0.407262,2026-03-09 14:22:00,synthetic_normal,normal
TX10005891,W000805,W000134,0.320096,2026-03-09 16:03:00,synthetic_normal,normal
TX10002943,W000189,W001206,1.5245,2026-03-09 16:30:00,synthetic_normal,normal
TX10000101,W000012,W002277,3.825808,2026-03-09 16:34:00,synthetic_anomalous,high_connectivity
TX10005688,W000755,W001796,0.414435,2026-03-09 16:48:00,synthetic_normal,normal
TX10007004,W001647,W000844,0.362419,2026-03-09 17:02:00,synthetic_normal,normal
TX10007260,W000997,W001289,0.094551,2026-03-09 17:03:00,synthetic_normal,normal
TX10000556,W001914,W000478,4.283729,2026-03-09 17:42:00,synthetic_anomalous,high_frequency
TX10004659,W001297,W001846,0.240046,2026-03-09 17:51:00,synthetic_normal,normal
TX10009944,W000937,W002243,0.175158,2026-03-09 18:10:00,synthetic_normal,normal
TX10002654,W001419,W001956,2.19677,2026-03-09 18:12:00,synthetic_normal,normal
TX10008491,W000884,W000766,0.661434,2026-03-09 19:36:00,synthetic_normal,normal
TX10007493,W000695,W000650,0.775528,2026-03-09 19:42:00,synthetic_normal,normal
TX10007290,W000491,W000044,0.51723,2026-03-09 19:49:00,synthetic_normal,normal
TX10003047,W000550,W000494,0.304782,2026-03-09 20:11:00,synthetic_normal,normal
TX10005495,W001040,W000651,0.357561,2026-03-09 20:26:00,synthetic_normal,normal
TX10003191,W002450,W001738,0.198859,2026-03-09 20:48:00,synthetic_normal,normal
TX10006502,W000383,W000830,0.282882,2026-03-09 21:03:00,synthetic_normal,normal
TX10002628,W001550,W002076,0.407614,2026-03-09 21:38:00,synthetic_normal,normal
TX10006109,W001379,W001545,0.250335,2026-03-09 22:31:00,synthetic_normal,normal
TX10007003,W002007,W001053,2.097112,2026-03-09 22:32:00,synthetic_normal,normal
TX10007280,W000412,W002272,0.316786,2026-03-09 22:32:00,synthetic_normal,normal
TX10005535,W000143,W001145,0.340257,2026-03-10 02:12:00,synthetic_normal,normal
TX10001502,W000812,W001098,0.394919,2026-03-10 02:12:00,synthetic_normal,normal
TX10006288,W000969,W001805,0.299397,2026-03-10 03:13:00,synthetic_normal,normal
TX10003847,W001489,W001060,0.755593,2026-03-10 03:45:00,synthetic_normal,normal
TX10006128,W000869,W001271,0.461052,2026-03-10 05:36:00,synthetic_normal,normal
TX10006874,W001749,W001648,0.111416,2026-03-10 05:50:00,synthetic_normal,normal
TX10001317,W001181,W002254,0.479339,2026-03-10 06:08:00,synthetic_normal,normal
TX10003609,W000874,W000500,0.35121,2026-03-10 06:25:00,synthetic_normal,normal
TX10009448,W000877,W001981,0.418784,2026-03-10 06:37:00,synthetic_normal,normal
TX10009881,W000395,W000866,0.507753,2026-03-10 07:55:00,synthetic_normal,normal
TX10006694,W000881,W000858,0.129145,2026-03-10 08:16:00,synthetic_normal,normal
TX10000878,W000002,W000607,1.913626,2026-03-10 08:36:00,synthetic_anomalous,ip_wallet_reuse
TX10002966,W000355,W000866,0.177308,2026-03-10 08:58:00,synthetic_normal,normal
TX10003123,W001911,W002355,0.179839,2026-03-10 09:00:00,synthetic_normal,normal
TX10008799,W000039,W001697,0.443934,2026-03-10 09:25:00,synthetic_normal,normal
TX10000587,W001491,W000284,7.882798,2026-03-10 09:43:00,synthetic_anomalous,cross_border_burst
TX10001077,W001451,W000774,0.369399,2026-03-10 10:10:00,synthetic_normal,normal
TX10001920,W000523,W002301,0.606227,2026-03-10 10:16:00,synthetic_normal,normal
TX10005527,W001600,W000272,0.261329,2026-03-10 10:23:00,synthetic_normal,normal
TX10000744,W001852,W000170,4.293044,2026-03-10 10:23:00,synthetic_anomalous,rapid_chain
TX10008708,W000124,W001603,0.471499,2026-03-10 11:17:00,synthetic_normal,normal
TX10000596,W000286,W000995,9.788442,2026-03-10 11:56:00,synthetic_anomalous,high_frequency
TX10005842,W000669,W000424,1.008825,2026-03-10 11:56:00,synthetic_normal,normal
TX10004276,W002418,W000352,0.938016,2026-03-10 12:02:00,synthetic_normal,normal
TX10003282,W000405,W001714,0.716218,2026-03-10 12:12:00,synthetic_normal,normal
TX10006300,W002072,W001762,1.129817,2026-03-10 12:55:00,synthetic_normal,normal
TX10006616,W000230,W000995,0.351161,2026-03-10 14:08:00,synthetic_normal,normal
TX10008741,W001187,W002258,0.58662,2026-03-10 14:11:00,synthetic_normal,normal
TX10003844,W000522,W001608,0.437593,2026-03-10 15:11:00,synthetic_normal,normal
TX10005460,W000880,W000311,0.662849,2026-03-10 15:14:00,synthetic_normal,normal
TX10000035,W000744,W001512,2.538997,2026-03-10 15:20:00,synthetic_anomalous,cross_border_burst
TX10004256,W000576,W000901,0.891236,2026-03-10 15:27:00,synthetic_normal,normal
TX10009627,W001098,W000651,0.474972,2026-03-10 15:29:00,synthetic_normal,normal
TX10006395,W002462,W002341,1.148996,2026-03-10 15:53:00,synthetic_normal,normal
TX10005296,W000993,W001738,0.478897,2026-03-10 16:34:00,synthetic_normal,normal
TX10002059,W002474,W000692,0.402848,2026-03-10 16:47:00,synthetic_normal,normal
TX10000088,W001629,W000906,5.419337,2026-03-10 16:58:00,synthetic_anomalous,rapid_chain
TX10009970,W001691,W001544,0.642645,2026-03-10 17:01:00,synthetic_normal,normal
TX10008371,W000761,W002210,0.429199,2026-03-10 17:37:00,synthetic_normal,normal
TX10003398,W000107,W000385,0.391586,2026-03-10 17:39:00,synthetic_normal,normal
TX10000003,W002129,W000990,4.275916,2026-03-10 18:22:00,synthetic_anomalous,cross_border_burst
TX10002165,W000400,W000962,0.492818,2026-03-10 18:54:00,synthetic_normal,normal
TX10007547,W002331,W000182,0.47147,2026-03-10 19:06:00,synthetic_normal,normal
TX10003998,W000936,W000107,1.91511,2026-03-10 19:08:00,synthetic_normal,normal
TX10000675,W002214,W000656,11.650623,2026-03-10 19:14:00,synthetic_anomalous,cross_border_burst
TX10004053,W001169,W000025,0.465474,2026-03-10 19:55:00,synthetic_normal,normal
TX10006425,W000773,W000572,0.377117,2026-03-10 20:24:00,synthetic_normal,normal
TX10005410,W002100,W000118,1.407035,2026-03-10 20:24:00,synthetic_normal,normal
TX10003740,W000997,W000048,0.317015,2026-03-10 20:52:00,synthetic_normal,normal
TX10007215,W000707,W000368,0.590736,2026-03-10 20:53:00,synthetic_normal,normal
TX10000450,W000010,W001907,3.959104,2026-03-10 20:58:00,synthetic_anomalous,fan_in
TX10006021,W001777,W001838,0.943201,2026-03-10 21:34:00,synthetic_normal,normal
TX10002100,W002443,W000971,0.862136,2026-03-10 22:15:00,synthetic_normal,normal
TX10001467,W001143,W001160,0.677546,2026-03-10 22:39:00,synthetic_normal,normal
TX10002473,W000570,W000273,0.585348,2026-03-11 00:07:00,synthetic_normal,normal
TX10009925,W002296,W002412,0.174079,2026-03-11 00:10:00,synthetic_normal,normal
TX10009765,W000281,W001107,0.37008,2026-03-11 01:03:00,synthetic_normal,normal
TX10000248,W000415,W000560,34.667172,2026-03-11 01:16:00,synthetic_anomalous,rapid_chain
TX10003699,W001070,W001545,1.185874,2026-03-11 01:37:00,synthetic_normal,normal
TX10008759,W001894,W001019,0.077476,2026-03-11 02:26:00,synthetic_normal,normal
TX10002061,W002334,W002121,1.75677,2026-03-11 02:34:00,synthetic_normal,normal
TX10000658,W000024,W001169,5.349173,2026-03-11 02:58:00,synthetic_anomalous,fan_in
TX10003075,W001452,W002251,0.564282,2026-03-11 05:01:00,synthetic_normal,normal
TX10008080,W001683,W002393,0.499413,2026-03-11 05:11:00,synthetic_normal,normal
TX10006570,W000834,W001106,0.104523,2026-03-11 05:25:00,synthetic_normal,normal
TX10000627,W000284,W000607,2.392729,2026-03-11 05:51:00,synthetic_anomalous,cross_border_burst
TX10003465,W001195,W000331,0.403835,2026-03-11 05:53:00,synthetic_normal,normal
TX10009997,W002066,W000045,0.457744,2026-03-11 06:02:00,synthetic_normal,normal
TX10001170,W001747,W000695,0.366441,2026-03-11 06:51:00,synthetic_normal,normal
TX10000002,W000025,W001304,3.688709,2026-03-11 07:29:00,synthetic_anomalous,fan_in
TX10002108,W001276,W001269,0.259762,2026-03-11 07:37:00,synthetic_normal,normal
TX10004769,W000192,W001617,0.625304,2026-03-11 07:53:00,synthetic_normal,normal
TX10009282,W000188,W002145,0.222723,2026-03-11 07:59:00,synthetic_normal,normal
TX10004925,W002403,W001233,0.494849,2026-03-11 08:21:00,synthetic_normal,normal
TX10005013,W002413,W000200,0.470712,2026-03-11 08:31:00,synthetic_normal,normal
TX10004582,W001095,W001720,2.895341,2026-03-11 09:52:00,synthetic_normal,normal
TX10003107,W000882,W002094,0.387449,2026-03-11 10:29:00,synthetic_normal,normal
TX10006309,W002199,W000880,1.112618,2026-03-11 10:35:00,synthetic_normal,normal
TX10002686,W000392,W000904,2.040808,2026-03-11 11:00:00,synthetic_normal,normal
TX10004763,W001446,W002063,0.192197,2026-03-11 12:22:00,synthetic_normal,normal
TX10000870,W000028,W000697,6.092941,2026-03-11 12:38:00,synthetic_anomalous,ip_wallet_reuse
TX10000418,W000035,W002405,17.476958,2026-03-11 13:38:00,synthetic_anomalous,fan_in
TX10003280,W001265,W001630,0.546597,2026-03-11 14:03:00,synthetic_normal,normal
TX10004036,W001414,W001340,0.711841,2026-03-11 14:07:00,synthetic_normal,normal
TX10004878,W001520,W000969,0.379274,2026-03-11 14:12:00,synthetic_normal,normal
TX10006761,W001459,W000678,0.387019,2026-03-11 14:49:00,synthetic_normal,normal
TX10001112,W001357,W000461,0.1652,2026-03-11 15:47:00,synthetic_normal,normal
TX10005105,W001353,W000986,0.360397,2026-03-11 16:02:00,synthetic_normal,normal
TX10003222,W000153,W002027,0.140194,2026-03-11 16:27:00,synthetic_normal,normal
TX10007430,W000946,W000939,0.574899,2026-03-11 16:34:00,synthetic_normal,normal
TX10008148,W000439,W001447,0.170552,2026-03-11 17:00:00,synthetic_normal,normal
TX10009616,W000411,W000397,0.434755,2026-03-11 17:04:00,synthetic_normal,normal
TX10002659,W001135,W001731,0.506692,2026-03-11 18:41:00,synthetic_normal,normal
TX10001605,W000546,W002308,0.443216,2026-03-11 18:44:00,synthetic_normal,normal
TX10001906,W001705,W001770,0.431409,2026-03-11 19:02:00,synthetic_normal,normal
TX10002792,W000708,W000523,0.269574,2026-03-11 19:30:00,synthetic_normal,normal
TX10008461,W000072,W000753,0.731267,2026-03-11 19:59:00,synthetic_normal,normal
TX10006219,W000400,W000648,0.262523,2026-03-11 20:12:00,synthetic_normal,normal
TX10003387,W000888,W001707,0.11405,2026-03-11 20:30:00,synthetic_normal,normal
TX10000732,W001530,W000058,1.288749,2026-03-11 21:13:00,synthetic_anomalous,high_frequency
TX10003608,W002049,W000898,0.509742,2026-03-11 21:15:00,synthetic_normal,normal
TX10004963,W001946,W001208,1.973811,2026-03-11 21:16:00,synthetic_normal,normal
TX10000051,W001870,W001632,5.784553,2026-03-11 21:58:00,synthetic_anomalous,cross_border_burst
TX10004125,W000550,W000303,0.791167,2026-03-11 23:03:00,synthetic_normal,normal
TX10007111,W002326,W000977,1.642029,2026-03-11 23:24:00,synthetic_normal,normal
TX10004218,W000420,W000474,1.285357,2026-03-11 23:26:00,synthetic_normal,normal
TX10005490,W001129,W000449,0.441687,2026-03-12 00:19:00,synthetic_normal,normal
TX10003779,W000949,W001131,0.317803,2026-03-12 00:30:00,synthetic_normal,normal
TX10001948,W000807,W000296,0.206226,2026-03-12 00:36:00,synthetic_normal,normal
TX10005968,W001965,W001558,1.26553,2026-03-12 00:46:00,synthetic_normal,normal
TX10009245,W000636,W001928,0.723522,2026-03-12 00:49:00,synthetic_normal,normal
TX10006775,W001075,W001344,0.810568,2026-03-12 01:35:00,synthetic_normal,normal
TX10007998,W002312,W001417,1.169981,2026-03-12 01:40:00,synthetic_normal,normal
TX10001017,W000905,W001044,0.22696,2026-03-12 01:45:00,synthetic_normal,normal
TX10006030,W001230,W002194,0.57242,2026-03-12 02:13:00,synthetic_normal,normal
TX10002213,W000228,W000866,0.606643,2026-03-12 02:15:00,synthetic_normal,normal
TX10007955,W001897,W000476,0.173468,2026-03-12 02:34:00,synthetic_normal,normal
TX10002645,W002081,W001238,0.362858,2026-03-12 03:10:00,synthetic_normal,normal
TX10005531,W002168,W000281,0.723258,2026-03-12 03:19:00,synthetic_normal,normal
TX10001659,W000264,W002144,0.344478,2026-03-12 04:01:00,synthetic_normal,normal
TX10008088,W002204,W001999,0.393919,2026-03-12 04:15:00,synthetic_normal,normal
TX10003317,W002058,W000639,0.546346,2026-03-12 04:15:00,synthetic_normal,normal
TX10002561,W001172,W001185,0.352922,2026-03-12 04:27:00,synthetic_normal,normal
TX10001397,W002071,W000578,1.248259,2026-03-12 05:17:00,synthetic_normal,normal
TX10000198,W000030,W001001,1.20315,2026-03-12 05:20:00,synthetic_anomalous,ip_wallet_reuse
TX10007995,W002268,W000414,0.173423,2026-03-12 05:29:00,synthetic_normal,normal
TX10009751,W002361,W000452,0.436756,2026-03-12 05:43:00,synthetic_normal,normal
TX10004656,W001338,W001274,0.406417,2026-03-12 05:49:00,synthetic_normal,normal
TX10008603,W001345,W001369,0.375721,2026-03-12 06:45:00,synthetic_normal,normal
TX10001562,W001337,W002262,0.430236,2026-03-12 06:57:00,synthetic_normal,normal
TX10004414,W001094,W000674,0.152927,2026-03-12 07:00:00,synthetic_normal,normal
TX10005332,W002226,W001773,0.366139,2026-03-12 07:22:00,synthetic_normal,normal
TX10000360,W000659,W001320,4.058168,2026-03-12 07:27:00,synthetic_anomalous,rapid_chain
TX10001435,W000859,W001208,0.660307,2026-03-12 07:46:00,synthetic_normal,normal
TX10006139,W000621,W000560,0.690281,2026-03-12 08:02:00,synthetic_normal,normal
TX10000086,W000024,W002411,2.487957,2026-03-12 08:59:00,synthetic_anomalous,ip_wallet_reuse
TX10006451,W001994,W000624,0.723197,2026-03-12 11:36:00,synthetic_normal,normal
TX10005327,W001079,W000332,0.948289,2026-03-12 12:13:00,synthetic_normal,normal
TX10002009,W001646,W002042,0.498632,2026-03-12 12:17:00,synthetic_normal,normal
TX10001189,W001597,W000693,0.141439,2026-03-12 12:38:00,synthetic_normal,normal
TX10007160,W001962,W001338,0.726068,2026-03-12 13:11:00,synthetic_normal,normal
TX10004370,W001500,W000915,0.350885,2026-03-12 13:14:00,synthetic_normal,normal
TX10007885,W000149,W000484,0.454098,2026-03-12 14:00:00,synthetic_normal,normal
TX10003120,W000530,W000075,0.194988,2026-03-12 14:10:00,synthetic_normal,normal
TX10009058,W000602,W001222,1.085987,2026-03-12 14:10:00,synthetic_normal,normal
TX10003906,W001062,W002095,0.21112,2026-03-12 14:13:00,synthetic_normal,normal
TX10003895,W001981,W000912,0.453468,2026-03-12 14:20:00,synthetic_normal,normal
TX10003758,W000844,W002244,0.641441,2026-03-12 14:38:00,synthetic_normal,normal
TX10004141,W001382,W000469,0.263463,2026-03-12 15:27:00,synthetic_normal,normal
TX10003269,W001095,W001956,0.206203,2026-03-12 16:35:00,synthetic_normal,normal
TX10003487,W001155,W001094,0.180914,2026-03-12 17:07:00,synthetic_normal,normal
TX10009337,W000486,W001124,2.086279,2026-03-12 17:40:00,synthetic_normal,normal
TX10002939,W002335,W001636,0.451317,2026-03-12 17:44:00,synthetic_normal,normal
TX10003678,W001234,W001165,0.892437,2026-03-12 18:36:00,synthetic_normal,normal
TX10001928,W001176,W000644,0.179846,2026-03-12 19:41:00,synthetic_normal,normal
TX10009730,W002046,W002128,0.425195,2026-03-12 20:43:00,synthetic_normal,normal
TX10005555,W000864,W001772,1.66278,2026-03-12 21:51:00,synthetic_normal,normal
TX10009824,W001773,W001936,0.215473,2026-03-12 22:01:00,synthetic_normal,normal
TX10001329,W000529,W000665,0.817005,2026-03-12 22:07:00,synthetic_normal,normal
TX10004697,W000353,W001587,0.582858,2026-03-12 22:29:00,synthetic_normal,normal
TX10007376,W000142,W001887,1.130623,2026-03-12 22:32:00,synthetic_normal,normal
TX10009241,W000064,W001155,0.857678,2026-03-12 23:17:00,synthetic_normal,normal
TX10006172,W000844,W001033,1.187875,2026-03-13 00:04:00,synthetic_normal,normal
TX10008715,W001670,W002289,0.549509,2026-03-13 00:51:00,synthetic_normal,normal
TX10007054,W001374,W000232,0.990923,2026-03-13 01:36:00,synthetic_normal,normal
TX10003462,W001220,W000375,0.716403,2026-03-13 01:42:00,synthetic_normal,normal
TX10002648,W002084,W002298,0.62007,2026-03-13 02:18:00,synthetic_normal,normal
TX10008276,W000533,W001923,0.09039,2026-03-13 02:24:00,synthetic_normal,normal
TX10005305,W000350,W002347,0.298362,2026-03-13 02:54:00,synthetic_normal,normal
TX10002035,W001619,W000675,0.644382,2026-03-13 03:28:00,synthetic_normal,normal
TX10002273,W001460,W002109,0.361083,2026-03-13 03:30:00,synthetic_normal,normal
TX10005972,W001827,W002330,0.93336,2026-03-13 03:30:00,synthetic_normal,normal
TX10000688,W000834,W002090,5.29365,2026-03-13 03:54:00,synthetic_anomalous,rapid_chain
TX10004886,W002464,W001833,0.943738,2026-03-13 04:12:00,synthetic_normal,normal
TX10000817,W000007,W001860,19.851894,2026-03-13 04:35:00,synthetic_anomalous,fan_out
TX10004457,W000388,W001491,0.833086,2026-03-13 05:05:00,synthetic_normal,normal
TX10003614,W001236,W002233,0.559522,2026-03-13 05:48:00,synthetic_normal,normal
TX10001005,W002009,W000066,0.117346,2026-03-13 05:52:00,synthetic_normal,normal
TX10003519,W000693,W000243,0.36289,2026-03-13 05:54:00,synthetic_normal,normal
TX10001599,W000862,W001439,1.004288,2026-03-13 06:03:00,synthetic_normal,normal
TX10003013,W002005,W001036,0.063454,2026-03-13 07:10:00,synthetic_normal,normal
TX10002786,W001486,W001004,0.579637,2026-03-13 07:25:00,synthetic_normal,normal
TX10005094,W000522,W002251,1.024771,2026-03-13 09:00:00,synthetic_normal,normal
TX10008879,W000028,W002427,0.171914,2026-03-13 09:11:00,synthetic_normal,normal
TX10007562,W002437,W001327,0.720754,2026-03-13 09:25:00,synthetic_normal,normal
TX10009153,W001173,W000963,1.038375,2026-03-13 09:34:00,synthetic_normal,normal
TX10007528,W000785,W001169,0.460957,2026-03-13 11:20:00,synthetic_normal,normal
TX10008530,W001159,W001675,0.272619,2026-03-13 11:40:00,synthetic_normal,normal
TX10003829,W000183,W001678,0.777547,2026-03-13 12:12:00,synthetic_normal,normal
TX10006213,W000809,W000268,0.22396,2026-03-13 12:52:00,synthetic_normal,normal
TX10003988,W000803,W000349,0.153789,2026-03-13 13:30:00,synthetic_normal,normal
TX10004269,W001595,W000488,0.495876,2026-03-13 13:51:00,synthetic_normal,normal
TX10007949,W001258,W000807,0.110397,2026-03-13 13:56:00,synthetic_normal,normal
TX10006164,W002141,W002368,0.087281,2026-03-13 14:03:00,synthetic_normal,normal
TX10002716,W002341,W000578,0.322969,2026-03-13 15:16:00,synthetic_normal,normal
TX10005455,W001489,W001998,2.043888,2026-03-13 15:36:00,synthetic_normal,normal
TX10008902,W000381,W000530,3.28443,2026-03-13 15:41:00,synthetic_normal,normal
TX10003234,W000241,W000034,0.861812,2026-03-13 16:06:00,synthetic_normal,normal
TX10000907,W000539,W001149,2.703292,2026-03-13 16:26:00,synthetic_anomalous,cross_border_burst
TX10009897,W002376,W001485,0.307719,2026-03-13 18:06:00,synthetic_normal,normal
TX10006714,W002285,W002364,0.289786,2026-03-13 18:54:00,synthetic_normal,normal
TX10007742,W001351,W000499,0.699081,2026-03-13 20:08:00,synthetic_normal,normal
TX10000430,W000008,W001268,3.163584,2026-03-13 22:01:00,synthetic_anomalous,ip_wallet_reuse
TX10004570,W000179,W000158,0.2288,2026-03-13 22:14:00,synthetic_normal,normal
TX10004433,W001264,W000001,0.471333,2026-03-13 22:43:00,synthetic_normal,normal
TX10007795,W000776,W002267,0.471719,2026-03-13 23:12:00,synthetic_normal,normal
TX10008215,W002026,W001553,1.021332,2026-03-13 23:13:00,synthetic_normal,normal
TX10003331,W001073,W002029,0.098761,2026-03-13 23:50:00,synthetic_normal,normal
TX10003116,W001212,W002387,0.29269,2026-03-14 00:09:00,synthetic_normal,normal
TX10008228,W000875,W001398,0.15524,2026-03-14 00:55:00,synthetic_normal,normal
TX10003574,W000297,W000410,0.132728,2026-03-14 01:17:00,synthetic_normal,normal
TX10008972,W000054,W000063,0.446364,2026-03-14 01:34:00,synthetic_normal,normal
TX10003939,W002266,W001527,0.622519,2026-03-14 02:21:00,synthetic_normal,normal
TX10005120,W000916,W001229,0.732445,2026-03-14 02:27:00,synthetic_normal,normal
TX10008504,W002394,W000747,0.679849,2026-03-14 02:29:00,synthetic_normal,normal
TX10008294,W001262,W002385,2.119792,2026-03-14 02:49:00,synthetic_normal,normal
TX10003452,W001578,W002479,0.171473,2026-03-14 02:52:00,synthetic_normal,normal
TX10001815,W000381,W000725,1.320859,2026-03-14 02:56:00,synthetic_normal,normal
TX10004257,W000270,W000415,0.332126,2026-03-14 03:07:00,synthetic_normal,normal
TX10001809,W000982,W002367,2.247808,2026-03-14 03:08:00,synthetic_normal,normal
TX10002444,W000938,W000051,1.339727,2026-03-14 03:20:00,synthetic_normal,normal
TX10001614,W002230,W000361,1.921339,2026-03-14 03:37:00,synthetic_normal,normal
TX10004986,W001379,W002252,0.499568,2026-03-14 03:43:00,synthetic_normal,normal
TX10009727,W001520,W002483,0.782814,2026-03-14 04:12:00,synthetic_normal,normal
TX10008807,W002461,W002054,0.385104,2026-03-14 06:56:00,synthetic_normal,normal
TX10009032,W000416,W000135,1.741314,2026-03-14 07:23:00,synthetic_normal,normal
TX10009795,W000251,W001398,0.132854,2026-03-14 07:31:00,synthetic_normal,normal
TX10001385,W001445,W001103,0.734111,2026-03-14 07:35:00,synthetic_normal,normal
TX10004841,W001951,W000186,0.434775,2026-03-14 07:43:00,synthetic_normal,normal
TX10001566,W000292,W000129,0.231412,2026-03-14 07:45:00,synthetic_normal,normal
TX10001825,W001772,W001415,1.032647,2026-03-14 08:23:00,synthetic_normal,normal
TX10003482,W001486,W001278,0.299461,2026-03-14 09:31:00,synthetic_normal,normal
TX10001849,W000615,W002302,0.595497,2026-03-14 09:38:00,synthetic_normal,normal
TX10006023,W000324,W002218,1.145921,2026-03-14 09:43:00,synthetic_normal,normal
TX10003743,W002037,W000386,0.282554,2026-03-14 10:01:00,synthetic_normal,normal
TX10007225,W000791,W002407,0.080271,2026-03-14 10:18:00,synthetic_normal,normal
TX10001794,W002387,W000027,3.073852,2026-03-14 10:30:00,synthetic_normal,normal
TX10006888,W002431,W001418,0.210816,2026-03-14 10:42:00,synthetic_normal,normal
TX10005581,W000323,W000839,0.296223,2026-03-14 10:55:00,synthetic_normal,normal
TX10000024,W000872,W002183,21.124622,2026-03-14 11:26:00,synthetic_anomalous,rapid_chain
TX10009973,W001357,W002254,0.326999,2026-03-14 11:58:00,synthetic_normal,normal
TX10000497,W000032,W000013,1.852809,2026-03-14 12:01:00,synthetic_anomalous,fan_out
TX10006585,W001072,W000950,0.643408,2026-03-14 12:03:00,synthetic_normal,normal
TX10000610,W000022,W000657,10.201447,2026-03-14 12:41:00,synthetic_anomalous,fan_in
TX10003221,W000628,W002450,0.395774,2026-03-14 13:28:00,synthetic_normal,normal
TX10000869,W000028,W000573,2.418045,2026-03-14 13:53:00,synthetic_anomalous,high_connectivity
TX10007123,W001253,W000340,0.260181,2026-03-14 14:50:00,synthetic_normal,normal
TX10007927,W001822,W000384,1.087622,2026-03-14 15:09:00,synthetic_normal,normal
TX10001597,W000897,W001863,0.183115,2026-03-14 15:28:00,synthetic_normal,normal
TX10008574,W000834,W001301,0.62124,2026-03-14 15:51:00,synthetic_normal,normal
TX10001213,W000509,W000159,0.585779,2026-03-14 15:59:00,synthetic_normal,normal
TX10006480,W000809,W001863,0.773279,2026-03-14 16:02:00,synthetic_normal,normal
TX10008939,W002124,W000427,0.473352,2026-03-14 16:38:00,synthetic_normal,normal
TX10001120,W002346,W001266,0.142653,2026-03-14 16:47:00,synthetic_normal,normal
TX10008744,W001085,W002332,0.821117,2026-03-14 17:23:00,synthetic_normal,normal
TX10005979,W002143,W002101,0.755229,2026-03-14 18:23:00,synthetic_normal,normal
TX10009392,W001933,W002420,0.532716,2026-03-14 19:05:00,synthetic_normal,normal
TX10007544,W001172,W001511,0.176496,2026-03-14 20:17:00,synthetic_normal,normal
TX10003593,W001673,W001149,0.723943,2026-03-14 21:21:00,synthetic_normal,normal
TX10004891,W002382,W002138,0.200637,2026-03-14 21:51:00,synthetic_normal,normal
TX10001153,W001973,W000858,0.594753,2026-03-14 21:56:00,synthetic_normal,normal
TX10006536,W001453,W001859,0.21158,2026-03-14 22:00:00,synthetic_normal,normal
TX10007628,W001593,W001382,0.09645,2026-03-14 22:38:00,synthetic_normal,normal
TX10008208,W002443,W002083,0.337158,2026-03-14 22:58:00,synthetic_normal,normal
TX10003159,W000776,W002189,0.234531,2026-03-14 23:14:00,synthetic_normal,normal
TX10007533,W002133,W000310,1.577695,2026-03-15 00:41:00,synthetic_normal,normal
TX10001012,W002440,W002067,0.292791,2026-03-15 00:43:00,synthetic_normal,normal
TX10002689,W000455,W000109,0.523529,2026-03-15 01:40:00,synthetic_normal,normal
TX10009383,W001938,W000018,0.568794,2026-03-15 02:36:00,synthetic_normal,normal
TX10001011,W000042,W001663,0.610941,2026-03-15 04:09:00,synthetic_normal,normal
TX10002149,W001627,W002059,0.259027,2026-03-15 04:19:00,synthetic_normal,normal
TX10009481,W000650,W000789,0.833397,2026-03-15 05:17:00,synthetic_normal,normal
TX10004850,W001300,W002149,0.25652,2026-03-15 05:23:00,synthetic_normal,normal
TX10008684,W000019,W000945,0.338942,2026-03-15 06:31:00,synthetic_normal,normal
TX10000480,W000696,W000035,5.835704,2026-03-15 07:01:00,synthetic_anomalous,rapid_chain
TX10002130,W001161,W000702,0.123948,2026-03-15 07:04:00,synthetic_normal,normal
TX10001612,W001006,W002021,1.012628,2026-03-15 08:38:00,synthetic_normal,normal
TX10001586,W000637,W001957,1.444946,2026-03-15 09:28:00,synthetic_normal,normal
TX10008700,W001302,W002458,1.084317,2026-03-15 10:07:00,synthetic_normal,normal
TX10002348,W001427,W002110,0.20533,2026-03-15 10:26:00,synthetic_normal,normal
TX10008299,W000283,W002231,0.977592,2026-03-15 11:04:00,synthetic_normal,normal
TX10003204,W002469,W000947,0.57311,2026-03-15 11:51:00,synthetic_normal,normal
TX10008062,W002127,W000505,0.273851,2026-03-15 11:55:00,synthetic_normal,normal
TX10002676,W002464,W001680,0.452532,2026-03-15 13:49:00,synthetic_normal,normal
TX10009738,W001458,W001241,0.590876,2026-03-15 14:35:00,synthetic_normal,normal
TX10004546,W002313,W000968,0.239709,2026-03-15 15:09:00,synthetic_normal,normal
TX10003639,W002029,W000061,0.354927,2026-03-15 15:42:00,synthetic_normal,normal
TX10009842,W002186,W000121,0.477864,2026-03-15 16:16:00,synthetic_normal,normal
TX10002529,W001028,W001899,0.562087,2026-03-15 16:29:00,synthetic_normal,normal
TX10008131,W001808,W002261,0.125363,2026-03-15 16:37:00,synthetic_normal,normal
TX10005173,W000498,W002018,0.610075,2026-03-15 16:37:00,synthetic_normal,normal
TX10005690,W000322,W000064,0.238942,2026-03-15 16:43:00,synthetic_normal,normal
TX10005845,W000927,W002437,1.08736,2026-03-15 16:44:00,synthetic_normal,normal
TX10005369,W002323,W001590,0.292338,2026-03-15 17:08:00,synthetic_normal,normal
TX10006044,W000549,W000990,0.711011,2026-03-15 17:24:00,synthetic_normal,normal
TX10006431,W000340,W002499,0.387316,2026-03-15 17:36:00,synthetic_normal,normal
TX10005673,W001463,W000622,0.239525,2026-03-15 19:04:00,synthetic_normal,normal
TX10003850,W001388,W002486,0.345436,2026-03-15 19:19:00,synthetic_normal,normal
TX10001909,W002357,W000382,0.164406,2026-03-15 19:26:00,synthetic_normal,normal
TX10008298,W000905,W000786,0.385536,2026-03-15 19:49:00,synthetic_normal,normal
TX10003133,W001175,W001028,1.02896,2026-03-15 20:42:00,synthetic_normal,normal
TX10000742,W000014,W000970,4.383696,2026-03-15 21:37:00,synthetic_anomalous,ip_wallet_reuse
TX10008962,W000089,W000838,0.354029,2026-03-15 21:42:00,synthetic_normal,normal
TX10002617,W002483,W002251,0.572608,2026-03-15 21:52:00,synthetic_normal,normal
TX10007834,W000914,W002319,0.319408,2026-03-15 22:09:00,synthetic_normal,normal
TX10004859,W001598,W001053,0.289114,2026-03-15 22:33:00,synthetic_normal,normal
TX10006660,W000168,W000717,0.647245,2026-03-15 22:41:00,synthetic_normal,normal
TX10006501,W001469,W002190,1.289175,2026-03-15 23:54:00,synthetic_normal,normal
TX10005015,W000028,W002137,0.077674,2026-03-16 00:17:00,synthetic_normal,normal
TX10009793,W000354,W000641,0.298236,2026-03-16 00:33:00,synthetic_normal,normal
TX10005971,W001507,W001558,0.207797,2026-03-16 00:33:00,synthetic_normal,normal
TX10007235,W001100,W000982,0.238523,2026-03-16 00:42:00,synthetic_normal,normal
TX10003801,W002143,W001582,0.315912,2026-03-16 01:09:00,synthetic_normal,normal
TX10003709,W001479,W000226,0.221415,2026-03-16 01:13:00,synthetic_normal,normal
TX10000165,W000045,W000175,10.556054,2026-03-16 01:14:00,synthetic_anomalous,high_connectivity
TX10008876,W002312,W002198,0.206184,2026-03-16 01:50:00,synthetic_normal,normal
TX10003846,W001299,W001120,0.845536,2026-03-16 02:03:00,synthetic_normal,normal
TX10006587,W001568,W002428,0.482006,2026-03-16 03:34:00,synthetic_normal,normal
TX10000970,W000050,W001772,0.463644,2026-03-16 05:17:00,synthetic_anomalous,fan_in
TX10008985,W002034,W002208,0.227343,2026-03-16 05:25:00,synthetic_normal,normal
TX10008647,W001767,W001286,1.096031,2026-03-16 05:37:00,synthetic_normal,normal
TX10002575,W000284,W002047,0.211187,2026-03-16 06:52:00,synthetic_normal,normal
TX10001362,W000226,W001191,0.366992,2026-03-16 06:59:00,synthetic_normal,normal
TX10008087,W001525,W000681,0.273076,2026-03-16 07:15:00,synthetic_normal,normal
TX10008844,W000686,W001989,0.69846,2026-03-16 08:04:00,synthetic_normal,normal
TX10004704,W001811,W001248,0.235411,2026-03-16 08:06:00,synthetic_normal,normal
TX10007557,W000152,W001717,0.427387,2026-03-16 08:55:00,synthetic_normal,normal
TX10007407,W000402,W001344,0.758543,2026-03-16 09:55:00,synthetic_normal,normal
TX10001054,W001657,W000257,0.151231,2026-03-16 09:57:00,synthetic_normal,normal
TX10005180,W002110,W002282,0.46857,2026-03-16 10:13:00,synthetic_normal,normal
TX10006571,W000072,W001437,0.433556,2026-03-16 10:26:00,synthetic_normal,normal
TX10000528,W002487,W001075,1.944926,2026-03-16 11:57:00,synthetic_anomalous,rapid_chain
TX10002412,W002030,W001531,1.002082,2026-03-16 12:09:00,synthetic_normal,normal
TX10001925,W002322,W000911,2.216819,2026-03-16 12:17:00,synthetic_normal,normal
TX10005901,W001958,W001547,0.276782,2026-03-16 12:21:00,synthetic_normal,normal
TX10002998,W000691,W002493,0.630858,2026-03-16 12:40:00,synthetic_normal,normal
TX10002001,W000623,W001648,0.181608,2026-03-16 14:22:00,synthetic_normal,normal
TX10003033,W001626,W001308,0.387074,2026-03-16 14:46:00,synthetic_normal,normal
TX10003209,W002071,W001334,0.262541,2026-03-16 14:53:00,synthetic_normal,normal
TX10000493,W000049,W000425,2.522942,2026-03-16 15:07:00,synthetic_anomalous,high_connectivity
TX10009217,W000697,W000768,0.183079,2026-03-16 15:34:00,synthetic_normal,normal
TX10008677,W001971,W000725,0.92487,2026-03-16 15:37:00,synthetic_normal,normal
TX10003360,W001227,W000298,0.158882,2026-03-16 15:51:00,synthetic_normal,normal
TX10008152,W001803,W000858,0.687292,2026-03-16 16:18:00,synthetic_normal,normal
TX10001865,W002442,W002494,0.506526,2026-03-16 16:43:00,synthetic_normal,normal
TX10003833,W000843,W000803,0.315795,2026-03-16 16:55:00,synthetic_normal,normal
TX10003325,W002374,W000824,0.395724,2026-03-16 17:54:00,synthetic_normal,normal
TX10009476,W001478,W000320,0.324279,2026-03-16 18:18:00,synthetic_normal,normal
TX10000312,W000709,W001153,3.55021,2026-03-16 18:39:00,synthetic_anomalous,rapid_chain
TX10005874,W001555,W001422,0.418026,2026-03-16 19:05:00,synthetic_normal,normal
TX10005927,W000560,W001646,0.589018,2026-03-16 19:29:00,synthetic_normal,normal
TX10004150,W001299,W001306,0.246981,2026-03-16 20:04:00,synthetic_normal,normal
TX10005125,W002484,W001610,0.352901,2026-03-16 20:17:00,synthetic_normal,normal
TX10006339,W000363,W001302,0.413315,2026-03-16 21:15:00,synthetic_normal,normal
TX10006337,W000018,W001282,0.443104,2026-03-16 21:47:00,synthetic_normal,normal
TX10006993,W001980,W001262,0.388156,2026-03-16 22:19:00,synthetic_normal,normal
TX10009686,W001669,W001247,0.535712,2026-03-16 22:21:00,synthetic_normal,normal
TX10000291,W001718,W000514,2.77315,2026-03-16 22:22:00,synthetic_anomalous,cross_border_burst
TX10002123,W000437,W000464,0.229399,2026-03-16 22:49:00,synthetic_normal,normal
TX10007439,W002055,W001607,0.223177,2026-03-16 23:24:00,synthetic_normal,normal
TX10006776,W002259,W001684,0.187189,2026-03-16 23:50:00,synthetic_normal,normal
TX10007894,W002360,W002036,0.154825,2026-03-16 23:53:00,synthetic_normal,normal
TX10005621,W000275,W000451,0.29045,2026-03-17 00:00:00,synthetic_normal,normal
TX10000828,W001352,W001565,4.227714,2026-03-17 00:19:00,synthetic_anomalous,high_frequency
TX10004318,W000860,W002137,0.304922,2026-03-17 00:20:00,synthetic_normal,normal
TX10007064,W000023,W000941,0.315916,2026-03-17 01:06:00,synthetic_normal,normal
TX10005017,W002074,W000599,0.314949,2026-03-17 01:44:00,synthetic_normal,normal
TX10005800,W000396,W000791,0.249667,2026-03-17 02:47:00,synthetic_normal,normal
TX10002224,W001546,W002110,0.783049,2026-03-17 02:51:00,synthetic_normal,normal
TX10007736,W001752,W000910,0.549782,2026-03-17 03:04:00,synthetic_normal,normal
TX10002090,W001766,W000928,0.906998,2026-03-17 03:42:00,synthetic_normal,normal
TX10000129,W000027,W001746,4.244115,2026-03-17 04:05:00,synthetic_anomalous,fan_out
TX10008105,W000759,W002294,0.612676,2026-03-17 04:08:00,synthetic_normal,normal
TX10009943,W001093,W002264,0.218106,2026-03-17 04:27:00,synthetic_normal,normal
TX10004528,W000363,W002360,0.354597,2026-03-17 04:30:00,synthetic_normal,normal
TX10009460,W001883,W000131,0.13201,2026-03-17 04:56:00,synthetic_normal,normal
TX10008563,W002036,W000718,0.643804,2026-03-17 04:59:00,synthetic_normal,normal
TX10001634,W001894,W001342,0.340576,2026-03-17 05:13:00,synthetic_normal,normal
TX10009778,W001217,W000971,0.170016,2026-03-17 07:04:00,synthetic_normal,normal
TX10001049,W002418,W002152,0.259679,2026-03-17 07:05:00,synthetic_normal,normal
TX10000983,W000026,W001111,9.431236,2026-03-17 08:02:00,synthetic_anomalous,layered_transfer
TX10009739,W002070,W001432,0.092092,2026-03-17 08:16:00,synthetic_normal,normal
TX10008954,W001250,W000615,0.202833,2026-03-17 08:31:00,synthetic_normal,normal
TX10008429,W001786,W000909,0.447707,2026-03-17 08:53:00,synthetic_normal,normal
TX10005022,W002457,W001238,2.141524,2026-03-17 08:57:00,synthetic_normal,normal
TX10007262,W001028,W000037,0.35723,2026-03-17 09:18:00,synthetic_normal,normal
TX10009309,W000951,W002107,1.18695,2026-03-17 09:30:00,synthetic_normal,normal
TX10008296,W000468,W000894,0.117835,2026-03-17 09:50:00,synthetic_normal,normal
TX10009234,W000456,W001424,0.432527,2026-03-17 09:59:00,synthetic_normal,normal
TX10005525,W002358,W000396,1.090359,2026-03-17 10:39:00,synthetic_normal,normal
TX10004853,W000198,W000445,0.991214,2026-03-17 10:58:00,synthetic_normal,normal
TX10006898,W002305,W001165,0.350357,2026-03-17 11:25:00,synthetic_normal,normal
TX10007394,W001602,W000229,0.438619,2026-03-17 11:49:00,synthetic_normal,normal
TX10006333,W002421,W001387,0.108797,2026-03-17 12:15:00,synthetic_normal,normal
TX10002555,W000238,W001313,0.804757,2026-03-17 12:18:00,synthetic_normal,normal
TX10003607,W000516,W000432,1.793839,2026-03-17 12:35:00,synthetic_normal,normal
TX10000116,W001901,W000131,2.696049,2026-03-17 12:41:00,synthetic_anomalous,high_frequency
TX10000242,W000031,W001934,5.020454,2026-03-17 13:30:00,synthetic_anomalous,fan_in
TX10002934,W000294,W002030,0.826373,2026-03-17 13:58:00,synthetic_normal,normal
TX10009214,W002203,W000465,0.648283,2026-03-17 15:06:00,synthetic_normal,normal
TX10000103,W000020,W001657,1.066546,2026-03-17 15:35:00,synthetic_anomalous,layered_transfer
TX10002732,W000993,W002232,0.722696,2026-03-17 15:37:00,synthetic_normal,normal
TX10002345,W001019,W002492,0.767158,2026-03-17 16:21:00,synthetic_normal,normal
TX10005072,W002071,W001860,0.555791,2026-03-17 16:33:00,synthetic_normal,normal
TX10006708,W000959,W002297,0.376391,2026-03-17 17:18:00,synthetic_normal,normal
TX10004402,W002021,W001210,0.339427,2026-03-17 17:27:00,synthetic_normal,normal
TX10006057,W001696,W001902,0.161919,2026-03-17 18:21:00,synthetic_normal,normal
TX10001694,W000676,W001528,0.404278,2026-03-17 18:50:00,synthetic_normal,normal
TX10006439,W001546,W002438,0.322459,2026-03-17 18:51:00,synthetic_normal,normal
TX10009231,W001886,W000144,0.222847,2026-03-17 19:01:00,synthetic_normal,normal
TX10009316,W000887,W001400,1.016335,2026-03-17 19:25:00,synthetic_normal,normal
TX10009505,W000461,W000623,0.341524,2026-03-17 19:36:00,synthetic_normal,normal
TX10007188,W000020,W000217,0.246882,2026-03-17 20:26:00,synthetic_normal,normal
TX10000154,W000043,W000648,2.930161,2026-03-17 20:32:00,synthetic_anomalous,fan_in
TX10005428,W001567,W002041,0.436516,2026-03-17 21:08:00,synthetic_normal,normal
TX10002362,W001039,W001468,0.517358,2026-03-17 21:10:00,synthetic_normal,normal
TX10009115,W000521,W000740,0.20699,2026-03-17 21:11:00,synthetic_normal,normal
TX10003653,W000939,W002097,0.416929,2026-03-17 21:12:00,synthetic_normal,normal
TX10000054,W000034,W001065,0.843086,2026-03-17 22:35:00,synthetic_anomalous,ip_wallet_reuse
TX10008109,W002036,W000895,0.192546,2026-03-17 22:57:00,synthetic_normal,normal
TX10005264,W001731,W001598,0.177459,2026-03-17 22:58:00,synthetic_normal,normal
TX10008978,W002052,W001959,0.816927,2026-03-17 23:14:00,synthetic_normal,normal
TX10004671,W000832,W001512,1.149275,2026-03-17 23:20:00,synthetic_normal,normal
TX10005739,W000699,W002009,0.343183,2026-03-17 23:35:00,synthetic_normal,normal
TX10005106,W001250,W002100,0.761481,2026-03-18 00:05:00,synthetic_normal,normal
TX10001737,W002420,W000369,0.867575,2026-03-18 00:48:00,synthetic_normal,normal
TX10005685,W002413,W001882,0.438115,2026-03-18 01:14:00,synthetic_normal,normal
TX10000784,W001049,W001518,2.976516,2026-03-18 01:57:00,synthetic_anomalous,rapid_chain
TX10000625,W000012,W000868,4.740469,2026-03-18 02:16:00,synthetic_anomalous,fan_out
TX10008186,W000869,W001589,0.950052,2026-03-18 02:17:00,synthetic_normal,normal
TX10007593,W000147,W000349,0.2739,2026-03-18 02:33:00,synthetic_normal,normal
TX10000367,W000016,W000163,5.672534,2026-03-18 05:27:00,synthetic_anomalous,layered_transfer
TX10004793,W002444,W000197,0.265313,2026-03-18 05:34:00,synthetic_normal,normal
TX10001196,W001457,W000772,0.420928,2026-03-18 06:34:00,synthetic_normal,normal
TX10007548,W002397,W001321,0.139987,2026-03-18 06:44:00,synthetic_normal,normal
TX10003029,W000225,W000250,0.429374,2026-03-18 06:44:00,synthetic_normal,normal
TX10003329,W000003,W001147,0.651191,2026-03-18 07:38:00,synthetic_normal,normal
TX10006698,W001617,W000177,0.260287,2026-03-18 07:54:00,synthetic_normal,normal
TX10008431,W002361,W002370,0.604482,2026-03-18 08:08:00,synthetic_normal,normal
TX10007590,W000651,W002490,0.945334,2026-03-18 08:59:00,synthetic_normal,normal
TX10005749,W000027,W001666,0.343732,2026-03-18 09:38:00,synthetic_normal,normal
TX10005532,W001920,W000682,0.305143,2026-03-18 09:41:00,synthetic_normal,normal
TX10003066,W001390,W002142,0.537307,2026-03-18 09:44:00,synthetic_normal,normal
TX10002886,W000318,W000398,0.72173,2026-03-18 10:36:00,synthetic_normal,normal
TX10003503,W002392,W001319,0.369024,2026-03-18 10:50:00,synthetic_normal,normal
TX10003922,W000126,W001618,0.916485,2026-03-18 10:56:00,synthetic_normal,normal
TX10003902,W001602,W001358,0.365636,2026-03-18 11:46:00,synthetic_normal,normal
TX10007884,W001916,W000263,0.241549,2026-03-18 12:47:00,synthetic_normal,normal
TX10006999,W000305,W000491,0.319251,2026-03-18 12:51:00,synthetic_normal,normal
TX10000882,W000002,W000937,9.039326,2026-03-18 14:14:00,synthetic_anomalous,fan_in
TX10007902,W001087,W001480,0.307086,2026-03-18 14:35:00,synthetic_normal,normal
TX10007045,W001787,W001640,0.155313,2026-03-18 14:37:00,synthetic_normal,normal
TX10002542,W001284,W001014,0.379066,2026-03-18 15:35:00,synthetic_normal,normal
TX10004482,W000976,W001568,0.518799,2026-03-18 15:55:00,synthetic_normal,normal
TX10003512,W001477,W000518,0.457408,2026-03-18 16:02:00,synthetic_normal,normal
TX10002507,W000653,W001312,1.119483,2026-03-18 16:13:00,synthetic_normal,normal
TX10006836,W000694,W000814,0.356726,2026-03-18 16:33:00,synthetic_normal,normal
TX10006687,W001449,W002046,0.776,2026-03-18 16:42:00,synthetic_normal,normal
TX10003685,W001864,W000550,0.710301,2026-03-18 16:46:00,synthetic_normal,normal
TX10007333,W001932,W001530,0.223565,2026-03-18 17:05:00,synthetic_normal,normal
TX10008270,W002327,W002449,0.562782,2026-03-18 19:16:00,synthetic_normal,normal
TX10009232,W000928,W001724,0.977325,2026-03-18 19:28:00,synthetic_normal,normal
TX10009387,W000123,W001237,1.632316,2026-03-18 20:03:00,synthetic_normal,normal
TX10004163,W000950,W000893,0.85971,2026-03-18 20:33:00,synthetic_normal,normal
TX10006748,W000439,W000893,0.432676,2026-03-18 20:44:00,synthetic_normal,normal
TX10001982,W000909,W000152,0.64623,2026-03-18 21:00:00,synthetic_normal,normal
TX10005163,W000951,W001537,0.475504,2026-03-18 21:04:00,synthetic_normal,normal
TX10007529,W001555,W001517,1.469407,2026-03-18 23:02:00,synthetic_normal,normal
TX10002186,W000781,W000763,0.445199,2026-03-19 00:04:00,synthetic_normal,normal
TX10005620,W001797,W001398,0.177238,2026-03-19 01:07:00,synthetic_normal,normal
TX10000847,W000008,W000421,11.249482,2026-03-19 01:17:00,synthetic_anomalous,layered_transfer
TX10005462,W000858,W000137,0.380746,2026-03-19 01:37:00,synthetic_normal,normal
TX10002424,W000740,W000068,1.123104,2026-03-19 01:40:00,synthetic_normal,normal
TX10000056,W000845,W000077,11.322434,2026-03-19 01:49:00,synthetic_anomalous,rapid_chain
TX10004035,W000952,W002007,1.336316,2026-03-19 02:10:00,synthetic_normal,normal
TX10000209,W000041,W002450,2.855473,2026-03-19 02:30:00,synthetic_anomalous,fan_out
TX10007379,W001406,W000410,0.211871,2026-03-19 02:39:00,synthetic_normal,normal
TX10004533,W000125,W001197,0.282382,2026-03-19 03:01:00,synthetic_normal,normal
TX10005810,W000626,W000133,0.245289,2026-03-19 04:02:00,synthetic_normal,normal
TX10004694,W002286,W001436,0.820031,2026-03-19 04:07:00,synthetic_normal,normal
TX10001291,W000272,W000852,0.237202,2026-03-19 04:10:00,synthetic_normal,normal
TX10008264,W001018,W001485,0.356398,2026-03-19 05:13:00,synthetic_normal,normal
TX10006475,W000880,W000401,0.295036,2026-03-19 05:55:00,synthetic_normal,normal
TX10002115,W001471,W001922,0.566914,2026-03-19 06:10:00,synthetic_normal,normal
TX10009202,W000680,W000404,0.427145,2026-03-19 06:51:00,synthetic_normal,normal
TX10009249,W002262,W000975,0.428551,2026-03-19 06:56:00,synthetic_normal,normal
TX10004003,W001422,W001776,1.17607,2026-03-19 07:14:00,synthetic_normal,normal
TX10007381,W001098,W002197,1.10799,2026-03-19 08:20:00,synthetic_normal,normal
TX10007796,W000061,W001596,0.342057,2026-03-19 09:16:00,synthetic_normal,normal
TX10005273,W001030,W001684,0.741729,2026-03-19 09:23:00,synthetic_normal,normal
TX10004661,W001020,W000047,0.139896,2026-03-19 10:27:00,synthetic_normal,normal
TX10000614,W000010,W001827,4.839132,2026-03-19 10:33:00,synthetic_anomalous,ip_wallet_reuse
TX10004417,W000658,W000018,0.170577,2026-03-19 10:59:00,synthetic_normal,normal
TX10006211,W001014,W001390,0.405641,2026-03-19 11:02:00,synthetic_normal,normal
TX10001283,W000945,W000904,1.166908,2026-03-19 11:02:00,synthetic_normal,normal
TX10003286,W002493,W002361,0.578612,2026-03-19 11:23:00,synthetic_normal,normal
TX10000011,W002477,W000885,2.038259,2026-03-19 11:42:00,synthetic_anomalous,cross_border_burst
TX10008255,W001396,W002169,0.876205,2026-03-19 12:57:00,synthetic_normal,normal
TX10003483,W001520,W001823,0.171168,2026-03-19 13:34:00,synthetic_normal,normal
TX10003999,W001104,W000050,0.238682,2026-03-19 15:48:00,synthetic_normal,normal
TX10002660,W002432,W001800,0.107774,2026-03-19 16:00:00,synthetic_normal,normal
TX10008848,W000239,W001000,0.2546,2026-03-19 16:32:00,synthetic_normal,normal
TX10005167,W001436,W001558,0.654028,2026-03-19 17:01:00,synthetic_normal,normal
TX10006525,W000173,W000841,0.363069,2026-03-19 18:21:00,synthetic_normal,normal
TX10007748,W000170,W001297,0.125562,2026-03-19 18:33:00,synthetic_normal,normal
TX10004078,W001524,W000082,0.916793,2026-03-19 19:02:00,synthetic_normal,normal
TX10002791,W001158,W000462,0.160091,2026-03-19 19:15:00,synthetic_normal,normal
TX10005005,W000668,W000214,0.68568,2026-03-19 19:28:00,synthetic_normal,normal
TX10006618,W001346,W001700,0.626652,2026-03-19 19:39:00,synthetic_normal,normal
TX10007418,W001388,W000131,0.335616,2026-03-19 19:56:00,synthetic_normal,normal
TX10000214,W000035,W001896,0.679771,2026-03-19 21:31:00,synthetic_anomalous,ip_wallet_reuse
TX10000606,W000001,W002194,12.80652,2026-03-19 21:43:00,synthetic_anomalous,ip_wallet_reuse
TX10005670,W000215,W000264,0.22515,2026-03-19 23:16:00,synthetic_normal,normal
TX10006336,W002475,W002102,1.784211,2026-03-20 00:16:00,synthetic_normal,normal
TX10009152,W000791,W002431,0.13481,2026-03-20 00:29:00,synthetic_normal,normal
TX10002155,W002045,W001770,0.456505,2026-03-20 00:36:00,synthetic_normal,normal
TX10006625,W001730,W002169,0.736059,2026-03-20 01:13:00,synthetic_normal,normal
TX10001343,W001609,W001178,0.295378,2026-03-20 02:06:00,synthetic_normal,normal
TX10009413,W002162,W000046,0.398707,2026-03-20 02:09:00,synthetic_normal,normal
TX10002019,W001149,W000950,2.736615,2026-03-20 02:11:00,synthetic_normal,normal
TX10006676,W000402,W001405,2.028947,2026-03-20 02:48:00,synthetic_normal,normal
TX10002545,W001313,W002034,0.568726,2026-03-20 03:17:00,synthetic_normal,normal
TX10002945,W001868,W002289,0.35719,2026-03-20 04:31:00,synthetic_normal,normal
TX10008121,W000012,W001817,0.241258,2026-03-20 04:38:00,synthetic_normal,normal
TX10006102,W001274,W001712,1.307664,2026-03-20 04:39:00,synthetic_normal,normal
TX10004476,W002378,W001908,0.933211,2026-03-20 05:12:00,synthetic_normal,normal
TX10001716,W002128,W000028,0.708187,2026-03-20 06:07:00,synthetic_normal,normal
TX10001661,W001281,W001643,0.590237,2026-03-20 06:10:00,synthetic_normal,normal
TX10005744,W001098,W000316,0.203816,2026-03-20 06:38:00,synthetic_normal,normal
TX10002921,W002485,W000257,1.13079,2026-03-20 06:50:00,synthetic_normal,normal
TX10006101,W002051,W001287,0.334559,2026-03-20 06:57:00,synthetic_normal,normal
TX10007817,W000715,W000804,0.235478,2026-03-20 07:05:00,synthetic_normal,normal
TX10000157,W000006,W000631,6.001521,2026-03-20 08:09:00,synthetic_anomalous,high_connectivity
TX10004099,W000264,W002028,0.494727,2026-03-20 08:15:00,synthetic_normal,normal
TX10007359,W001998,W001296,0.584391,2026-03-20 08:16:00,synthetic_normal,normal
TX10003975,W000686,W002230,0.384174,2026-03-20 08:18:00,synthetic_normal,normal
TX10003237,W001673,W001661,0.27122,2026-03-20 08:20:00,synthetic_normal,normal
TX10006509,W002430,W001533,0.668843,2026-03-20 08:33:00,synthetic_normal,normal
TX10009936,W001255,W001677,0.887229,2026-03-20 08:40:00,synthetic_normal,normal
TX10008562,W001908,W001002,0.241794,2026-03-20 09:15:00,synthetic_normal,normal
TX10008319,W000035,W001259,0.218521,2026-03-20 09:32:00,synthetic_normal,normal
TX10002992,W001198,W001462,0.484598,2026-03-20 10:04:00,synthetic_normal,normal
TX10001491,W000515,W000174,0.609428,2026-03-20 11:13:00,synthetic_normal,normal
TX10009641,W001253,W001698,0.213446,2026-03-20 11:25:00,synthetic_normal,normal
TX10006731,W001055,W000382,0.596923,2026-03-20 12:28:00,synthetic_normal,normal
TX10001254,W001597,W000279,0.329747,2026-03-20 12:59:00,synthetic_normal,normal
TX10008767,W002288,W002057,0.741728,2026-03-20 13:26:00,synthetic_normal,normal
TX10009810,W001819,W001274,0.390678,2026-03-20 13:33:00,synthetic_normal,normal
TX10007772,W001781,W000941,0.345249,2026-03-20 14:04:00,synthetic_normal,normal
TX10008856,W002465,W000769,2.318747,2026-03-20 14:05:00,synthetic_normal,normal
TX10006011,W001608,W001036,0.81303,2026-03-20 14:11:00,synthetic_normal,normal
TX10008749,W002338,W000038,1.068512,2026-03-20 14:28:00,synthetic_normal,normal
TX10002454,W002342,W001714,0.28392,2026-03-20 14:38:00,synthetic_normal,normal
TX10003203,W000966,W000406,0.659624,2026-03-20 15:25:00,synthetic_normal,normal
TX10003938,W002128,W000865,0.986356,2026-03-20 15:48:00,synthetic_normal,normal
TX10007823,W000197,W001779,0.654566,2026-03-20 18:31:00,synthetic_normal,normal
TX10000925,W000018,W001114,4.303585,2026-03-20 18:46:00,synthetic_anomalous,high_connectivity
TX10004910,W000951,W001324,0.430598,2026-03-20 18:51:00,synthetic_normal,normal
TX10007237,W002135,W001773,0.570063,2026-03-20 19:18:00,synthetic_normal,normal
TX10004497,W001207,W001414,0.410091,2026-03-20 20:39:00,synthetic_normal,normal
TX10004263,W000689,W000467,0.39466,2026-03-20 20:53:00,synthetic_normal,normal
TX10003494,W001688,W001335,0.173412,2026-03-20 20:59:00,synthetic_normal,normal
TX10005425,W002203,W000853,0.630694,2026-03-20 21:16:00,synthetic_normal,normal
TX10008014,W000450,W001582,0.143508,2026-03-20 22:04:00,synthetic_normal,normal
TX10008366,W000362,W002111,0.329281,2026-03-20 22:05:00,synthetic_normal,normal
TX10005151,W000757,W000287,0.690239,2026-03-20 22:12:00,synthetic_normal,normal
TX10005071,W000017,W000727,0.526103,2026-03-20 22:23:00,synthetic_normal,normal
TX10006768,W001511,W000890,1.232524,2026-03-20 22:49:00,synthetic_normal,normal
TX10008966,W000368,W000430,0.970127,2026-03-20 23:02:00,synthetic_normal,normal
TX10007092,W002110,W000813,0.180098,2026-03-20 23:18:00,synthetic_normal,normal
TX10004059,W000577,W001237,0.535151,2026-03-20 23:20:00,synthetic_normal,normal
TX10008712,W000976,W000312,0.7118,2026-03-21 00:07:00,synthetic_normal,normal
TX10009384,W000415,W001565,0.27228,2026-03-21 00:25:00,synthetic_normal,normal
TX10003277,W002027,W000167,0.633835,2026-03-21 01:55:00,synthetic_normal,normal
TX10004784,W000136,W002414,0.233714,2026-03-21 02:05:00,synthetic_normal,normal
TX10006845,W000175,W002120,0.31751,2026-03-21 02:07:00,synthetic_normal,normal
TX10000628,W000851,W001001,8.131081,2026-03-21 02:23:00,synthetic_anomalous,high_frequency
TX10006992,W001040,W002269,0.371692,2026-03-21 02:26:00,synthetic_normal,normal
TX10001507,W001702,W001186,0.29185,2026-03-21 02:40:00,synthetic_normal,normal
TX10005234,W002104,W002309,1.551216,2026-03-21 02:55:00,synthetic_normal,normal
TX10002703,W001122,W000642,1.067217,2026-03-21 02:59:00,synthetic_normal,normal
TX10008704,W000024,W000979,0.394301,2026-03-21 03:29:00,synthetic_normal,normal
TX10000012,W000027,W000665,1.901386,2026-03-21 03:56:00,synthetic_anomalous,high_frequency
TX10001455,W000928,W001179,0.364247,2026-03-21 05:23:00,synthetic_normal,normal
TX10002913,W001113,W001276,0.564799,2026-03-21 05:36:00,synthetic_normal,normal
TX10000139,W001162,W001375,3.653,2026-03-21 05:49:00,synthetic_anomalous,cross_border_burst
TX10006294,W000656,W000197,0.769775,2026-03-21 05:54:00,synthetic_normal,normal
TX10000661,W000033,W001265,3.9847,2026-03-21 07:58:00,synthetic_anomalous,high_connectivity
TX10006148,W000989,W001069,0.312929,2026-03-21 08:28:00,synthetic_normal,normal
TX10008031,W002484,W001954,0.408414,2026-03-21 08:32:00,synthetic_normal,normal
TX10009566,W000990,W000769,0.467015,2026-03-21 08:33:00,synthetic_normal,normal
TX10004443,W000055,W002061,0.184571,2026-03-21 08:53:00,synthetic_normal,normal
TX10007571,W002251,W002121,1.127969,2026-03-21 09:32:00,synthetic_normal,normal
TX10002818,W000792,W002199,0.601265,2026-03-21 09:49:00,synthetic_normal,normal
TX10001575,W001858,W002051,0.804881,2026-03-21 10:58:00,synthetic_normal,normal
TX10005704,W000621,W001939,0.280745,2026-03-21 11:37:00,synthetic_normal,normal
TX10001069,W001856,W000692,0.687956,2026-03-21 11:53:00,synthetic_normal,normal
TX10004373,W000952,W000158,0.378522,2026-03-21 11:56:00,synthetic_normal,normal
TX10006284,W002063,W002431,0.08543,2026-03-21 12:33:00,synthetic_normal,normal
TX10004912,W000147,W002231,0.249268,2026-03-21 12:54:00,synthetic_normal,normal
TX10001472,W000013,W000100,0.824201,2026-03-21 13:59:00,synthetic_normal,normal
TX10002982,W000395,W000153,0.303405,2026-03-21 14:19:00,synthetic_normal,normal
TX10004866,W002471,W000246,1.062872,2026-03-21 14:21:00,synthetic_normal,normal
TX10000212,W001358,W000407,5.753215,2026-03-21 14:43:00,synthetic_anomalous,high_frequency
TX10003003,W000308,W000434,0.33918,2026-03-21 14:54:00,synthetic_normal,normal
TX10009985,W001083,W000097,0.420818,2026-03-21 14:57:00,synthetic_normal,normal
TX10007443,W002372,W001976,0.77736,2026-03-21 15:10:00,synthetic_normal,normal
TX10003572,W001769,W000813,0.560596,2026-03-21 15:11:00,synthetic_normal,normal
TX10005243,W000155,W001069,0.463751,2026-03-21 15:19:00,synthetic_normal,normal
TX10004228,W000154,W000327,1.198131,2026-03-21 16:03:00,synthetic_normal,normal
TX10008783,W000224,W000448,0.675318,2026-03-21 16:59:00,synthetic_normal,normal
TX10003560,W000251,W001531,0.511485,2026-03-21 17:20:00,synthetic_normal,normal
TX10006566,W001093,W002169,1.287733,2026-03-21 17:23:00,synthetic_normal,normal
TX10001466,W001527,W000738,0.294832,2026-03-21 18:00:00,synthetic_normal,normal
TX10008207,W000214,W002455,0.266083,2026-03-21 18:14:00,synthetic_normal,normal
TX10008169,W001078,W002011,0.331515,2026-03-21 18:16:00,synthetic_normal,normal
TX10005139,W000141,W000650,0.449724,2026-03-21 18:27:00,synthetic_normal,normal
TX10000426,W000012,W001629,1.545173,2026-03-21 18:44:00,synthetic_anomalous,fan_in
TX10000536,W001145,W002193,7.536037,2026-03-21 19:29:00,synthetic_anomalous,rapid_chain
TX10002780,W001503,W001177,0.285247,2026-03-21 19:31:00,synthetic_normal,normal
TX10001591,W002165,W000585,0.217301,2026-03-21 19:44:00,synthetic_normal,normal
TX10003828,W001938,W001091,0.425139,2026-03-21 20:25:00,synthetic_normal,normal
TX10001298,W001557,W000903,0.447708,2026-03-21 20:34:00,synthetic_normal,normal
TX10008642,W002215,W000472,0.578009,2026-03-21 21:29:00,synthetic_normal,normal
TX10008907,W002126,W002304,0.522614,2026-03-21 21:54:00,synthetic_normal,normal
TX10003367,W000970,W001015,0.417338,2026-03-21 21:59:00,synthetic_normal,normal
TX10008676,W001537,W002362,0.31827,2026-03-21 23:07:00,synthetic_normal,normal
TX10005242,W001951,W001458,0.33302,2026-03-21 23:30:00,synthetic_normal,normal
TX10007490,W002222,W002138,0.166329,2026-03-21 23:32:00,synthetic_normal,normal
TX10004744,W000733,W000912,0.172864,2026-03-22 00:30:00,synthetic_normal,normal
TX10008957,W001418,W000976,0.44401,2026-03-22 00:34:00,synthetic_normal,normal
TX10003451,W001361,W000274,0.902858,2026-03-22 00:37:00,synthetic_normal,normal
TX10009662,W001548,W000987,0.602277,2026-03-22 02:01:00,synthetic_normal,normal
TX10002415,W001150,W000188,0.313174,2026-03-22 02:11:00,synthetic_normal,normal
TX10001506,W002069,W000256,1.529522,2026-03-22 02:45:00,synthetic_normal,normal
TX10006548,W000299,W000847,0.251022,2026-03-22 02:49:00,synthetic_normal,normal
TX10005897,W002372,W001342,0.25526,2026-03-22 02:56:00,synthetic_normal,normal
TX10006869,W000837,W000232,0.204012,2026-03-22 03:43:00,synthetic_normal,normal
TX10002927,W002010,W001977,0.497999,2026-03-22 04:29:00,synthetic_normal,normal
TX10001754,W000032,W001792,0.327703,2026-03-22 04:50:00,synthetic_normal,normal
TX10000268,W001817,W002473,2.044401,2026-03-22 04:59:00,synthetic_anomalous,high_frequency
TX10000579,W001478,W002154,3.591762,2026-03-22 05:00:00,synthetic_anomalous,cross_border_burst
TX10009446,W000622,W000237,0.277373,2026-03-22 05:10:00,synthetic_normal,normal
TX10004232,W002043,W001557,0.308872,2026-03-22 05:11:00,synthetic_normal,normal
TX10009462,W002176,W001707,0.716559,2026-03-22 05:26:00,synthetic_normal,normal
TX10001137,W000921,W002157,0.420181,2026-03-22 05:29:00,synthetic_normal,normal
TX10006990,W002074,W000065,0.331845,2026-03-22 05:40:00,synthetic_normal,normal
TX10002079,W000520,W000364,1.884739,2026-03-22 06:31:00,synthetic_normal,normal
TX10001760,W000601,W000972,0.245883,2026-03-22 07:05:00,synthetic_normal,normal
TX10006146,W000546,W002101,0.149354,2026-03-22 07:38:00,synthetic_normal,normal
TX10004231,W001397,W000190,0.152985,2026-03-22 08:02:00,synthetic_normal,normal
TX10003311,W001508,W001691,0.133664,2026-03-22 08:12:00,synthetic_normal,normal
TX10005970,W000176,W001222,0.387135,2026-03-22 08:26:00,synthetic_normal,normal
TX10002158,W002048,W001331,0.320113,2026-03-22 08:34:00,synthetic_normal,normal
TX10003195,W002319,W002327,0.771831,2026-03-22 09:11:00,synthetic_normal,normal
TX10002679,W001310,W002127,0.242077,2026-03-22 09:25:00,synthetic_normal,normal
TX10003619,W001547,W001271,1.698407,2026-03-22 10:04:00,synthetic_normal,normal
TX10008865,W000600,W002267,0.217708,2026-03-22 10:47:00,synthetic_normal,normal
TX10008234,W002422,W001861,0.136487,2026-03-22 11:35:00,synthetic_normal,normal
TX10004002,W000297,W000231,0.973342,2026-03-22 11:37:00,synthetic_normal,normal
TX10006881,W001469,W001608,0.139739,2026-03-22 11:53:00,synthetic_normal,normal
TX10005177,W002161,W001832,0.595693,2026-03-22 12:38:00,synthetic_normal,normal
TX10006378,W002361,W001592,0.386263,2026-03-22 13:42:00,synthetic_normal,normal
TX10004534,W001002,W001508,0.281412,2026-03-22 13:45:00,synthetic_normal,normal
TX10006131,W001260,W000206,0.311208,2026-03-22 13:50:00,synthetic_normal,normal
TX10006602,W000774,W000603,0.710057,2026-03-22 14:37:00,synthetic_normal,normal
TX10000895,W000036,W002228,2.288144,2026-03-22 14:44:00,synthetic_anomalous,layered_transfer
TX10003121,W001862,W000361,0.263185,2026-03-22 14:53:00,synthetic_normal,normal
TX10007758,W002238,W000133,0.336105,2026-03-22 15:32:00,synthetic_normal,normal
TX10004170,W001857,W000552,0.159607,2026-03-22 15:46:00,synthetic_normal,normal
TX10000140,W001944,W000838,6.301721,2026-03-22 15:57:00,synthetic_anomalous,high_frequency
TX10003010,W001889,W001277,1.048134,2026-03-22 16:08:00,synthetic_normal,normal
TX10009423,W001628,W000072,0.332884,2026-03-22 18:09:00,synthetic_normal,normal
TX10003114,W001947,W001055,0.393903,2026-03-22 18:15:00,synthetic_normal,normal
TX10004192,W002441,W000179,0.54746,2026-03-22 18:47:00,synthetic_normal,normal
TX10007697,W000390,W002427,0.401496,2026-03-22 18:48:00,synthetic_normal,normal
TX10000484,W001786,W000581,1.347921,2026-03-22 18:50:00,synthetic_anomalous,high_frequency
TX10009102,W000820,W000008,0.403166,2026-03-22 18:58:00,synthetic_normal,normal
TX10004636,W001938,W000240,0.423725,2026-03-22 19:11:00,synthetic_normal,normal
TX10007901,W002009,W002398,0.698469,2026-03-22 20:01:00,synthetic_normal,normal
TX10006540,W001321,W001640,0.970181,2026-03-22 20:13:00,synthetic_normal,normal
TX10000806,W000042,W000259,1.462055,2026-03-22 20:29:00,synthetic_anomalous,ip_wallet_reuse
TX10003524,W000137,W000100,1.441668,2026-03-22 21:18:00,synthetic_normal,normal
TX10000767,W000030,W002021,4.852873,2026-03-22 21:38:00,synthetic_anomalous,layered_transfer
TX10001656,W001078,W000354,0.170498,2026-03-22 22:04:00,synthetic_normal,normal
TX10003217,W000628,W001727,1.01557,2026-03-22 22:32:00,synthetic_normal,normal
TX10007917,W001026,W001147,0.634875,2026-03-22 22:39:00,synthetic_normal,normal
TX10003752,W000795,W002190,0.918511,2026-03-22 22:47:00,synthetic_normal,normal
TX10001439,W000404,W000428,0.166165,2026-03-22 22:53:00,synthetic_normal,normal
TX10000434,W000018,W001920,33.079819,2026-03-22 23:03:00,synthetic_anomalous,fan_in
TX10005323,W000176,W001897,0.320455,2026-03-22 23:26:00,synthetic_normal,normal
TX10001092,W002243,W000345,0.65671,2026-03-22 23:57:00,synthetic_normal,normal
TX10006246,W000046,W001211,0.75752,2026-03-23 00:04:00,synthetic_normal,normal
TX10007835,W000118,W000212,1.009094,2026-03-23 00:19:00,synthetic_normal,normal
TX10007181,W000301,W000554,0.579428,2026-03-23 01:04:00,synthetic_normal,normal
TX10002512,W000584,W000730,0.44524,2026-03-23 01:52:00,synthetic_normal,normal
TX10008015,W000792,W001607,0.385055,2026-03-23 01:55:00,synthetic_normal,normal
TX10000664,W000587,W001723,1.101839,2026-03-23 01:57:00,synthetic_anomalous,rapid_chain
TX10009604,W001630,W001503,0.145349,2026-03-23 02:21:00,synthetic_normal,normal
TX10005981,W000172,W002215,0.552234,2026-03-23 02:48:00,synthetic_normal,normal
TX10001036,W002466,W001839,0.230203,2026-03-23 02:48:00,synthetic_normal,normal
TX10007176,W000771,W001127,0.539761,2026-03-23 03:11:00,synthetic_normal,normal
TX10002341,W000782,W001983,0.233554,2026-03-23 03:13:00,synthetic_normal,normal
TX10002128,W001984,W001492,2.001986,2026-03-23 03:16:00,synthetic_normal,normal
TX10007252,W001494,W001109,0.142133,2026-03-23 03:45:00,synthetic_normal,normal
TX10005924,W001199,W000745,0.18066,2026-03-23 04:03:00,synthetic_normal,normal
TX10006255,W000254,W001672,0.220505,2026-03-23 04:27:00,synthetic_normal,normal
TX10001639,W001868,W002354,0.821424,2026-03-23 04:32:00,synthetic_normal,normal
TX10009329,W001093,W001952,0.41808,2026-03-23 04:39:00,synthetic_normal,normal
TX10007899,W001565,W001484,0.151691,2026-03-23 04:50:00,synthetic_normal,normal
TX10002885,W001974,W001480,0.884531,2026-03-23 05:05:00,synthetic_normal,normal
TX10008416,W000756,W000403,0.306972,2026-03-23 05:38:00,synthetic_normal,normal
TX10009471,W001162,W002452,0.557063,2026-03-23 06:07:00,synthetic_normal,normal
TX10003247,W002056,W001757,0.166572,2026-03-23 06:40:00,synthetic_normal,normal
TX10009690,W000233,W001318,0.542483,2026-03-23 06:46:00,synthetic_normal,normal
TX10007903,W001072,W001996,0.508822,2026-03-23 08:25:00,synthetic_normal,normal
TX10009324,W000538,W001965,1.020402,2026-03-23 08:54:00,synthetic_normal,normal
TX10009305,W000116,W001759,0.385912,2026-03-23 08:55:00,synthetic_normal,normal
TX10004943,W000323,W001986,0.336074,2026-03-23 09:00:00,synthetic_normal,normal
TX10003870,W001660,W000631,0.490405,2026-03-23 09:12:00,synthetic_normal,normal
TX10009431,W001350,W000553,0.188138,2026-03-23 09:20:00,synthetic_normal,normal
TX10003635,W001069,W001497,0.154342,2026-03-23 09:40:00,synthetic_normal,normal
TX10004005,W002261,W000830,0.371938,2026-03-23 09:47:00,synthetic_normal,normal
TX10006862,W000705,W002450,0.138749,2026-03-23 09:47:00,synthetic_normal,normal
TX10000763,W002135,W002463,3.50236,2026-03-23 10:10:00,synthetic_anomalous,cross_border_burst
TX10007303,W001069,W000158,0.844316,2026-03-23 10:54:00,synthetic_normal,normal
TX10007227,W001361,W002391,0.35822,2026-03-23 11:54:00,synthetic_normal,normal
TX10006470,W000792,W001081,0.69829,2026-03-23 12:00:00,synthetic_normal,normal
TX10008068,W000836,W000018,0.245176,2026-03-23 12:02:00,synthetic_normal,normal
TX10007458,W001578,W000915,1.142845,2026-03-23 12:05:00,synthetic_normal,normal
TX10004569,W001269,W000642,0.787508,2026-03-23 12:13:00,synthetic_normal,normal
TX10005085,W000450,W001893,0.588008,2026-03-23 12:17:00,synthetic_normal,normal
TX10009236,W000253,W001665,0.363141,2026-03-23 12:25:00,synthetic_normal,normal
TX10009372,W001196,W001388,0.1947,2026-03-23 12:31:00,synthetic_normal,normal
TX10008136,W001972,W000081,0.318201,2026-03-23 12:41:00,synthetic_normal,normal
TX10002076,W001237,W000444,0.488573,2026-03-23 13:52:00,synthetic_normal,normal
TX10002926,W001367,W001633,0.320161,2026-03-23 14:06:00,synthetic_normal,normal
TX10001914,W000659,W001601,0.395255,2026-03-23 14:21:00,synthetic_normal,normal
TX10002477,W000099,W000102,0.308236,2026-03-23 15:52:00,synthetic_normal,normal
TX10007030,W001209,W002251,0.211502,2026-03-23 17:10:00,synthetic_normal,normal
TX10009188,W000036,W002262,1.548155,2026-03-23 17:36:00,synthetic_normal,normal
TX10008928,W000557,W000512,0.485069,2026-03-23 18:13:00,synthetic_normal,normal
TX10001662,W000894,W001385,1.10949,2026-03-23 18:29:00,synthetic_normal,normal
TX10005377,W002140,W001273,0.454139,2026-03-23 19:14:00,synthetic_normal,normal
TX10006553,W000285,W001663,0.19776,2026-03-23 19:17:00,synthetic_normal,normal
TX10003130,W001676,W001699,0.834548,2026-03-23 19:35:00,synthetic_normal,normal
TX10009403,W001514,W000360,0.207811,2026-03-23 19:52:00,synthetic_normal,normal
TX10004683,W001386,W000181,0.830974,2026-03-23 20:02:00,synthetic_normal,normal
TX10009652,W002450,W001004,1.034076,2026-03-23 20:21:00,synthetic_normal,normal
TX10002807,W000089,W001070,0.774689,2026-03-23 20:51:00,synthetic_normal,normal
TX10005469,W001271,W001955,1.849787,2026-03-23 22:00:00,synthetic_normal,normal
TX10005215,W001438,W002026,0.578945,2026-03-23 22:13:00,synthetic_normal,normal
TX10005934,W000446,W001782,0.337249,2026-03-23 22:31:00,synthetic_normal,normal
TX10008301,W000150,W001570,0.42626,2026-03-23 22:48:00,synthetic_normal,normal
TX10000890,W000028,W000595,3.572179,2026-03-23 23:51:00,synthetic_anomalous,fan_in
TX10001714,W000524,W001543,0.426498,2026-03-23 23:52:00,synthetic_normal,normal
TX10006664,W000937,W000038,0.610374,2026-03-24 01:04:00,synthetic_normal,normal
TX10006880,W000584,W000304,0.453993,2026-03-24 01:23:00,synthetic_normal,normal
TX10002526,W001613,W001141,0.694024,2026-03-24 01:27:00,synthetic_normal,normal
TX10005024,W000057,W002497,0.550766,2026-03-24 01:39:00,synthetic_normal,normal
TX10002511,W001033,W001330,0.970047,2026-03-24 02:30:00,synthetic_normal,normal
TX10005414,W000868,W002287,0.137894,2026-03-24 03:32:00,synthetic_normal,normal
TX10004214,W002457,W001139,0.51179,2026-03-24 04:14:00,synthetic_normal,normal
TX10004165,W001493,W002126,0.310289,2026-03-24 04:25:00,synthetic_normal,normal
TX10007988,W001478,W001031,0.309753,2026-03-24 04:26:00,synthetic_normal,normal
TX10006991,W000498,W002427,0.264146,2026-03-24 04:48:00,synthetic_normal,normal
TX10009473,W000400,W001659,0.300289,2026-03-24 05:15:00,synthetic_normal,normal
TX10001740,W002215,W000307,0.569512,2026-03-24 05:19:00,synthetic_normal,normal
TX10000272,W000283,W001388,1.756191,2026-03-24 05:22:00,synthetic_anomalous,rapid_chain
TX10002802,W001509,W001606,0.581472,2026-03-24 05:29:00,synthetic_normal,normal
TX10005963,W001865,W001961,1.151393,2026-03-24 05:36:00,synthetic_normal,normal
TX10008442,W000443,W001299,0.224567,2026-03-24 05:47:00,synthetic_normal,normal
TX10003951,W002221,W001239,2.212089,2026-03-24 06:18:00,synthetic_normal,normal
TX10009081,W001809,W000064,0.880073,2026-03-24 06:21:00,synthetic_normal,normal
TX10002038,W001719,W001119,0.533933,2026-03-24 06:26:00,synthetic_normal,normal
TX10009386,W000236,W001590,0.131348,2026-03-24 07:24:00,synthetic_normal,normal
TX10009233,W000673,W001634,0.289205,2026-03-24 09:40:00,synthetic_normal,normal
TX10007089,W001392,W000713,0.621514,2026-03-24 09:43:00,synthetic_normal,normal
TX10004061,W000868,W001466,0.822073,2026-03-24 12:15:00,synthetic_normal,normal
TX10002279,W002102,W000356,0.306309,2026-03-24 12:59:00,synthetic_normal,normal
TX10001234,W001015,W001891,0.493956,2026-03-24 13:04:00,synthetic_normal,normal
TX10004759,W002417,W001701,0.486239,2026-03-24 13:44:00,synthetic_normal,normal
TX10009677,W001475,W000355,1.837604,2026-03-24 14:04:00,synthetic_normal,normal
TX10006810,W001772,W000948,1.10547,2026-03-24 14:10:00,synthetic_normal,normal
TX10004998,W002490,W001874,0.121777,2026-03-24 14:11:00,synthetic_normal,normal
TX10005073,W002368,W001474,0.945748,2026-03-24 14:35:00,synthetic_normal,normal
TX10007793,W001510,W001446,0.388785,2026-03-24 14:37:00,synthetic_normal,normal
TX10001712,W002420,W001224,0.39799,2026-03-24 15:22:00,synthetic_normal,normal
TX10004524,W000168,W001934,0.236687,2026-03-24 15:27:00,synthetic_normal,normal
TX10001274,W001585,W001563,0.168212,2026-03-24 15:31:00,synthetic_normal,normal
TX10009967,W000036,W001758,0.097087,2026-03-24 15:48:00,synthetic_normal,normal
TX10004695,W000080,W001268,0.662514,2026-03-24 16:13:00,synthetic_normal,normal
TX10009870,W000359,W002185,0.840747,2026-03-24 16:22:00,synthetic_normal,normal
TX10001504,W001310,W001856,0.384104,2026-03-24 16:50:00,synthetic_normal,normal
TX10005178,W000354,W000257,0.298265,2026-03-24 17:42:00,synthetic_normal,normal
TX10003182,W000674,W002302,0.48474,2026-03-24 18:56:00,synthetic_normal,normal
TX10001749,W001433,W001857,0.330674,2026-03-24 19:17:00,synthetic_normal,normal
TX10000733,W000018,W001960,11.961943,2026-03-24 19:26:00,synthetic_anomalous,high_connectivity
TX10009021,W001007,W002484,0.302564,2026-03-24 19:27:00,synthetic_normal,normal
TX10007298,W000171,W002258,0.406663,2026-03-24 19:35:00,synthetic_normal,normal
TX10006273,W000550,W000872,0.517863,2026-03-24 20:51:00,synthetic_normal,normal
TX10004227,W000235,W002226,0.504194,2026-03-24 20:53:00,synthetic_normal,normal
TX10001977,W002393,W000766,0.451226,2026-03-24 22:05:00,synthetic_normal,normal
TX10000489,W000013,W000202,9.731501,2026-03-24 22:42:00,synthetic_anomalous,fan_out
TX10002194,W001454,W000930,0.412401,2026-03-24 23:08:00,synthetic_normal,normal
TX10005519,W001269,W001527,0.465929,2026-03-25 00:33:00,synthetic_normal,normal
TX10002803,W001083,W000244,0.134133,2026-03-25 00:59:00,synthetic_normal,normal
TX10004217,W001898,W000975,0.408218,2026-03-25 01:18:00,synthetic_normal,normal
TX10000689,W000002,W001406,1.802622,2026-03-25 01:35:00,synthetic_anomalous,fan_out
TX10003031,W001271,W001828,1.109325,2026-03-25 02:22:00,synthetic_normal,normal
TX10008733,W000154,W000985,0.533917,2026-03-25 02:32:00,synthetic_normal,normal
TX10004098,W001629,W001764,0.65745,2026-03-25 02:45:00,synthetic_normal,normal
TX10003290,W000380,W002060,0.163419,2026-03-25 03:59:00,synthetic_normal,normal
TX10008943,W001165,W000111,0.39311,2026-03-25 05:20:00,synthetic_normal,normal
TX10005878,W000462,W002240,0.585307,2026-03-25 05:32:00,synthetic_normal,normal
TX10005130,W000710,W002494,0.273078,2026-03-25 06:14:00,synthetic_normal,normal
TX10003394,W000022,W002117,0.544509,2026-03-25 06:23:00,synthetic_normal,normal
TX10000707,W001276,W001211,1.10186,2026-03-25 07:34:00,synthetic_anomalous,cross_border_burst
TX10001808,W000368,W000213,0.3431,2026-03-25 07:56:00,synthetic_normal,normal
TX10006520,W000796,W000054,0.481964,2026-03-25 07:59:00,synthetic_normal,normal
TX10005103,W000794,W002465,0.291406,2026-03-25 08:26:00,synthetic_normal,normal
TX10004486,W000500,W001882,0.152588,2026-03-25 08:31:00,synthetic_normal,normal
TX10002743,W001277,W002337,1.094322,2026-03-25 08:55:00,synthetic_normal,normal
TX10001179,W002189,W001041,0.398729,2026-03-25 08:56:00,synthetic_normal,normal
TX10002323,W002372,W002105,0.314675,2026-03-25 09:05:00,synthetic_normal,normal
TX10005610,W000229,W000875,0.045168,2026-03-25 09:29:00,synthetic_normal,normal
TX10004551,W000720,W001465,0.800052,2026-03-25 09:48:00,synthetic_normal,normal
TX10000837,W000038,W002320,6.013417,2026-03-25 10:07:00,synthetic_anomalous,high_connectivity
TX10008391,W000481,W002299,0.534895,2026-03-25 10:29:00,synthetic_normal,normal
TX10003520,W000522,W002257,0.860509,2026-03-25 10:48:00,synthetic_normal,normal
TX10007824,W000731,W002067,0.193147,2026-03-25 12:32:00,synthetic_normal,normal
TX10008509,W000928,W001502,0.696363,2026-03-25 12:43:00,synthetic_normal,normal
TX10008727,W002104,W002287,0.255803,2026-03-25 12:47:00,synthetic_normal,normal
TX10001367,W002336,W001727,0.400191,2026-03-25 12:54:00,synthetic_normal,normal
TX10002505,W001020,W002415,0.365757,2026-03-25 13:25:00,synthetic_normal,normal
TX10009653,W001333,W000903,0.309874,2026-03-25 14:31:00,synthetic_normal,normal
TX10002252,W001240,W000740,0.916435,2026-03-25 14:53:00,synthetic_normal,normal
TX10005864,W000309,W001215,0.328101,2026-03-25 17:15:00,synthetic_normal,normal
TX10001432,W001149,W001560,0.370432,2026-03-25 18:06:00,synthetic_normal,normal
TX10001285,W001611,W001291,0.596086,2026-03-25 18:23:00,synthetic_normal,normal
TX10008300,W001571,W000508,1.767211,2026-03-25 18:30:00,synthetic_normal,normal
TX10008157,W000181,W000652,0.844901,2026-03-25 18:41:00,synthetic_normal,normal
TX10001949,W000524,W001957,0.429503,2026-03-25 18:59:00,synthetic_normal,normal
TX10009323,W001467,W001529,0.184059,2026-03-25 19:12:00,synthetic_normal,normal
TX10009553,W002274,W001080,0.970461,2026-03-25 19:19:00,synthetic_normal,normal
TX10002239,W000060,W001884,0.88307,2026-03-25 19:21:00,synthetic_normal,normal
TX10001219,W001681,W001004,0.313517,2026-03-25 19:33:00,synthetic_normal,normal
TX10007726,W001836,W002491,0.389269,2026-03-25 21:44:00,synthetic_normal,normal
TX10003533,W001526,W001207,2.105547,2026-03-25 22:00:00,synthetic_normal,normal
TX10005331,W000569,W001239,0.849595,2026-03-25 22:39:00,synthetic_normal,normal
TX10007037,W001365,W000946,0.173376,2026-03-25 22:52:00,synthetic_normal,normal
TX10001357,W000257,W000291,0.57685,2026-03-25 22:59:00,synthetic_normal,normal
TX10000040,W001087,W001432,4.042293,2026-03-25 23:01:00,synthetic_anomalous,rapid_chain
TX10004927,W000251,W000804,0.309169,2026-03-26 00:08:00,synthetic_normal,normal
TX10004621,W001980,W000044,0.748865,2026-03-26 01:57:00,synthetic_normal,normal
TX10003129,W002499,W001522,0.372928,2026-03-26 02:41:00,synthetic_normal,normal
TX10007365,W002397,W000388,0.858145,2026-03-26 03:10:00,synthetic_normal,normal
TX10009948,W000295,W001391,0.241596,2026-03-26 03:48:00,synthetic_normal,normal
TX10008202,W000997,W001756,0.252565,2026-03-26 04:28:00,synthetic_normal,normal
TX10000543,W000031,W001899,5.74721,2026-03-26 04:28:00,synthetic_anomalous,layered_transfer
TX10005990,W000056,W002033,0.551058,2026-03-26 04:46:00,synthetic_normal,normal
TX10006400,W000568,W001396,0.501684,2026-03-26 04:51:00,synthetic_normal,normal
TX10008051,W000485,W001319,0.683591,2026-03-26 05:06:00,synthetic_normal,normal
TX10007091,W002075,W000163,0.349507,2026-03-26 05:16:00,synthetic_normal,normal
TX10003694,W001292,W000736,0.33041,2026-03-26 05:41:00,synthetic_normal,normal
TX10002981,W000591,W000057,0.173665,2026-03-26 06:05:00,synthetic_normal,normal
TX10004025,W002475,W000342,0.318185,2026-03-26 06:11:00,synthetic_normal,normal
TX10000321,W000049,W001552,1.700099,2026-03-26 06:38:00,synthetic_anomalous,fan_out
TX10008687,W002477,W002036,0.508517,2026-03-26 06:44:00,synthetic_normal,normal
TX10007196,W000772,W001766,0.571899,2026-03-26 06:53:00,synthetic_normal,normal
TX10005166,W001305,W001892,1.789609,2026-03-26 07:32:00,synthetic_normal,normal
TX10007183,W001588,W001854,0.474324,2026-03-26 08:05:00,synthetic_normal,normal
TX10001108,W001316,W000323,0.234433,2026-03-26 08:24:00,synthetic_normal,normal
TX10008370,W001926,W000794,0.917858,2026-03-26 08:36:00,synthetic_normal,normal
TX10005075,W002180,W001280,1.399997,2026-03-26 09:08:00,synthetic_normal,normal
TX10000034,W000025,W000461,5.715377,2026-03-26 09:31:00,synthetic_anomalous,fan_in
TX10007475,W000060,W000109,0.29647,2026-03-26 10:27:00,synthetic_normal,normal
TX10008611,W001996,W000413,0.924914,2026-03-26 10:48:00,synthetic_normal,normal
TX10004799,W000886,W000998,1.087125,2026-03-26 11:21:00,synthetic_normal,normal
TX10007667,W000424,W000998,1.590249,2026-03-26 11:49:00,synthetic_normal,normal
TX10008933,W001131,W001066,0.29903,2026-03-26 12:15:00,synthetic_normal,normal
TX10005778,W000831,W000958,0.435345,2026-03-26 12:38:00,synthetic_normal,normal
TX10002858,W001372,W001445,0.206521,2026-03-26 13:02:00,synthetic_normal,normal
TX10006983,W001906,W002025,2.116386,2026-03-26 13:11:00,synthetic_normal,normal
TX10009338,W000534,W001466,0.908505,2026-03-26 13:16:00,synthetic_normal,normal
TX10005202,W000436,W000005,1.121331,2026-03-26 13:51:00,synthetic_normal,normal
TX10000515,W000933,W000209,1.27363,2026-03-26 14:24:00,synthetic_anomalous,cross_border_burst
TX10001010,W000587,W001312,0.363302,2026-03-26 14:52:00,synthetic_normal,normal
TX10004747,W001794,W000511,0.920651,2026-03-26 14:56:00,synthetic_normal,normal
TX10004493,W000118,W000781,0.387012,2026-03-26 15:39:00,synthetic_normal,normal
TX10000820,W000449,W000604,3.210065,2026-03-26 16:42:00,synthetic_anomalous,high_frequency
TX10006426,W000877,W002483,0.722233,2026-03-26 16:45:00,synthetic_normal,normal
TX10008070,W001703,W001524,0.30076,2026-03-26 16:56:00,synthetic_normal,normal
TX10008444,W000773,W001703,0.656726,2026-03-26 17:15:00,synthetic_normal,normal
TX10000338,W000028,W000347,1.171119,2026-03-26 18:06:00,synthetic_anomalous,fan_in
TX10004785,W000961,W000700,0.590773,2026-03-26 18:12:00,synthetic_normal,normal
TX10008242,W000879,W000343,0.421266,2026-03-26 18:27:00,synthetic_normal,normal
TX10008710,W002327,W000890,0.199282,2026-03-26 18:43:00,synthetic_normal,normal
TX10001037,W001006,W001479,0.35554,2026-03-26 19:04:00,synthetic_normal,normal
TX10006014,W002020,W000794,0.349201,2026-03-26 19:18:00,synthetic_normal,normal
TX10000827,W000397,W001422,3.141846,2026-03-26 20:54:00,synthetic_anomalous,cross_border_burst
TX10003647,W001637,W000115,0.489913,2026-03-26 21:26:00,synthetic_normal,normal
TX10005059,W000854,W001667,0.206229,2026-03-26 21:27:00,synthetic_normal,normal
TX10003726,W001413,W002185,1.036741,2026-03-26 21:44:00,synthetic_normal,normal
TX10003470,W001338,W001019,0.742895,2026-03-26 21:46:00,synthetic_normal,normal
TX10000256,W000351,W000794,4.479117,2026-03-26 22:07:00,synthetic_anomalous,rapid_chain
TX10009306,W002139,W000637,2.31869,2026-03-26 22:32:00,synthetic_normal,normal
TX10008662,W000786,W001640,0.756015,2026-03-26 22:43:00,synthetic_normal,normal
TX10003738,W001356,W000875,0.236763,2026-03-26 23:18:00,synthetic_normal,normal
TX10009788,W002080,W000506,0.34135,2026-03-26 23:42:00,synthetic_normal,normal
TX10002114,W001275,W001008,0.427796,2026-03-27 00:24:00,synthetic_normal,normal
TX10000061,W000018,W001225,5.132047,2026-03-27 00:39:00,synthetic_anomalous,high_connectivity
TX10001516,W001456,W000171,0.584204,2026-03-27 00:59:00,synthetic_normal,normal
TX10003602,W001590,W001091,0.361185,2026-03-27 01:02:00,synthetic_normal,normal
TX10000019,W001128,W001638,3.450507,2026-03-27 01:03:00,synthetic_anomalous,cross_border_burst
TX10007449,W001425,W000474,0.47441,2026-03-27 01:14:00,synthetic_normal,normal
TX10006437,W000918,W000603,0.45168,2026-03-27 01:17:00,synthetic_normal,normal
TX10003231,W001516,W000520,0.674207,2026-03-27 01:17:00,synthetic_normal,normal
TX10005497,W002088,W000731,0.867831,2026-03-27 01:58:00,synthetic_normal,normal
TX10002580,W000948,W000881,0.401037,2026-03-27 02:17:00,synthetic_normal,normal
TX10008873,W001301,W001645,0.097497,2026-03-27 02:49:00,synthetic_normal,normal
TX10009479,W000666,W000613,0.541785,2026-03-27 03:32:00,synthetic_normal,normal
TX10003099,W002182,W001492,0.664103,2026-03-27 04:00:00,synthetic_normal,normal
TX10000455,W000005,W000053,6.768931,2026-03-27 04:20:00,synthetic_anomalous,layered_transfer
TX10001404,W002434,W002156,0.391442,2026-03-27 04:45:00,synthetic_normal,normal
TX10009220,W000637,W001726,0.556771,2026-03-27 05:32:00,synthetic_normal,normal
TX10004479,W001435,W002071,0.150953,2026-03-27 06:12:00,synthetic_normal,normal
TX10000616,W001936,W000851,6.88868,2026-03-27 06:33:00,synthetic_anomalous,rapid_chain
TX10007639,W000528,W000842,0.246512,2026-03-27 06:43:00,synthetic_normal,normal
TX10003627,W001683,W001029,0.618145,2026-03-27 06:55:00,synthetic_normal,normal
TX10002536,W000181,W002077,2.24994,2026-03-27 07:42:00,synthetic_normal,normal
TX10008417,W002081,W000764,0.080431,2026-03-27 07:51:00,synthetic_normal,normal
TX10001919,W001595,W000344,0.202964,2026-03-27 08:14:00,synthetic_normal,normal
TX10009622,W000095,W002154,0.361679,2026-03-27 08:16:00,synthetic_normal,normal
TX10004844,W000803,W001919,0.844046,2026-03-27 08:29:00,synthetic_normal,normal
TX10009374,W002395,W000962,0.815183,2026-03-27 09:15:00,synthetic_normal,normal
TX10002760,W001172,W000869,0.592191,2026-03-27 09:39:00,synthetic_normal,normal
TX10003349,W001948,W002090,0.3713,2026-03-27 09:45:00,synthetic_normal,normal
TX10008851,W000382,W000568,0.298973,2026-03-27 09:52:00,synthetic_normal,normal
TX10001672,W000895,W001143,0.48716,2026-03-27 10:21:00,synthetic_normal,normal
TX10002016,W001053,W001854,0.353039,2026-03-27 11:01:00,synthetic_normal,normal
TX10009379,W001321,W002136,0.346265,2026-03-27 12:36:00,synthetic_normal,normal
TX10005413,W000873,W002082,0.492533,2026-03-27 13:27:00,synthetic_normal,normal
TX10003561,W000493,W002101,0.473716,2026-03-27 14:10:00,synthetic_normal,normal
TX10007597,W002383,W000110,1.110426,2026-03-27 14:15:00,synthetic_normal,normal
TX10007705,W001573,W001283,0.729294,2026-03-27 16:02:00,synthetic_normal,normal
TX10000642,W000040,W001498,1.021071,2026-03-27 16:04:00,synthetic_anomalous,fan_in
TX10005546,W000874,W001953,0.744034,2026-03-27 16:05:00,synthetic_normal,normal
TX10000361,W000045,W000480,8.121409,2026-03-27 17:08:00,synthetic_anomalous,fan_out
TX10007112,W001649,W001795,0.412033,2026-03-27 17:37:00,synthetic_normal,normal
TX10005533,W001481,W001245,0.091069,2026-03-27 17:46:00,synthetic_normal,normal
TX10001554,W000583,W002402,0.697948,2026-03-27 17:56:00,synthetic_normal,normal
TX10000353,W000001,W001392,8.596887,2026-03-27 17:56:00,synthetic_anomalous,fan_out
TX10004031,W000615,W000787,0.804226,2026-03-27 18:17:00,synthetic_normal,normal
TX10001511,W000724,W001642,0.464533,2026-03-27 18:29:00,synthetic_normal,normal
TX10001832,W000321,W000891,0.250886,2026-03-27 19:11:00,synthetic_normal,normal
TX10001004,W001016,W000577,0.892945,2026-03-27 19:23:00,synthetic_normal,normal
TX10005506,W000615,W000048,0.314894,2026-03-27 19:36:00,synthetic_normal,normal
TX10003167,W001041,W000003,1.124221,2026-03-27 20:03:00,synthetic_normal,normal
TX10005407,W000877,W001058,0.255361,2026-03-27 20:31:00,synthetic_normal,normal
TX10002980,W001858,W000985,0.089873,2026-03-27 21:01:00,synthetic_normal,normal
TX10001894,W002194,W002181,0.172922,2026-03-27 21:26:00,synthetic_normal,normal
TX10002946,W001691,W000411,0.37957,2026-03-27 21:49:00,synthetic_normal,normal
TX10004055,W001401,W001564,1.384265,2026-03-27 21:56:00,synthetic_normal,normal
TX10002021,W001790,W000227,0.489672,2026-03-27 22:44:00,synthetic_normal,normal
TX10008959,W000671,W002338,0.123241,2026-03-27 22:50:00,synthetic_normal,normal
TX10001207,W000645,W001927,0.345036,2026-03-27 23:09:00,synthetic_normal,normal
TX10005883,W000718,W001768,0.5586,2026-03-27 23:56:00,synthetic_normal,normal
TX10005703,W000182,W001845,0.183456,2026-03-27 23:57:00,synthetic_normal,normal
TX10002171,W002273,W001947,0.625053,2026-03-28 00:31:00,synthetic_normal,normal
TX10000874,W000033,W001253,15.49058,2026-03-28 00:35:00,synthetic_anomalous,fan_in
TX10004044,W000258,W001611,0.265839,2026-03-28 00:58:00,synthetic_normal,normal
TX10004633,W000455,W001897,0.622372,2026-03-28 01:13:00,synthetic_normal,normal
TX10009550,W001759,W001830,0.282208,2026-03-28 02:33:00,synthetic_normal,normal
TX10004143,W000720,W001792,0.347887,2026-03-28 02:37:00,synthetic_normal,normal
TX10001106,W002275,W001222,0.125555,2026-03-28 03:23:00,synthetic_normal,normal
TX10002167,W001977,W000863,0.119619,2026-03-28 04:44:00,synthetic_normal,normal
TX10002652,W000966,W001339,0.495662,2026-03-28 04:58:00,synthetic_normal,normal
TX10007141,W000535,W000127,0.925951,2026-03-28 05:03:00,synthetic_normal,normal
TX10001109,W000028,W001009,0.544821,2026-03-28 06:14:00,synthetic_normal,normal
TX10000852,W001348,W001200,1.695535,2026-03-28 06:15:00,synthetic_anomalous,high_frequency
TX10008200,W001896,W000295,0.330768,2026-03-28 06:42:00,synthetic_normal,normal
TX10004444,W001794,W002200,0.785918,2026-03-28 07:39:00,synthetic_normal,normal
TX10009725,W002351,W000607,0.738195,2026-03-28 08:03:00,synthetic_normal,normal
TX10009036,W002167,W000639,0.490474,2026-03-28 08:13:00,synthetic_normal,normal
TX10000436,W000081,W000505,0.398699,2026-03-28 08:38:00,synthetic_anomalous,high_frequency
TX10000672,W002378,W000850,3.139259,2026-03-28 09:05:00,synthetic_anomalous,rapid_chain
TX10005660,W001780,W001120,2.138843,2026-03-28 09:53:00,synthetic_normal,normal
TX10004273,W001842,W001024,4.750288,2026-03-28 10:11:00,synthetic_normal,normal
TX10003880,W000354,W000050,0.506868,2026-03-28 10:59:00,synthetic_normal,normal
TX10008486,W000665,W000227,0.093073,2026-03-28 11:12:00,synthetic_normal,normal
TX10005134,W001544,W000548,0.679023,2026-03-28 11:49:00,synthetic_normal,normal
TX10007711,W000520,W000229,0.658753,2026-03-28 11:59:00,synthetic_normal,normal
TX10009783,W002185,W000885,0.354098,2026-03-28 12:22:00,synthetic_normal,normal
TX10006184,W000632,W000230,0.701455,2026-03-28 12:57:00,synthetic_normal,normal
TX10000329,W000031,W000757,7.119288,2026-03-28 14:57:00,synthetic_anomalous,fan_out
TX10004094,W002356,W001413,0.636463,2026-03-28 15:22:00,synthetic_normal,normal
TX10001663,W001161,W001760,1.073782,2026-03-28 15:30:00,synthetic_normal,normal
TX10008605,W000179,W001048,0.103665,2026-03-28 16:08:00,synthetic_normal,normal
TX10005313,W000695,W002397,0.190226,2026-03-28 16:09:00,synthetic_normal,normal
TX10005286,W000819,W002182,0.253897,2026-03-28 16:14:00,synthetic_normal,normal
TX10003785,W002432,W002486,0.745839,2026-03-28 17:02:00,synthetic_normal,normal
TX10007611,W000428,W000140,0.389137,2026-03-28 17:58:00,synthetic_normal,normal
TX10002880,W000563,W000200,0.475185,2026-03-28 18:40:00,synthetic_normal,normal
TX10008569,W000327,W000060,0.864387,2026-03-28 19:04:00,synthetic_normal,normal
TX10002976,W000109,W000576,0.340187,2026-03-28 20:09:00,synthetic_normal,normal
TX10008950,W002263,W000978,0.700972,2026-03-28 20:13:00,synthetic_normal,normal
TX10003540,W000367,W000445,0.293978,2026-03-28 20:14:00,synthetic_normal,normal
TX10004427,W000401,W002319,0.153663,2026-03-28 20:24:00,synthetic_normal,normal
TX10003838,W001336,W000092,1.140781,2026-03-28 20:51:00,synthetic_normal,normal
TX10006065,W000831,W002490,1.111027,2026-03-28 20:53:00,synthetic_normal,normal
TX10009082,W000722,W000923,0.289748,2026-03-28 21:05:00,synthetic_normal,normal
TX10008354,W001389,W002095,0.420426,2026-03-28 21:22:00,synthetic_normal,normal
TX10001019,W000221,W000685,0.262664,2026-03-28 22:05:00,synthetic_normal,normal
TX10004176,W000959,W002267,0.615616,2026-03-28 22:57:00,synthetic_normal,normal
TX10003867,W001700,W000622,0.308002,2026-03-29 00:37:00,synthetic_normal,normal
TX10009378,W002065,W001777,0.112237,2026-03-29 00:42:00,synthetic_normal,normal
TX10007465,W000153,W001112,0.322523,2026-03-29 00:56:00,synthetic_normal,normal
TX10000641,W000022,W000158,12.816822,2026-03-29 01:00:00,synthetic_anomalous,fan_out
TX10006119,W000101,W000899,0.549455,2026-03-29 01:23:00,synthetic_normal,normal
TX10002774,W000560,W000289,0.575544,2026-03-29 01:24:00,synthetic_normal,normal
TX10002056,W001434,W001914,0.248376,2026-03-29 01:42:00,synthetic_normal,normal
TX10007594,W000667,W000481,0.183678,2026-03-29 01:49:00,synthetic_normal,normal
TX10002456,W001980,W001089,0.465475,2026-03-29 02:03:00,synthetic_normal,normal
TX10000835,W001044,W001989,2.860731,2026-03-29 04:01:00,synthetic_anomalous,cross_border_burst
TX10001352,W000362,W000137,0.16526,2026-03-29 04:06:00,synthetic_normal,normal
TX10003225,W001321,W000831,1.161811,2026-03-29 04:16:00,synthetic_normal,normal
TX10000657,W000018,W000109,3.465417,2026-03-29 04:50:00,synthetic_anomalous,fan_out
TX10008432,W000206,W000962,0.199601,2026-03-29 04:50:00,synthetic_normal,normal
TX10003946,W000539,W000684,0.887931,2026-03-29 05:23:00,synthetic_normal,normal
TX10006642,W001478,W002179,2.638859,2026-03-29 05:33:00,synthetic_normal,normal
TX10007197,W002221,W000712,0.713033,2026-03-29 05:43:00,synthetic_normal,normal
TX10003260,W001917,W000082,0.11105,2026-03-29 05:48:00,synthetic_normal,normal
TX10003230,W000286,W000531,0.170476,2026-03-29 06:10:00,synthetic_normal,normal
TX10008033,W002270,W000080,0.571944,2026-03-29 06:26:00,synthetic_normal,normal
TX10004167,W001213,W001957,0.886133,2026-03-29 06:35:00,synthetic_normal,normal
TX10002024,W000180,W001334,0.543024,2026-03-29 06:55:00,synthetic_normal,normal
TX10004501,W002491,W001246,0.665825,2026-03-29 07:32:00,synthetic_normal,normal
TX10001964,W000968,W001866,0.142657,2026-03-29 08:01:00,synthetic_normal,normal
TX10006229,W000202,W002471,0.770236,2026-03-29 08:13:00,synthetic_normal,normal
TX10006305,W001293,W001402,0.419995,2026-03-29 08:24:00,synthetic_normal,normal
TX10002989,W002331,W000781,3.146176,2026-03-29 09:19:00,synthetic_normal,normal
TX10002255,W000117,W000822,0.444854,2026-03-29 10:48:00,synthetic_normal,normal
TX10002121,W001589,W000753,0.206301,2026-03-29 11:33:00,synthetic_normal,normal
TX10004352,W001514,W001409,0.263973,2026-03-29 12:14:00,synthetic_normal,normal
TX10001403,W000757,W000731,1.00773,2026-03-29 12:42:00,synthetic_normal,normal
TX10001088,W000711,W000020,0.345489,2026-03-29 13:26:00,synthetic_normal,normal
TX10005820,W001261,W001035,0.325678,2026-03-29 13:39:00,synthetic_normal,normal
TX10008006,W000530,W001892,0.58304,2026-03-29 14:13:00,synthetic_normal,normal
TX10001602,W001341,W001029,0.332561,2026-03-29 14:36:00,synthetic_normal,normal
TX10006481,W002064,W001592,1.125748,2026-03-29 14:40:00,synthetic_normal,normal
TX10002923,W002079,W000438,0.37352,2026-03-29 14:42:00,synthetic_normal,normal
TX10006907,W000835,W001448,0.507682,2026-03-29 15:31:00,synthetic_normal,normal
TX10009689,W001436,W002454,1.020646,2026-03-29 15:36:00,synthetic_normal,normal
TX10006745,W001068,W000635,0.933558,2026-03-29 16:19:00,synthetic_normal,normal
TX10004082,W002069,W000630,1.177877,2026-03-29 16:25:00,synthetic_normal,normal
TX10007644,W000153,W001192,0.457054,2026-03-29 16:51:00,synthetic_normal,normal
TX10008526,W000440,W001309,1.572155,2026-03-29 16:54:00,synthetic_normal,normal
TX10001584,W000697,W000436,0.19662,2026-03-29 16:56:00,synthetic_normal,normal
TX10007874,W001748,W001554,1.248076,2026-03-29 17:26:00,synthetic_normal,normal
TX10006061,W001648,W000215,1.624665,2026-03-29 17:35:00,synthetic_normal,normal
TX10007266,W000945,W000714,0.136429,2026-03-29 18:12:00,synthetic_normal,normal
TX10008095,W000240,W001479,0.613234,2026-03-29 18:47:00,synthetic_normal,normal
TX10003864,W002331,W000243,0.884957,2026-03-29 18:50:00,synthetic_normal,normal
TX10001735,W001160,W001353,0.51074,2026-03-29 19:17:00,synthetic_normal,normal
TX10009875,W000033,W000246,0.500867,2026-03-29 19:33:00,synthetic_normal,normal
TX10000660,W000625,W002438,13.596075,2026-03-29 20:27:00,synthetic_anomalous,high_frequency
TX10006546,W000546,W001648,1.289785,2026-03-29 20:58:00,synthetic_normal,normal
TX10000671,W000045,W000454,3.158359,2026-03-29 21:01:00,synthetic_anomalous,layered_transfer
TX10007058,W001333,W001301,1.070147,2026-03-29 21:15:00,synthetic_normal,normal
TX10002944,W001437,W002378,0.490224,2026-03-29 21:16:00,synthetic_normal,normal
TX10004780,W002308,W000472,0.140962,2026-03-29 21:28:00,synthetic_normal,normal
TX10001232,W002380,W000172,0.428621,2026-03-29 21:37:00,synthetic_normal,normal
TX10008383,W001805,W000595,0.678322,2026-03-29 21:37:00,synthetic_normal,normal
TX10008992,W001999,W001018,0.254657,2026-03-29 21:38:00,synthetic_normal,normal
TX10007687,W001958,W002081,0.208137,2026-03-29 21:53:00,synthetic_normal,normal
TX10005409,W001864,W000736,0.385582,2026-03-29 22:18:00,synthetic_normal,normal
TX10006375,W002125,W002402,0.264008,2026-03-29 22:45:00,synthetic_normal,normal
TX10004714,W002369,W000053,0.601887,2026-03-29 23:14:00,synthetic_normal,normal
TX10002137,W001083,W002375,0.432429,2026-03-29 23:39:00,synthetic_normal,normal
TX10007699,W002379,W002267,0.356192,2026-03-30 00:36:00,synthetic_normal,normal
TX10005731,W000590,W000823,1.769262,2026-03-30 00:57:00,synthetic_normal,normal
TX10007468,W001663,W000174,0.912622,2026-03-30 01:24:00,synthetic_normal,normal
TX10007537,W001250,W000606,0.530296,2026-03-30 01:47:00,synthetic_normal,normal
TX10006750,W001806,W000309,0.773001,2026-03-30 01:48:00,synthetic_normal,normal
TX10001281,W000956,W002048,0.724533,2026-03-30 01:52:00,synthetic_normal,normal
TX10002202,W000008,W000645,0.401818,2026-03-30 02:11:00,synthetic_normal,normal
TX10004475,W001614,W000520,0.162418,2026-03-30 02:15:00,synthetic_normal,normal
TX10004834,W000744,W002038,0.32907,2026-03-30 03:47:00,synthetic_normal,normal
TX10001750,W002161,W001067,0.272698,2026-03-30 04:00:00,synthetic_normal,normal
TX10001030,W000534,W000730,0.542312,2026-03-30 05:31:00,synthetic_normal,normal
TX10008903,W000937,W000110,1.005194,2026-03-30 05:33:00,synthetic_normal,normal
TX10001902,W001290,W001157,0.185601,2026-03-30 07:36:00,synthetic_normal,normal
TX10002867,W000072,W001594,0.28533,2026-03-30 07:46:00,synthetic_normal,normal
TX10004404,W000974,W001488,0.52561,2026-03-30 08:13:00,synthetic_normal,normal
TX10003568,W002461,W001662,0.217071,2026-03-30 08:23:00,synthetic_normal,normal
TX10002131,W001051,W001781,1.034013,2026-03-30 08:41:00,synthetic_normal,normal
TX10006851,W001161,W002167,1.59262,2026-03-30 09:00:00,synthetic_normal,normal
TX10004900,W001165,W001716,0.865957,2026-03-30 09:56:00,synthetic_normal,normal
TX10003530,W002034,W001980,1.505979,2026-03-30 11:03:00,synthetic_normal,normal
TX10001321,W000607,W000744,0.640762,2026-03-30 11:19:00,synthetic_normal,normal
TX10003794,W001105,W000743,0.324121,2026-03-30 11:21:00,synthetic_normal,normal
TX10008528,W002095,W001671,0.659273,2026-03-30 11:24:00,synthetic_normal,normal
TX10002082,W000183,W001068,0.500604,2026-03-30 12:11:00,synthetic_normal,normal
TX10006062,W000409,W000595,0.370934,2026-03-30 12:54:00,synthetic_normal,normal
TX10006504,W000503,W001031,0.199019,2026-03-30 13:30:00,synthetic_normal,normal
TX10004928,W000819,W000935,0.248048,2026-03-30 13:56:00,synthetic_normal,normal
TX10002073,W001578,W001474,0.399846,2026-03-30 14:02:00,synthetic_normal,normal
TX10007935,W000866,W000822,0.52065,2026-03-30 14:10:00,synthetic_normal,normal
TX10007205,W001160,W000375,0.163849,2026-03-30 14:42:00,synthetic_normal,normal
TX10004157,W001634,W000737,0.578189,2026-03-30 14:44:00,synthetic_normal,normal
TX10008329,W000363,W001771,0.369163,2026-03-30 15:01:00,synthetic_normal,normal
TX10008762,W001081,W000475,0.392836,2026-03-30 16:03:00,synthetic_normal,normal
TX10001175,W000669,W000111,1.266936,2026-03-30 16:06:00,synthetic_normal,normal
TX10000098,W000049,W001208,2.293561,2026-03-30 16:09:00,synthetic_anomalous,fan_in
TX10006655,W000472,W002438,0.43181,2026-03-30 17:33:00,synthetic_normal,normal
TX10006313,W000051,W001273,1.418207,2026-03-30 18:03:00,synthetic_normal,normal
TX10007446,W000830,W001720,1.295236,2026-03-30 18:34:00,synthetic_normal,normal
TX10002218,W002180,W000770,0.405826,2026-03-30 19:01:00,synthetic_normal,normal
TX10008182,W000447,W000217,0.217307,2026-03-30 19:40:00,synthetic_normal,normal
TX10003929,W000377,W001443,0.926078,2026-03-30 19:41:00,synthetic_normal,normal
TX10003713,W000462,W000251,0.217672,2026-03-30 19:59:00,synthetic_normal,normal
TX10008671,W001604,W000678,0.240723,2026-03-30 20:22:00,synthetic_normal,normal
TX10006867,W000383,W000493,0.847506,2026-03-30 20:27:00,synthetic_normal,normal
TX10003143,W000451,W000838,1.580059,2026-03-30 20:54:00,synthetic_normal,normal
TX10005463,W002150,W000858,0.751015,2026-03-30 21:17:00,synthetic_normal,normal
TX10009845,W002317,W000717,0.66123,2026-03-30 21:23:00,synthetic_normal,normal
TX10000982,W000019,W000850,4.314782,2026-03-30 21:54:00,synthetic_anomalous,ip_wallet_reuse
TX10006856,W000457,W001615,0.561148,2026-03-30 22:23:00,synthetic_normal,normal
TX10007789,W000838,W001009,0.360027,2026-03-30 22:24:00,synthetic_normal,normal
TX10007341,W000609,W002449,0.426676,2026-03-30 22:37:00,synthetic_normal,normal
TX10009716,W000912,W000032,0.577364,2026-03-30 23:35:00,synthetic_normal,normal
TX10006444,W002408,W000657,0.116122,2026-03-30 23:41:00,synthetic_normal,normal
TX10005861,W000154,W000897,0.305877,2026-03-30 23:41:00,synthetic_normal,normal
TX10009794,W001737,W001345,0.918245,2026-03-30 23:53:00,synthetic_normal,normal
TX10006248,W000821,W002159,0.286,2026-03-31 00:15:00,synthetic_normal,normal
TX10004375,W000008,W000076,0.337776,2026-03-31 00:22:00,synthetic_normal,normal
TX10002338,W001223,W000352,1.16183,2026-03-31 00:56:00,synthetic_normal,normal
TX10004483,W001134,W001807,0.657056,2026-03-31 01:06:00,synthetic_normal,normal
TX10006827,W000937,W001045,0.238879,2026-03-31 01:48:00,synthetic_normal,normal
TX10005261,W001393,W001350,0.643094,2026-03-31 02:52:00,synthetic_normal,normal
TX10007250,W001934,W001323,0.783716,2026-03-31 02:54:00,synthetic_normal,normal
TX10000007,W000012,W000105,4.347774,2026-03-31 02:59:00,synthetic_anomalous,layered_transfer
TX10006377,W002166,W000868,0.373531,2026-03-31 03:11:00,synthetic_normal,normal
TX10006100,W001265,W000677,0.477452,2026-03-31 03:45:00,synthetic_normal,normal
TX10007912,W000589,W000592,0.249423,2026-03-31 04:41:00,synthetic_normal,normal
TX10002694,W001159,W002264,0.860428,2026-03-31 04:58:00,synthetic_normal,normal
TX10001301,W000787,W000142,0.700937,2026-03-31 05:18:00,synthetic_normal,normal
TX10004907,W000170,W002093,0.162686,2026-03-31 05:22:00,synthetic_normal,normal
TX10006632,W001020,W000828,0.339661,2026-03-31 05:23:00,synthetic_normal,normal
TX10002820,W000293,W000763,2.050579,2026-03-31 05:31:00,synthetic_normal,normal
TX10000352,W002336,W000370,6.57966,2026-03-31 05:34:00,synthetic_anomalous,rapid_chain
TX10009010,W002245,W001485,0.308437,2026-03-31 06:14:00,synthetic_normal,normal
TX10009631,W001924,W002476,0.493908,2026-03-31 06:19:00,synthetic_normal,normal
TX10001041,W000854,W001227,0.194249,2026-03-31 06:30:00,synthetic_normal,normal
TX10009454,W000297,W001463,0.478715,2026-03-31 07:25:00,synthetic_normal,normal
TX10002631,W001424,W001279,0.830879,2026-03-31 07:38:00,synthetic_normal,normal
TX10002647,W002198,W001811,0.175133,2026-03-31 07:52:00,synthetic_normal,normal
TX10003363,W000435,W002371,1.369504,2026-03-31 08:03:00,synthetic_normal,normal
TX10005440,W000754,W001605,0.61146,2026-03-31 08:04:00,synthetic_normal,normal
TX10008597,W001220,W000535,0.266025,2026-03-31 08:14:00,synthetic_normal,normal
TX10000090,W000030,W002253,3.350099,2026-03-31 09:44:00,synthetic_anomalous,fan_in
TX10009923,W000518,W001071,0.397616,2026-03-31 10:05:00,synthetic_normal,normal
TX10007909,W000606,W001446,0.690774,2026-03-31 10:28:00,synthetic_normal,normal
TX10000118,W000024,W000418,8.878155,2026-03-31 10:35:00,synthetic_anomalous,ip_wallet_reuse
TX10005918,W001240,W001456,0.168346,2026-03-31 11:04:00,synthetic_normal,normal
TX10005773,W000995,W000264,0.970906,2026-03-31 11:44:00,synthetic_normal,normal
TX10002669,W000607,W000021,0.680907,2026-03-31 11:57:00,synthetic_normal,normal
TX10007980,W002009,W001366,0.470604,2026-03-31 12:13:00,synthetic_normal,normal
TX10009968,W001224,W000702,0.84959,2026-03-31 12:20:00,synthetic_normal,normal
TX10007219,W000485,W002139,0.279706,2026-03-31 12:21:00,synthetic_normal,normal
TX10002527,W000530,W000524,0.408319,2026-03-31 12:28:00,synthetic_normal,normal
TX10002670,W000809,W000080,0.14498,2026-03-31 12:30:00,synthetic_normal,normal
TX10004696,W000803,W001466,1.418453,2026-03-31 12:58:00,synthetic_normal,normal
TX10000632,W000925,W000597,3.611478,2026-03-31 13:16:00,synthetic_anomalous,rapid_chain
TX10003663,W001553,W001037,0.399513,2026-03-31 16:34:00,synthetic_normal,normal
TX10007189,W000157,W001972,0.858485,2026-03-31 16:37:00,synthetic_normal,normal
TX10004666,W001999,W001758,0.678913,2026-03-31 16:39:00,synthetic_normal,normal
TX10004516,W001972,W001472,0.32343,2026-03-31 17:07:00,synthetic_normal,normal
TX10007723,W001090,W001576,0.383013,2026-03-31 17:16:00,synthetic_normal,normal
TX10009345,W002341,W002188,0.986767,2026-03-31 17:47:00,synthetic_normal,normal
TX10007977,W001716,W002438,0.415412,2026-03-31 18:43:00,synthetic_normal,normal
TX10003630,W001994,W000009,1.090953,2026-03-31 18:45:00,synthetic_normal,normal
TX10005391,W000093,W001320,0.721819,2026-03-31 18:52:00,synthetic_normal,normal
TX10008981,W002023,W001833,0.766288,2026-03-31 19:17:00,synthetic_normal,normal
TX10001243,W001714,W001017,0.337459,2026-03-31 19:25:00,synthetic_normal,normal
TX10005267,W001276,W000130,1.461377,2026-03-31 19:58:00,synthetic_normal,normal
TX10004060,W000399,W002358,0.951529,2026-03-31 20:07:00,synthetic_normal,normal
TX10007873,W001977,W002497,0.116641,2026-03-31 20:19:00,synthetic_normal,normal
TX10006967,W000329,W001925,0.240851,2026-03-31 20:25:00,synthetic_normal,normal
TX10004105,W000330,W000658,0.295539,2026-03-31 21:03:00,synthetic_normal,normal
TX10006850,W000775,W001492,1.007973,2026-03-31 21:28:00,synthetic_normal,normal
TX10009478,W002371,W001358,0.32751,2026-03-31 21:54:00,synthetic_normal,normal
TX10002877,W001986,W001064,0.142417,2026-03-31 22:00:00,synthetic_normal,normal
TX10002258,W001295,W002167,0.642943,2026-03-31 22:06:00,synthetic_normal,normal
TX10009525,W001302,W002354,0.206693,2026-03-31 22:20:00,synthetic_normal,normal
TX10001387,W001742,W000281,0.31523,2026-03-31 23:05:00,synthetic_normal,normal
TX10007721,W002183,W000390,0.266477,2026-03-31 23:08:00,synthetic_normal,normal
TX10003822,W000617,W001728,0.172504,2026-03-31 23:54:00,synthetic_normal,normal
TX10008692,W000250,W001158,0.359688,2026-04-01 00:50:00,synthetic_normal,normal
TX10007402,W002325,W000658,0.220925,2026-04-01 01:03:00,synthetic_normal,normal
TX10005969,W001259,W001873,0.173998,2026-04-01 01:19:00,synthetic_normal,normal
TX10006764,W001333,W001842,0.237001,2026-04-01 01:32:00,synthetic_normal,normal
TX10000883,W001210,W002131,1.143711,2026-04-01 01:45:00,synthetic_anomalous,cross_border_burst
TX10004324,W000397,W002434,0.512452,2026-04-01 02:26:00,synthetic_normal,normal
TX10002855,W000092,W001494,0.51939,2026-04-01 03:24:00,synthetic_normal,normal
TX10002116,W000264,W001393,0.876776,2026-04-01 04:00:00,synthetic_normal,normal
TX10000749,W000027,W001716,12.499038,2026-04-01 04:13:00,synthetic_anomalous,high_connectivity
TX10005869,W000906,W001332,0.513463,2026-04-01 04:54:00,synthetic_normal,normal
TX10006059,W001982,W000211,0.159129,2026-04-01 05:10:00,synthetic_normal,normal
TX10002890,W001820,W002317,0.996409,2026-04-01 05:42:00,synthetic_normal,normal
TX10001001,W001159,W002129,0.713248,2026-04-01 06:05:00,synthetic_normal,normal
TX10006899,W001040,W000466,0.648125,2026-04-01 06:11:00,synthetic_normal,normal
TX10005557,W002094,W002302,0.40308,2026-04-01 06:39:00,synthetic_normal,normal
TX10004731,W001410,W000214,0.425678,2026-04-01 06:49:00,synthetic_normal,normal
TX10004172,W001339,W001044,0.451798,2026-04-01 07:07:00,synthetic_normal,normal
TX10001016,W000463,W000634,0.750102,2026-04-01 07:23:00,synthetic_normal,normal
TX10008747,W000515,W000713,0.405895,2026-04-01 08:24:00,synthetic_normal,normal
TX10002933,W000753,W001413,0.616326,2026-04-01 08:37:00,synthetic_normal,normal
TX10001135,W001271,W000303,0.1132,2026-04-01 08:52:00,synthetic_normal,normal
TX10000193,W000023,W001210,7.641176,2026-04-01 09:01:00,synthetic_anomalous,fan_out
TX10002119,W000677,W001372,0.192187,2026-04-01 09:15:00,synthetic_normal,normal
TX10001793,W002154,W001403,0.136979,2026-04-01 09:44:00,synthetic_normal,normal
TX10006042,W001128,W001565,0.170689,2026-04-01 09:46:00,synthetic_normal,normal
TX10005152,W000228,W000731,0.158087,2026-04-01 10:22:00,synthetic_normal,normal
TX10004553,W000080,W002499,0.100682,2026-04-01 12:08:00,synthetic_normal,normal
TX10002466,W002457,W001966,1.565511,2026-04-01 12:11:00,synthetic_normal,normal
TX10006995,W000482,W000190,1.036713,2026-04-01 13:40:00,synthetic_normal,normal
TX10001707,W001653,W000639,0.842202,2026-04-01 13:53:00,synthetic_normal,normal
TX10001691,W002115,W001006,0.262503,2026-04-01 14:42:00,synthetic_normal,normal
TX10003535,W000219,W000747,0.245047,2026-04-01 16:26:00,synthetic_normal,normal
TX10007033,W000838,W001674,0.625832,2026-04-01 16:46:00,synthetic_normal,normal
TX10002846,W001785,W001521,0.454377,2026-04-01 17:18:00,synthetic_normal,normal
TX10001772,W001851,W000282,0.871865,2026-04-01 17:20:00,synthetic_normal,normal
TX10006595,W001535,W001636,0.911447,2026-04-01 17:26:00,synthetic_normal,normal
TX10006114,W000165,W001659,0.387418,2026-04-01 18:59:00,synthetic_normal,normal
TX10006430,W001386,W000212,0.568818,2026-04-01 19:09:00,synthetic_normal,normal
TX10002386,W001784,W000840,0.439022,2026-04-01 19:10:00,synthetic_normal,normal
TX10005819,W002346,W000930,0.644013,2026-04-01 20:34:00,synthetic_normal,normal
TX10009416,W000598,W002069,0.431021,2026-04-01 21:20:00,synthetic_normal,normal
TX10005654,W000202,W000007,0.454041,2026-04-01 21:35:00,synthetic_normal,normal
TX10004198,W001188,W000806,0.365166,2026-04-01 21:37:00,synthetic_normal,normal
TX10000898,W000019,W000920,3.700647,2026-04-01 22:05:00,synthetic_anomalous,fan_in
TX10008649,W000206,W001170,0.877758,2026-04-01 22:25:00,synthetic_normal,normal
TX10009187,W001195,W001113,0.635741,2026-04-01 22:36:00,synthetic_normal,normal
TX10000348,W001586,W001976,3.494588,2026-04-01 22:38:00,synthetic_anomalous,high_frequency
TX10009530,W001850,W000497,0.671464,2026-04-01 23:49:00,synthetic_normal,normal
TX10001388,W000070,W002124,1.181855,2026-04-02 00:14:00,synthetic_normal,normal
TX10002297,W000255,W002348,0.13734,2026-04-02 00:14:00,synthetic_normal,normal
TX10000148,W002377,W001205,47.460216,2026-04-02 00:23:00,synthetic_anomalous,high_frequency
TX10009196,W000117,W000784,0.639261,2026-04-02 00:35:00,synthetic_normal,normal
TX10004724,W002303,W001849,0.319385,2026-04-02 00:38:00,synthetic_normal,normal
TX10006804,W000304,W000261,0.587163,2026-04-02 00:43:00,synthetic_normal,normal
TX10000135,W000012,W000093,8.968893,2026-04-02 01:21:00,synthetic_anomalous,layered_transfer
TX10002995,W001045,W002275,0.391751,2026-04-02 02:02:00,synthetic_normal,normal
TX10004115,W000894,W002215,0.435479,2026-04-02 02:14:00,synthetic_normal,normal
TX10002406,W001193,W000545,0.77249,2026-04-02 02:31:00,synthetic_normal,normal
TX10009110,W002152,W001274,0.658529,2026-04-02 03:01:00,synthetic_normal,normal
TX10001415,W002474,W000449,0.149881,2026-04-02 03:35:00,synthetic_normal,normal
TX10002437,W002010,W000209,0.557612,2026-04-02 03:57:00,synthetic_normal,normal
TX10005908,W002466,W001970,0.433134,2026-04-02 04:15:00,synthetic_normal,normal
TX10003244,W000500,W000708,0.079956,2026-04-02 04:58:00,synthetic_normal,normal
TX10006924,W000963,W002218,0.641398,2026-04-02 05:25:00,synthetic_normal,normal
TX10007130,W000767,W001538,0.257702,2026-04-02 05:36:00,synthetic_normal,normal
TX10009472,W001141,W001405,0.417481,2026-04-02 05:38:00,synthetic_normal,normal
TX10007953,W001871,W002413,0.84808,2026-04-02 06:49:00,synthetic_normal,normal
TX10000737,W000018,W000285,4.492903,2026-04-02 06:49:00,synthetic_anomalous,fan_out
TX10003000,W000165,W001819,0.559127,2026-04-02 06:55:00,synthetic_normal,normal
TX10000757,W000036,W000753,2.264189,2026-04-02 07:34:00,synthetic_anomalous,high_connectivity
TX10008049,W001714,W000301,0.146391,2026-04-02 07:57:00,synthetic_normal,normal
TX10002626,W001788,W001173,0.368781,2026-04-02 08:28:00,synthetic_normal,normal
TX10003023,W001920,W000862,0.266784,2026-04-02 08:52:00,synthetic_normal,normal
TX10009414,W001997,W000726,0.221455,2026-04-02 09:02:00,synthetic_normal,normal
TX10005743,W001589,W001951,0.219129,2026-04-02 09:22:00,synthetic_normal,normal
TX10000622,W000028,W001090,4.024193,2026-04-02 09:45:00,synthetic_anomalous,ip_wallet_reuse
TX10003184,W000664,W001724,0.267981,2026-04-02 10:06:00,synthetic_normal,normal
TX10000858,W000047,W002304,1.287169,2026-04-02 10:10:00,synthetic_anomalous,fan_in
TX10004246,W001473,W001107,0.990724,2026-04-02 10:11:00,synthetic_normal,normal
TX10006623,W000719,W000413,0.288862,2026-04-02 10:40:00,synthetic_normal,normal
TX10008026,W000376,W000059,0.705128,2026-04-02 11:59:00,synthetic_normal,normal
TX10004196,W000315,W000232,0.685454,2026-04-02 12:18:00,synthetic_normal,normal
TX10002163,W002017,W000972,0.463242,2026-04-02 13:19:00,synthetic_normal,normal
TX10004770,W000798,W000488,0.250777,2026-04-02 13:35:00,synthetic_normal,normal
TX10004093,W000331,W002040,0.427765,2026-04-02 14:24:00,synthetic_normal,normal
TX10002354,W001550,W001250,0.218922,2026-04-02 16:52:00,synthetic_normal,normal
TX10002428,W000136,W000163,0.565154,2026-04-02 17:28:00,synthetic_normal,normal
TX10001488,W000531,W001878,0.276771,2026-04-02 18:25:00,synthetic_normal,normal
TX10004281,W001434,W001099,0.406789,2026-04-02 18:40:00,synthetic_normal,normal
TX10005977,W001687,W000999,0.213327,2026-04-02 19:58:00,synthetic_normal,normal
TX10001800,W000147,W000591,0.124827,2026-04-02 20:51:00,synthetic_normal,normal
TX10003056,W001708,W001318,0.190326,2026-04-02 21:18:00,synthetic_normal,normal
TX10000599,W000003,W001665,1.894724,2026-04-02 21:54:00,synthetic_anomalous,layered_transfer
TX10006937,W000421,W000991,0.134778,2026-04-02 22:02:00,synthetic_normal,normal
TX10008288,W000340,W000841,0.247255,2026-04-02 22:11:00,synthetic_normal,normal
TX10005055,W002412,W002188,0.548743,2026-04-02 22:37:00,synthetic_normal,normal
TX10002141,W000554,W001861,0.397812,2026-04-02 23:54:00,synthetic_normal,normal
TX10006001,W002167,W001608,0.593496,2026-04-03 00:20:00,synthetic_normal,normal
TX10008489,W000339,W002387,0.461964,2026-04-03 00:54:00,synthetic_normal,normal
TX10001045,W002373,W000618,1.482253,2026-04-03 01:03:00,synthetic_normal,normal
TX10001481,W001715,W002290,0.44886,2026-04-03 01:06:00,synthetic_normal,normal
TX10005211,W001411,W001305,0.232654,2026-04-03 01:13:00,synthetic_normal,normal
TX10003131,W001029,W001292,0.708972,2026-04-03 01:57:00,synthetic_normal,normal
TX10000583,W000050,W001533,4.148965,2026-04-03 02:07:00,synthetic_anomalous,layered_transfer
TX10004883,W001955,W000424,0.401911,2026-04-03 02:46:00,synthetic_normal,normal
TX10002972,W001724,W000642,0.200566,2026-04-03 03:35:00,synthetic_normal,normal
TX10007613,W001493,W002026,0.130157,2026-04-03 04:32:00,synthetic_normal,normal
TX10005708,W001529,W002100,0.250042,2026-04-03 05:07:00,synthetic_normal,normal
TX10004545,W002119,W000939,0.354839,2026-04-03 05:28:00,synthetic_normal,normal
TX10009621,W001086,W001061,0.953518,2026-04-03 05:29:00,synthetic_normal,normal
TX10001655,W000615,W002135,0.596369,2026-04-03 05:37:00,synthetic_normal,normal
TX10003907,W001968,W001626,1.781927,2026-04-03 06:14:00,synthetic_normal,normal
TX10002011,W000295,W000824,0.736865,2026-04-03 06:24:00,synthetic_normal,normal
TX10000328,W001184,W001219,0.859092,2026-04-03 07:12:00,synthetic_anomalous,rapid_chain
TX10000187,W000275,W000351,0.539271,2026-04-03 08:08:00,synthetic_anomalous,cross_border_burst
TX10008434,W001186,W000217,0.942934,2026-04-03 08:37:00,synthetic_normal,normal
TX10001646,W001998,W000434,0.527439,2026-04-03 09:52:00,synthetic_normal,normal
TX10009877,W000129,W000523,0.328804,2026-04-03 10:29:00,synthetic_normal,normal
TX10004275,W000207,W001787,0.88351,2026-04-03 10:56:00,synthetic_normal,normal
TX10002752,W000541,W001631,0.269182,2026-04-03 11:07:00,synthetic_normal,normal
TX10006471,W000725,W002438,0.125875,2026-04-03 11:46:00,synthetic_normal,normal
TX10002977,W002055,W000591,0.326747,2026-04-03 12:09:00,synthetic_normal,normal
TX10009055,W000157,W001352,1.242421,2026-04-03 13:04:00,synthetic_normal,normal
TX10004648,W001393,W001450,0.075889,2026-04-03 13:40:00,synthetic_normal,normal
TX10003065,W000170,W001936,0.712576,2026-04-03 14:21:00,synthetic_normal,normal
TX10004606,W000108,W001508,0.514986,2026-04-03 14:56:00,synthetic_normal,normal
TX10001114,W000771,W000976,0.65578,2026-04-03 15:10:00,synthetic_normal,normal
TX10005047,W001470,W000668,0.616797,2026-04-03 15:35:00,synthetic_normal,normal
TX10008607,W001627,W000020,0.304154,2026-04-03 17:09:00,synthetic_normal,normal
TX10000612,W002197,W001818,4.0433,2026-04-03 17:57:00,synthetic_anomalous,high_frequency
TX10008554,W000285,W000314,0.659878,2026-04-03 18:05:00,synthetic_normal,normal
TX10007770,W000817,W001019,0.25151,2026-04-03 18:22:00,synthetic_normal,normal
TX10003378,W001504,W000318,0.332575,2026-04-03 19:22:00,synthetic_normal,normal
TX10004136,W000122,W001405,0.305512,2026-04-03 19:41:00,synthetic_normal,normal
TX10002417,W000583,W000001,1.088152,2026-04-03 20:41:00,synthetic_normal,normal
TX10007632,W000556,W001165,0.504529,2026-04-03 20:51:00,synthetic_normal,normal
TX10001878,W001392,W001398,0.509142,2026-04-03 20:57:00,synthetic_normal,normal
TX10008583,W001722,W001706,0.609751,2026-04-03 21:54:00,synthetic_normal,normal
TX10005244,W000818,W001637,2.479018,2026-04-03 21:59:00,synthetic_normal,normal
TX10008090,W000375,W000025,0.610556,2026-04-03 22:27:00,synthetic_normal,normal
TX10004734,W002298,W000376,0.50402,2026-04-03 22:29:00,synthetic_normal,normal
TX10004388,W001954,W000459,0.394499,2026-04-03 22:29:00,synthetic_normal,normal
TX10003310,W001784,W000216,0.862271,2026-04-03 22:51:00,synthetic_normal,normal
TX10003307,W000696,W000039,1.402993,2026-04-03 23:54:00,synthetic_normal,normal
TX10001622,W001095,W000891,0.547603,2026-04-04 00:01:00,synthetic_normal,normal
TX10001811,W002355,W000145,0.476068,2026-04-04 00:40:00,synthetic_normal,normal
TX10008989,W000871,W002132,0.951306,2026-04-04 01:06:00,synthetic_normal,normal
TX10000604,W000582,W001110,3.844639,2026-04-04 01:13:00,synthetic_anomalous,high_frequency
TX10009737,W001493,W001768,0.396667,2026-04-04 01:22:00,synthetic_normal,normal
TX10005827,W002361,W000107,0.57799,2026-04-04 01:25:00,synthetic_normal,normal
TX10008869,W000590,W000271,0.255385,2026-04-04 01:40:00,synthetic_normal,normal
TX10004529,W001665,W002137,0.681051,2026-04-04 02:12:00,synthetic_normal,normal
TX10002458,W001324,W000937,0.285627,2026-04-04 02:23:00,synthetic_normal,normal
TX10009685,W000193,W000394,1.382154,2026-04-04 03:18:00,synthetic_normal,normal
TX10006381,W001961,W001446,1.609316,2026-04-04 03:19:00,synthetic_normal,normal
TX10007309,W001656,W000696,0.291276,2026-04-04 03:41:00,synthetic_normal,normal
TX10000677,W000024,W000867,2.608939,2026-04-04 04:52:00,synthetic_anomalous,high_connectivity
TX10006569,W001009,W002149,0.809097,2026-04-04 05:01:00,synthetic_normal,normal
TX10002685,W002359,W002469,0.406626,2026-04-04 05:09:00,synthetic_normal,normal
TX10007785,W002351,W001529,0.19145,2026-04-04 05:27:00,synthetic_normal,normal
TX10001327,W000405,W000189,0.457667,2026-04-04 06:08:00,synthetic_normal,normal
TX10005203,W000696,W001638,0.298481,2026-04-04 07:00:00,synthetic_normal,normal
TX10002254,W002253,W000953,0.430858,2026-04-04 07:10:00,synthetic_normal,normal
TX10007869,W000990,W001711,0.210859,2026-04-04 07:46:00,synthetic_normal,normal
TX10004279,W001076,W002349,0.462059,2026-04-04 08:03:00,synthetic_normal,normal
TX10004161,W001223,W001032,0.161852,2026-04-04 08:06:00,synthetic_normal,normal
TX10002276,W001498,W000839,0.534679,2026-04-04 08:33:00,synthetic_normal,normal
TX10000539,W000299,W002067,2.649002,2026-04-04 08:46:00,synthetic_anomalous,cross_border_burst
TX10009438,W000562,W001855,0.213829,2026-04-04 09:04:00,synthetic_normal,normal
TX10001034,W000296,W001675,0.324911,2026-04-04 09:51:00,synthetic_normal,normal
TX10009854,W001774,W002476,0.432708,2026-04-04 12:47:00,synthetic_normal,normal
TX10004574,W001413,W002331,0.2226,2026-04-04 12:50:00,synthetic_normal,normal
TX10002280,W001625,W000625,0.758632,2026-04-04 12:57:00,synthetic_normal,normal
TX10005974,W002171,W000144,0.384409,2026-04-04 13:09:00,synthetic_normal,normal
TX10003986,W000091,W001885,0.485252,2026-04-04 13:11:00,synthetic_normal,normal
TX10004931,W000778,W002333,0.531969,2026-04-04 13:27:00,synthetic_normal,normal
TX10008165,W001838,W000095,0.616495,2026-04-04 13:29:00,synthetic_normal,normal
TX10008512,W002317,W000813,0.216902,2026-04-04 13:47:00,synthetic_normal,normal
TX10006620,W000215,W001195,0.218065,2026-04-04 14:15:00,synthetic_normal,normal
TX10004775,W000494,W002225,0.186802,2026-04-04 16:51:00,synthetic_normal,normal
TX10008336,W000309,W000823,0.233943,2026-04-04 16:57:00,synthetic_normal,normal
TX10007983,W000364,W000866,0.258503,2026-04-04 17:03:00,synthetic_normal,normal
TX10003739,W001287,W000478,0.442523,2026-04-04 17:23:00,synthetic_normal,normal
TX10000985,W000035,W002409,1.176265,2026-04-04 17:37:00,synthetic_anomalous,fan_out
TX10003361,W000145,W001225,0.422478,2026-04-04 18:39:00,synthetic_normal,normal
TX10001944,W000152,W001886,0.313345,2026-04-04 19:02:00,synthetic_normal,normal
TX10007827,W000992,W001000,0.399235,2026-04-04 19:11:00,synthetic_normal,normal
TX10005280,W001609,W002178,0.365002,2026-04-04 20:47:00,synthetic_normal,normal
TX10007103,W000833,W000497,0.922405,2026-04-04 21:04:00,synthetic_normal,normal
TX10003175,W002396,W000400,0.747459,2026-04-04 21:12:00,synthetic_normal,normal
TX10003051,W001971,W000459,0.222664,2026-04-04 21:12:00,synthetic_normal,normal
TX10009086,W001097,W001728,0.851477,2026-04-04 21:12:00,synthetic_normal,normal
TX10008920,W001890,W000163,0.558148,2026-04-04 22:16:00,synthetic_normal,normal
TX10007001,W000226,W000313,0.228984,2026-04-04 23:24:00,synthetic_normal,normal
TX10002826,W002025,W001815,0.587624,2026-04-04 23:36:00,synthetic_normal,normal
TX10001967,W000418,W001092,0.120657,2026-04-04 23:49:00,synthetic_normal,normal
TX10008804,W001148,W002029,0.280917,2026-04-04 23:50:00,synthetic_normal,normal
TX10004503,W002241,W000210,0.124642,2026-04-04 23:52:00,synthetic_normal,normal
TX10000374,W000010,W000001,2.492387,2026-04-05 00:02:00,synthetic_anomalous,ip_wallet_reuse
TX10007319,W000363,W001681,0.199583,2026-04-05 00:07:00,synthetic_normal,normal
TX10000254,W000002,W001448,7.987041,2026-04-05 00:31:00,synthetic_anomalous,ip_wallet_reuse
TX10009855,W000484,W001408,1.232067,2026-04-05 00:35:00,synthetic_normal,normal
TX10003940,W002066,W002069,0.219211,2026-04-05 00:58:00,synthetic_normal,normal
TX10009443,W002383,W002112,0.884552,2026-04-05 01:00:00,synthetic_normal,normal
TX10002438,W001786,W001766,0.627169,2026-04-05 01:02:00,synthetic_normal,normal
TX10008904,W000500,W000834,0.573924,2026-04-05 02:01:00,synthetic_normal,normal
TX10007762,W000916,W002248,0.404971,2026-04-05 02:12:00,synthetic_normal,normal
TX10007509,W001747,W001172,0.446631,2026-04-05 02:53:00,synthetic_normal,normal
TX10003154,W002474,W002048,0.671831,2026-04-05 04:12:00,synthetic_normal,normal
TX10003826,W000186,W001119,0.507146,2026-04-05 04:19:00,synthetic_normal,normal
TX10004391,W001363,W000469,0.171091,2026-04-05 04:29:00,synthetic_normal,normal
TX10004665,W001907,W000876,0.770406,2026-04-05 05:23:00,synthetic_normal,normal
TX10002535,W001024,W000052,0.254441,2026-04-05 05:29:00,synthetic_normal,normal
TX10006191,W001849,W000223,0.41094,2026-04-05 05:35:00,synthetic_normal,normal
TX10008125,W002408,W001450,0.657541,2026-04-05 05:41:00,synthetic_normal,normal
TX10008159,W002281,W000760,0.134722,2026-04-05 05:48:00,synthetic_normal,normal
TX10007625,W000956,W001311,0.497056,2026-04-05 06:00:00,synthetic_normal,normal
TX10007442,W000923,W000842,0.248566,2026-04-05 06:04:00,synthetic_normal,normal
TX10004451,W001526,W001012,1.133367,2026-04-05 06:41:00,synthetic_normal,normal
TX10007146,W001284,W001627,0.377728,2026-04-05 06:46:00,synthetic_normal,normal
TX10007553,W001811,W000519,0.128899,2026-04-05 07:37:00,synthetic_normal,normal
TX10005029,W000658,W001076,0.285501,2026-04-05 08:55:00,synthetic_normal,normal
TX10004067,W001106,W000082,0.771859,2026-04-05 09:45:00,synthetic_normal,normal
TX10005857,W000052,W002059,0.515033,2026-04-05 09:51:00,synthetic_normal,normal
TX10007673,W000929,W001257,0.239013,2026-04-05 10:03:00,synthetic_normal,normal
TX10004662,W000980,W001723,0.227697,2026-04-05 10:05:00,synthetic_normal,normal
TX10003823,W001054,W001091,0.495347,2026-04-05 10:07:00,synthetic_normal,normal
TX10009475,W000562,W002180,0.09948,2026-04-05 10:20:00,synthetic_normal,normal
TX10002043,W001815,W002478,0.903185,2026-04-05 10:26:00,synthetic_normal,normal
TX10000646,W000033,W000434,4.301639,2026-04-05 10:35:00,synthetic_anomalous,ip_wallet_reuse
TX10005803,W001796,W001060,0.755852,2026-04-05 10:47:00,synthetic_normal,normal
TX10000818,W000033,W000629,1.770992,2026-04-05 11:03:00,synthetic_anomalous,fan_in
TX10003450,W001620,W002408,0.175415,2026-04-05 11:30:00,synthetic_normal,normal
TX10003266,W001248,W000311,0.621051,2026-04-05 11:39:00,synthetic_normal,normal
TX10006883,W001175,W002171,0.626731,2026-04-05 11:44:00,synthetic_normal,normal
TX10004507,W000951,W001204,0.220919,2026-04-05 11:54:00,synthetic_normal,normal
TX10005074,W001043,W000805,0.362805,2026-04-05 12:06:00,synthetic_normal,normal
TX10001961,W001194,W001589,0.58837,2026-04-05 12:27:00,synthetic_normal,normal
TX10006894,W002269,W001535,0.998287,2026-04-05 14:28:00,synthetic_normal,normal
TX10003429,W001070,W001333,0.607409,2026-04-05 15:04:00,synthetic_normal,normal
TX10007175,W000987,W000965,0.315269,2026-04-05 15:28:00,synthetic_normal,normal
TX10002285,W001334,W002082,1.465289,2026-04-05 15:36:00,synthetic_normal,normal
TX10005311,W000996,W000884,0.361691,2026-04-05 16:03:00,synthetic_normal,normal
TX10002283,W001644,W001106,0.465253,2026-04-05 16:20:00,synthetic_normal,normal
TX10002920,W001754,W001529,1.085973,2026-04-05 16:25:00,synthetic_normal,normal
TX10003370,W001094,W000092,0.414727,2026-04-05 16:42:00,synthetic_normal,normal
TX10004761,W001324,W001644,1.047685,2026-04-05 17:58:00,synthetic_normal,normal
TX10007009,W000729,W001981,0.540419,2026-04-05 18:00:00,synthetic_normal,normal
TX10005137,W001527,W001134,0.863636,2026-04-05 18:08:00,synthetic_normal,normal
TX10007715,W000925,W000179,0.424489,2026-04-05 18:32:00,synthetic_normal,normal
TX10003981,W000126,W001243,0.508227,2026-04-05 18:35:00,synthetic_normal,normal
TX10001935,W001927,W002407,0.404542,2026-04-05 18:47:00,synthetic_normal,normal
TX10009022,W002165,W000942,0.304901,2026-04-05 19:19:00,synthetic_normal,normal
TX10006010,W001326,W000018,0.308076,2026-04-05 19:35:00,synthetic_normal,normal
TX10005798,W001294,W002272,2.003296,2026-04-05 20:05:00,synthetic_normal,normal
TX10001838,W001221,W002188,0.23852,2026-04-05 20:38:00,synthetic_normal,normal
TX10005330,W001076,W001880,0.482905,2026-04-05 20:52:00,synthetic_normal,normal
TX10006911,W000017,W002343,0.55795,2026-04-05 20:57:00,synthetic_normal,normal
TX10007664,W000789,W000384,0.242118,2026-04-05 21:31:00,synthetic_normal,normal
TX10009175,W000447,W000350,0.230037,2026-04-05 21:44:00,synthetic_normal,normal
TX10001715,W000610,W001733,0.191045,2026-04-05 22:14:00,synthetic_normal,normal
TX10004348,W001214,W000801,0.830448,2026-04-05 22:20:00,synthetic_normal,normal
TX10001259,W001533,W000205,0.689,2026-04-05 22:22:00,synthetic_normal,normal
TX10000666,W000029,W000371,9.916527,2026-04-05 22:41:00,synthetic_anomalous,fan_in
TX10000055,W000034,W002249,3.193913,2026-04-05 23:15:00,synthetic_anomalous,layered_transfer
TX10006921,W001259,W000598,1.078168,2026-04-06 00:27:00,synthetic_normal,normal
TX10006093,W002011,W002064,0.248822,2026-04-06 00:32:00,synthetic_normal,normal
TX10005710,W001264,W001861,0.373365,2026-04-06 00:33:00,synthetic_normal,normal
TX10000618,W000008,W001608,1.35955,2026-04-06 01:38:00,synthetic_anomalous,fan_in
TX10008108,W002366,W001561,0.297852,2026-04-06 01:42:00,synthetic_normal,normal
TX10009498,W000347,W001990,0.185037,2026-04-06 01:42:00,synthetic_normal,normal
TX10002530,W001286,W000519,1.038816,2026-04-06 03:09:00,synthetic_normal,normal
TX10009119,W000498,W001240,0.244844,2026-04-06 04:21:00,synthetic_normal,normal
TX10000117,W000040,W001995,6.366104,2026-04-06 04:48:00,synthetic_anomalous,high_connectivity
TX10004001,W002030,W000276,0.309585,2026-04-06 04:50:00,synthetic_normal,normal
TX10009166,W001547,W000660,0.393369,2026-04-06 04:57:00,synthetic_normal,normal
TX10001075,W002395,W000326,0.371332,2026-04-06 05:00:00,synthetic_normal,normal
TX10004160,W001501,W000945,0.39226,2026-04-06 05:18:00,synthetic_normal,normal
TX10007825,W001876,W000752,0.386861,2026-04-06 06:09:00,synthetic_normal,normal
TX10006438,W001215,W001553,0.763765,2026-04-06 06:31:00,synthetic_normal,normal
TX10009279,W002353,W001727,0.298697,2026-04-06 06:34:00,synthetic_normal,normal
TX10008830,W000539,W000705,0.230829,2026-04-06 07:36:00,synthetic_normal,normal
TX10001980,W000086,W001286,0.42816,2026-04-06 07:58:00,synthetic_normal,normal
TX10001580,W002243,W002217,0.358201,2026-04-06 08:01:00,synthetic_normal,normal
TX10005995,W001969,W000588,0.229267,2026-04-06 08:24:00,synthetic_normal,normal
TX10004456,W001693,W001557,0.329493,2026-04-06 08:29:00,synthetic_normal,normal
TX10002690,W001697,W002058,0.331753,2026-04-06 08:36:00,synthetic_normal,normal
TX10004691,W001649,W000139,0.312025,2026-04-06 08:56:00,synthetic_normal,normal
TX10008849,W001786,W001536,0.156817,2026-04-06 09:58:00,synthetic_normal,normal
TX10003842,W000379,W000006,0.371485,2026-04-06 10:11:00,synthetic_normal,normal
TX10002007,W001435,W000025,2.299494,2026-04-06 10:12:00,synthetic_normal,normal
TX10000095,W000015,W002206,10.802816,2026-04-06 10:40:00,synthetic_anomalous,layered_transfer
TX10006594,W000965,W000361,0.290401,2026-04-06 11:29:00,synthetic_normal,normal
TX10004007,W001139,W001461,0.814633,2026-04-06 13:14:00,synthetic_normal,normal
TX10000366,W000037,W000663,3.342997,2026-04-06 14:05:00,synthetic_anomalous,ip_wallet_reuse
TX10006814,W000322,W000471,0.697563,2026-04-06 14:30:00,synthetic_normal,normal
TX10002508,W001207,W000992,0.259512,2026-04-06 14:34:00,synthetic_normal,normal
TX10001552,W001372,W000836,1.070108,2026-04-06 14:36:00,synthetic_normal,normal
TX10006936,W002271,W001287,0.321899,2026-04-06 14:45:00,synthetic_normal,normal
TX10003255,W000885,W000320,0.206094,2026-04-06 15:34:00,synthetic_normal,normal
TX10006879,W001770,W000558,0.869399,2026-04-06 16:26:00,synthetic_normal,normal
TX10002075,W001865,W000641,0.303175,2026-04-06 16:35:00,synthetic_normal,normal
TX10006187,W001291,W001403,0.576561,2026-04-06 16:47:00,synthetic_normal,normal
TX10002564,W000157,W000511,0.121534,2026-04-06 17:06:00,synthetic_normal,normal
TX10009053,W001599,W000290,0.280589,2026-04-06 18:11:00,synthetic_normal,normal
TX10007355,W000658,W000228,1.465697,2026-04-06 18:55:00,synthetic_normal,normal
TX10000500,W001115,W000551,3.830862,2026-04-06 19:24:00,synthetic_anomalous,high_frequency
TX10002673,W000789,W002384,0.492484,2026-04-06 19:37:00,synthetic_normal,normal
TX10006082,W000137,W000107,0.534508,2026-04-06 20:43:00,synthetic_normal,normal
TX10005564,W000872,W002458,0.537523,2026-04-06 21:00:00,synthetic_normal,normal
TX10003315,W001037,W002033,1.170104,2026-04-06 21:24:00,synthetic_normal,normal
TX10007623,W000260,W002285,0.245524,2026-04-06 21:28:00,synthetic_normal,normal
TX10001425,W001075,W001332,0.182783,2026-04-06 21:45:00,synthetic_normal,normal
TX10002657,W002310,W001225,0.707348,2026-04-06 21:50:00,synthetic_normal,normal
TX10003306,W002202,W001372,0.196547,2026-04-06 22:17:00,synthetic_normal,normal
TX10004220,W002476,W000295,0.548178,2026-04-06 22:55:00,synthetic_normal,normal
TX10002900,W000463,W001257,0.165619,2026-04-06 23:47:00,synthetic_normal,normal
TX10004400,W000589,W000877,0.152393,2026-04-06 23:54:00,synthetic_normal,normal
TX10000121,W000016,W001659,0.903122,2026-04-07 00:15:00,synthetic_anomalous,fan_out
TX10008698,W000621,W002425,0.911929,2026-04-07 00:42:00,synthetic_normal,normal
TX10004062,W000718,W001614,0.391214,2026-04-07 00:58:00,synthetic_normal,normal
TX10009216,W001808,W000378,1.192833,2026-04-07 02:03:00,synthetic_normal,normal
TX10004765,W000784,W000774,0.378308,2026-04-07 02:33:00,synthetic_normal,normal
TX10000010,W000040,W002155,3.587193,2026-04-07 03:17:00,synthetic_anomalous,fan_in
TX10002678,W001707,W000477,1.009376,2026-04-07 03:18:00,synthetic_normal,normal
TX10004940,W001011,W000785,1.803527,2026-04-07 03:37:00,synthetic_normal,normal
TX10002329,W001791,W002486,0.451862,2026-04-07 06:31:00,synthetic_normal,normal
TX10005028,W000582,W001976,0.3756,2026-04-07 07:12:00,synthetic_normal,normal
TX10009539,W000184,W001068,0.561369,2026-04-07 08:20:00,synthetic_normal,normal
TX10008382,W001650,W001119,0.346444,2026-04-07 08:27:00,synthetic_normal,normal
TX10006793,W000203,W000401,1.348308,2026-04-07 08:45:00,synthetic_normal,normal
TX10002573,W002145,W000868,0.283014,2026-04-07 08:51:00,synthetic_normal,normal
TX10004921,W000421,W001832,0.177788,2026-04-07 09:34:00,synthetic_normal,normal
TX10007147,W000160,W000627,0.16275,2026-04-07 09:42:00,synthetic_normal,normal
TX10002375,W002283,W001570,0.259889,2026-04-07 09:57:00,synthetic_normal,normal
TX10004586,W000675,W001876,0.370184,2026-04-07 10:03:00,synthetic_normal,normal
TX10002180,W002058,W000037,0.509174,2026-04-07 10:32:00,synthetic_normal,normal
TX10009674,W000507,W000468,1.386736,2026-04-07 10:41:00,synthetic_normal,normal
TX10006268,W001902,W001394,1.122549,2026-04-07 10:42:00,synthetic_normal,normal
TX10003760,W001537,W001342,0.684492,2026-04-07 11:17:00,synthetic_normal,normal
TX10009404,W000859,W001956,0.176561,2026-04-07 11:26:00,synthetic_normal,normal
TX10008082,W001775,W001964,0.972195,2026-04-07 11:42:00,synthetic_normal,normal
TX10004626,W001663,W000620,0.436161,2026-04-07 12:42:00,synthetic_normal,normal
TX10006580,W000997,W000872,0.165487,2026-04-07 13:02:00,synthetic_normal,normal
TX10008290,W001230,W002495,0.209606,2026-04-07 13:09:00,synthetic_normal,normal
TX10005721,W000740,W001281,0.946426,2026-04-07 13:13:00,synthetic_normal,normal
TX10002346,W000541,W000317,0.923092,2026-04-07 13:38:00,synthetic_normal,normal
TX10002598,W001236,W000321,0.101297,2026-04-07 14:01:00,synthetic_normal,normal
TX10007972,W001384,W002015,0.184418,2026-04-07 14:37:00,synthetic_normal,normal
TX10001244,W000046,W001360,0.32275,2026-04-07 14:51:00,synthetic_normal,normal
TX10007976,W002152,W001319,0.315036,2026-04-07 15:19:00,synthetic_normal,normal
TX10004154,W001522,W001059,2.104273,2026-04-07 15:34:00,synthetic_normal,normal
TX10005684,W002219,W001238,0.264626,2026-04-07 15:42:00,synthetic_normal,normal
TX10007926,W002406,W002216,0.321693,2026-04-07 16:33:00,synthetic_normal,normal
TX10002840,W001282,W000177,0.328095,2026-04-07 16:37:00,synthetic_normal,normal
TX10006949,W001227,W002445,0.382834,2026-04-07 17:15:00,synthetic_normal,normal
TX10008071,W000552,W001618,2.274037,2026-04-07 17:40:00,synthetic_normal,normal
TX10006048,W000319,W000052,0.564827,2026-04-07 17:42:00,synthetic_normal,normal
TX10009042,W001380,W001486,0.298018,2026-04-07 17:47:00,synthetic_normal,normal
TX10009829,W001472,W000827,0.698977,2026-04-07 17:49:00,synthetic_normal,normal
TX10003977,W001939,W000644,0.604631,2026-04-07 17:59:00,synthetic_normal,normal
TX10007044,W000659,W001656,0.283932,2026-04-07 20:58:00,synthetic_normal,normal
TX10008246,W000651,W001426,0.160403,2026-04-07 21:22:00,synthetic_normal,normal
TX10003455,W000510,W001738,0.141057,2026-04-07 22:15:00,synthetic_normal,normal
TX10008507,W000849,W002261,0.393892,2026-04-07 22:52:00,synthetic_normal,normal
TX10002742,W000049,W001623,0.671544,2026-04-07 23:17:00,synthetic_normal,normal
TX10009019,W001133,W001152,0.181734,2026-04-07 23:27:00,synthetic_normal,normal
TX10006667,W002112,W000293,0.17087,2026-04-07 23:32:00,synthetic_normal,normal
TX10009789,W001518,W000252,0.30973,2026-04-07 23:40:00,synthetic_normal,normal
TX10005937,W001145,W000502,0.868671,2026-04-07 23:59:00,synthetic_normal,normal
TX10004774,W000836,W000536,0.655843,2026-04-08 00:15:00,synthetic_normal,normal
TX10004293,W000170,W001539,0.633304,2026-04-08 00:23:00,synthetic_normal,normal
TX10007283,W002017,W001702,0.5098,2026-04-08 00:27:00,synthetic_normal,normal
TX10003504,W001059,W002316,0.342694,2026-04-08 00:45:00,synthetic_normal,normal
TX10002984,W001089,W000292,0.911444,2026-04-08 01:14:00,synthetic_normal,normal
TX10004894,W001409,W001292,0.410146,2026-04-08 02:02:00,synthetic_normal,normal
TX10005629,W002062,W000724,1.104832,2026-04-08 02:25:00,synthetic_normal,normal
TX10002445,W000812,W001517,0.503166,2026-04-08 02:56:00,synthetic_normal,normal
TX10007720,W002330,W002083,0.461927,2026-04-08 04:06:00,synthetic_normal,normal
TX10005236,W001827,W001705,0.377612,2026-04-08 04:19:00,synthetic_normal,normal
TX10009269,W002431,W001628,1.24852,2026-04-08 05:39:00,synthetic_normal,normal
TX10009000,W000527,W000206,0.320631,2026-04-08 06:53:00,synthetic_normal,normal
TX10004532,W001489,W002211,0.564738,2026-04-08 06:59:00,synthetic_normal,normal
TX10008718,W001715,W000875,0.400635,2026-04-08 07:26:00,synthetic_normal,normal
TX10009598,W002281,W002111,0.369134,2026-04-08 07:35:00,synthetic_normal,normal
TX10009400,W002330,W000963,0.47287,2026-04-08 07:42:00,synthetic_normal,normal
TX10009669,W002028,W000461,0.191378,2026-04-08 07:44:00,synthetic_normal,normal
TX10002730,W001671,W001930,1.100418,2026-04-08 08:23:00,synthetic_normal,normal
TX10006686,W000806,W001824,0.214338,2026-04-08 08:30:00,synthetic_normal,normal
TX10006608,W001197,W000953,1.778064,2026-04-08 08:42:00,synthetic_normal,normal
TX10007377,W001870,W000947,0.472488,2026-04-08 08:45:00,synthetic_normal,normal
TX10007302,W000780,W001707,0.658605,2026-04-08 08:53:00,synthetic_normal,normal
TX10008310,W001955,W002204,1.728834,2026-04-08 09:31:00,synthetic_normal,normal
TX10008400,W001222,W000041,0.196108,2026-04-08 10:28:00,synthetic_normal,normal
TX10008780,W000099,W002069,0.275439,2026-04-08 11:46:00,synthetic_normal,normal
TX10006295,W001566,W000094,1.205096,2026-04-08 12:10:00,synthetic_normal,normal
TX10005596,W000989,W000863,0.225076,2026-04-08 12:11:00,synthetic_normal,normal
TX10003749,W002441,W000054,0.26291,2026-04-08 12:14:00,synthetic_normal,normal
TX10009993,W000536,W000805,0.927579,2026-04-08 12:34:00,synthetic_normal,normal
TX10000996,W001340,W000499,4.41536,2026-04-08 13:28:00,synthetic_anomalous,high_frequency
TX10005253,W002481,W000084,0.304193,2026-04-08 14:06:00,synthetic_normal,normal
TX10009336,W000466,W002358,0.858605,2026-04-08 16:08:00,synthetic_normal,normal
TX10003528,W001950,W000143,0.15198,2026-04-08 16:16:00,synthetic_normal,normal
TX10006638,W000397,W001168,0.30438,2026-04-08 17:37:00,synthetic_normal,normal
TX10009133,W000957,W001994,0.733523,2026-04-08 17:59:00,synthetic_normal,normal
TX10003346,W000676,W001239,0.290304,2026-04-08 18:17:00,synthetic_normal,normal
TX10002095,W000608,W000955,1.101348,2026-04-08 18:26:00,synthetic_normal,normal
TX10007415,W002433,W000710,0.629443,2026-04-08 18:47:00,synthetic_normal,normal
TX10009545,W000714,W000954,0.392507,2026-04-08 19:18:00,synthetic_normal,normal
TX10002355,W002430,W001377,0.345224,2026-04-08 19:33:00,synthetic_normal,normal
TX10003586,W001199,W000434,0.571823,2026-04-08 19:49:00,synthetic_normal,normal
TX10000794,W000021,W001881,4.872977,2026-04-08 20:07:00,synthetic_anomalous,fan_in
TX10009731,W000976,W000700,0.516148,2026-04-08 20:33:00,synthetic_normal,normal
TX10003012,W002022,W000304,0.579069,2026-04-08 22:50:00,synthetic_normal,normal
TX10006882,W000008,W002241,0.196184,2026-04-08 23:07:00,synthetic_normal,normal
TX10006701,W000160,W000381,0.301141,2026-04-08 23:07:00,synthetic_normal,normal
TX10004252,W000288,W001896,0.216142,2026-04-08 23:09:00,synthetic_normal,normal
TX10005454,W000007,W002239,1.267086,2026-04-08 23:32:00,synthetic_normal,normal
TX10005146,W001041,W000356,0.124589,2026-04-08 23:32:00,synthetic_normal,normal
TX10002433,W001934,W001175,0.320675,2026-04-08 23:36:00,synthetic_normal,normal
TX10000309,W000005,W001776,3.688877,2026-04-09 00:13:00,synthetic_anomalous,high_connectivity
TX10009432,W002391,W001796,0.821013,2026-04-09 01:10:00,synthetic_normal,normal
TX10007268,W002373,W001003,0.887926,2026-04-09 01:14:00,synthetic_normal,normal
TX10001484,W000119,W002072,0.185349,2026-04-09 01:19:00,synthetic_normal,normal
TX10007679,W002370,W001897,0.248859,2026-04-09 02:10:00,synthetic_normal,normal
TX10007546,W002397,W002162,0.386862,2026-04-09 03:40:00,synthetic_normal,normal
TX10003693,W002313,W001024,0.342587,2026-04-09 03:45:00,synthetic_normal,normal
TX10004496,W000870,W000883,0.50019,2026-04-09 04:43:00,synthetic_normal,normal
TX10000976,W000208,W001006,8.641875,2026-04-09 05:07:00,synthetic_anomalous,rapid_chain
TX10001307,W002091,W001551,0.225793,2026-04-09 05:40:00,synthetic_normal,normal
TX10003612,W001709,W001030,1.048295,2026-04-09 06:10:00,synthetic_normal,normal
TX10003009,W001660,W002155,1.867802,2026-04-09 06:13:00,synthetic_normal,normal
TX10000936,W001526,W000022,2.04486,2026-04-09 06:42:00,synthetic_anomalous,rapid_chain
TX10006197,W002103,W001659,0.329519,2026-04-09 06:44:00,synthetic_normal,normal
TX10001409,W001837,W000737,0.875492,2026-04-09 06:58:00,synthetic_normal,normal
TX10009440,W001428,W000870,0.980861,2026-04-09 07:07:00,synthetic_normal,normal
TX10002808,W001544,W000310,1.131295,2026-04-09 07:43:00,synthetic_normal,normal
TX10000792,W002440,W002289,5.547053,2026-04-09 07:46:00,synthetic_anomalous,rapid_chain
TX10008699,W000158,W001781,1.392141,2026-04-09 08:30:00,synthetic_normal,normal
TX10000501,W000050,W002087,5.393754,2026-04-09 08:53:00,synthetic_anomalous,high_connectivity
TX10004012,W000626,W000430,0.610006,2026-04-09 09:01:00,synthetic_normal,normal
TX10000465,W000047,W000163,1.790409,2026-04-09 09:25:00,synthetic_anomalous,fan_out
TX10002940,W000154,W000549,0.112081,2026-04-09 09:27:00,synthetic_normal,normal
TX10001564,W002312,W000312,0.301251,2026-04-09 10:03:00,synthetic_normal,normal
TX10002644,W000807,W002429,0.533291,2026-04-09 10:07:00,synthetic_normal,normal
TX10004505,W000442,W001201,0.348959,2026-04-09 10:37:00,synthetic_normal,normal
TX10007676,W001669,W001530,0.452191,2026-04-09 10:52:00,synthetic_normal,normal
TX10003824,W002180,W000549,0.342744,2026-04-09 10:59:00,synthetic_normal,normal
TX10003421,W000907,W000350,1.036248,2026-04-09 11:04:00,synthetic_normal,normal
TX10009156,W001703,W000243,0.139267,2026-04-09 11:13:00,synthetic_normal,normal
TX10007435,W000882,W001237,0.124461,2026-04-09 11:26:00,synthetic_normal,normal
TX10003800,W001459,W001856,0.677067,2026-04-09 12:04:00,synthetic_normal,normal
TX10002838,W000908,W001292,0.389436,2026-04-09 12:17:00,synthetic_normal,normal
TX10004929,W000447,W001428,1.321422,2026-04-09 12:52:00,synthetic_normal,normal
TX10003218,W000808,W001200,1.501587,2026-04-09 12:52:00,synthetic_normal,normal
TX10001831,W000731,W002292,0.40578,2026-04-09 12:57:00,synthetic_normal,normal
TX10001181,W001252,W000910,2.065887,2026-04-09 13:06:00,synthetic_normal,normal
TX10000961,W000050,W000812,5.315874,2026-04-09 14:29:00,synthetic_anomalous,fan_out
TX10001897,W002027,W001589,0.445708,2026-04-09 14:36:00,synthetic_normal,normal
TX10001203,W001614,W002337,0.271568,2026-04-09 14:47:00,synthetic_normal,normal
TX10001237,W001287,W002078,0.142487,2026-04-09 15:04:00,synthetic_normal,normal
TX10009849,W000457,W002038,0.519807,2026-04-09 15:09:00,synthetic_normal,normal
TX10005436,W002288,W000120,0.285533,2026-04-09 15:09:00,synthetic_normal,normal
TX10006064,W000495,W002080,0.255192,2026-04-09 16:13:00,synthetic_normal,normal
TX10005387,W001870,W000460,0.252,2026-04-09 16:14:00,synthetic_normal,normal
TX10000839,W000007,W001173,1.72173,2026-04-09 16:20:00,synthetic_anomalous,layered_transfer
TX10002410,W000529,W001798,0.289934,2026-04-09 16:25:00,synthetic_normal,normal
TX10000389,W000021,W000114,5.548644,2026-04-09 16:26:00,synthetic_anomalous,high_connectivity
TX10000487,W000036,W000276,2.587041,2026-04-09 16:39:00,synthetic_anomalous,layered_transfer
TX10002378,W002105,W000758,0.302778,2026-04-09 16:41:00,synthetic_normal,normal
TX10000495,W000027,W001947,1.760318,2026-04-09 16:46:00,synthetic_anomalous,layered_transfer
TX10003165,W002345,W000486,0.492233,2026-04-09 17:10:00,synthetic_normal,normal
TX10004179,W002025,W001281,0.218026,2026-04-09 17:12:00,synthetic_normal,normal
TX10005561,W002293,W000184,0.463028,2026-04-09 17:27:00,synthetic_normal,normal
TX10000047,W000039,W000476,3.941514,2026-04-09 17:27:00,synthetic_anomalous,layered_transfer
TX10001700,W001942,W002471,0.606877,2026-04-09 17:35:00,synthetic_normal,normal
TX10005734,W001263,W000957,0.324583,2026-04-09 18:01:00,synthetic_normal,normal
TX10005367,W000530,W000505,0.134476,2026-04-09 18:34:00,synthetic_normal,normal
TX10001464,W002420,W001006,0.247808,2026-04-09 19:06:00,synthetic_normal,normal
TX10007116,W001859,W002090,0.358624,2026-04-09 19:51:00,synthetic_normal,normal
TX10005113,W000461,W000784,0.417877,2026-04-09 20:18:00,synthetic_normal,normal
TX10008023,W002072,W002193,1.865094,2026-04-09 20:48:00,synthetic_normal,normal
TX10006719,W000474,W001389,0.667814,2026-04-09 20:50:00,synthetic_normal,normal
TX10002046,W001180,W001730,1.251143,2026-04-09 21:03:00,synthetic_normal,normal
TX10007779,W000604,W001972,1.453451,2026-04-09 21:39:00,synthetic_normal,normal
TX10002358,W001112,W000923,0.319223,2026-04-09 21:53:00,synthetic_normal,normal
TX10004825,W001662,W000698,1.288519,2026-04-09 22:12:00,synthetic_normal,normal
TX10001951,W001981,W000828,0.413067,2026-04-09 22:14:00,synthetic_normal,normal
TX10009223,W000750,W001197,0.520686,2026-04-09 22:29:00,synthetic_normal,normal
TX10000196,W000568,W000487,6.389478,2026-04-09 23:27:00,synthetic_anomalous,high_frequency
TX10001538,W001530,W000236,0.624196,2026-04-09 23:34:00,synthetic_normal,normal
TX10003600,W000849,W000042,0.587949,2026-04-10 00:42:00,synthetic_normal,normal
TX10003384,W002267,W001704,1.32936,2026-04-10 01:02:00,synthetic_normal,normal
TX10005045,W002360,W001811,0.882328,2026-04-10 01:50:00,synthetic_normal,normal
TX10001297,W001691,W001051,0.27685,2026-04-10 02:07:00,synthetic_normal,normal
TX10009639,W002468,W000520,0.485939,2026-04-10 03:47:00,synthetic_normal,normal
TX10000678,W000033,W002079,1.311717,2026-04-10 03:49:00,synthetic_anomalous,ip_wallet_reuse
TX10007677,W001677,W002227,0.323744,2026-04-10 03:50:00,synthetic_normal,normal
TX10004909,W001309,W001654,0.19672,2026-04-10 03:59:00,synthetic_normal,normal
TX10001677,W000049,W001243,1.065963,2026-04-10 04:01:00,synthetic_normal,normal
TX10002671,W000460,W002381,0.171614,2026-04-10 04:07:00,synthetic_normal,normal
TX10001295,W001275,W000593,0.86467,2026-04-10 04:26:00,synthetic_normal,normal
TX10000795,W000631,W000181,2.299277,2026-04-10 04:48:00,synthetic_anomalous,cross_border_burst
TX10003863,W000624,W000957,0.469901,2026-04-10 05:47:00,synthetic_normal,normal
TX10001606,W002454,W001028,0.587236,2026-04-10 06:27:00,synthetic_normal,normal
TX10000955,W002058,W001294,2.21959,2026-04-10 06:35:00,synthetic_anomalous,cross_border_burst
TX10006036,W001045,W001704,0.177779,2026-04-10 06:42:00,synthetic_normal,normal
TX10002815,W000328,W002343,0.489935,2026-04-10 07:07:00,synthetic_normal,normal
TX10009294,W000809,W002181,0.785563,2026-04-10 07:20:00,synthetic_normal,normal
TX10006521,W001491,W000807,0.789434,2026-04-10 08:01:00,synthetic_normal,normal
TX10009299,W001274,W001031,0.178069,2026-04-10 08:07:00,synthetic_normal,normal
TX10004804,W001640,W001270,0.641878,2026-04-10 08:41:00,synthetic_normal,normal
TX10007218,W000517,W000742,0.817451,2026-04-10 08:44:00,synthetic_normal,normal
TX10000576,W002320,W000027,2.388788,2026-04-10 08:49:00,synthetic_anomalous,rapid_chain
TX10005420,W001384,W000324,0.645329,2026-04-10 09:27:00,synthetic_normal,normal
TX10002017,W001551,W000835,0.330457,2026-04-10 10:02:00,synthetic_normal,normal
TX10003936,W002201,W000643,1.168867,2026-04-10 11:08:00,synthetic_normal,normal
TX10001214,W000714,W001387,0.81883,2026-04-10 11:12:00,synthetic_normal,normal
TX10006661,W000473,W001667,0.57367,2026-04-10 11:15:00,synthetic_normal,normal
TX10005790,W001031,W001645,0.266517,2026-04-10 12:02:00,synthetic_normal,normal
TX10006779,W002324,W002087,0.732732,2026-04-10 12:47:00,synthetic_normal,normal
TX10005505,W002329,W001640,0.252818,2026-04-10 13:35:00,synthetic_normal,normal
TX10000387,W002003,W002495,0.881472,2026-04-10 13:40:00,synthetic_anomalous,cross_border_burst
TX10001594,W000316,W000100,0.218339,2026-04-10 14:03:00,synthetic_normal,normal
TX10000809,W000028,W001932,1.125329,2026-04-10 15:01:00,synthetic_anomalous,fan_out
TX10007356,W002471,W000763,0.28123,2026-04-10 15:10:00,synthetic_normal,normal
TX10008979,W001451,W001616,0.340749,2026-04-10 15:48:00,synthetic_normal,normal
TX10009154,W001767,W000059,2.225773,2026-04-10 16:02:00,synthetic_normal,normal
TX10004716,W002472,W001112,2.105969,2026-04-10 16:02:00,synthetic_normal,normal
TX10005650,W001415,W000430,0.270202,2026-04-10 16:09:00,synthetic_normal,normal
TX10006641,W000659,W000887,0.31939,2026-04-10 16:42:00,synthetic_normal,normal
TX10001796,W001485,W000873,0.382544,2026-04-10 16:42:00,synthetic_normal,normal
TX10006680,W002038,W000997,0.49327,2026-04-10 16:43:00,synthetic_normal,normal
TX10009120,W001709,W000115,0.690619,2026-04-10 16:50:00,synthetic_normal,normal
TX10008280,W001484,W001486,0.43448,2026-04-10 17:31:00,synthetic_normal,normal
TX10000402,W000045,W000766,1.437577,2026-04-10 17:35:00,synthetic_anomalous,fan_in
TX10006942,W001259,W000739,0.479222,2026-04-10 18:58:00,synthetic_normal,normal
TX10000474,W000034,W001460,1.484138,2026-04-10 19:25:00,synthetic_anomalous,fan_in
TX10001102,W000548,W002033,0.310765,2026-04-10 20:58:00,synthetic_normal,normal
TX10005099,W001689,W000531,0.248068,2026-04-10 22:38:00,synthetic_normal,normal
TX10000626,W000006,W000653,2.528541,2026-04-10 23:23:00,synthetic_anomalous,fan_in
TX10005371,W001271,W000041,0.29904,2026-04-10 23:46:00,synthetic_normal,normal
TX10004713,W000779,W000956,0.534306,2026-04-11 00:13:00,synthetic_normal,normal
TX10001220,W001178,W000423,0.812973,2026-04-11 00:15:00,synthetic_normal,normal
TX10009221,W000519,W000076,0.142276,2026-04-11 01:18:00,synthetic_normal,normal
TX10007858,W001955,W002349,0.334347,2026-04-11 01:37:00,synthetic_normal,normal
TX10000478,W000005,W001534,1.474309,2026-04-11 02:22:00,synthetic_anomalous,ip_wallet_reuse
TX10004068,W001846,W001980,0.250145,2026-04-11 03:17:00,synthetic_normal,normal
TX10001024,W000606,W001776,0.345626,2026-04-11 03:47:00,synthetic_normal,normal
TX10001669,W001662,W000886,0.926114,2026-04-11 04:59:00,synthetic_normal,normal
TX10009297,W002279,W000897,1.25746,2026-04-11 05:17:00,synthetic_normal,normal
TX10007153,W000789,W002264,0.667305,2026-04-11 05:26:00,synthetic_normal,normal
TX10000590,W000010,W001696,21.177426,2026-04-11 05:41:00,synthetic_anomalous,ip_wallet_reuse
TX10009075,W001336,W000284,0.492279,2026-04-11 05:57:00,synthetic_normal,normal
TX10002770,W001888,W002383,0.203692,2026-04-11 09:03:00,synthetic_normal,normal
TX10002143,W001247,W000978,0.505055,2026-04-11 09:33:00,synthetic_normal,normal
TX10007343,W000619,W000900,0.380451,2026-04-11 10:04:00,synthetic_normal,normal
TX10009629,W001237,W001439,0.659302,2026-04-11 10:43:00,synthetic_normal,normal
TX10005004,W001249,W001819,0.355611,2026-04-11 11:30:00,synthetic_normal,normal
TX10009917,W001710,W000628,0.450392,2026-04-11 11:41:00,synthetic_normal,normal
TX10000180,W001317,W000841,5.583845,2026-04-11 15:38:00,synthetic_anomalous,high_frequency
TX10008693,W001108,W000028,0.242631,2026-04-11 15:42:00,synthetic_normal,normal
TX10005757,W001030,W001712,0.131933,2026-04-11 15:42:00,synthetic_normal,normal
TX10005541,W000158,W000181,0.657027,2026-04-11 15:53:00,synthetic_normal,normal
TX10006134,W000471,W001270,0.180285,2026-04-11 16:07:00,synthetic_normal,normal
TX10002658,W001127,W001406,1.573832,2026-04-11 16:09:00,synthetic_normal,normal
TX10006543,W002299,W000457,0.758677,2026-04-11 16:28:00,synthetic_normal,normal
TX10009542,W001766,W002338,0.457854,2026-04-11 16:47:00,synthetic_normal,normal
TX10005292,W000814,W000597,0.457627,2026-04-11 18:08:00,synthetic_normal,normal
TX10002785,W000939,W001250,0.554987,2026-04-11 18:15:00,synthetic_normal,normal
TX10002005,W001256,W001976,0.401494,2026-04-11 18:15:00,synthetic_normal,normal
TX10002226,W001895,W001520,1.419106,2026-04-11 18:35:00,synthetic_normal,normal
TX10007445,W002078,W000480,0.369807,2026-04-11 18:49:00,synthetic_normal,normal
TX10007561,W001469,W000436,0.722353,2026-04-11 19:13:00,synthetic_normal,normal
TX10000756,W000166,W001143,4.904614,2026-04-11 19:36:00,synthetic_anomalous,high_frequency
TX10007603,W000304,W001485,0.183311,2026-04-11 19:43:00,synthetic_normal,normal
TX10009189,W001991,W002367,0.193757,2026-04-11 19:46:00,synthetic_normal,normal
TX10003805,W001668,W002297,0.445868,2026-04-11 20:51:00,synthetic_normal,normal
TX10000267,W000461,W001101,6.232786,2026-04-11 21:05:00,synthetic_anomalous,cross_border_burst
TX10000032,W000349,W000995,2.593335,2026-04-11 21:33:00,synthetic_anomalous,rapid_chain
TX10004812,W001773,W001869,0.543751,2026-04-11 21:53:00,synthetic_normal,normal
TX10009143,W002393,W002425,0.460048,2026-04-11 23:03:00,synthetic_normal,normal
TX10007543,W001992,W000677,0.554101,2026-04-11 23:07:00,synthetic_normal,normal
TX10006835,W000740,W000495,0.736289,2026-04-11 23:08:00,synthetic_normal,normal
TX10007434,W000263,W000538,0.325851,2026-04-11 23:51:00,synthetic_normal,normal
TX10006121,W002316,W000825,0.207387,2026-04-12 00:29:00,synthetic_normal,normal
TX10002789,W001357,W000725,0.358242,2026-04-12 00:32:00,synthetic_normal,normal
TX10006787,W002233,W002188,0.572858,2026-04-12 00:53:00,synthetic_normal,normal
TX10008101,W001216,W001329,0.739262,2026-04-12 00:55:00,synthetic_normal,normal
TX10003722,W001629,W000617,0.151255,2026-04-12 01:36:00,synthetic_normal,normal
TX10000816,W001362,W002417,1.848612,2026-04-12 01:42:00,synthetic_anomalous,rapid_chain
TX10001702,W000174,W001329,0.464473,2026-04-12 02:09:00,synthetic_normal,normal
TX10001768,W000495,W000392,0.485526,2026-04-12 02:13:00,synthetic_normal,normal
TX10009773,W001677,W000246,1.122067,2026-04-12 03:45:00,synthetic_normal,normal
TX10000552,W000463,W001466,2.08578,2026-04-12 04:17:00,synthetic_anomalous,rapid_chain
TX10000830,W000029,W000651,7.478684,2026-04-12 04:27:00,synthetic_anomalous,ip_wallet_reuse
TX10003083,W002436,W001463,0.72234,2026-04-12 04:50:00,synthetic_normal,normal
TX10009866,W001680,W001158,0.214279,2026-04-12 05:12:00,synthetic_normal,normal
TX10002999,W000164,W001187,0.455409,2026-04-12 05:43:00,synthetic_normal,normal
TX10001118,W002327,W001750,1.106255,2026-04-12 06:08:00,synthetic_normal,normal
TX10005160,W002114,W001728,0.464705,2026-04-12 07:09:00,synthetic_normal,normal
TX10006077,W001834,W000291,0.492739,2026-04-12 07:09:00,synthetic_normal,normal
TX10008173,W001835,W001734,0.753428,2026-04-12 07:29:00,synthetic_normal,normal
TX10000512,W002173,W000589,6.045732,2026-04-12 07:33:00,synthetic_anomalous,rapid_chain
TX10001084,W000907,W000860,0.893819,2026-04-12 07:47:00,synthetic_normal,normal
TX10001059,W001408,W001343,0.586848,2026-04-12 07:50:00,synthetic_normal,normal
TX10009141,W001681,W000967,0.403034,2026-04-12 08:01:00,synthetic_normal,normal
TX10009318,W001147,W000147,1.118843,2026-04-12 09:03:00,synthetic_normal,normal
TX10007865,W002334,W001493,0.542878,2026-04-12 09:19:00,synthetic_normal,normal
TX10004144,W002418,W002478,0.706815,2026-04-12 09:31:00,synthetic_normal,normal
TX10003005,W000214,W001288,0.217977,2026-04-12 09:38:00,synthetic_normal,normal
TX10005501,W000865,W001607,0.538138,2026-04-12 10:54:00,synthetic_normal,normal
TX10002413,W000935,W001197,1.635197,2026-04-12 11:01:00,synthetic_normal,normal
TX10006558,W000994,W000493,0.28028,2026-04-12 11:12:00,synthetic_normal,normal
TX10002773,W001366,W001233,0.370324,2026-04-12 11:19:00,synthetic_normal,normal
TX10001978,W002061,W000057,0.09347,2026-04-12 11:27:00,synthetic_normal,normal
TX10005491,W002441,W001961,1.161729,2026-04-12 11:47:00,synthetic_normal,normal
TX10003573,W001374,W001754,0.504415,2026-04-12 12:44:00,synthetic_normal,normal
TX10007325,W000430,W001385,0.456902,2026-04-12 12:55:00,synthetic_normal,normal
TX10003545,W001742,W001359,0.200794,2026-04-12 13:36:00,synthetic_normal,normal
TX10006758,W001206,W001012,0.302244,2026-04-12 14:28:00,synthetic_normal,normal
TX10004209,W002218,W001813,0.295655,2026-04-12 14:56:00,synthetic_normal,normal
TX10009191,W001017,W001386,0.213761,2026-04-12 15:06:00,synthetic_normal,normal
TX10005143,W000013,W000797,0.587828,2026-04-12 15:45:00,synthetic_normal,normal
TX10005992,W002184,W002461,0.429556,2026-04-12 15:46:00,synthetic_normal,normal
TX10001033,W002496,W002066,0.594709,2026-04-12 16:05:00,synthetic_normal,normal
TX10000142,W000015,W001421,10.761278,2026-04-12 16:58:00,synthetic_anomalous,ip_wallet_reuse
TX10001473,W001657,W000451,0.358648,2026-04-12 17:04:00,synthetic_normal,normal
TX10002343,W001934,W001789,0.87109,2026-04-12 17:12:00,synthetic_normal,normal
TX10003691,W002050,W001890,1.017167,2026-04-12 17:35:00,synthetic_normal,normal
TX10008115,W000164,W002188,0.316896,2026-04-12 17:44:00,synthetic_normal,normal
TX10003270,W001070,W000665,0.288381,2026-04-12 17:46:00,synthetic_normal,normal
TX10003897,W000768,W000292,0.284111,2026-04-12 18:36:00,synthetic_normal,normal
TX10003418,W001798,W002391,0.221507,2026-04-12 18:40:00,synthetic_normal,normal
TX10004114,W001628,W001576,0.456651,2026-04-12 19:28:00,synthetic_normal,normal
TX10002625,W001909,W000386,0.311388,2026-04-12 20:02:00,synthetic_normal,normal
TX10009424,W002432,W001533,1.200019,2026-04-12 20:13:00,synthetic_normal,normal
TX10005349,W000941,W001349,1.265936,2026-04-12 20:56:00,synthetic_normal,normal
TX10009200,W000980,W000190,0.637139,2026-04-12 21:00:00,synthetic_normal,normal
TX10008877,W001160,W002288,0.574811,2026-04-12 21:33:00,synthetic_normal,normal
TX10009375,W001050,W000110,0.725767,2026-04-12 22:37:00,synthetic_normal,normal
TX10008024,W001887,W002424,0.693124,2026-04-12 22:53:00,synthetic_normal,normal
TX10004881,W000320,W002034,1.463571,2026-04-12 23:04:00,synthetic_normal,normal
TX10007393,W000705,W001673,0.313818,2026-04-12 23:14:00,synthetic_normal,normal
TX10009578,W000572,W000917,0.601709,2026-04-12 23:16:00,synthetic_normal,normal
TX10004851,W002082,W001005,0.398795,2026-04-12 23:43:00,synthetic_normal,normal
TX10000720,W002173,W001056,6.633105,2026-04-13 00:06:00,synthetic_anomalous,rapid_chain
TX10008880,W002086,W000477,0.605682,2026-04-13 00:10:00,synthetic_normal,normal
TX10009898,W001006,W001757,0.68431,2026-04-13 00:21:00,synthetic_normal,normal
TX10009069,W001585,W001335,1.397824,2026-04-13 00:33:00,synthetic_normal,normal
TX10004727,W001583,W000492,0.529795,2026-04-13 00:51:00,synthetic_normal,normal
TX10006640,W000273,W002376,0.428544,2026-04-13 01:08:00,synthetic_normal,normal
TX10005841,W001080,W001486,0.214118,2026-04-13 01:23:00,synthetic_normal,normal
TX10000507,W001449,W000131,7.32616,2026-04-13 01:30:00,synthetic_anomalous,cross_border_burst
TX10001073,W001472,W000804,0.358282,2026-04-13 01:47:00,synthetic_normal,normal
TX10004689,W001873,W001045,0.24636,2026-04-13 02:06:00,synthetic_normal,normal
TX10000143,W000026,W002351,3.482158,2026-04-13 02:35:00,synthetic_anomalous,layered_transfer
TX10004109,W000795,W001860,0.227388,2026-04-13 02:42:00,synthetic_normal,normal
TX10008690,W001676,W002247,0.198535,2026-04-13 03:07:00,synthetic_normal,normal
TX10007015,W002353,W002279,0.530487,2026-04-13 03:38:00,synthetic_normal,normal
TX10009519,W000021,W000744,0.348585,2026-04-13 04:12:00,synthetic_normal,normal
TX10002394,W000766,W000094,0.320833,2026-04-13 04:16:00,synthetic_normal,normal
TX10004076,W001553,W001523,0.30845,2026-04-13 04:32:00,synthetic_normal,normal
TX10003865,W002202,W000163,0.288068,2026-04-13 04:41:00,synthetic_normal,normal
TX10009906,W002325,W002379,0.179808,2026-04-13 04:41:00,synthetic_normal,normal
TX10004680,W001736,W002366,1.604904,2026-04-13 04:51:00,synthetic_normal,normal
TX10008894,W001566,W000421,0.900047,2026-04-13 05:46:00,synthetic_normal,normal
TX10009496,W002147,W000149,0.787265,2026-04-13 06:23:00,synthetic_normal,normal
TX10007846,W001050,W001482,0.357565,2026-04-13 07:05:00,synthetic_normal,normal
TX10005384,W000411,W000148,0.30087,2026-04-13 07:35:00,synthetic_normal,normal
TX10003965,W001675,W001924,0.46984,2026-04-13 08:07:00,synthetic_normal,normal
TX10002642,W000874,W000461,0.086836,2026-04-13 08:11:00,synthetic_normal,normal
TX10006718,W001509,W000829,1.09215,2026-04-13 09:45:00,synthetic_normal,normal
TX10008282,W001593,W001985,0.466136,2026-04-13 11:48:00,synthetic_normal,normal
TX10001966,W000341,W000318,0.761342,2026-04-13 11:50:00,synthetic_normal,normal
TX10006496,W000674,W001911,0.300466,2026-04-13 12:03:00,synthetic_normal,normal
TX10009665,W001628,W002158,2.762063,2026-04-13 12:23:00,synthetic_normal,normal
TX10009313,W001924,W000518,1.030352,2026-04-13 13:01:00,synthetic_normal,normal
TX10000723,W000063,W000514,0.889677,2026-04-13 13:44:00,synthetic_anomalous,cross_border_burst
TX10004871,W002420,W000050,0.243678,2026-04-13 14:51:00,synthetic_normal,normal
TX10002902,W001616,W000403,0.50946,2026-04-13 15:17:00,synthetic_normal,normal
TX10000091,W002487,W000627,3.549705,2026-04-13 15:24:00,synthetic_anomalous,cross_border_burst
TX10002244,W001965,W000954,0.367278,2026-04-13 16:10:00,synthetic_normal,normal
TX10009524,W000881,W000975,0.138855,2026-04-13 16:50:00,synthetic_normal,normal
TX10002233,W001413,W001965,0.083001,2026-04-13 17:09:00,synthetic_normal,normal
TX10006979,W000965,W001476,0.216456,2026-04-13 17:34:00,synthetic_normal,normal
TX10006696,W000525,W001497,0.43227,2026-04-13 17:59:00,synthetic_normal,normal
TX10005511,W002004,W000947,0.46315,2026-04-13 18:16:00,synthetic_normal,normal
TX10002892,W000881,W001459,0.267527,2026-04-13 18:18:00,synthetic_normal,normal
TX10006058,W000849,W002093,0.195201,2026-04-13 18:33:00,synthetic_normal,normal
TX10001881,W000272,W000049,0.302056,2026-04-13 18:57:00,synthetic_normal,normal
TX10000335,W000015,W000457,4.176095,2026-04-13 19:10:00,synthetic_anomalous,layered_transfer
TX10005624,W000175,W002098,0.699,2026-04-13 20:53:00,synthetic_normal,normal
TX10005493,W000603,W000187,0.717649,2026-04-13 21:13:00,synthetic_normal,normal
TX10008285,W001285,W002490,0.309005,2026-04-13 22:01:00,synthetic_normal,normal
TX10006352,W000187,W000080,0.401495,2026-04-13 22:02:00,synthetic_normal,normal
TX10005730,W000720,W001912,0.449036,2026-04-13 22:38:00,synthetic_normal,normal
TX10002423,W001132,W001139,0.264384,2026-04-14 00:30:00,synthetic_normal,normal
TX10008268,W000903,W001876,0.22995,2026-04-14 00:33:00,synthetic_normal,normal
TX10006966,W002227,W002189,0.336814,2026-04-14 00:52:00,synthetic_normal,normal
TX10005291,W000370,W000084,0.268475,2026-04-14 00:54:00,synthetic_normal,normal
TX10002352,W001132,W000009,0.157454,2026-04-14 02:19:00,synthetic_normal,normal
TX10009161,W001629,W000085,1.158422,2026-04-14 02:20:00,synthetic_normal,normal
TX10004541,W000572,W001418,0.735001,2026-04-14 02:28:00,synthetic_normal,normal
TX10005876,W000608,W002041,0.135811,2026-04-14 02:29:00,synthetic_normal,normal
TX10006832,W000116,W001682,0.799061,2026-04-14 02:35:00,synthetic_normal,normal
TX10001932,W000519,W000106,0.306647,2026-04-14 02:49:00,synthetic_normal,normal
TX10007329,W000766,W002353,2.206804,2026-04-14 05:25:00,synthetic_normal,normal
TX10008219,W000062,W002082,0.283415,2026-04-14 05:29:00,synthetic_normal,normal
TX10001617,W001546,W001993,0.408458,2026-04-14 05:31:00,synthetic_normal,normal
TX10004139,W001921,W002264,1.687293,2026-04-14 05:54:00,synthetic_normal,normal
TX10001995,W001792,W000279,2.656713,2026-04-14 06:08:00,synthetic_normal,normal
TX10006753,W000013,W000630,0.221127,2026-04-14 06:12:00,synthetic_normal,normal
TX10006151,W000121,W001380,0.390735,2026-04-14 07:08:00,synthetic_normal,normal
TX10007482,W001572,W000940,0.354509,2026-04-14 07:42:00,synthetic_normal,normal
TX10002208,W001072,W000295,0.373129,2026-04-14 07:52:00,synthetic_normal,normal
TX10001371,W002394,W000773,0.282826,2026-04-14 08:09:00,synthetic_normal,normal
TX10007476,W001376,W002029,0.166842,2026-04-14 08:15:00,synthetic_normal,normal
TX10008837,W002131,W000479,0.90643,2026-04-14 08:25:00,synthetic_normal,normal
TX10000078,W000003,W001573,7.195295,2026-04-14 08:42:00,synthetic_anomalous,ip_wallet_reuse
TX10004937,W000209,W002409,0.070886,2026-04-14 08:58:00,synthetic_normal,normal
TX10008119,W000260,W000209,0.842851,2026-04-14 09:15:00,synthetic_normal,normal
TX10002797,W000088,W002234,0.364788,2026-04-14 09:17:00,synthetic_normal,normal
TX10000372,W000432,W000752,2.981424,2026-04-14 09:20:00,synthetic_anomalous,high_frequency
TX10005868,W000216,W000621,0.869714,2026-04-14 09:30:00,synthetic_normal,normal
TX10006374,W002354,W001455,0.887412,2026-04-14 10:00:00,synthetic_normal,normal
TX10009642,W000545,W002319,0.221714,2026-04-14 11:04:00,synthetic_normal,normal
TX10008065,W002394,W002263,1.129113,2026-04-14 12:06:00,synthetic_normal,normal
TX10004832,W000632,W001500,0.835404,2026-04-14 13:08:00,synthetic_normal,normal
TX10009869,W001410,W002041,0.199799,2026-04-14 13:14:00,synthetic_normal,normal
TX10002722,W000305,W000213,0.612842,2026-04-14 13:17:00,synthetic_normal,normal
TX10000388,W000042,W000687,1.107549,2026-04-14 13:21:00,synthetic_anomalous,high_frequency
TX10008847,W001521,W000197,0.235533,2026-04-14 13:28:00,synthetic_normal,normal
TX10006436,W000520,W000740,0.345406,2026-04-14 13:31:00,synthetic_normal,normal
TX10004748,W002301,W002032,0.419462,2026-04-14 13:46:00,synthetic_normal,normal
TX10003616,W000692,W001735,1.854392,2026-04-14 14:25:00,synthetic_normal,normal
TX10002499,W001734,W002451,1.105623,2026-04-14 14:54:00,synthetic_normal,normal
TX10002220,W000045,W000732,1.25516,2026-04-14 15:20:00,synthetic_normal,normal
TX10006797,W001283,W001563,0.30016,2026-04-14 15:27:00,synthetic_normal,normal
TX10006051,W002221,W000434,0.463921,2026-04-14 15:51:00,synthetic_normal,normal
TX10009729,W000766,W002057,0.206519,2026-04-14 15:54:00,synthetic_normal,normal
TX10000762,W000023,W002284,6.601497,2026-04-14 15:59:00,synthetic_anomalous,fan_in
TX10002190,W001884,W000678,0.281906,2026-04-14 16:05:00,synthetic_normal,normal
TX10000534,W000014,W000944,3.547783,2026-04-14 17:03:00,synthetic_anomalous,ip_wallet_reuse
TX10002316,W002175,W002165,0.394512,2026-04-14 17:05:00,synthetic_normal,normal
TX10003651,W001034,W001166,1.23895,2026-04-14 17:14:00,synthetic_normal,normal
TX10001358,W000247,W001327,0.670672,2026-04-14 17:27:00,synthetic_normal,normal
TX10009806,W002308,W000315,0.597122,2026-04-14 17:30:00,synthetic_normal,normal
TX10000636,W001326,W002001,1.803576,2026-04-14 17:49:00,synthetic_anomalous,high_frequency
TX10006265,W000949,W000587,0.430106,2026-04-14 18:10:00,synthetic_normal,normal
TX10001253,W001522,W000137,1.60549,2026-04-14 18:33:00,synthetic_normal,normal
TX10007209,W001793,W000406,0.17643,2026-04-14 19:32:00,synthetic_normal,normal
TX10005411,W000470,W002355,0.328027,2026-04-14 19:34:00,synthetic_normal,normal
TX10006162,W001374,W001976,0.085512,2026-04-14 19:40:00,synthetic_normal,normal
TX10001124,W001983,W001961,0.984846,2026-04-14 19:41:00,synthetic_normal,normal
TX10009167,W001708,W000961,0.661582,2026-04-14 19:43:00,synthetic_normal,normal
TX10003664,W002163,W002330,0.533501,2026-04-14 19:55:00,synthetic_normal,normal
TX10005767,W002257,W001489,0.837346,2026-04-14 19:55:00,synthetic_normal,normal
TX10001985,W000636,W000891,0.195025,2026-04-14 20:17:00,synthetic_normal,normal
TX10005196,W001837,W002328,0.170427,2026-04-14 20:39:00,synthetic_normal,normal
TX10005714,W001253,W001725,1.48537,2026-04-14 21:26:00,synthetic_normal,normal
TX10008855,W001724,W001496,0.202444,2026-04-14 21:34:00,synthetic_normal,normal
TX10002393,W001619,W000452,1.475491,2026-04-14 21:53:00,synthetic_normal,normal
TX10002086,W000645,W000583,0.154347,2026-04-14 22:46:00,synthetic_normal,normal
TX10007094,W001641,W001192,0.770924,2026-04-14 23:08:00,synthetic_normal,normal
TX10006916,W002010,W000037,0.423204,2026-04-14 23:25:00,synthetic_normal,normal
TX10001333,W000276,W000473,0.44409,2026-04-14 23:50:00,synthetic_normal,normal
TX10008181,W002488,W000930,0.262869,2026-04-15 01:09:00,synthetic_normal,normal
TX10002199,W000076,W000028,0.899413,2026-04-15 01:26:00,synthetic_normal,normal
TX10003456,W002283,W000174,0.339292,2026-04-15 01:45:00,synthetic_normal,normal
TX10004251,W000586,W000968,0.336443,2026-04-15 03:20:00,synthetic_normal,normal
TX10004564,W000632,W002398,0.281508,2026-04-15 03:33:00,synthetic_normal,normal
TX10004445,W001033,W001703,0.540669,2026-04-15 03:59:00,synthetic_normal,normal
TX10004178,W001513,W002427,0.179449,2026-04-15 04:10:00,synthetic_normal,normal
TX10008586,W001999,W001098,0.733715,2026-04-15 05:20:00,synthetic_normal,normal
TX10001587,W001525,W000010,1.446359,2026-04-15 06:41:00,synthetic_normal,normal
TX10008393,W000725,W002334,0.536942,2026-04-15 07:42:00,synthetic_normal,normal
TX10009088,W001351,W002381,0.120994,2026-04-15 07:47:00,synthetic_normal,normal
TX10002302,W002284,W002288,0.286505,2026-04-15 08:16:00,synthetic_normal,normal
TX10000538,W000012,W000301,1.052521,2026-04-15 09:48:00,synthetic_anomalous,fan_in
TX10002601,W002256,W000257,0.146571,2026-04-15 10:20:00,synthetic_normal,normal
TX10007450,W001561,W002492,1.265896,2026-04-15 10:23:00,synthetic_normal,normal
TX10000903,W000010,W001611,6.610867,2026-04-15 11:09:00,synthetic_anomalous,layered_transfer
TX10004508,W000285,W000254,0.448745,2026-04-15 11:25:00,synthetic_normal,normal
TX10005468,W000868,W000377,0.251712,2026-04-15 11:26:00,synthetic_normal,normal
TX10002267,W000133,W000769,0.351907,2026-04-15 11:29:00,synthetic_normal,normal
TX10006237,W000822,W002458,1.687229,2026-04-15 11:37:00,synthetic_normal,normal
TX10007179,W000061,W001265,0.080578,2026-04-15 12:13:00,synthetic_normal,normal
TX10000439,W000017,W002329,1.128942,2026-04-15 12:17:00,synthetic_anomalous,layered_transfer
TX10002723,W000032,W002419,0.117479,2026-04-15 12:36:00,synthetic_normal,normal
TX10005394,W001275,W000718,0.22103,2026-04-15 12:38:00,synthetic_normal,normal
TX10007020,W001615,W001791,0.299639,2026-04-15 12:43:00,synthetic_normal,normal
TX10004057,W002083,W001880,0.504671,2026-04-15 12:55:00,synthetic_normal,normal
TX10003780,W002189,W002426,0.17783,2026-04-15 13:00:00,synthetic_normal,normal
TX10004538,W000131,W000194,0.282241,2026-04-15 13:03:00,synthetic_normal,normal
TX10003208,W001574,W001012,0.251989,2026-04-15 13:14:00,synthetic_normal,normal
TX10005117,W001985,W002465,0.358291,2026-04-15 13:16:00,synthetic_normal,normal
TX10000292,W000149,W000984,2.750353,2026-04-15 13:33:00,synthetic_anomalous,high_frequency
TX10009850,W002369,W001397,0.488468,2026-04-15 14:15:00,synthetic_normal,normal
TX10006487,W000804,W000620,0.975348,2026-04-15 14:28:00,synthetic_normal,normal
TX10007247,W000729,W001786,0.795154,2026-04-15 15:39:00,synthetic_normal,normal
TX10009467,W002301,W001772,0.853421,2026-04-15 16:27:00,synthetic_normal,normal
TX10005328,W001226,W001633,0.504076,2026-04-15 17:38:00,synthetic_normal,normal
TX10002192,W001845,W002210,0.092435,2026-04-15 17:45:00,synthetic_normal,normal
TX10001731,W000380,W002183,0.662425,2026-04-15 17:53:00,synthetic_normal,normal
TX10000710,W000020,W001027,2.407151,2026-04-15 18:00:00,synthetic_anomalous,ip_wallet_reuse
TX10007991,W002289,W001913,0.351917,2026-04-15 18:17:00,synthetic_normal,normal
TX10004407,W002066,W001580,0.903556,2026-04-15 19:05:00,synthetic_normal,normal
TX10005145,W002115,W002395,0.267606,2026-04-15 20:04:00,synthetic_normal,normal
TX10006463,W000234,W001833,0.347754,2026-04-15 20:44:00,synthetic_normal,normal
TX10009876,W002199,W002373,0.124314,2026-04-15 21:41:00,synthetic_normal,normal
TX10004092,W001905,W001764,0.898716,2026-04-15 22:40:00,synthetic_normal,normal
TX10009030,W002228,W000537,0.281057,2026-04-15 22:58:00,synthetic_normal,normal
TX10009884,W000954,W001556,1.489761,2026-04-15 23:21:00,synthetic_normal,normal
TX10002448,W001988,W001934,0.159727,2026-04-15 23:34:00,synthetic_normal,normal
TX10006116,W001631,W001414,0.360202,2026-04-15 23:46:00,synthetic_normal,normal
TX10004187,W001572,W001899,1.42116,2026-04-16 00:14:00,synthetic_normal,normal
TX10002157,W000455,W000606,0.176862,2026-04-16 00:19:00,synthetic_normal,normal
TX10006677,W000585,W000092,1.010359,2026-04-16 01:00:00,synthetic_normal,normal
TX10000009,W000026,W002324,8.713466,2026-04-16 01:04:00,synthetic_anomalous,fan_out
TX10006648,W000610,W000474,1.418052,2026-04-16 01:53:00,synthetic_normal,normal
TX10009076,W002347,W002466,0.448825,2026-04-16 02:27:00,synthetic_normal,normal
TX10000562,W000005,W000718,1.954878,2026-04-16 02:30:00,synthetic_anomalous,fan_in
TX10001668,W001585,W001083,0.273083,2026-04-16 03:51:00,synthetic_normal,normal
TX10002308,W001365,W000172,0.918902,2026-04-16 04:43:00,synthetic_normal,normal
TX10003283,W000522,W000829,0.809002,2026-04-16 05:28:00,synthetic_normal,normal
TX10006482,W000136,W000521,0.357852,2026-04-16 05:32:00,synthetic_normal,normal
TX10003377,W000485,W000794,0.287394,2026-04-16 06:00:00,synthetic_normal,normal
TX10002602,W001628,W000131,0.453868,2026-04-16 06:08:00,synthetic_normal,normal
TX10003711,W001595,W001465,0.315413,2026-04-16 06:49:00,synthetic_normal,normal
TX10005265,W000730,W000510,1.402354,2026-04-16 07:06:00,synthetic_normal,normal
TX10003321,W000925,W001748,0.408321,2026-04-16 07:07:00,synthetic_normal,normal
TX10008064,W000512,W000729,0.352668,2026-04-16 07:09:00,synthetic_normal,normal
TX10001060,W000340,W001651,0.077925,2026-04-16 07:25:00,synthetic_normal,normal
TX10000169,W000036,W001678,2.332413,2026-04-16 07:35:00,synthetic_anomalous,fan_out
TX10007024,W001728,W000108,1.151167,2026-04-16 08:09:00,synthetic_normal,normal
TX10000424,W001201,W002302,8.407307,2026-04-16 10:18:00,synthetic_anomalous,rapid_chain
TX10004544,W000265,W002307,0.122429,2026-04-16 10:33:00,synthetic_normal,normal
TX10009184,W000206,W001010,1.067759,2026-04-16 10:59:00,synthetic_normal,normal
TX10006517,W002001,W001937,0.189143,2026-04-16 11:00:00,synthetic_normal,normal
TX10004632,W001732,W001746,0.911636,2026-04-16 11:18:00,synthetic_normal,normal
TX10004387,W001646,W000362,0.247337,2026-04-16 12:42:00,synthetic_normal,normal
TX10008648,W001763,W000059,2.174036,2026-04-16 12:53:00,synthetic_normal,normal
TX10000973,W000026,W002242,1.800887,2026-04-16 12:57:00,synthetic_anomalous,high_connectivity
TX10006662,W001617,W001177,0.796732,2026-04-16 13:14:00,synthetic_normal,normal
TX10009266,W000883,W000174,0.685507,2026-04-16 13:18:00,synthetic_normal,normal
TX10005397,W002031,W000130,0.422464,2026-04-16 13:21:00,synthetic_normal,normal
TX10009415,W002088,W000154,0.261841,2026-04-16 13:36:00,synthetic_normal,normal
TX10003271,W001100,W000921,0.504444,2026-04-16 13:41:00,synthetic_normal,normal
TX10005837,W000292,W001924,0.920658,2026-04-16 14:11:00,synthetic_normal,normal
TX10002080,W001634,W001102,0.225148,2026-04-16 14:52:00,synthetic_normal,normal
TX10005543,W000852,W001200,0.660076,2026-04-16 15:40:00,synthetic_normal,normal
TX10007481,W001313,W001860,0.282013,2026-04-16 15:44:00,synthetic_normal,normal
TX10004359,W001357,W001242,0.350849,2026-04-16 15:51:00,synthetic_normal,normal
TX10006780,W002475,W001066,0.686187,2026-04-16 16:09:00,synthetic_normal,normal
TX10009157,W001905,W000837,0.50662,2026-04-16 16:10:00,synthetic_normal,normal
TX10001163,W002169,W001389,0.537975,2026-04-16 16:36:00,synthetic_normal,normal
TX10006971,W001614,W000189,0.510927,2026-04-16 16:52:00,synthetic_normal,normal
TX10003552,W000788,W000441,0.659907,2026-04-16 17:33:00,synthetic_normal,normal
TX10002666,W001757,W000141,0.397368,2026-04-16 17:42:00,synthetic_normal,normal
TX10001889,W001816,W001579,0.096095,2026-04-16 17:45:00,synthetic_normal,normal
TX10006207,W001267,W002094,0.246793,2026-04-16 18:16:00,synthetic_normal,normal
TX10004086,W000526,W001330,0.185965,2026-04-16 19:21:00,synthetic_normal,normal
TX10006097,W000606,W001139,0.693158,2026-04-16 19:22:00,synthetic_normal,normal
TX10006859,W001357,W000717,0.175433,2026-04-16 19:57:00,synthetic_normal,normal
TX10005230,W001596,W001968,0.797629,2026-04-16 19:58:00,synthetic_normal,normal
TX10009593,W001196,W002457,0.621624,2026-04-16 20:34:00,synthetic_normal,normal
TX10005070,W000838,W001181,0.587242,2026-04-16 20:49:00,synthetic_normal,normal
TX10007616,W002345,W001148,0.073175,2026-04-16 20:59:00,synthetic_normal,normal
TX10004669,W000450,W002082,1.461848,2026-04-16 21:13:00,synthetic_normal,normal
TX10005615,W000045,W001208,0.186754,2026-04-16 21:14:00,synthetic_normal,normal
TX10002342,W000263,W000670,0.731971,2026-04-16 21:19:00,synthetic_normal,normal
TX10005976,W002214,W000949,0.327696,2026-04-16 23:07:00,synthetic_normal,normal
TX10009023,W000567,W000698,0.347144,2026-04-16 23:44:00,synthetic_normal,normal
TX10004820,W000751,W001078,1.03928,2026-04-17 00:01:00,synthetic_normal,normal
TX10007328,W000136,W000236,0.141438,2026-04-17 00:03:00,synthetic_normal,normal
TX10004367,W000678,W001072,0.969558,2026-04-17 00:46:00,synthetic_normal,normal
TX10007399,W001600,W001682,0.185753,2026-04-17 00:53:00,synthetic_normal,normal
TX10007032,W001749,W000239,0.411978,2026-04-17 01:47:00,synthetic_normal,normal
TX10001610,W002017,W001972,1.108763,2026-04-17 01:53:00,synthetic_normal,normal
TX10009199,W000018,W000144,0.145023,2026-04-17 02:27:00,synthetic_normal,normal
TX10004286,W002341,W001159,0.563527,2026-04-17 03:17:00,synthetic_normal,normal
TX10005594,W002305,W002002,0.427422,2026-04-17 03:30:00,synthetic_normal,normal
TX10005450,W001094,W000633,0.385371,2026-04-17 04:14:00,synthetic_normal,normal
TX10005856,W000025,W000766,0.977761,2026-04-17 04:27:00,synthetic_normal,normal
TX10000270,W000004,W000612,6.368225,2026-04-17 04:29:00,synthetic_anomalous,ip_wallet_reuse
TX10002914,W000152,W002149,0.084366,2026-04-17 04:49:00,synthetic_normal,normal
TX10007293,W000569,W000258,0.261522,2026-04-17 04:59:00,synthetic_normal,normal
TX10006671,W000933,W001440,0.534554,2026-04-17 05:19:00,synthetic_normal,normal
TX10002600,W000345,W001105,0.308147,2026-04-17 05:41:00,synthetic_normal,normal
TX10000017,W000007,W001267,7.420183,2026-04-17 06:04:00,synthetic_anomalous,fan_out
TX10001040,W000169,W000207,0.391682,2026-04-17 06:42:00,synthetic_normal,normal
TX10003849,W002394,W002192,1.620433,2026-04-17 06:45:00,synthetic_normal,normal
TX10003649,W001700,W000709,0.802802,2026-04-17 06:52:00,synthetic_normal,normal
TX10007803,W001995,W001653,0.369927,2026-04-17 06:55:00,synthetic_normal,normal
TX10005967,W002358,W001764,0.314803,2026-04-17 07:24:00,synthetic_normal,normal
TX10001450,W000800,W001477,1.071565,2026-04-17 07:39:00,synthetic_normal,normal
TX10000679,W000035,W002309,16.414672,2026-04-17 07:47:00,synthetic_anomalous,layered_transfer
TX10000824,W002272,W001867,11.788362,2026-04-17 07:58:00,synthetic_anomalous,rapid_chain
TX10009709,W001820,W001136,0.605974,2026-04-17 08:32:00,synthetic_normal,normal
TX10000468,W002302,W000683,1.756412,2026-04-17 10:04:00,synthetic_anomalous,high_frequency
TX10009302,W000573,W000710,0.611449,2026-04-17 11:02:00,synthetic_normal,normal
TX10007588,W000641,W002357,0.281523,2026-04-17 11:05:00,synthetic_normal,normal
TX10005795,W001943,W002089,0.261688,2026-04-17 11:42:00,synthetic_normal,normal
TX10002039,W001576,W001180,0.349855,2026-04-17 11:55:00,synthetic_normal,normal
TX10006027,W002426,W002049,0.706664,2026-04-17 13:28:00,synthetic_normal,normal
TX10002696,W002361,W000933,1.091474,2026-04-17 13:37:00,synthetic_normal,normal
TX10005259,W001727,W002490,0.317464,2026-04-17 13:53:00,synthetic_normal,normal
TX10007539,W001023,W002412,0.520374,2026-04-17 13:53:00,synthetic_normal,normal
TX10007404,W000438,W001042,1.15707,2026-04-17 14:34:00,synthetic_normal,normal
TX10007374,W001417,W000408,0.324249,2026-04-17 14:37:00,synthetic_normal,normal
TX10009812,W002092,W001421,0.351694,2026-04-17 14:41:00,synthetic_normal,normal
TX10008171,W002339,W001587,0.651625,2026-04-17 15:02:00,synthetic_normal,normal
TX10000928,W000672,W001972,1.992045,2026-04-17 15:06:00,synthetic_anomalous,rapid_chain
TX10001957,W002209,W002078,0.431789,2026-04-17 15:35:00,synthetic_normal,normal
TX10005144,W001121,W001632,0.246063,2026-04-17 15:46:00,synthetic_normal,normal
TX10000885,W000031,W001979,1.331548,2026-04-17 16:24:00,synthetic_anomalous,high_connectivity
TX10003085,W001636,W001623,1.348579,2026-04-17 17:03:00,synthetic_normal,normal
TX10004517,W001438,W000364,1.635276,2026-04-17 17:08:00,synthetic_normal,normal
TX10003109,W001974,W001802,0.447973,2026-04-17 17:12:00,synthetic_normal,normal
TX10006186,W000483,W002093,1.232293,2026-04-17 17:38:00,synthetic_normal,normal
TX10001626,W001233,W000953,0.237276,2026-04-17 18:36:00,synthetic_normal,normal
TX10000168,W001171,W001993,3.150415,2026-04-17 19:01:00,synthetic_anomalous,rapid_chain
TX10001969,W000532,W001719,0.415895,2026-04-17 19:40:00,synthetic_normal,normal
TX10006331,W001555,W000848,0.203513,2026-04-17 20:14:00,synthetic_normal,normal
TX10005954,W000009,W000681,2.462681,2026-04-17 20:50:00,synthetic_normal,normal
TX10001483,W000957,W000368,0.150915,2026-04-17 21:51:00,synthetic_normal,normal
TX10003097,W000927,W000803,1.500717,2026-04-17 21:55:00,synthetic_normal,normal
TX10008239,W002150,W000449,0.314086,2026-04-17 22:56:00,synthetic_normal,normal
TX10005523,W000525,W000268,0.195677,2026-04-17 23:11:00,synthetic_normal,normal
TX10003048,W001112,W000417,1.069551,2026-04-17 23:57:00,synthetic_normal,normal
TX10001191,W002241,W001657,0.75983,2026-04-18 00:53:00,synthetic_normal,normal
TX10001294,W001764,W001700,0.147975,2026-04-18 00:54:00,synthetic_normal,normal
TX10000314,W000049,W001397,6.283075,2026-04-18 01:03:00,synthetic_anomalous,fan_in
TX10008139,W002190,W002344,0.441601,2026-04-18 01:12:00,synthetic_normal,normal
TX10008389,W000678,W002031,0.473266,2026-04-18 01:54:00,synthetic_normal,normal
TX10001847,W000727,W000460,0.425213,2026-04-18 01:56:00,synthetic_normal,normal
TX10007507,W001225,W001929,0.279114,2026-04-18 02:22:00,synthetic_normal,normal
TX10009828,W000891,W002308,0.7881,2026-04-18 02:52:00,synthetic_normal,normal
TX10001891,W000841,W000688,0.255604,2026-04-18 03:33:00,synthetic_normal,normal
TX10002374,W000014,W000558,0.25383,2026-04-18 04:07:00,synthetic_normal,normal
TX10009658,W000669,W001003,0.405664,2026-04-18 04:55:00,synthetic_normal,normal
TX10000134,W000050,W000686,2.814113,2026-04-18 05:15:00,synthetic_anomalous,ip_wallet_reuse
TX10005171,W001119,W002247,0.801147,2026-04-18 07:07:00,synthetic_normal,normal
TX10002704,W000786,W002233,0.893223,2026-04-18 07:13:00,synthetic_normal,normal
TX10006200,W001003,W001678,0.347128,2026-04-18 07:13:00,synthetic_normal,normal
TX10000752,W001477,W001217,2.764287,2026-04-18 07:17:00,synthetic_anomalous,rapid_chain
TX10003697,W001970,W001456,0.855117,2026-04-18 07:34:00,synthetic_normal,normal
TX10003469,W000151,W000359,0.188351,2026-04-18 07:43:00,synthetic_normal,normal
TX10005351,W001073,W000382,0.174592,2026-04-18 07:43:00,synthetic_normal,normal
TX10006355,W002312,W002153,0.240814,2026-04-18 07:59:00,synthetic_normal,normal
TX10007065,W002072,W000159,0.337372,2026-04-18 08:16:00,synthetic_normal,normal
TX10002903,W000490,W001624,1.440541,2026-04-18 08:31:00,synthetic_normal,normal
TX10006953,W001052,W001326,0.283288,2026-04-18 08:32:00,synthetic_normal,normal
TX10009817,W000981,W000076,0.255557,2026-04-18 08:35:00,synthetic_normal,normal
TX10005652,W002365,W001263,0.720425,2026-04-18 08:39:00,synthetic_normal,normal
TX10000197,W000040,W000153,2.143164,2026-04-18 09:28:00,synthetic_anomalous,high_connectivity
TX10004416,W001289,W001898,1.465882,2026-04-18 09:31:00,synthetic_normal,normal
TX10008713,W002488,W000721,0.719846,2026-04-18 09:57:00,synthetic_normal,normal
TX10004733,W001589,W001512,0.265061,2026-04-18 10:53:00,synthetic_normal,normal
TX10003272,W000991,W001928,0.252938,2026-04-18 10:58:00,synthetic_normal,normal
TX10009411,W002308,W001357,0.519611,2026-04-18 11:37:00,synthetic_normal,normal
TX10009350,W000203,W001020,0.508099,2026-04-18 11:44:00,synthetic_normal,normal
TX10005358,W000430,W000501,0.657432,2026-04-18 12:06:00,synthetic_normal,normal
TX10006351,W002436,W001154,2.027467,2026-04-18 12:15:00,synthetic_normal,normal
TX10009555,W001421,W001062,0.346863,2026-04-18 12:31:00,synthetic_normal,normal
TX10007605,W000076,W000199,0.658085,2026-04-18 12:38:00,synthetic_normal,normal
TX10005169,W001702,W000479,0.849278,2026-04-18 12:57:00,synthetic_normal,normal
TX10007059,W001512,W001582,0.460329,2026-04-18 13:18:00,synthetic_normal,normal
TX10009513,W000749,W002450,0.474488,2026-04-18 13:25:00,synthetic_normal,normal
TX10008333,W000686,W001705,0.528478,2026-04-18 13:31:00,synthetic_normal,normal
TX10007299,W000244,W001657,0.342346,2026-04-18 13:37:00,synthetic_normal,normal
TX10007573,W002206,W000313,0.233359,2026-04-18 13:58:00,synthetic_normal,normal
TX10002395,W001921,W002351,0.640298,2026-04-18 14:13:00,synthetic_normal,normal
TX10003575,W002496,W000259,0.399175,2026-04-18 14:17:00,synthetic_normal,normal
TX10000555,W002458,W001858,2.739729,2026-04-18 15:01:00,synthetic_anomalous,cross_border_burst
TX10002446,W002201,W000652,1.159291,2026-04-18 15:01:00,synthetic_normal,normal
TX10005849,W000054,W000486,0.534898,2026-04-18 15:08:00,synthetic_normal,normal
TX10006192,W001442,W000139,0.967697,2026-04-18 16:43:00,synthetic_normal,normal
TX10002567,W000156,W000776,0.545134,2026-04-18 17:06:00,synthetic_normal,normal
TX10006231,W000588,W000994,1.104988,2026-04-18 17:22:00,synthetic_normal,normal
TX10008150,W001291,W001776,0.136573,2026-04-18 17:58:00,synthetic_normal,normal
TX10003557,W000498,W000613,0.512883,2026-04-18 18:05:00,synthetic_normal,normal
TX10003443,W001326,W001470,0.741044,2026-04-18 18:21:00,synthetic_normal,normal
TX10001218,W000298,W001920,0.412324,2026-04-18 18:41:00,synthetic_normal,normal
TX10004173,W001651,W002431,1.502978,2026-04-18 19:08:00,synthetic_normal,normal
TX10000162,W000026,W002470,1.127551,2026-04-18 19:26:00,synthetic_anomalous,fan_in
TX10005372,W000603,W000177,1.315606,2026-04-18 19:33:00,synthetic_normal,normal
TX10000659,W001872,W002043,8.92404,2026-04-18 19:52:00,synthetic_anomalous,cross_border_burst
TX10000311,W000011,W001497,16.156156,2026-04-18 19:53:00,synthetic_anomalous,layered_transfer
TX10007062,W001052,W001407,0.81674,2026-04-18 19:57:00,synthetic_normal,normal
TX10007680,W001618,W002316,0.29181,2026-04-18 20:00:00,synthetic_normal,normal
TX10004936,W001677,W001994,1.932428,2026-04-18 20:08:00,synthetic_normal,normal
TX10008392,W002378,W000779,0.306466,2026-04-18 20:15:00,synthetic_normal,normal
TX10006837,W002037,W000578,0.285546,2026-04-18 20:19:00,synthetic_normal,normal
TX10005799,W000640,W000747,0.488816,2026-04-18 20:36:00,synthetic_normal,normal
TX10009830,W001153,W001913,0.442233,2026-04-18 21:14:00,synthetic_normal,normal
TX10006015,W000218,W000023,0.47739,2026-04-18 21:51:00,synthetic_normal,normal
TX10000855,W000023,W001118,1.445879,2026-04-18 22:04:00,synthetic_anomalous,layered_transfer
TX10009733,W000297,W000180,0.913128,2026-04-18 22:11:00,synthetic_normal,normal
TX10006293,W001114,W000320,0.218803,2026-04-18 22:43:00,synthetic_normal,normal
TX10006291,W001089,W002044,0.307569,2026-04-18 23:44:00,synthetic_normal,normal
TX10003245,W000693,W001774,0.719101,2026-04-18 23:48:00,synthetic_normal,normal
TX10007143,W002124,W000457,0.4476,2026-04-19 01:05:00,synthetic_normal,normal
TX10004409,W000643,W000872,0.286182,2026-04-19 01:12:00,synthetic_normal,normal
TX10003604,W000586,W000405,0.541985,2026-04-19 01:14:00,synthetic_normal,normal
TX10004282,W000811,W001614,0.086459,2026-04-19 01:49:00,synthetic_normal,normal
TX10003170,W002107,W002149,0.61429,2026-04-19 02:16:00,synthetic_normal,normal
TX10000711,W000028,W002048,8.168485,2026-04-19 02:52:00,synthetic_anomalous,layered_transfer
TX10001578,W001819,W000179,0.217425,2026-04-19 03:25:00,synthetic_normal,normal
TX10009183,W001081,W000883,0.428771,2026-04-19 03:35:00,synthetic_normal,normal
TX10007131,W000414,W001685,0.717776,2026-04-19 04:23:00,synthetic_normal,normal
TX10007423,W001889,W002164,0.626475,2026-04-19 04:35:00,synthetic_normal,normal
TX10008462,W000955,W002287,0.691985,2026-04-19 04:38:00,synthetic_normal,normal
TX10002288,W001939,W000260,0.815357,2026-04-19 04:38:00,synthetic_normal,normal
TX10004950,W000813,W000334,0.617619,2026-04-19 04:44:00,synthetic_normal,normal
TX10002421,W001127,W001145,0.563195,2026-04-19 04:51:00,synthetic_normal,normal
TX10001616,W000377,W000949,0.398862,2026-04-19 04:51:00,synthetic_normal,normal
TX10008085,W001872,W000803,0.648773,2026-04-19 05:17:00,synthetic_normal,normal
TX10008889,W001008,W001179,2.082478,2026-04-19 05:24:00,synthetic_normal,normal
TX10008281,W001729,W000621,0.372937,2026-04-19 07:36:00,synthetic_normal,normal
TX10008599,W000821,W002340,0.789556,2026-04-19 07:36:00,synthetic_normal,normal
TX10009373,W002452,W000931,0.312621,2026-04-19 08:03:00,synthetic_normal,normal
TX10007595,W000899,W000662,0.609644,2026-04-19 09:14:00,synthetic_normal,normal
TX10001567,W002326,W002432,0.453267,2026-04-19 09:27:00,synthetic_normal,normal
TX10007480,W001156,W001593,0.313917,2026-04-19 09:41:00,synthetic_normal,normal
TX10003642,W001889,W001142,1.230419,2026-04-19 10:08:00,synthetic_normal,normal
TX10000391,W000005,W000723,3.571424,2026-04-19 10:29:00,synthetic_anomalous,layered_transfer
TX10003330,W001736,W000519,0.375478,2026-04-19 11:01:00,synthetic_normal,normal
TX10000048,W001625,W001070,5.125886,2026-04-19 11:07:00,synthetic_anomalous,rapid_chain
TX10002979,W002395,W002224,0.726625,2026-04-19 11:13:00,synthetic_normal,normal
TX10009212,W000846,W001723,0.925942,2026-04-19 12:30:00,synthetic_normal,normal
TX10005550,W001992,W000153,0.445722,2026-04-19 13:38:00,synthetic_normal,normal
TX10002372,W001721,W001021,0.254378,2026-04-19 13:47:00,synthetic_normal,normal
TX10001692,W001139,W001751,0.275217,2026-04-19 13:51:00,synthetic_normal,normal
TX10004712,W000505,W000097,0.372532,2026-04-19 13:51:00,synthetic_normal,normal
TX10009251,W000765,W000033,0.464038,2026-04-19 14:18:00,synthetic_normal,normal
TX10009244,W000656,W000763,0.335277,2026-04-19 14:27:00,synthetic_normal,normal
TX10007694,W001786,W001002,0.281612,2026-04-19 14:56:00,synthetic_normal,normal
TX10009617,W000991,W001951,0.647873,2026-04-19 15:01:00,synthetic_normal,normal
TX10004926,W002265,W000881,0.171372,2026-04-19 15:14:00,synthetic_normal,normal
TX10004611,W001441,W000207,2.713606,2026-04-19 15:31:00,synthetic_normal,normal
TX10000482,W000046,W002243,4.689761,2026-04-19 15:31:00,synthetic_anomalous,fan_in
TX10006707,W000947,W000046,0.549477,2026-04-19 15:37:00,synthetic_normal,normal
TX10003054,W001106,W001555,0.321361,2026-04-19 15:55:00,synthetic_normal,normal
TX10005317,W000172,W001621,0.186473,2026-04-19 16:20:00,synthetic_normal,normal
TX10004332,W001478,W002017,1.309247,2026-04-19 16:29:00,synthetic_normal,normal
TX10001465,W000585,W001909,0.507749,2026-04-19 17:00:00,synthetic_normal,normal
TX10008824,W000563,W000075,0.539362,2026-04-19 18:08:00,synthetic_normal,normal
TX10001751,W000585,W000566,0.38652,2026-04-19 18:17:00,synthetic_normal,normal
TX10006932,W000980,W001222,0.545967,2026-04-19 19:30:00,synthetic_normal,normal
TX10003791,W001047,W000646,0.473495,2026-04-19 20:00:00,synthetic_normal,normal
TX10007177,W000667,W001133,0.262108,2026-04-19 20:36:00,synthetic_normal,normal
TX10009176,W001877,W002204,0.5508,2026-04-19 20:38:00,synthetic_normal,normal
TX10006765,W000955,W002078,1.151463,2026-04-19 21:50:00,synthetic_normal,normal
TX10007168,W000946,W002201,0.4167,2026-04-19 21:57:00,synthetic_normal,normal
TX10000698,W000033,W000573,0.773822,2026-04-19 23:05:00,synthetic_anomalous,fan_in
TX10005572,W001979,W001860,0.394901,2026-04-19 23:05:00,synthetic_normal,normal
TX10000624,W001486,W000071,1.915615,2026-04-19 23:28:00,synthetic_anomalous,rapid_chain
TX10003081,W002343,W001074,0.424551,2026-04-20 00:13:00,synthetic_normal,normal
TX10003485,W000822,W000780,0.662723,2026-04-20 00:18:00,synthetic_normal,normal
TX10009979,W000135,W001551,0.186123,2026-04-20 00:23:00,synthetic_normal,normal
TX10004510,W000345,W001694,0.540648,2026-04-20 00:32:00,synthetic_normal,normal
TX10006032,W001415,W001855,0.270843,2026-04-20 00:32:00,synthetic_normal,normal
TX10004502,W000746,W001907,0.265195,2026-04-20 00:42:00,synthetic_normal,normal
TX10002591,W000874,W000660,0.819639,2026-04-20 00:53:00,synthetic_normal,normal
TX10008375,W001719,W001967,0.376174,2026-04-20 01:01:00,synthetic_normal,normal
TX10004463,W000801,W000734,0.504605,2026-04-20 01:12:00,synthetic_normal,normal
TX10005715,W000632,W000221,0.383909,2026-04-20 01:12:00,synthetic_normal,normal
TX10004643,W002266,W000182,0.699533,2026-04-20 01:51:00,synthetic_normal,normal
TX10005911,W001170,W001171,0.882229,2026-04-20 01:52:00,synthetic_normal,normal
TX10002949,W001030,W002340,0.39552,2026-04-20 02:24:00,synthetic_normal,normal
TX10000582,W000022,W002324,11.587585,2026-04-20 03:39:00,synthetic_anomalous,ip_wallet_reuse
TX10005922,W001608,W001009,0.747856,2026-04-20 04:08:00,synthetic_normal,normal
TX10003343,W002315,W001311,0.641949,2026-04-20 04:43:00,synthetic_normal,normal
TX10005904,W000603,W001229,0.610665,2026-04-20 04:56:00,synthetic_normal,normal
TX10003049,W001429,W000366,0.191572,2026-04-20 05:37:00,synthetic_normal,normal
TX10000848,W000679,W001740,1.421306,2026-04-20 07:20:00,synthetic_anomalous,rapid_chain
TX10007774,W000351,W000929,0.64845,2026-04-20 09:28:00,synthetic_normal,normal
TX10005686,W000616,W002258,1.147246,2026-04-20 10:07:00,synthetic_normal,normal
TX10006954,W001698,W000250,0.727902,2026-04-20 10:23:00,synthetic_normal,normal
TX10009613,W001868,W002434,0.832161,2026-04-20 12:08:00,synthetic_normal,normal
TX10005150,W000313,W001692,1.005142,2026-04-20 12:17:00,synthetic_normal,normal
TX10004283,W001001,W001367,0.558079,2026-04-20 12:47:00,synthetic_normal,normal
TX10000499,W000618,W002166,7.702856,2026-04-20 13:19:00,synthetic_anomalous,cross_border_burst
TX10007414,W001129,W002140,0.346679,2026-04-20 14:20:00,synthetic_normal,normal
TX10007158,W001158,W000207,0.339871,2026-04-20 14:25:00,synthetic_normal,normal
TX10003137,W000920,W001826,0.46519,2026-04-20 14:33:00,synthetic_normal,normal
TX10001752,W001038,W000199,0.830975,2026-04-20 16:45:00,synthetic_normal,normal
TX10002757,W001768,W002053,0.190005,2026-04-20 16:47:00,synthetic_normal,normal
TX10009385,W000104,W002485,0.405403,2026-04-20 16:50:00,synthetic_normal,normal
TX10006516,W001567,W000531,0.086636,2026-04-20 17:26:00,synthetic_normal,normal
TX10002964,W001971,W000124,0.889123,2026-04-20 17:38:00,synthetic_normal,normal
TX10009035,W002040,W001546,0.317185,2026-04-20 17:39:00,synthetic_normal,normal
TX10001418,W000543,W002462,0.65586,2026-04-20 18:12:00,synthetic_normal,normal
TX10009079,W001664,W001834,0.784477,2026-04-20 18:19:00,synthetic_normal,normal
TX10004543,W000845,W001744,0.656369,2026-04-20 20:23:00,synthetic_normal,normal
TX10003797,W001293,W001130,1.743979,2026-04-20 20:25:00,synthetic_normal,normal
TX10003851,W000385,W001862,1.55447,2026-04-20 21:05:00,synthetic_normal,normal
TX10004242,W000115,W000538,0.161328,2026-04-20 21:37:00,synthetic_normal,normal
TX10007659,W001188,W001479,0.203022,2026-04-20 21:49:00,synthetic_normal,normal
TX10006601,W000656,W002268,0.336671,2026-04-20 22:20:00,synthetic_normal,normal
TX10008332,W001961,W001298,0.704207,2026-04-20 22:22:00,synthetic_normal,normal
TX10005833,W001311,W000542,0.285394,2026-04-20 22:58:00,synthetic_normal,normal
TX10005232,W001531,W000631,0.542103,2026-04-20 22:58:00,synthetic_normal,normal
TX10004699,W000249,W002333,5.457412,2026-04-21 00:52:00,synthetic_normal,normal
TX10009661,W000025,W000477,0.309239,2026-04-21 01:07:00,synthetic_normal,normal
TX10006281,W001797,W000744,0.715331,2026-04-21 01:21:00,synthetic_normal,normal
TX10002453,W001091,W000331,0.583675,2026-04-21 01:51:00,synthetic_normal,normal
TX10000093,W000046,W000453,6.743494,2026-04-21 03:02:00,synthetic_anomalous,high_connectivity
TX10003877,W002027,W002406,0.716634,2026-04-21 03:25:00,synthetic_normal,normal
TX10000413,W000032,W000881,0.73186,2026-04-21 03:27:00,synthetic_anomalous,high_connectivity
TX10008362,W001938,W000250,0.202406,2026-04-21 03:34:00,synthetic_normal,normal
TX10000250,W000029,W000926,2.63678,2026-04-21 03:44:00,synthetic_anomalous,fan_in
TX10002667,W000562,W001105,1.456706,2026-04-21 04:24:00,synthetic_normal,normal
TX10001353,W001901,W001192,0.150655,2026-04-21 04:29:00,synthetic_normal,normal
TX10005114,W002319,W002493,0.147462,2026-04-21 04:45:00,synthetic_normal,normal
TX10009281,W002025,W001859,0.412884,2026-04-21 04:49:00,synthetic_normal,normal
TX10005565,W001004,W001602,1.397401,2026-04-21 05:01:00,synthetic_normal,normal
TX10006984,W001587,W001821,1.364102,2026-04-21 05:29:00,synthetic_normal,normal
TX10000307,W002359,W001928,3.492478,2026-04-21 05:57:00,synthetic_anomalous,cross_border_burst
TX10001447,W000885,W002193,0.107721,2026-04-21 07:24:00,synthetic_normal,normal
TX10004261,W000857,W000970,0.848626,2026-04-21 07:25:00,synthetic_normal,normal
TX10004614,W000689,W000206,0.2946,2026-04-21 07:38:00,synthetic_normal,normal
TX10005751,W000679,W000435,0.656407,2026-04-21 07:41:00,synthetic_normal,normal
TX10003152,W000504,W000490,0.66243,2026-04-21 08:12:00,synthetic_normal,normal
TX10007194,W002329,W000711,0.587684,2026-04-21 10:11:00,synthetic_normal,normal
TX10000708,W000305,W002288,1.440527,2026-04-21 10:31:00,synthetic_anomalous,high_frequency
TX10003733,W000796,W002270,0.497885,2026-04-21 10:50:00,synthetic_normal,normal
TX10004817,W001023,W000678,0.592396,2026-04-21 11:30:00,synthetic_normal,normal
TX10002553,W002042,W001169,0.551093,2026-04-21 12:26:00,synthetic_normal,normal
TX10006422,W001055,W001171,0.563846,2026-04-21 12:34:00,synthetic_normal,normal
TX10008118,W002262,W000083,0.50676,2026-04-21 13:16:00,synthetic_normal,normal
TX10004803,W001058,W002233,0.498808,2026-04-21 14:35:00,synthetic_normal,normal
TX10005421,W002054,W000239,0.431465,2026-04-21 14:46:00,synthetic_normal,normal
TX10002646,W002183,W001218,0.772004,2026-04-21 15:26:00,synthetic_normal,normal
TX10006446,W001920,W001847,0.538913,2026-04-21 15:53:00,synthetic_normal,normal
TX10001119,W001595,W002396,0.473116,2026-04-21 16:20:00,synthetic_normal,normal
TX10001068,W002249,W000115,0.266957,2026-04-21 16:36:00,synthetic_normal,normal
TX10009060,W002188,W000439,2.080916,2026-04-21 16:46:00,synthetic_normal,normal
TX10000079,W000035,W001136,2.776912,2026-04-21 17:41:00,synthetic_anomalous,layered_transfer
TX10003741,W001471,W000425,0.415658,2026-04-21 17:41:00,synthetic_normal,normal
TX10004786,W000158,W001874,0.52095,2026-04-21 18:42:00,synthetic_normal,normal
TX10003035,W000696,W000787,1.375072,2026-04-21 19:37:00,synthetic_normal,normal
TX10008000,W000191,W001497,0.662769,2026-04-21 19:52:00,synthetic_normal,normal
TX10009128,W000614,W002091,0.122303,2026-04-21 19:53:00,synthetic_normal,normal
TX10008729,W001422,W001946,0.389315,2026-04-21 20:29:00,synthetic_normal,normal
TX10004608,W000822,W002263,0.346186,2026-04-21 20:34:00,synthetic_normal,normal
TX10007814,W001647,W000841,0.518705,2026-04-21 20:47:00,synthetic_normal,normal
TX10001776,W000921,W000241,1.050885,2026-04-21 21:11:00,synthetic_normal,normal
TX10009171,W000237,W002427,0.085649,2026-04-21 21:41:00,synthetic_normal,normal
TX10003053,W001584,W001871,1.204918,2026-04-21 22:15:00,synthetic_normal,normal
TX10002324,W001237,W001630,0.507272,2026-04-21 22:32:00,synthetic_normal,normal
TX10007383,W000405,W000964,0.237024,2026-04-21 22:40:00,synthetic_normal,normal
TX10006659,W001544,W000703,0.382872,2026-04-21 22:41:00,synthetic_normal,normal
TX10001094,W001818,W001642,0.110926,2026-04-21 23:17:00,synthetic_normal,normal
TX10009451,W000115,W001144,0.311064,2026-04-22 00:02:00,synthetic_normal,normal
TX10003935,W001732,W002212,0.507796,2026-04-22 00:03:00,synthetic_normal,normal
TX10008982,W001508,W002257,0.396951,2026-04-22 00:27:00,synthetic_normal,normal
TX10002583,W002096,W001968,0.646048,2026-04-22 00:54:00,synthetic_normal,normal
TX10009047,W001679,W000742,1.09552,2026-04-22 00:58:00,synthetic_normal,normal
TX10001503,W001089,W000095,0.119508,2026-04-22 01:12:00,synthetic_normal,normal
TX10001581,W000521,W001617,0.277415,2026-04-22 01:12:00,synthetic_normal,normal
TX10006270,W000380,W001904,1.594978,2026-04-22 02:17:00,synthetic_normal,normal
TX10008620,W001106,W000324,0.201118,2026-04-22 02:32:00,synthetic_normal,normal
TX10001850,W001448,W000616,1.001765,2026-04-22 02:58:00,synthetic_normal,normal
TX10000581,W000011,W002090,3.874353,2026-04-22 04:35:00,synthetic_anomalous,high_connectivity
TX10009417,W001354,W001200,0.68005,2026-04-22 04:58:00,synthetic_normal,normal
TX10001494,W002362,W000784,0.200592,2026-04-22 05:05:00,synthetic_normal,normal
TX10005140,W000684,W001864,0.581067,2026-04-22 05:20:00,synthetic_normal,normal
TX10005465,W001901,W002128,0.507189,2026-04-22 05:22:00,synthetic_normal,normal
TX10009695,W002375,W000172,0.108849,2026-04-22 06:03:00,synthetic_normal,normal
TX10005718,W000932,W001592,0.641051,2026-04-22 06:04:00,synthetic_normal,normal
TX10001496,W000905,W000491,0.65493,2026-04-22 06:05:00,synthetic_normal,normal
TX10004065,W000327,W001679,0.592473,2026-04-22 06:29:00,synthetic_normal,normal
TX10007881,W001386,W000964,0.898562,2026-04-22 06:40:00,synthetic_normal,normal
TX10003873,W000788,W001470,0.594162,2026-04-22 06:48:00,synthetic_normal,normal
TX10006317,W000080,W001375,0.292144,2026-04-22 06:57:00,synthetic_normal,normal
TX10006614,W001637,W000258,0.372971,2026-04-22 08:04:00,synthetic_normal,normal
TX10002523,W000108,W000363,1.215226,2026-04-22 08:18:00,synthetic_normal,normal
TX10006989,W002474,W002229,0.125524,2026-04-22 08:26:00,synthetic_normal,normal
TX10000331,W001003,W002435,4.432604,2026-04-22 08:34:00,synthetic_anomalous,cross_border_burst
TX10002051,W001737,W000199,0.084327,2026-04-22 08:37:00,synthetic_normal,normal
TX10009933,W001362,W001580,0.30212,2026-04-22 08:48:00,synthetic_normal,normal
TX10009050,W002276,W000510,1.144709,2026-04-22 09:00:00,synthetic_normal,normal
TX10002142,W001804,W002075,0.266341,2026-04-22 09:02:00,synthetic_normal,normal
TX10007477,W000634,W000541,0.709405,2026-04-22 09:23:00,synthetic_normal,normal
TX10007012,W002335,W002056,0.318989,2026-04-22 09:27:00,synthetic_normal,normal
TX10006325,W000878,W001939,0.214635,2026-04-22 09:31:00,synthetic_normal,normal
TX10003267,W001372,W000666,0.105219,2026-04-22 11:12:00,synthetic_normal,normal
TX10002655,W000639,W001771,0.364884,2026-04-22 11:24:00,synthetic_normal,normal
TX10001746,W002472,W001064,0.581112,2026-04-22 11:49:00,synthetic_normal,normal
TX10003382,W000999,W000008,0.148404,2026-04-22 12:10:00,synthetic_normal,normal
TX10004021,W002489,W000648,0.468631,2026-04-22 12:10:00,synthetic_normal,normal
TX10007718,W001368,W001880,0.284721,2026-04-22 12:49:00,synthetic_normal,normal
TX10005492,W000080,W002278,0.210293,2026-04-22 13:09:00,synthetic_normal,normal
TX10001994,W001962,W001726,0.130424,2026-04-22 13:11:00,synthetic_normal,normal
TX10005122,W002175,W001492,1.189836,2026-04-22 14:05:00,synthetic_normal,normal
TX10005054,W001741,W002221,0.508288,2026-04-22 14:25:00,synthetic_normal,normal
TX10003444,W001431,W002043,0.933397,2026-04-22 14:49:00,synthetic_normal,normal
TX10008707,W000855,W000438,0.343358,2026-04-22 15:23:00,synthetic_normal,normal
TX10000398,W000038,W001380,3.287087,2026-04-22 16:47:00,synthetic_anomalous,ip_wallet_reuse
TX10003534,W002155,W001355,0.202395,2026-04-22 17:20:00,synthetic_normal,normal
TX10007568,W000794,W001878,0.538939,2026-04-22 17:40:00,synthetic_normal,normal
TX10004609,W002241,W001839,0.105614,2026-04-22 17:44:00,synthetic_normal,normal
TX10003668,W000311,W000726,0.275883,2026-04-22 18:00:00,synthetic_normal,normal
TX10000899,W001486,W002066,6.36786,2026-04-22 19:15:00,synthetic_anomalous,cross_border_burst
TX10000113,W000038,W000408,5.000783,2026-04-22 19:59:00,synthetic_anomalous,fan_out
TX10000145,W000033,W001402,4.913476,2026-04-22 20:20:00,synthetic_anomalous,fan_out
TX10001890,W002477,W000318,0.218589,2026-04-22 20:57:00,synthetic_normal,normal
TX10000856,W001242,W001544,2.594569,2026-04-22 21:50:00,synthetic_anomalous,rapid_chain
TX10009610,W002033,W000278,0.744142,2026-04-22 23:47:00,synthetic_normal,normal
TX10002188,W000785,W002003,1.028368,2026-04-22 23:49:00,synthetic_normal,normal
TX10003094,W001123,W001385,0.586936,2026-04-22 23:49:00,synthetic_normal,normal
TX10002533,W001003,W000335,0.217773,2026-04-23 00:03:00,synthetic_normal,normal
TX10000535,W000031,W002359,1.203258,2026-04-23 00:11:00,synthetic_anomalous,layered_transfer
TX10008898,W001656,W001655,0.45698,2026-04-23 00:41:00,synthetic_normal,normal
TX10007915,W000473,W001445,0.24786,2026-04-23 00:52:00,synthetic_normal,normal
TX10008546,W001225,W000081,1.154867,2026-04-23 01:18:00,synthetic_normal,normal
TX10006607,W002022,W000274,0.303867,2026-04-23 01:31:00,synthetic_normal,normal
TX10003747,W001175,W000403,0.339548,2026-04-23 02:34:00,synthetic_normal,normal
TX10006238,W002112,W002047,0.58267,2026-04-23 03:10:00,synthetic_normal,normal
TX10009687,W001600,W000558,0.818771,2026-04-23 03:26:00,synthetic_normal,normal
TX10002630,W001547,W000208,0.397729,2026-04-23 03:28:00,synthetic_normal,normal
TX10004032,W000597,W000501,0.337091,2026-04-23 03:51:00,synthetic_normal,normal
TX10008694,W002264,W002267,0.340079,2026-04-23 04:00:00,synthetic_normal,normal
TX10002187,W000561,W000870,0.182902,2026-04-23 04:12:00,synthetic_normal,normal
TX10003176,W000956,W000888,0.878416,2026-04-23 04:37:00,synthetic_normal,normal
TX10000249,W000014,W000498,2.839303,2026-04-23 04:43:00,synthetic_anomalous,fan_out
TX10005728,W001454,W002139,0.859257,2026-04-23 05:02:00,synthetic_normal,normal
TX10000546,W000029,W001339,5.210053,2026-04-23 05:28:00,synthetic_anomalous,fan_in
TX10006817,W001481,W002308,0.713728,2026-04-23 06:03:00,synthetic_normal,normal
TX10005141,W000782,W002072,0.461111,2026-04-23 06:08:00,synthetic_normal,normal
TX10009162,W001854,W000941,0.264998,2026-04-23 06:18:00,synthetic_normal,normal
TX10003502,W000391,W002301,0.279177,2026-04-23 06:30:00,synthetic_normal,normal
TX10005487,W002424,W001474,0.319263,2026-04-23 06:34:00,synthetic_normal,normal
TX10004668,W002200,W001726,0.302121,2026-04-23 06:58:00,synthetic_normal,normal
TX10000437,W000046,W000057,7.908248,2026-04-23 06:59:00,synthetic_anomalous,high_connectivity
TX10001533,W002011,W001197,0.357529,2026-04-23 07:39:00,synthetic_normal,normal
TX10005632,W000766,W001843,0.341633,2026-04-23 08:36:00,synthetic_normal,normal
TX10006306,W001884,W000117,0.388792,2026-04-23 08:59:00,synthetic_normal,normal
TX10002384,W000872,W001641,0.369737,2026-04-23 09:09:00,synthetic_normal,normal
TX10003389,W001376,W000291,0.186699,2026-04-23 09:59:00,synthetic_normal,normal
TX10008247,W002476,W000440,0.398706,2026-04-23 10:08:00,synthetic_normal,normal
TX10007888,W001406,W001174,0.222531,2026-04-23 10:30:00,synthetic_normal,normal
TX10006020,W001837,W002033,0.144314,2026-04-23 10:35:00,synthetic_normal,normal
TX10007345,W001566,W001591,0.56846,2026-04-23 10:49:00,synthetic_normal,normal
TX10000423,W000001,W001601,5.013318,2026-04-23 12:10:00,synthetic_anomalous,layered_transfer
TX10009860,W001861,W001512,0.417399,2026-04-23 12:26:00,synthetic_normal,normal
TX10003445,W000949,W001569,0.162791,2026-04-23 12:31:00,synthetic_normal,normal
TX10004153,W000465,W001955,0.296417,2026-04-23 12:53:00,synthetic_normal,normal
TX10001002,W000184,W001144,0.851612,2026-04-23 13:01:00,synthetic_normal,normal
TX10001272,W000395,W000052,0.734161,2026-04-23 13:07:00,synthetic_normal,normal
TX10006130,W000102,W000493,0.819317,2026-04-23 13:07:00,synthetic_normal,normal
TX10006551,W001199,W000869,0.263832,2026-04-23 13:25:00,synthetic_normal,normal
TX10007691,W000279,W000778,0.346847,2026-04-23 14:21:00,synthetic_normal,normal
TX10008801,W001472,W002295,0.553708,2026-04-23 14:52:00,synthetic_normal,normal
TX10001039,W002321,W001288,1.646578,2026-04-23 15:28:00,synthetic_normal,normal
TX10007879,W000876,W002315,0.635085,2026-04-23 15:28:00,synthetic_normal,normal
TX10009242,W000808,W002338,0.100109,2026-04-23 15:44:00,synthetic_normal,normal
TX10000425,W000013,W001167,0.871803,2026-04-23 17:02:00,synthetic_anomalous,fan_out
TX10000986,W000045,W000448,2.248897,2026-04-23 17:18:00,synthetic_anomalous,fan_in
TX10007348,W000461,W000433,0.472445,2026-04-23 18:28:00,synthetic_normal,normal
TX10008277,W000439,W000080,0.18502,2026-04-23 19:01:00,synthetic_normal,normal
TX10004467,W001175,W001389,0.101388,2026-04-23 19:38:00,synthetic_normal,normal
TX10003893,W001002,W001641,0.491768,2026-04-23 19:55:00,synthetic_normal,normal
TX10003508,W000137,W000996,1.040824,2026-04-23 20:13:00,synthetic_normal,normal
TX10006981,W000402,W001910,0.813223,2026-04-23 20:13:00,synthetic_normal,normal
TX10002502,W001042,W001462,0.572241,2026-04-23 20:30:00,synthetic_normal,normal
TX10005736,W002221,W002220,0.202939,2026-04-23 20:51:00,synthetic_normal,normal
TX10004682,W000528,W002377,0.995402,2026-04-23 20:51:00,synthetic_normal,normal
TX10003775,W002433,W001574,0.40948,2026-04-23 20:59:00,synthetic_normal,normal
TX10001657,W000386,W000895,0.619178,2026-04-23 21:38:00,synthetic_normal,normal
TX10005217,W001036,W000253,0.152792,2026-04-23 21:40:00,synthetic_normal,normal
TX10008201,W001182,W001302,0.193095,2026-04-23 22:02:00,synthetic_normal,normal
TX10006914,W000874,W000239,0.562618,2026-04-23 23:08:00,synthetic_normal,normal
TX10003314,W001278,W000459,0.603495,2026-04-23 23:35:00,synthetic_normal,normal
TX10002195,W001027,W001103,0.277126,2026-04-23 23:44:00,synthetic_normal,normal
TX10004049,W000138,W000358,0.213796,2026-04-24 00:06:00,synthetic_normal,normal
TX10004132,W001109,W001386,0.928789,2026-04-24 00:42:00,synthetic_normal,normal
TX10000845,W000037,W000592,1.492892,2026-04-24 01:25:00,synthetic_anomalous,high_connectivity
TX10009408,W000653,W001360,0.422434,2026-04-24 01:29:00,synthetic_normal,normal
TX10004956,W000802,W000214,0.155167,2026-04-24 02:16:00,synthetic_normal,normal
TX10003676,W001226,W001055,0.200666,2026-04-24 02:27:00,synthetic_normal,normal
TX10009275,W002313,W002138,1.06488,2026-04-24 03:33:00,synthetic_normal,normal
TX10007369,W001775,W002165,0.172459,2026-04-24 03:34:00,synthetic_normal,normal
TX10008625,W001542,W000447,0.642497,2026-04-24 03:41:00,synthetic_normal,normal
TX10000523,W002337,W002365,2.291167,2026-04-24 03:49:00,synthetic_anomalous,cross_border_burst
TX10007478,W000253,W002237,1.150971,2026-04-24 03:51:00,synthetic_normal,normal
TX10008323,W002467,W000917,0.620459,2026-04-24 04:09:00,synthetic_normal,normal
TX10009284,W002022,W002448,2.396254,2026-04-24 05:45:00,synthetic_normal,normal
TX10009904,W000074,W002250,0.349563,2026-04-24 06:06:00,synthetic_normal,normal
TX10007408,W000779,W001585,0.131496,2026-04-24 06:10:00,synthetic_normal,normal
TX10007566,W001297,W002145,3.06184,2026-04-24 07:07:00,synthetic_normal,normal
TX10001369,W000606,W001135,0.307271,2026-04-24 07:11:00,synthetic_normal,normal
TX10001965,W002199,W002284,0.473215,2026-04-24 07:30:00,synthetic_normal,normal
TX10002537,W001192,W002353,0.37997,2026-04-24 07:39:00,synthetic_normal,normal
TX10006222,W001082,W001711,0.226568,2026-04-24 08:50:00,synthetic_normal,normal
TX10004023,W001507,W000770,0.270252,2026-04-24 09:26:00,synthetic_normal,normal
TX10008941,W000042,W001823,0.63524,2026-04-24 09:51:00,synthetic_normal,normal
TX10001777,W000090,W001104,0.266136,2026-04-24 10:05:00,synthetic_normal,normal
TX10002574,W001733,W002005,0.931532,2026-04-24 10:07:00,synthetic_normal,normal
TX10003043,W001995,W002466,0.317412,2026-04-24 10:11:00,synthetic_normal,normal
TX10008132,W001149,W002233,0.388926,2026-04-24 10:52:00,synthetic_normal,normal
TX10003489,W000834,W000297,0.749556,2026-04-24 11:03:00,synthetic_normal,normal
TX10004296,W001930,W002013,0.742527,2026-04-24 11:59:00,synthetic_normal,normal
TX10006120,W001398,W002063,0.62404,2026-04-24 12:27:00,synthetic_normal,normal
TX10000406,W000049,W002328,1.087492,2026-04-24 12:47:00,synthetic_anomalous,ip_wallet_reuse
TX10007725,W000920,W002082,0.214899,2026-04-24 12:57:00,synthetic_normal,normal
TX10002032,W001591,W000763,0.353279,2026-04-24 12:59:00,synthetic_normal,normal
TX10003626,W001385,W002365,0.249656,2026-04-24 13:29:00,synthetic_normal,normal
TX10003460,W001390,W001701,0.429254,2026-04-24 13:32:00,synthetic_normal,normal
TX10006795,W002369,W002027,1.642137,2026-04-24 14:56:00,synthetic_normal,normal
TX10007026,W000372,W000737,0.990249,2026-04-24 15:01:00,synthetic_normal,normal
TX10000773,W000017,W001702,19.713134,2026-04-24 15:23:00,synthetic_anomalous,high_connectivity
TX10001027,W001217,W001468,0.597014,2026-04-24 16:46:00,synthetic_normal,normal
TX10009805,W001851,W001554,1.701426,2026-04-24 17:26:00,synthetic_normal,normal
TX10000144,W001416,W001526,3.701025,2026-04-24 17:47:00,synthetic_anomalous,rapid_chain
TX10005376,W000247,W000393,0.984959,2026-04-24 18:32:00,synthetic_normal,normal
TX10007191,W001928,W001363,0.506535,2026-04-24 18:47:00,synthetic_normal,normal
TX10000454,W000044,W001475,9.03074,2026-04-24 19:40:00,synthetic_anomalous,ip_wallet_reuse
TX10002498,W001307,W000332,0.738781,2026-04-24 20:18:00,synthetic_normal,normal
TX10003777,W000413,W000120,2.62034,2026-04-24 21:13:00,synthetic_normal,normal
TX10003166,W001796,W002305,0.230617,2026-04-24 21:14:00,synthetic_normal,normal
TX10004751,W000817,W000793,0.930107,2026-04-24 22:03:00,synthetic_normal,normal
TX10004140,W000630,W000752,1.016881,2026-04-24 22:07:00,synthetic_normal,normal
TX10000715,W000064,W000552,0.895846,2026-04-24 22:59:00,synthetic_anomalous,cross_border_burst
TX10001779,W001351,W000218,0.194201,2026-04-25 00:49:00,synthetic_normal,normal
TX10009256,W000133,W001470,0.214314,2026-04-25 00:56:00,synthetic_normal,normal
TX10005458,W000612,W001307,0.78029,2026-04-25 01:26:00,synthetic_normal,normal
TX10008312,W001049,W002408,1.412719,2026-04-25 01:36:00,synthetic_normal,normal
TX10008043,W001005,W001742,0.866404,2026-04-25 01:52:00,synthetic_normal,normal
TX10005781,W000696,W002481,0.979627,2026-04-25 02:15:00,synthetic_normal,normal
TX10002294,W000475,W002466,0.393397,2026-04-25 03:34:00,synthetic_normal,normal
TX10007271,W000670,W001504,1.23674,2026-04-25 03:58:00,synthetic_normal,normal
TX10007788,W000728,W002390,0.73424,2026-04-25 04:05:00,synthetic_normal,normal
TX10003920,W001913,W000870,0.817744,2026-04-25 04:45:00,synthetic_normal,normal
TX10006515,W001329,W001260,0.780825,2026-04-25 05:38:00,synthetic_normal,normal
TX10000719,W000018,W000924,6.958579,2026-04-25 05:46:00,synthetic_anomalous,layered_transfer
TX10002765,W001992,W002282,0.117878,2026-04-25 05:47:00,synthetic_normal,normal
TX10001613,W000169,W001105,0.674388,2026-04-25 05:59:00,synthetic_normal,normal
TX10009577,W000379,W000899,0.542317,2026-04-25 08:32:00,synthetic_normal,normal
TX10004736,W000421,W001705,0.394192,2026-04-25 08:38:00,synthetic_normal,normal
TX10001649,W001907,W000483,1.403431,2026-04-25 08:44:00,synthetic_normal,normal
TX10001347,W001094,W000816,0.786139,2026-04-25 08:46:00,synthetic_normal,normal
TX10007864,W001444,W002270,0.178378,2026-04-25 09:14:00,synthetic_normal,normal
TX10006615,W000986,W001070,0.34772,2026-04-25 11:31:00,synthetic_normal,normal
TX10009547,W001464,W000749,0.436112,2026-04-25 11:35:00,synthetic_normal,normal
TX10008674,W000301,W000807,0.230662,2026-04-25 11:46:00,synthetic_normal,normal
TX10001844,W001325,W001192,0.416112,2026-04-25 12:26:00,synthetic_normal,normal
TX10001975,W000520,W000136,0.223415,2026-04-25 12:41:00,synthetic_normal,normal
TX10005604,W000529,W001296,0.925008,2026-04-25 13:37:00,synthetic_normal,normal
TX10002092,W000411,W002144,0.538134,2026-04-25 13:52:00,synthetic_normal,normal
TX10007914,W000378,W002332,0.230717,2026-04-25 13:57:00,synthetic_normal,normal
TX10006095,W002149,W002481,0.431291,2026-04-25 13:58:00,synthetic_normal,normal
TX10003710,W000933,W000965,1.075809,2026-04-25 14:20:00,synthetic_normal,normal
TX10003259,W000231,W001054,0.626337,2026-04-25 14:25:00,synthetic_normal,normal
TX10000915,W000443,W001465,2.077749,2026-04-25 15:05:00,synthetic_anomalous,cross_border_burst
TX10000821,W000028,W001930,2.612635,2026-04-25 15:13:00,synthetic_anomalous,high_connectivity
TX10008158,W002011,W001794,0.546014,2026-04-25 15:16:00,synthetic_normal,normal
TX10001430,W002059,W000344,0.514819,2026-04-25 16:58:00,synthetic_normal,normal
TX10009534,W002203,W001793,0.371153,2026-04-25 18:28:00,synthetic_normal,normal
TX10007555,W002386,W001700,0.487781,2026-04-25 18:33:00,synthetic_normal,normal
TX10004610,W000864,W001074,0.659215,2026-04-25 18:34:00,synthetic_normal,normal
TX10004539,W001966,W001153,0.746421,2026-04-25 18:51:00,synthetic_normal,normal
TX10001427,W000067,W002483,0.626356,2026-04-25 19:38:00,synthetic_normal,normal
TX10008440,W001154,W000183,0.456863,2026-04-25 20:56:00,synthetic_normal,normal
TX10004794,W000959,W000006,0.676942,2026-04-25 21:09:00,synthetic_normal,normal
TX10001572,W000751,W000033,0.347464,2026-04-25 21:38:00,synthetic_normal,normal
TX10001417,W000022,W001562,0.279514,2026-04-25 21:44:00,synthetic_normal,normal
TX10008685,W001061,W001316,0.650914,2026-04-25 21:46:00,synthetic_normal,normal
TX10008325,W001878,W000220,0.450492,2026-04-25 21:55:00,synthetic_normal,normal
TX10008912,W002059,W000817,0.395609,2026-04-25 22:01:00,synthetic_normal,normal
TX10008757,W000242,W001254,1.579888,2026-04-25 22:21:00,synthetic_normal,normal
TX10003757,W001959,W002005,0.752388,2026-04-25 22:43:00,synthetic_normal,normal
TX10009811,W000420,W002024,0.268776,2026-04-25 22:51:00,synthetic_normal,normal
TX10001072,W001632,W001623,0.199944,2026-04-25 22:55:00,synthetic_normal,normal
TX10006399,W001315,W001552,2.839848,2026-04-26 01:06:00,synthetic_normal,normal
TX10003703,W000353,W002453,0.754116,2026-04-26 03:08:00,synthetic_normal,normal
TX10005980,W000743,W000675,0.49821,2026-04-26 05:04:00,synthetic_normal,normal
TX10000975,W000028,W002305,7.257969,2026-04-26 05:12:00,synthetic_anomalous,layered_transfer
TX10007180,W000426,W001610,0.345932,2026-04-26 05:22:00,synthetic_normal,normal
TX10008645,W000280,W001180,0.493349,2026-04-26 05:32:00,synthetic_normal,normal
TX10007489,W000989,W001530,0.432945,2026-04-26 06:14:00,synthetic_normal,normal
TX10003911,W001635,W001631,0.479324,2026-04-26 06:21:00,synthetic_normal,normal
TX10000417,W000008,W000417,2.915893,2026-04-26 06:26:00,synthetic_anomalous,fan_out
TX10005651,W000566,W002196,0.237823,2026-04-26 06:34:00,synthetic_normal,normal
TX10007701,W001454,W002371,0.94407,2026-04-26 06:59:00,synthetic_normal,normal
TX10001236,W000613,W002213,0.337639,2026-04-26 07:02:00,synthetic_normal,normal
TX10000123,W002413,W002212,1.140966,2026-04-26 07:06:00,synthetic_anomalous,cross_border_burst
TX10009099,W002370,W001778,1.464378,2026-04-26 07:20:00,synthetic_normal,normal
TX10003466,W001309,W001022,0.185605,2026-04-26 08:10:00,synthetic_normal,normal
TX10005476,W001432,W001680,0.473975,2026-04-26 09:04:00,synthetic_normal,normal
TX10005402,W001866,W000235,2.071394,2026-04-26 09:52:00,synthetic_normal,normal
TX10006925,W000709,W000156,0.335215,2026-04-26 10:12:00,synthetic_normal,normal
TX10001912,W002378,W001262,0.127028,2026-04-26 10:32:00,synthetic_normal,normal
TX10008770,W001002,W000052,0.303596,2026-04-26 11:21:00,synthetic_normal,normal
TX10007142,W002012,W002244,1.111736,2026-04-26 11:48:00,synthetic_normal,normal
TX10006415,W000126,W000284,0.164634,2026-04-26 11:57:00,synthetic_normal,normal
TX10003924,W000185,W000930,0.281308,2026-04-26 11:59:00,synthetic_normal,normal
TX10005964,W000115,W000844,0.993896,2026-04-26 12:13:00,synthetic_normal,normal
TX10006429,W001250,W002226,0.574572,2026-04-26 12:22:00,synthetic_normal,normal
TX10004905,W001084,W000001,2.920421,2026-04-26 12:45:00,synthetic_normal,normal
TX10006409,W001026,W000339,0.645523,2026-04-26 12:51:00,synthetic_normal,normal
TX10000467,W000806,W001709,3.190614,2026-04-26 13:05:00,synthetic_anomalous,cross_border_burst
TX10000443,W000048,W000980,5.70795,2026-04-26 13:09:00,synthetic_anomalous,cross_border_burst
TX10002207,W002089,W002483,0.438617,2026-04-26 13:16:00,synthetic_normal,normal
TX10004028,W001637,W000447,0.112714,2026-04-26 13:18:00,synthetic_normal,normal
TX10006621,W000739,W001405,1.03658,2026-04-26 16:04:00,synthetic_normal,normal
TX10006582,W000519,W000062,0.153634,2026-04-26 16:21:00,synthetic_normal,normal
TX10008520,W001348,W000487,0.351818,2026-04-26 17:33:00,synthetic_normal,normal
TX10005938,W000153,W000930,0.099187,2026-04-26 17:50:00,synthetic_normal,normal
TX10001818,W001523,W002264,0.352751,2026-04-26 18:02:00,synthetic_normal,normal
TX10002509,W001040,W001002,0.401221,2026-04-26 18:21:00,synthetic_normal,normal
TX10003891,W002077,W000330,0.669745,2026-04-26 18:27:00,synthetic_normal,normal
TX10007396,W000403,W000098,0.511198,2026-04-26 18:45:00,synthetic_normal,normal
TX10005179,W000304,W000137,0.203454,2026-04-26 18:50:00,synthetic_normal,normal
TX10001801,W001048,W002166,0.334269,2026-04-26 18:53:00,synthetic_normal,normal
TX10004326,W001118,W001531,0.141241,2026-04-26 18:59:00,synthetic_normal,normal
TX10004478,W001759,W002199,1.425965,2026-04-26 19:15:00,synthetic_normal,normal
TX10006230,W001082,W001649,0.946547,2026-04-26 20:21:00,synthetic_normal,normal
TX10004014,W000030,W000163,0.178968,2026-04-26 20:27:00,synthetic_normal,normal
TX10006250,W001431,W001564,0.32444,2026-04-26 20:41:00,synthetic_normal,normal
TX10003874,W000820,W001247,0.198361,2026-04-26 20:50:00,synthetic_normal,normal
TX10003859,W000731,W001395,0.696046,2026-04-26 21:00:00,synthetic_normal,normal
TX10005300,W001099,W000462,0.267788,2026-04-26 21:18:00,synthetic_normal,normal
TX10003274,W001282,W001304,0.523078,2026-04-26 21:42:00,synthetic_normal,normal
TX10001383,W000759,W002163,0.637455,2026-04-26 21:51:00,synthetic_normal,normal
TX10002748,W000516,W001346,0.164895,2026-04-26 22:12:00,synthetic_normal,normal
TX10009426,W001070,W002402,0.45223,2026-04-26 23:45:00,synthetic_normal,normal
TX10007437,W000658,W000501,0.646188,2026-04-27 01:48:00,synthetic_normal,normal
TX10001960,W000592,W001867,0.274602,2026-04-27 02:15:00,synthetic_normal,normal
TX10004423,W000448,W000869,0.225138,2026-04-27 02:39:00,synthetic_normal,normal
TX10001817,W000998,W001620,0.082478,2026-04-27 03:08:00,synthetic_normal,normal
TX10000892,W000619,W000766,4.550721,2026-04-27 03:35:00,synthetic_anomalous,high_frequency
TX10007802,W000672,W000978,0.674307,2026-04-27 03:47:00,synthetic_normal,normal
TX10000087,W000023,W002484,3.376488,2026-04-27 03:51:00,synthetic_anomalous,layered_transfer
TX10004468,W001878,W001912,0.953188,2026-04-27 03:54:00,synthetic_normal,normal
TX10005289,W000865,W000412,1.697719,2026-04-27 04:03:00,synthetic_normal,normal
TX10008709,W000915,W001862,0.261555,2026-04-27 04:37:00,synthetic_normal,normal
TX10006906,W000177,W000444,0.721791,2026-04-27 05:05:00,synthetic_normal,normal
TX10001635,W000442,W001444,0.174344,2026-04-27 05:56:00,synthetic_normal,normal
TX10003704,W001054,W000714,0.393333,2026-04-27 05:57:00,synthetic_normal,normal
TX10000667,W001218,W001744,4.418053,2026-04-27 06:01:00,synthetic_anomalous,cross_border_burst
TX10007612,W001226,W001924,0.235887,2026-04-27 06:20:00,synthetic_normal,normal
TX10008401,W000306,W001483,0.827385,2026-04-27 06:26:00,synthetic_normal,normal
TX10003665,W000700,W000097,0.354983,2026-04-27 07:59:00,synthetic_normal,normal
TX10006278,W001163,W002218,0.332334,2026-04-27 08:25:00,synthetic_normal,normal
TX10005740,W001724,W001958,1.80282,2026-04-27 09:16:00,synthetic_normal,normal
TX10007518,W000973,W000615,0.165844,2026-04-27 10:29:00,synthetic_normal,normal
TX10003337,W001372,W001606,1.886264,2026-04-27 10:30:00,synthetic_normal,normal
TX10007453,W001757,W002003,0.760583,2026-04-27 11:06:00,synthetic_normal,normal
TX10001152,W001820,W001726,0.278081,2026-04-27 11:17:00,synthetic_normal,normal
TX10006839,W002300,W000557,0.552564,2026-04-27 11:25:00,synthetic_normal,normal
TX10000397,W000037,W000395,2.025319,2026-04-27 11:52:00,synthetic_anomalous,high_connectivity
TX10003091,W000028,W000942,0.277094,2026-04-27 12:29:00,synthetic_normal,normal
TX10008480,W000393,W000435,0.49562,2026-04-27 14:01:00,synthetic_normal,normal
TX10005935,W001666,W002227,1.959722,2026-04-27 14:30:00,synthetic_normal,normal
TX10004199,W000330,W001465,0.332148,2026-04-27 14:57:00,synthetic_normal,normal
TX10001074,W001306,W000117,0.80674,2026-04-27 15:08:00,synthetic_normal,normal
TX10008112,W000069,W001413,0.317871,2026-04-27 15:31:00,synthetic_normal,normal
TX10009632,W001162,W001472,0.276885,2026-04-27 15:40:00,synthetic_normal,normal
TX10006175,W001378,W000999,0.292598,2026-04-27 16:47:00,synthetic_normal,normal
TX10001269,W000507,W000939,0.430171,2026-04-27 17:33:00,synthetic_normal,normal
TX10005668,W001530,W001893,1.502118,2026-04-27 18:14:00,synthetic_normal,normal
TX10007740,W000545,W000874,1.240852,2026-04-27 18:50:00,synthetic_normal,normal
TX10005089,W000258,W001764,0.502901,2026-04-27 18:54:00,synthetic_normal,normal
TX10000901,W000032,W000149,5.181197,2026-04-27 19:11:00,synthetic_anomalous,high_connectivity
TX10008174,W001292,W000667,0.819627,2026-04-27 20:13:00,synthetic_normal,normal
TX10009506,W001236,W000966,0.104779,2026-04-27 21:36:00,synthetic_normal,normal
TX10004440,W000777,W001866,0.648311,2026-04-27 22:29:00,synthetic_normal,normal
TX10003322,W000169,W000205,0.323194,2026-04-27 22:32:00,synthetic_normal,normal
TX10008714,W001219,W001022,0.585395,2026-04-27 22:49:00,synthetic_normal,normal
TX10009721,W000840,W000770,0.297086,2026-04-27 22:53:00,synthetic_normal,normal
TX10000336,W000285,W002208,4.4769,2026-04-27 23:32:00,synthetic_anomalous,rapid_chain
TX10007367,W002444,W000671,0.44705,2026-04-27 23:43:00,synthetic_normal,normal
TX10002101,W000625,W000001,0.261967,2026-04-28 00:15:00,synthetic_normal,normal
TX10006392,W000781,W000524,0.360388,2026-04-28 00:30:00,synthetic_normal,normal
TX10006025,W000496,W000711,0.895089,2026-04-28 00:43:00,synthetic_normal,normal
TX10008861,W002171,W001489,0.058416,2026-04-28 00:45:00,synthetic_normal,normal
TX10006341,W002121,W001681,0.650229,2026-04-28 01:06:00,synthetic_normal,normal
TX10005609,W001734,W000532,0.201529,2026-04-28 02:10:00,synthetic_normal,normal
TX10009591,W000130,W002472,0.202636,2026-04-28 03:40:00,synthetic_normal,normal
TX10005172,W000158,W002232,0.290145,2026-04-28 04:15:00,synthetic_normal,normal
TX10000864,W000153,W001985,2.216972,2026-04-28 04:15:00,synthetic_anomalous,rapid_chain
TX10006245,W001175,W000972,0.209808,2026-04-28 04:37:00,synthetic_normal,normal
TX10006423,W000084,W002038,0.3156,2026-04-28 05:00:00,synthetic_normal,normal
TX10002327,W002446,W000112,0.405539,2026-04-28 05:07:00,synthetic_normal,normal
TX10007850,W000316,W000996,0.579616,2026-04-28 05:27:00,synthetic_normal,normal
TX10004619,W001041,W002042,0.112432,2026-04-28 06:42:00,synthetic_normal,normal
TX10000863,W000036,W002206,1.349111,2026-04-28 07:41:00,synthetic_anomalous,layered_transfer
TX10008047,W000242,W002082,0.542111,2026-04-28 07:57:00,synthetic_normal,normal
TX10005116,W001380,W000719,0.836839,2026-04-28 08:00:00,synthetic_normal,normal
TX10001199,W001610,W000930,0.428843,2026-04-28 08:09:00,synthetic_normal,normal
TX10004954,W002376,W000736,0.612476,2026-04-28 09:02:00,synthetic_normal,normal
TX10002919,W001066,W000903,0.345326,2026-04-28 10:04:00,synthetic_normal,normal
TX10002709,W000214,W001536,0.482176,2026-04-28 10:05:00,synthetic_normal,normal
TX10005622,W001877,W001357,0.209474,2026-04-28 10:28:00,synthetic_normal,normal
TX10001699,W001984,W002437,0.264497,2026-04-28 11:08:00,synthetic_normal,normal
TX10008617,W000897,W000749,0.070636,2026-04-28 11:18:00,synthetic_normal,normal
TX10001485,W002275,W002268,0.762458,2026-04-28 11:47:00,synthetic_normal,normal
TX10003750,W001006,W001232,0.473569,2026-04-28 11:49:00,synthetic_normal,normal
TX10002485,W002439,W000754,0.631068,2026-04-28 11:59:00,synthetic_normal,normal
TX10000279,W000007,W002027,4.134239,2026-04-28 12:11:00,synthetic_anomalous,layered_transfer
TX10009367,W000822,W001824,0.467556,2026-04-28 12:27:00,synthetic_normal,normal
TX10009328,W000186,W002283,0.632889,2026-04-28 12:53:00,synthetic_normal,normal
TX10005437,W002029,W000908,0.330996,2026-04-28 12:55:00,synthetic_normal,normal
TX10009701,W000027,W002398,0.362847,2026-04-28 13:21:00,synthetic_normal,normal
TX10006412,W000882,W002147,0.809349,2026-04-28 13:21:00,synthetic_normal,normal
TX10005983,W002493,W001375,0.588743,2026-04-28 13:25:00,synthetic_normal,normal
TX10003937,W002017,W002207,0.283816,2026-04-28 13:40:00,synthetic_normal,normal
TX10008505,W002327,W000087,0.698764,2026-04-28 13:50:00,synthetic_normal,normal
TX10008868,W000496,W000257,0.248386,2026-04-28 14:37:00,synthetic_normal,normal
TX10008601,W001062,W000079,1.666431,2026-04-28 14:53:00,synthetic_normal,normal
TX10007322,W001927,W000690,0.345257,2026-04-28 15:01:00,synthetic_normal,normal
TX10008791,W002243,W000844,0.878823,2026-04-28 16:21:00,synthetic_normal,normal
TX10004559,W000034,W000625,0.492143,2026-04-28 16:23:00,synthetic_normal,normal
TX10007472,W002060,W001633,0.409787,2026-04-28 16:23:00,synthetic_normal,normal
TX10000184,W001182,W000862,5.730405,2026-04-28 16:46:00,synthetic_anomalous,rapid_chain
TX10000403,W001508,W002025,8.938295,2026-04-28 16:54:00,synthetic_anomalous,cross_border_burst
TX10005536,W001842,W001364,1.565943,2026-04-28 16:57:00,synthetic_normal,normal
TX10000755,W001471,W000867,32.139397,2026-04-28 17:23:00,synthetic_anomalous,cross_border_burst
TX10008471,W001134,W001165,0.290155,2026-04-28 17:51:00,synthetic_normal,normal
TX10004158,W002089,W000443,0.639706,2026-04-28 18:15:00,synthetic_normal,normal
TX10002159,W000751,W001494,0.282003,2026-04-28 19:01:00,synthetic_normal,normal
TX10008305,W001857,W000855,1.276337,2026-04-28 19:06:00,synthetic_normal,normal
TX10001441,W000221,W000955,0.619998,2026-04-28 19:23:00,synthetic_normal,normal
TX10001202,W000706,W002093,0.493644,2026-04-28 19:39:00,synthetic_normal,normal
TX10005191,W002341,W000667,0.363926,2026-04-28 19:46:00,synthetic_normal,normal
TX10002614,W002059,W000326,0.968448,2026-04-28 19:49:00,synthetic_normal,normal
TX10004965,W002325,W002026,0.47424,2026-04-28 19:59:00,synthetic_normal,normal
TX10002404,W000308,W000490,0.307187,2026-04-28 20:02:00,synthetic_normal,normal
TX10009531,W000803,W001934,0.36762,2026-04-28 20:03:00,synthetic_normal,normal
TX10005132,W002414,W000382,1.326813,2026-04-28 22:19:00,synthetic_normal,normal
TX10001085,W001819,W000077,0.226483,2026-04-28 22:51:00,synthetic_normal,normal
TX10002259,W001142,W000362,2.419818,2026-04-28 22:59:00,synthetic_normal,normal
TX10000149,W000045,W002289,0.980659,2026-04-28 23:14:00,synthetic_anomalous,high_connectivity
TX10001821,W000356,W000217,0.659201,2026-04-28 23:34:00,synthetic_normal,normal
TX10009982,W002087,W001216,0.359054,2026-04-28 23:39:00,synthetic_normal,normal
TX10008560,W000362,W001669,0.121805,2026-04-28 23:52:00,synthetic_normal,normal
TX10005860,W002041,W000333,0.244384,2026-04-29 00:47:00,synthetic_normal,normal
TX10004750,W000346,W001138,0.345758,2026-04-29 01:24:00,synthetic_normal,normal
TX10004484,W000776,W000174,0.488711,2026-04-29 01:38:00,synthetic_normal,normal
TX10004366,W001360,W001585,0.07972,2026-04-29 02:38:00,synthetic_normal,normal
TX10007652,W001172,W000842,0.499118,2026-04-29 03:02:00,synthetic_normal,normal
TX10009321,W000121,W000696,0.057555,2026-04-29 05:09:00,synthetic_normal,normal
TX10008346,W000625,W001659,0.116056,2026-04-29 06:25:00,synthetic_normal,normal
TX10000508,W001473,W002245,9.942718,2026-04-29 06:42:00,synthetic_anomalous,high_frequency
TX10002930,W002493,W001367,0.146776,2026-04-29 06:47:00,synthetic_normal,normal
TX10006563,W000012,W000816,0.336818,2026-04-29 06:56:00,synthetic_normal,normal
TX10003153,W001207,W000084,0.417902,2026-04-29 07:19:00,synthetic_normal,normal
TX10009711,W001172,W001337,0.371345,2026-04-29 08:40:00,synthetic_normal,normal
TX10008482,W002408,W000308,0.660193,2026-04-29 08:58:00,synthetic_normal,normal
TX10007837,W000349,W001565,0.378238,2026-04-29 09:20:00,synthetic_normal,normal
TX10007212,W000508,W001142,0.388961,2026-04-29 09:34:00,synthetic_normal,normal
TX10006657,W001929,W000023,0.792157,2026-04-29 09:47:00,synthetic_normal,normal
TX10000289,W000028,W000020,2.231889,2026-04-29 09:52:00,synthetic_anomalous,fan_out
TX10005156,W001382,W000284,0.241709,2026-04-29 10:11:00,synthetic_normal,normal
TX10005165,W001271,W000469,0.504077,2026-04-29 10:38:00,synthetic_normal,normal
TX10000085,W000022,W001258,9.526557,2026-04-29 10:58:00,synthetic_anomalous,high_connectivity
TX10009307,W001837,W001604,0.708673,2026-04-29 11:23:00,synthetic_normal,normal
TX10005530,W001294,W000913,0.414832,2026-04-29 11:39:00,synthetic_normal,normal
TX10003319,W002010,W001956,0.324817,2026-04-29 11:41:00,synthetic_normal,normal
TX10000120,W001697,W000769,4.827289,2026-04-29 12:26:00,synthetic_anomalous,rapid_chain
TX10005181,W000921,W000090,2.397772,2026-04-29 12:26:00,synthetic_normal,normal
TX10004383,W001119,W002019,1.851135,2026-04-29 12:54:00,synthetic_normal,normal
TX10009062,W000248,W001371,0.870595,2026-04-29 12:54:00,synthetic_normal,normal
TX10005865,W001797,W000988,0.663573,2026-04-29 14:09:00,synthetic_normal,normal
TX10002277,W001747,W001892,0.331952,2026-04-29 15:01:00,synthetic_normal,normal
TX10005788,W000971,W001955,0.241032,2026-04-29 15:13:00,synthetic_normal,normal
TX10008527,W000535,W000378,0.21577,2026-04-29 15:40:00,synthetic_normal,normal
TX10004644,W001954,W001617,0.470781,2026-04-29 16:05:00,synthetic_normal,normal
TX10004131,W000030,W001566,0.213575,2026-04-29 16:06:00,synthetic_normal,normal
TX10004687,W002353,W000311,0.6935,2026-04-29 16:51:00,synthetic_normal,normal
TX10005537,W000747,W001834,0.409761,2026-04-29 17:38:00,synthetic_normal,normal
TX10008519,W002060,W001206,0.344611,2026-04-29 17:52:00,synthetic_normal,normal
TX10001346,W001394,W001284,0.501826,2026-04-29 17:56:00,synthetic_normal,normal
TX10003037,W000941,W002125,0.229561,2026-04-29 18:16:00,synthetic_normal,normal
TX10007841,W001867,W000329,0.808434,2026-04-29 18:31:00,synthetic_normal,normal
TX10008205,W000512,W001041,0.656044,2026-04-29 18:53:00,synthetic_normal,normal
TX10009971,W001143,W000458,0.338202,2026-04-29 18:54:00,synthetic_normal,normal
TX10003004,W002275,W002348,1.509572,2026-04-29 19:45:00,synthetic_normal,normal
TX10000075,W001868,W000540,1.693763,2026-04-29 20:02:00,synthetic_anomalous,cross_border_burst
TX10007877,W001464,W000167,0.377307,2026-04-29 20:34:00,synthetic_normal,normal
TX10007661,W000433,W002294,0.219678,2026-04-29 20:37:00,synthetic_normal,normal
TX10006644,W001872,W002220,0.277014,2026-04-29 20:55:00,synthetic_normal,normal
TX10006968,W001056,W001979,0.353437,2026-04-29 22:01:00,synthetic_normal,normal
TX10009268,W001044,W001927,0.362705,2026-04-29 23:21:00,synthetic_normal,normal
TX10005193,W001928,W002160,0.411981,2026-04-29 23:35:00,synthetic_normal,normal
TX10009767,W000245,W002287,0.340353,2026-04-29 23:44:00,synthetic_normal,normal
TX10005200,W001985,W002276,0.753008,2026-04-29 23:45:00,synthetic_normal,normal
TX10001123,W000988,W002220,0.605723,2026-04-30 00:06:00,synthetic_normal,normal
TX10001763,W001971,W000927,0.276664,2026-04-30 00:17:00,synthetic_normal,normal
TX10002416,W000939,W001195,0.377974,2026-04-30 00:28:00,synthetic_normal,normal
TX10008628,W000068,W002273,0.104055,2026-04-30 00:31:00,synthetic_normal,normal
TX10009987,W001470,W001478,0.547545,2026-04-30 01:43:00,synthetic_normal,normal
TX10008350,W000312,W000755,0.384603,2026-04-30 02:15:00,synthetic_normal,normal
TX10005466,W000801,W000675,0.247147,2026-04-30 03:36:00,synthetic_normal,normal
TX10004050,W000444,W001079,0.175041,2026-04-30 03:41:00,synthetic_normal,normal
TX10004822,W001281,W000581,0.69301,2026-04-30 04:00:00,synthetic_normal,normal
TX10006824,W002073,W000810,0.073722,2026-04-30 04:23:00,synthetic_normal,normal
TX10003105,W001606,W002482,0.629044,2026-04-30 04:31:00,synthetic_normal,normal
TX10002720,W002340,W001921,0.227138,2026-04-30 04:39:00,synthetic_normal,normal
TX10000663,W000032,W001536,7.508437,2026-04-30 05:39:00,synthetic_anomalous,layered_transfer
TX10003246,W002424,W001359,0.197614,2026-04-30 05:59:00,synthetic_normal,normal
TX10007467,W000773,W001164,0.310489,2026-04-30 06:23:00,synthetic_normal,normal
TX10008963,W000780,W000520,1.160602,2026-04-30 07:00:00,synthetic_normal,normal
TX10001200,W000562,W000320,0.38559,2026-04-30 07:26:00,synthetic_normal,normal
TX10006419,W001317,W000788,0.344278,2026-04-30 07:35:00,synthetic_normal,normal
TX10005508,W001803,W001929,1.022355,2026-04-30 07:45:00,synthetic_normal,normal
TX10006393,W000775,W001006,0.303337,2026-04-30 07:46:00,synthetic_normal,normal
TX10009357,W002344,W001238,0.334049,2026-04-30 07:55:00,synthetic_normal,normal
TX10000166,W000008,W001529,1.247543,2026-04-30 09:10:00,synthetic_anomalous,ip_wallet_reuse
TX10004174,W002156,W002304,0.664662,2026-04-30 09:26:00,synthetic_normal,normal
TX10003181,W001867,W000194,0.496255,2026-04-30 09:49:00,synthetic_normal,normal
TX10001829,W002208,W001295,0.456349,2026-04-30 11:02:00,synthetic_normal,normal
TX10003391,W001133,W002160,0.209668,2026-04-30 11:30:00,synthetic_normal,normal
TX10005319,W000890,W000324,2.67405,2026-04-30 11:33:00,synthetic_normal,normal
TX10005707,W001553,W001714,0.967264,2026-04-30 11:41:00,synthetic_normal,normal
TX10006386,W000266,W002390,0.145785,2026-04-30 13:04:00,synthetic_normal,normal
TX10007975,W001673,W001115,0.94648,2026-04-30 15:09:00,synthetic_normal,normal
TX10007875,W000986,W000107,0.678652,2026-04-30 15:26:00,synthetic_normal,normal
TX10007206,W001875,W000240,0.34705,2026-04-30 15:47:00,synthetic_normal,normal
TX10009095,W001963,W000693,0.325644,2026-04-30 15:54:00,synthetic_normal,normal
TX10008814,W001999,W001508,0.182793,2026-04-30 16:23:00,synthetic_normal,normal
TX10007469,W000038,W002095,2.30036,2026-04-30 16:38:00,synthetic_normal,normal
TX10004760,W002087,W001107,0.661711,2026-04-30 17:14:00,synthetic_normal,normal
TX10000013,W000046,W001776,1.99835,2026-04-30 17:55:00,synthetic_anomalous,high_connectivity
TX10001159,W002321,W001404,0.580893,2026-04-30 18:16:00,synthetic_normal,normal
TX10001736,W002087,W001301,1.965434,2026-04-30 19:40:00,synthetic_normal,normal
TX10009654,W000435,W002142,0.411487,2026-04-30 20:08:00,synthetic_normal,normal
TX10008029,W000653,W001316,1.332588,2026-04-30 21:16:00,synthetic_normal,normal
TX10004405,W000463,W000791,0.732624,2026-04-30 21:37:00,synthetic_normal,normal
TX10006915,W002495,W000087,0.308784,2026-04-30 21:37:00,synthetic_normal,normal
TX10000305,W000001,W001183,1.61263,2026-04-30 21:44:00,synthetic_anomalous,fan_out
TX10001609,W000152,W001859,0.468066,2026-04-30 22:24:00,synthetic_normal,normal
TX10000785,W000015,W000419,3.010137,2026-04-30 22:25:00,synthetic_anomalous,fan_out
TX10005077,W001908,W001146,1.56954,2026-04-30 22:33:00,synthetic_normal,normal
TX10007306,W000180,W000881,0.232574,2026-04-30 22:34:00,synthetic_normal,normal
TX10000188,W000286,W000552,6.978576,2026-04-30 22:48:00,synthetic_anomalous,high_frequency
TX10008615,W000728,W001166,0.404747,2026-04-30 22:56:00,synthetic_normal,normal
TX10002318,W002266,W002385,0.470379,2026-04-30 23:24:00,synthetic_normal,normal
TX10003746,W000674,W001760,0.127091,2026-04-30 23:25:00,synthetic_normal,normal
TX10004568,W000923,W001247,0.143672,2026-05-01 00:53:00,synthetic_normal,normal
TX10003147,W002006,W000444,0.387434,2026-05-01 01:00:00,synthetic_normal,normal
TX10001798,W000726,W000121,0.17386,2026-05-01 01:34:00,synthetic_normal,normal
TX10006467,W000565,W001411,0.20202,2026-05-01 01:47:00,synthetic_normal,normal
TX10000888,W000506,W000867,10.904286,2026-05-01 02:01:00,synthetic_anomalous,rapid_chain
TX10007335,W000104,W002170,0.388274,2026-05-01 02:08:00,synthetic_normal,normal
TX10001089,W001692,W002277,1.540823,2026-05-01 02:29:00,synthetic_normal,normal
TX10001143,W001188,W002298,0.660666,2026-05-01 03:15:00,synthetic_normal,normal
TX10003712,W002383,W000115,0.499454,2026-05-01 03:31:00,synthetic_normal,normal
TX10006905,W001945,W001937,0.199345,2026-05-01 04:13:00,synthetic_normal,normal
TX10009680,W001326,W001935,0.148251,2026-05-01 04:25:00,synthetic_normal,normal
TX10009962,W001359,W002264,0.319933,2026-05-01 04:54:00,synthetic_normal,normal
TX10009919,W001707,W001586,0.373015,2026-05-01 05:44:00,synthetic_normal,normal
TX10008566,W000287,W002239,0.493079,2026-05-01 05:53:00,synthetic_normal,normal
TX10007135,W002250,W001274,0.964828,2026-05-01 05:55:00,synthetic_normal,normal
TX10004679,W001970,W000502,0.92587,2026-05-01 06:28:00,synthetic_normal,normal
TX10005207,W000158,W001005,0.112512,2026-05-01 06:58:00,synthetic_normal,normal
TX10006917,W001635,W001286,0.965643,2026-05-01 07:21:00,synthetic_normal,normal
TX10006537,W002108,W001218,0.855344,2026-05-01 08:01:00,synthetic_normal,normal
TX10007958,W001290,W001014,0.277089,2026-05-01 08:13:00,synthetic_normal,normal
TX10004315,W001614,W001925,0.720466,2026-05-01 09:05:00,synthetic_normal,normal
TX10006350,W000132,W000020,0.922908,2026-05-01 09:24:00,synthetic_normal,normal
TX10001541,W002168,W002035,0.353955,2026-05-01 09:46:00,synthetic_normal,normal
TX10000734,W000012,W001629,1.902022,2026-05-01 10:14:00,synthetic_anomalous,ip_wallet_reuse
TX10004243,W000677,W000009,0.484683,2026-05-01 10:23:00,synthetic_normal,normal
TX10000266,W000020,W000424,5.060914,2026-05-01 11:09:00,synthetic_anomalous,fan_in
TX10001322,W000025,W002202,0.361128,2026-05-01 11:36:00,synthetic_normal,normal
TX10009655,W001735,W000491,0.527739,2026-05-01 12:08:00,synthetic_normal,normal
TX10004411,W002361,W000249,0.50154,2026-05-01 12:21:00,synthetic_normal,normal
TX10000404,W001427,W001320,4.564686,2026-05-01 12:28:00,synthetic_anomalous,high_frequency
TX10005194,W002043,W000356,0.884181,2026-05-01 13:26:00,synthetic_normal,normal
TX10000438,W000043,W001018,8.366016,2026-05-01 13:59:00,synthetic_anomalous,ip_wallet_reuse
TX10009353,W001353,W002019,0.619667,2026-05-01 14:03:00,synthetic_normal,normal
TX10009896,W000060,W001768,0.195203,2026-05-01 14:07:00,synthetic_normal,normal
TX10009848,W000165,W001706,0.298043,2026-05-01 14:40:00,synthetic_normal,normal
TX10003596,W001824,W000659,1.037955,2026-05-01 14:59:00,synthetic_normal,normal
TX10007084,W000502,W001206,0.185652,2026-05-01 15:51:00,synthetic_normal,normal
TX10001332,W000818,W001355,0.330495,2026-05-01 16:02:00,synthetic_normal,normal
TX10007357,W001744,W001264,0.436326,2026-05-01 16:16:00,synthetic_normal,normal
TX10000445,W000006,W001060,3.543629,2026-05-01 16:24:00,synthetic_anomalous,high_connectivity
TX10009643,W001121,W001934,0.435929,2026-05-01 16:47:00,synthetic_normal,normal
TX10006045,W001134,W000406,0.211188,2026-05-01 17:33:00,synthetic_normal,normal
TX10006183,W000343,W000699,0.433976,2026-05-01 17:46:00,synthetic_normal,normal
TX10000598,W000020,W001147,1.178313,2026-05-01 19:56:00,synthetic_anomalous,ip_wallet_reuse
TX10000931,W000235,W002349,1.505504,2026-05-01 20:14:00,synthetic_anomalous,cross_border_burst
TX10007755,W001508,W001220,0.327598,2026-05-01 20:33:00,synthetic_normal,normal
TX10009346,W000575,W001169,0.17224,2026-05-01 20:48:00,synthetic_normal,normal
TX10006308,W000247,W001928,0.405548,2026-05-01 21:09:00,synthetic_normal,normal
TX10001963,W001424,W001315,0.912597,2026-05-01 21:10:00,synthetic_normal,normal
TX10008464,W001759,W000697,0.839801,2026-05-01 21:14:00,synthetic_normal,normal
TX10000786,W000047,W001948,0.90358,2026-05-01 21:22:00,synthetic_anomalous,fan_in
TX10002961,W000709,W000915,0.151574,2026-05-01 21:23:00,synthetic_normal,normal
TX10008892,W001138,W000108,1.81719,2026-05-01 21:34:00,synthetic_normal,normal
TX10003142,W002203,W000578,1.338702,2026-05-01 21:50:00,synthetic_normal,normal
TX10004941,W000216,W000955,0.498501,2026-05-01 21:53:00,synthetic_normal,normal
TX10001916,W001278,W001130,0.663755,2026-05-01 22:25:00,synthetic_normal,normal
TX10009636,W001104,W000589,1.995008,2026-05-02 01:02:00,synthetic_normal,normal
TX10004566,W001835,W002148,0.75954,2026-05-02 01:06:00,synthetic_normal,normal
TX10006738,W002236,W001504,0.340339,2026-05-02 01:25:00,synthetic_normal,normal
TX10007267,W002407,W002227,0.674866,2026-05-02 02:21:00,synthetic_normal,normal
TX10001767,W001718,W000380,0.215889,2026-05-02 02:37:00,synthetic_normal,normal
TX10000110,W000017,W001822,5.065714,2026-05-02 03:07:00,synthetic_anomalous,ip_wallet_reuse
TX10002295,W001842,W002007,0.635827,2026-05-02 03:18:00,synthetic_normal,normal
TX10004598,W001744,W001714,0.104299,2026-05-02 04:46:00,synthetic_normal,normal
TX10001319,W000045,W000759,0.348583,2026-05-02 06:12:00,synthetic_normal,normal
TX10009974,W001884,W001404,0.146055,2026-05-02 06:26:00,synthetic_normal,normal
TX10001991,W000044,W002306,0.571628,2026-05-02 07:15:00,synthetic_normal,normal
TX10004573,W001555,W000233,0.466444,2026-05-02 07:16:00,synthetic_normal,normal
TX10007945,W000402,W001152,0.244838,2026-05-02 07:24:00,synthetic_normal,normal
TX10002611,W001081,W001105,0.74445,2026-05-02 08:13:00,synthetic_normal,normal
TX10003155,W000620,W001448,2.218483,2026-05-02 08:19:00,synthetic_normal,normal
TX10007675,W001476,W000238,1.307239,2026-05-02 09:14:00,synthetic_normal,normal
TX10003139,W001782,W000703,0.352012,2026-05-02 09:18:00,synthetic_normal,normal
TX10005374,W001399,W000822,0.562649,2026-05-02 11:11:00,synthetic_normal,normal
TX10001711,W002295,W001620,1.322911,2026-05-02 11:17:00,synthetic_normal,normal
TX10005558,W002004,W002156,0.627587,2026-05-02 11:51:00,synthetic_normal,normal
TX10006262,W001923,W001633,1.154498,2026-05-02 12:09:00,synthetic_normal,normal
TX10007954,W000444,W000761,0.356208,2026-05-02 12:30:00,synthetic_normal,normal
TX10009027,W000228,W001716,0.267388,2026-05-02 12:37:00,synthetic_normal,normal
TX10009563,W000275,W000230,0.158464,2026-05-02 12:49:00,synthetic_normal,normal
TX10002468,W002172,W001032,0.752321,2026-05-02 12:58:00,synthetic_normal,normal
TX10009174,W000237,W001973,1.056154,2026-05-02 14:17:00,synthetic_normal,normal
TX10005607,W000228,W001359,0.515887,2026-05-02 14:29:00,synthetic_normal,normal
TX10009961,W001788,W000721,0.524252,2026-05-02 14:53:00,synthetic_normal,normal
TX10005762,W001706,W001665,0.387358,2026-05-02 15:16:00,synthetic_normal,normal
TX10006280,W000421,W001508,0.301219,2026-05-02 16:08:00,synthetic_normal,normal
TX10006215,W000565,W000681,0.81889,2026-05-02 16:22:00,synthetic_normal,normal
TX10003498,W000511,W000799,0.448584,2026-05-02 16:36:00,synthetic_normal,normal
TX10007763,W001560,W002059,0.223599,2026-05-02 16:44:00,synthetic_normal,normal
TX10005318,W000154,W000572,0.420668,2026-05-02 18:57:00,synthetic_normal,normal
TX10001679,W001060,W000523,0.482994,2026-05-02 19:07:00,synthetic_normal,normal
TX10005978,W002096,W002181,0.195426,2026-05-02 19:35:00,synthetic_normal,normal
TX10001336,W000197,W000172,0.665123,2026-05-02 20:03:00,synthetic_normal,normal
TX10000586,W000044,W002490,4.518907,2026-05-02 20:57:00,synthetic_anomalous,fan_in
TX10008231,W000721,W000699,0.368249,2026-05-02 21:27:00,synthetic_normal,normal
TX10009694,W001939,W001529,0.377908,2026-05-02 21:29:00,synthetic_normal,normal
TX10004702,W001448,W002497,0.741818,2026-05-02 21:33:00,synthetic_normal,normal
TX10000960,W000404,W000314,4.63984,2026-05-02 22:55:00,synthetic_anomalous,rapid_chain
TX10006556,W000233,W001665,0.591837,2026-05-02 23:27:00,synthetic_normal,normal
TX10005274,W002048,W000491,0.553283,2026-05-02 23:30:00,synthetic_normal,normal
TX10002470,W001812,W000836,0.610816,2026-05-03 01:24:00,synthetic_normal,normal
TX10008652,W000647,W001324,0.726595,2026-05-03 01:57:00,synthetic_normal,normal
TX10006691,W002070,W001572,0.438819,2026-05-03 02:16:00,synthetic_normal,normal
TX10001992,W000045,W001690,0.446682,2026-05-03 02:30:00,synthetic_normal,normal
TX10001940,W000645,W002189,0.876474,2026-05-03 03:16:00,synthetic_normal,normal
TX10002068,W000033,W000764,0.339328,2026-05-03 03:45:00,synthetic_normal,normal
TX10007618,W000077,W000500,0.456606,2026-05-03 03:47:00,synthetic_normal,normal
TX10005888,W001317,W002496,0.691742,2026-05-03 04:20:00,synthetic_normal,normal
TX10002547,W002054,W001580,0.357914,2026-05-03 04:33:00,synthetic_normal,normal
TX10002183,W000226,W001762,0.378744,2026-05-03 04:50:00,synthetic_normal,normal
TX10000105,W000029,W001102,4.062219,2026-05-03 05:02:00,synthetic_anomalous,fan_out
TX10008673,W000900,W000091,1.367602,2026-05-03 05:07:00,synthetic_normal,normal
TX10009484,W001057,W000087,0.802172,2026-05-03 05:29:00,synthetic_normal,normal
TX10004971,W000022,W001412,0.512586,2026-05-03 05:32:00,synthetic_normal,normal
TX10000597,W000011,W001255,4.3454,2026-05-03 05:40:00,synthetic_anomalous,high_connectivity
TX10001161,W001882,W000423,2.040336,2026-05-03 07:08:00,synthetic_normal,normal
TX10004917,W000873,W000945,1.440587,2026-05-03 07:25:00,synthetic_normal,normal
TX10005680,W001802,W001058,0.748486,2026-05-03 07:40:00,synthetic_normal,normal
TX10003672,W002093,W001348,0.451629,2026-05-03 09:25:00,synthetic_normal,normal
TX10005779,W000380,W002156,0.258564,2026-05-03 10:22:00,synthetic_normal,normal
TX10006013,W001300,W001714,0.894002,2026-05-03 10:25:00,synthetic_normal,normal
TX10004492,W000401,W000906,0.580469,2026-05-03 12:36:00,synthetic_normal,normal
TX10001324,W002369,W001362,0.706882,2026-05-03 12:51:00,synthetic_normal,normal
TX10003513,W001187,W000894,0.253672,2026-05-03 13:00:00,synthetic_normal,normal
TX10009486,W001131,W001115,0.50545,2026-05-03 13:13:00,synthetic_normal,normal
TX10002389,W001872,W001206,0.824619,2026-05-03 13:26:00,synthetic_normal,normal
TX10003287,W001951,W000365,0.453342,2026-05-03 13:48:00,synthetic_normal,normal
TX10005354,W000636,W001959,0.122728,2026-05-03 13:59:00,synthetic_normal,normal
TX10004639,W000991,W002073,0.733044,2026-05-03 14:26:00,synthetic_normal,normal
TX10005691,W001371,W001544,0.345645,2026-05-03 14:43:00,synthetic_normal,normal
TX10007872,W000569,W002023,0.902987,2026-05-03 14:56:00,synthetic_normal,normal
TX10005826,W002042,W002087,0.351679,2026-05-03 15:25:00,synthetic_normal,normal
TX10000879,W000038,W000497,1.972101,2026-05-03 16:16:00,synthetic_anomalous,layered_transfer
TX10004550,W002414,W000413,0.971413,2026-05-03 17:00:00,synthetic_normal,normal
TX10009626,W001020,W001911,0.7038,2026-05-03 17:19:00,synthetic_normal,normal
TX10002465,W000475,W001138,0.306021,2026-05-03 17:19:00,synthetic_normal,normal
TX10003435,W000390,W000745,0.096566,2026-05-03 17:31:00,synthetic_normal,normal
TX10007821,W000533,W002110,0.190803,2026-05-03 17:54:00,synthetic_normal,normal
TX10000780,W002142,W000433,31.739323,2026-05-03 18:15:00,synthetic_anomalous,high_frequency
TX10002702,W001978,W001575,1.185792,2026-05-03 18:46:00,synthetic_normal,normal
TX10000728,W001401,W001266,2.806033,2026-05-03 19:03:00,synthetic_anomalous,rapid_chain
TX10004233,W001189,W001909,0.585346,2026-05-03 19:26:00,synthetic_normal,normal
TX10008998,W001462,W001365,1.477392,2026-05-03 19:38:00,synthetic_normal,normal
TX10008030,W001798,W000839,0.295488,2026-05-03 20:06:00,synthetic_normal,normal
TX10007019,W002489,W000924,0.081416,2026-05-03 20:17:00,synthetic_normal,normal
TX10006203,W001949,W000944,1.347675,2026-05-03 20:56:00,synthetic_normal,normal
TX10007405,W000097,W000851,0.328832,2026-05-03 21:08:00,synthetic_normal,normal
TX10006340,W000153,W002456,0.179751,2026-05-03 22:27:00,synthetic_normal,normal
TX10001593,W000002,W002187,0.277679,2026-05-03 23:30:00,synthetic_normal,normal
TX10002506,W001437,W000590,0.75881,2026-05-03 23:50:00,synthetic_normal,normal
TX10007960,W001820,W000604,0.269042,2026-05-04 00:38:00,synthetic_normal,normal
TX10002147,W002191,W001968,0.629753,2026-05-04 01:26:00,synthetic_normal,normal
TX10004399,W001793,W000727,0.219277,2026-05-04 01:44:00,synthetic_normal,normal
TX10000052,W000222,W002354,1.5134,2026-05-04 02:12:00,synthetic_anomalous,high_frequency
TX10008287,W000502,W002010,0.499639,2026-05-04 02:20:00,synthetic_normal,normal
TX10007572,W000804,W001589,0.628846,2026-05-04 02:43:00,synthetic_normal,normal
TX10005894,W001601,W000226,0.465828,2026-05-04 03:47:00,synthetic_normal,normal
TX10002608,W001021,W001513,0.453412,2026-05-04 03:55:00,synthetic_normal,normal
TX10003914,W001564,W001097,0.555932,2026-05-04 04:07:00,synthetic_normal,normal
TX10008149,W001753,W000396,1.246068,2026-05-04 04:19:00,synthetic_normal,normal
TX10000603,W001650,W001421,1.69099,2026-05-04 04:25:00,synthetic_anomalous,cross_border_burst
TX10005583,W001512,W002316,0.245679,2026-05-04 05:02:00,synthetic_normal,normal
TX10007129,W001437,W001645,0.263973,2026-05-04 05:19:00,synthetic_normal,normal
TX10006821,W002362,W001350,0.452414,2026-05-04 05:30:00,synthetic_normal,normal
TX10001477,W000355,W000169,0.338008,2026-05-04 05:43:00,synthetic_normal,normal
TX10008368,W000296,W002465,0.374661,2026-05-04 06:16:00,synthetic_normal,normal
TX10007230,W000277,W001551,0.505411,2026-05-04 06:28:00,synthetic_normal,normal
TX10004030,W002022,W000362,0.963218,2026-05-04 06:49:00,synthetic_normal,normal
TX10003770,W002277,W000819,0.42035,2026-05-04 07:36:00,synthetic_normal,normal
TX10007352,W001149,W000930,0.422566,2026-05-04 07:48:00,synthetic_normal,normal
TX10006074,W000063,W001752,0.120812,2026-05-04 08:06:00,synthetic_normal,normal
TX10007137,W001534,W000302,0.876165,2026-05-04 08:11:00,synthetic_normal,normal
TX10003690,W000566,W002027,0.304124,2026-05-04 08:37:00,synthetic_normal,normal
TX10003433,W001383,W001185,0.133852,2026-05-04 08:43:00,synthetic_normal,normal
TX10000725,W000027,W001806,3.208335,2026-05-04 09:58:00,synthetic_anomalous,high_connectivity
TX10005811,W001102,W001132,1.038181,2026-05-04 10:53:00,synthetic_normal,normal
TX10002052,W001820,W001993,1.038858,2026-05-04 11:11:00,synthetic_normal,normal
TX10007398,W000432,W001772,0.359849,2026-05-04 12:24:00,synthetic_normal,normal
TX10001413,W000274,W002317,0.305741,2026-05-04 12:28:00,synthetic_normal,normal
TX10009358,W001928,W001672,0.162118,2026-05-04 12:53:00,synthetic_normal,normal
TX10003499,W001882,W002464,0.259697,2026-05-04 13:01:00,synthetic_normal,normal
TX10006147,W000713,W001638,5.258767,2026-05-04 13:15:00,synthetic_normal,normal
TX10006159,W000100,W000608,0.394924,2026-05-04 13:26:00,synthetic_normal,normal
TX10000470,W000035,W001832,5.827674,2026-05-04 13:45:00,synthetic_anomalous,ip_wallet_reuse
TX10008344,W000712,W000209,0.065155,2026-05-04 14:04:00,synthetic_normal,normal
TX10001864,W000958,W001727,0.410715,2026-05-04 14:52:00,synthetic_normal,normal
TX10001574,W001063,W002338,0.267785,2026-05-04 15:41:00,synthetic_normal,normal
TX10006927,W000641,W001015,0.815287,2026-05-04 16:20:00,synthetic_normal,normal
TX10003783,W000657,W000025,0.204387,2026-05-04 16:45:00,synthetic_normal,normal
TX10003425,W001669,W001756,0.50162,2026-05-04 17:18:00,synthetic_normal,normal
TX10004535,W000650,W002084,0.386608,2026-05-04 17:59:00,synthetic_normal,normal
TX10002156,W000978,W002221,0.224656,2026-05-04 18:01:00,synthetic_normal,normal
TX10004601,W000558,W002024,0.506085,2026-05-04 19:04:00,synthetic_normal,normal
TX10008604,W000176,W001830,0.924853,2026-05-04 19:46:00,synthetic_normal,normal
TX10004255,W002279,W000061,0.209336,2026-05-04 20:41:00,synthetic_normal,normal
TX10000639,W000036,W002418,10.104321,2026-05-04 20:46:00,synthetic_anomalous,layered_transfer
TX10000607,W000017,W000570,1.867994,2026-05-04 20:53:00,synthetic_anomalous,layered_transfer
TX10006613,W000906,W001554,0.48561,2026-05-04 21:33:00,synthetic_normal,normal
TX10007342,W000038,W001739,0.503977,2026-05-04 22:32:00,synthetic_normal,normal
TX10002971,W000190,W000290,0.391931,2026-05-04 23:16:00,synthetic_normal,normal
TX10005240,W000488,W001451,0.453837,2026-05-04 23:57:00,synthetic_normal,normal
TX10006635,W000373,W000152,0.624084,2026-05-05 01:30:00,synthetic_normal,normal
TX10000965,W000027,W001161,2.473313,2026-05-05 02:13:00,synthetic_anomalous,high_connectivity
TX10006153,W001344,W001170,0.401141,2026-05-05 02:42:00,synthetic_normal,normal
TX10005817,W001317,W000906,1.310157,2026-05-05 03:17:00,synthetic_normal,normal
TX10002895,W001726,W001134,0.245918,2026-05-05 03:43:00,synthetic_normal,normal
TX10003164,W002139,W001684,0.243177,2026-05-05 03:47:00,synthetic_normal,normal
TX10008592,W000043,W001641,0.123308,2026-05-05 03:53:00,synthetic_normal,normal
TX10004042,W000053,W002016,0.342148,2026-05-05 03:59:00,synthetic_normal,normal
TX10008787,W001376,W000101,0.139158,2026-05-05 04:15:00,synthetic_normal,normal
TX10005780,W001641,W001255,0.436234,2026-05-05 04:27:00,synthetic_normal,normal
TX10004340,W001771,W002330,0.499374,2026-05-05 05:15:00,synthetic_normal,normal
TX10009114,W000698,W001505,0.201563,2026-05-05 06:53:00,synthetic_normal,normal
TX10000419,W002443,W000353,6.047358,2026-05-05 07:05:00,synthetic_anomalous,cross_border_burst
TX10002790,W000059,W000544,0.420347,2026-05-05 07:28:00,synthetic_normal,normal
TX10007400,W001313,W001223,0.308955,2026-05-05 07:40:00,synthetic_normal,normal
TX10001495,W001298,W001506,1.048229,2026-05-05 07:40:00,synthetic_normal,normal
TX10006190,W001142,W002399,1.329982,2026-05-05 07:55:00,synthetic_normal,normal
TX10001350,W001056,W000042,0.51751,2026-05-05 07:56:00,synthetic_normal,normal
TX10004756,W000445,W000335,1.261217,2026-05-05 07:58:00,synthetic_normal,normal
TX10008924,W001086,W000920,0.622113,2026-05-05 08:29:00,synthetic_normal,normal
TX10003344,W000464,W001935,0.424361,2026-05-05 08:29:00,synthetic_normal,normal
TX10000854,W000012,W000468,1.006317,2026-05-05 09:09:00,synthetic_anomalous,ip_wallet_reuse
TX10007904,W000544,W000743,1.157532,2026-05-05 09:57:00,synthetic_normal,normal
TX10007304,W000294,W001084,0.248886,2026-05-05 09:59:00,synthetic_normal,normal
TX10001946,W001631,W001596,0.225507,2026-05-05 10:54:00,synthetic_normal,normal
TX10000807,W000037,W000305,4.666607,2026-05-05 11:22:00,synthetic_anomalous,layered_transfer
TX10007930,W000434,W002101,0.256117,2026-05-05 11:45:00,synthetic_normal,normal
TX10007488,W001178,W000657,0.487764,2026-05-05 13:02:00,synthetic_normal,normal
TX10002069,W001187,W001789,1.845242,2026-05-05 13:25:00,synthetic_normal,normal
TX10002299,W000587,W000308,0.181626,2026-05-05 13:34:00,synthetic_normal,normal
TX10009682,W001175,W000225,0.712654,2026-05-05 14:15:00,synthetic_normal,normal
TX10008013,W001663,W001590,0.140331,2026-05-05 15:36:00,synthetic_normal,normal
TX10004047,W000268,W001536,0.406278,2026-05-05 15:57:00,synthetic_normal,normal
TX10000754,W000049,W000108,10.56682,2026-05-05 16:27:00,synthetic_anomalous,fan_in
TX10008394,W001460,W002047,0.167245,2026-05-05 16:57:00,synthetic_normal,normal
TX10003102,W001807,W000105,0.791247,2026-05-05 17:15:00,synthetic_normal,normal
TX10009333,W000118,W000649,1.259764,2026-05-05 17:55:00,synthetic_normal,normal
TX10008573,W001676,W000174,0.216792,2026-05-05 17:57:00,synthetic_normal,normal
TX10002385,W001231,W002421,3.086303,2026-05-05 18:01:00,synthetic_normal,normal
TX10002307,W000681,W000693,0.405586,2026-05-05 18:19:00,synthetic_normal,normal
TX10007170,W000474,W000862,1.099537,2026-05-05 18:40:00,synthetic_normal,normal
TX10000066,W000005,W001449,3.61937,2026-05-05 18:49:00,synthetic_anomalous,fan_in
TX10009938,W000740,W001694,0.194248,2026-05-05 19:41:00,synthetic_normal,normal
TX10006330,W001862,W000558,0.362527,2026-05-05 20:52:00,synthetic_normal,normal
TX10005502,W002128,W001733,0.624726,2026-05-05 21:44:00,synthetic_normal,normal
TX10007805,W000308,W001952,0.256214,2026-05-05 21:52:00,synthetic_normal,normal
TX10002905,W001485,W001747,0.146859,2026-05-05 22:15:00,synthetic_normal,normal
TX10000739,W002202,W001904,4.434222,2026-05-05 22:42:00,synthetic_anomalous,cross_border_burst
TX10007840,W001208,W001755,0.242947,2026-05-06 00:00:00,synthetic_normal,normal
TX10004867,W000476,W000634,0.330652,2026-05-06 00:03:00,synthetic_normal,normal
TX10008117,W001277,W002377,1.586632,2026-05-06 00:37:00,synthetic_normal,normal
TX10009834,W000503,W000469,0.319296,2026-05-06 00:45:00,synthetic_normal,normal
TX10001183,W001268,W000726,0.589552,2026-05-06 00:53:00,synthetic_normal,normal
TX10003582,W001775,W002362,0.710907,2026-05-06 01:44:00,synthetic_normal,normal
TX10007128,W002356,W001749,0.807059,2026-05-06 01:57:00,synthetic_normal,normal
TX10005916,W001340,W000363,0.957932,2026-05-06 02:04:00,synthetic_normal,normal
TX10004284,W000206,W002378,0.364623,2026-05-06 02:45:00,synthetic_normal,normal
TX10001043,W000341,W001097,0.396588,2026-05-06 03:08:00,synthetic_normal,normal
TX10009596,W001209,W000665,0.365856,2026-05-06 03:35:00,synthetic_normal,normal
TX10004129,W000669,W002222,0.198524,2026-05-06 03:40:00,synthetic_normal,normal
TX10002700,W000560,W001757,0.701217,2026-05-06 04:31:00,synthetic_normal,normal
TX10009885,W001531,W001233,0.567487,2026-05-06 06:47:00,synthetic_normal,normal
TX10002164,W001643,W002372,1.025415,2026-05-06 07:13:00,synthetic_normal,normal
TX10003683,W000931,W002439,0.547533,2026-05-06 07:14:00,synthetic_normal,normal
TX10000971,W001741,W002430,4.313351,2026-05-06 07:56:00,synthetic_anomalous,cross_border_burst
TX10006833,W001867,W001006,0.600305,2026-05-06 08:24:00,synthetic_normal,normal
TX10004895,W000663,W000068,0.448687,2026-05-06 08:37:00,synthetic_normal,normal
TX10009698,W002381,W002108,0.507378,2026-05-06 08:48:00,synthetic_normal,normal
TX10007744,W001003,W000441,0.706534,2026-05-06 08:51:00,synthetic_normal,normal
TX10000655,W000008,W001474,3.231464,2026-05-06 09:12:00,synthetic_anomalous,layered_transfer
TX10000771,W000303,W001694,1.704987,2026-05-06 09:52:00,synthetic_anomalous,cross_border_burst
TX10004096,W000779,W002478,0.245294,2026-05-06 10:35:00,synthetic_normal,normal
TX10007041,W000421,W001352,0.293565,2026-05-06 10:44:00,synthetic_normal,normal
TX10004393,W001971,W000022,0.4867,2026-05-06 11:09:00,synthetic_normal,normal
TX10000226,W000026,W001692,8.843709,2026-05-06 11:56:00,synthetic_anomalous,fan_in
TX10004915,W000774,W000050,0.486465,2026-05-06 12:06:00,synthetic_normal,normal
TX10001105,W002474,W000076,0.358444,2026-05-06 12:54:00,synthetic_normal,normal
TX10001647,W001222,W001801,0.882221,2026-05-06 13:00:00,synthetic_normal,normal
TX10001667,W002108,W001906,1.0564,2026-05-06 13:03:00,synthetic_normal,normal
TX10002500,W002354,W002092,0.21243,2026-05-06 13:22:00,synthetic_normal,normal
TX10000043,W001632,W001807,7.293072,2026-05-06 13:22:00,synthetic_anomalous,cross_border_burst
TX10002519,W000295,W000272,2.159796,2026-05-06 13:29:00,synthetic_normal,normal
TX10000741,W000012,W000121,1.133147,2026-05-06 13:41:00,synthetic_anomalous,high_connectivity
TX10000851,W000762,W001853,1.490766,2026-05-06 14:57:00,synthetic_anomalous,cross_border_burst
TX10000263,W000037,W000383,0.517159,2026-05-06 15:14:00,synthetic_anomalous,layered_transfer
TX10001986,W000516,W000710,0.397475,2026-05-06 15:25:00,synthetic_normal,normal
TX10008633,W002402,W000847,0.360567,2026-05-06 15:36:00,synthetic_normal,normal
TX10003631,W001717,W001182,0.249355,2026-05-06 16:34:00,synthetic_normal,normal
TX10000994,W000033,W001410,1.778854,2026-05-06 16:40:00,synthetic_anomalous,fan_in
TX10000517,W000021,W000896,2.622915,2026-05-06 17:09:00,synthetic_anomalous,high_connectivity
TX10000151,W000008,W000888,3.458736,2026-05-06 19:02:00,synthetic_anomalous,layered_transfer
TX10006711,W002366,W000762,0.708996,2026-05-06 19:18:00,synthetic_normal,normal
TX10005630,W002058,W000398,0.253112,2026-05-06 21:24:00,synthetic_normal,normal
TX10004835,W000726,W002220,0.159158,2026-05-06 21:42:00,synthetic_normal,normal
TX10004618,W001717,W001847,0.347111,2026-05-06 21:50:00,synthetic_normal,normal
TX10006080,W002453,W001596,1.210144,2026-05-06 22:17:00,synthetic_normal,normal
TX10008828,W000981,W001673,1.382654,2026-05-06 22:30:00,synthetic_normal,normal
TX10004046,W002009,W000382,0.722871,2026-05-06 23:17:00,synthetic_normal,normal
TX10009515,W001603,W000267,1.34196,2026-05-06 23:39:00,synthetic_normal,normal
TX10005959,W000137,W001003,1.035194,2026-05-07 00:01:00,synthetic_normal,normal
TX10001638,W001837,W000459,1.279619,2026-05-07 00:19:00,synthetic_normal,normal
TX10004729,W000904,W000232,0.613845,2026-05-07 00:40:00,synthetic_normal,normal
TX10002463,W001615,W002450,0.160094,2026-05-07 00:50:00,synthetic_normal,normal
TX10008326,W001518,W001667,0.302387,2026-05-07 01:30:00,synthetic_normal,normal
TX10001231,W001127,W001448,0.514344,2026-05-07 01:50:00,synthetic_normal,normal
TX10009576,W001513,W000611,0.03825,2026-05-07 01:51:00,synthetic_normal,normal
TX10006460,W000174,W002333,0.168191,2026-05-07 02:02:00,synthetic_normal,normal
TX10009856,W000026,W001341,0.316067,2026-05-07 02:03:00,synthetic_normal,normal
TX10001063,W000231,W002306,0.242202,2026-05-07 02:17:00,synthetic_normal,normal
TX10006583,W000342,W001739,0.348445,2026-05-07 03:46:00,synthetic_normal,normal
TX10007204,W000454,W000491,0.167987,2026-05-07 04:14:00,synthetic_normal,normal
TX10006185,W001947,W001330,0.237151,2026-05-07 04:33:00,synthetic_normal,normal
TX10004235,W000509,W002034,0.154248,2026-05-07 04:42:00,synthetic_normal,normal
TX10009640,W001955,W001257,1.634863,2026-05-07 04:54:00,synthetic_normal,normal
TX10003027,W002191,W001598,0.512441,2026-05-07 04:55:00,synthetic_normal,normal
TX10002058,W000550,W000154,1.056842,2026-05-07 04:57:00,synthetic_normal,normal
TX10001860,W000025,W000767,0.277673,2026-05-07 05:05:00,synthetic_normal,normal
TX10005961,W002043,W000135,0.307736,2026-05-07 05:49:00,synthetic_normal,normal
TX10002715,W000773,W000038,0.488085,2026-05-07 06:49:00,synthetic_normal,normal
TX10003928,W000623,W001584,0.409602,2026-05-07 07:00:00,synthetic_normal,normal
TX10002834,W002371,W001275,0.329902,2026-05-07 08:06:00,synthetic_normal,normal
TX10008427,W001100,W002287,0.130474,2026-05-07 08:24:00,synthetic_normal,normal
TX10005538,W000906,W001968,0.343026,2026-05-07 08:27:00,synthetic_normal,normal
TX10007842,W001059,W001111,0.293238,2026-05-07 09:27:00,synthetic_normal,normal
TX10003055,W002404,W002193,1.413357,2026-05-07 09:30:00,synthetic_normal,normal
TX10002531,W001684,W001639,0.156628,2026-05-07 09:49:00,synthetic_normal,normal
TX10009370,W001565,W000320,0.127964,2026-05-07 10:50:00,synthetic_normal,normal
TX10001122,W000223,W000159,0.312542,2026-05-07 11:27:00,synthetic_normal,normal
TX10007226,W001606,W000758,0.392264,2026-05-07 11:53:00,synthetic_normal,normal
TX10008218,W000949,W000851,0.971072,2026-05-07 12:00:00,synthetic_normal,normal
TX10007263,W001576,W000823,0.482653,2026-05-07 12:25:00,synthetic_normal,normal
TX10000972,W001983,W000038,6.447986,2026-05-07 13:09:00,synthetic_anomalous,high_frequency
TX10004304,W000592,W000493,0.414874,2026-05-07 13:11:00,synthetic_normal,normal
TX10007657,W002105,W002158,0.285163,2026-05-07 13:27:00,synthetic_normal,normal
TX10003855,W000740,W000091,0.381897,2026-05-07 13:28:00,synthetic_normal,normal
TX10000772,W002494,W000160,1.298812,2026-05-07 14:57:00,synthetic_anomalous,high_frequency
TX10007944,W001455,W000575,0.876372,2026-05-07 15:04:00,synthetic_normal,normal
TX10005859,W000676,W000136,0.258928,2026-05-07 15:40:00,synthetic_normal,normal
TX10008547,W001327,W001115,0.681149,2026-05-07 15:54:00,synthetic_normal,normal
TX10000485,W000034,W000777,5.534234,2026-05-07 15:54:00,synthetic_anomalous,high_connectivity
TX10009420,W000899,W001265,0.271989,2026-05-07 16:39:00,synthetic_normal,normal
TX10009322,W001767,W000984,0.318196,2026-05-07 16:49:00,synthetic_normal,normal
TX10007253,W001779,W000581,0.207825,2026-05-07 17:11:00,synthetic_normal,normal
TX10002356,W001885,W002410,0.841191,2026-05-07 17:25:00,synthetic_normal,normal
TX10007576,W001556,W000753,0.430073,2026-05-07 17:34:00,synthetic_normal,normal
TX10003233,W001372,W000260,0.3778,2026-05-07 17:35:00,synthetic_normal,normal
TX10001884,W001529,W001587,0.281689,2026-05-07 17:58:00,synthetic_normal,normal
TX10008927,W001182,W000628,0.313341,2026-05-07 18:01:00,synthetic_normal,normal
TX10002266,W001191,W002317,0.411385,2026-05-07 18:18:00,synthetic_normal,normal
TX10001356,W001754,W001031,0.41083,2026-05-07 19:09:00,synthetic_normal,normal
TX10006388,W002340,W000501,1.347439,2026-05-07 19:10:00,synthetic_normal,normal
TX10009718,W001645,W002445,0.343982,2026-05-07 19:19:00,synthetic_normal,normal
TX10003493,W001127,W001445,0.702893,2026-05-07 19:24:00,synthetic_normal,normal
TX10004975,W000318,W002402,0.151725,2026-05-07 19:38:00,synthetic_normal,normal
TX10008124,W001754,W000500,1.402954,2026-05-07 19:50:00,synthetic_normal,normal
TX10009990,W001531,W000079,0.274729,2026-05-07 21:03:00,synthetic_normal,normal
TX10002985,W001438,W001955,0.677498,2026-05-07 22:09:00,synthetic_normal,normal
TX10007413,W001984,W002435,0.454996,2026-05-07 22:24:00,synthetic_normal,normal
TX10004514,W002209,W001614,0.807314,2026-05-07 22:43:00,synthetic_normal,normal
TX10007520,W001023,W000392,1.02521,2026-05-07 23:50:00,synthetic_normal,normal
TX10004029,W000513,W000218,0.940449,2026-05-08 00:31:00,synthetic_normal,normal
TX10006560,W001710,W001156,2.170354,2026-05-08 01:24:00,synthetic_normal,normal
TX10002301,W002195,W000843,0.327589,2026-05-08 02:00:00,synthetic_normal,normal
TX10009006,W001154,W001785,1.949867,2026-05-08 02:01:00,synthetic_normal,normal
TX10001836,W000722,W001973,0.660813,2026-05-08 02:44:00,synthetic_normal,normal
TX10008538,W001894,W000049,0.541128,2026-05-08 02:46:00,synthetic_normal,normal
TX10002576,W000243,W001124,0.599242,2026-05-08 03:01:00,synthetic_normal,normal
TX10006220,W000695,W000956,0.414453,2026-05-08 04:13:00,synthetic_normal,normal
TX10008284,W001210,W000262,0.347842,2026-05-08 05:02:00,synthetic_normal,normal
TX10001204,W000984,W000689,0.592598,2026-05-08 05:07:00,synthetic_normal,normal
TX10002683,W002355,W000293,0.204903,2026-05-08 05:21:00,synthetic_normal,normal
TX10009327,W002429,W001986,0.545402,2026-05-08 05:40:00,synthetic_normal,normal
TX10007937,W001220,W001720,3.735296,2026-05-08 06:18:00,synthetic_normal,normal
TX10007592,W000052,W000306,3.05274,2026-05-08 06:33:00,synthetic_normal,normal
TX10008821,W002466,W000613,0.286295,2026-05-08 07:02:00,synthetic_normal,normal
TX10009775,W001851,W001466,0.593222,2026-05-08 07:52:00,synthetic_normal,normal
TX10007589,W001281,W001379,0.842874,2026-05-08 09:19:00,synthetic_normal,normal
TX10008883,W000900,W001544,0.33163,2026-05-08 10:08:00,synthetic_normal,normal
TX10004728,W002173,W000291,0.304506,2026-05-08 10:17:00,synthetic_normal,normal
TX10002317,W002002,W002383,0.281104,2026-05-08 10:35:00,synthetic_normal,normal
TX10006416,W000306,W001767,0.2527,2026-05-08 12:06:00,synthetic_normal,normal
TX10005306,W001621,W000852,0.451514,2026-05-08 12:40:00,synthetic_normal,normal
TX10005082,W000523,W000333,0.584691,2026-05-08 12:55:00,synthetic_normal,normal
TX10002911,W002188,W001179,0.250842,2026-05-08 13:45:00,synthetic_normal,normal
TX10000073,W000037,W000656,2.698022,2026-05-08 14:11:00,synthetic_anomalous,fan_out
TX10002380,W001869,W001776,0.321176,2026-05-08 14:43:00,synthetic_normal,normal
TX10000384,W001490,W002149,3.115513,2026-05-08 15:03:00,synthetic_anomalous,rapid_chain
TX10004877,W001564,W002142,0.393393,2026-05-08 15:07:00,synthetic_normal,normal
TX10002829,W000459,W000270,0.253113,2026-05-08 15:47:00,synthetic_normal,normal
TX10005126,W000281,W000796,0.568846,2026-05-08 16:07:00,synthetic_normal,normal
TX10002441,W002189,W002340,0.689387,2026-05-08 16:42:00,synthetic_normal,normal
TX10004119,W000851,W002070,1.368896,2026-05-08 16:49:00,synthetic_normal,normal
TX10006136,W000833,W000077,0.459071,2026-05-08 17:00:00,synthetic_normal,normal
TX10003655,W000316,W001878,0.266661,2026-05-08 17:38:00,synthetic_normal,normal
TX10002894,W001197,W001557,0.112933,2026-05-08 18:51:00,synthetic_normal,normal
TX10005626,W000368,W000197,0.891036,2026-05-08 19:58:00,synthetic_normal,normal
TX10003953,W000680,W001884,1.349363,2026-05-08 20:15:00,synthetic_normal,normal
TX10007647,W000322,W001869,0.15628,2026-05-08 20:33:00,synthetic_normal,normal
TX10005065,W001488,W001338,0.500985,2026-05-08 21:01:00,synthetic_normal,normal
TX10003815,W000811,W000919,0.630074,2026-05-08 21:12:00,synthetic_normal,normal
TX10005435,W001730,W002408,0.401278,2026-05-08 21:33:00,synthetic_normal,normal
TX10004123,W001006,W000336,0.528136,2026-05-08 21:40:00,synthetic_normal,normal
TX10008875,W000250,W001393,0.231068,2026-05-08 22:04:00,synthetic_normal,normal
TX10004624,W000791,W000767,0.723274,2026-05-08 22:32:00,synthetic_normal,normal
TX10004448,W000089,W001716,1.087793,2026-05-08 23:04:00,synthetic_normal,normal
TX10006319,W001284,W000776,2.189686,2026-05-08 23:30:00,synthetic_normal,normal
TX10008517,W000222,W002409,0.608169,2026-05-08 23:45:00,synthetic_normal,normal
TX10001309,W001529,W002402,0.240469,2026-05-08 23:48:00,synthetic_normal,normal
TX10000178,W000049,W001015,1.736473,2026-05-08 23:54:00,synthetic_anomalous,fan_in
TX10004206,W000633,W000946,0.594759,2026-05-09 00:09:00,synthetic_normal,normal
TX10004540,W000330,W000345,0.881948,2026-05-09 01:21:00,synthetic_normal,normal
TX10006167,W001306,W001910,0.305205,2026-05-09 01:31:00,synthetic_normal,normal
TX10006125,W000597,W000276,0.62505,2026-05-09 01:55:00,synthetic_normal,normal
TX10006365,W001541,W001329,0.260271,2026-05-09 02:01:00,synthetic_normal,normal
TX10001833,W001212,W001778,0.424434,2026-05-09 02:21:00,synthetic_normal,normal
TX10001899,W001224,W001710,0.389297,2026-05-09 02:48:00,synthetic_normal,normal
TX10004018,W000374,W001361,0.920534,2026-05-09 03:12:00,synthetic_normal,normal
TX10000318,W000011,W002163,5.554325,2026-05-09 03:22:00,synthetic_anomalous,ip_wallet_reuse
TX10005552,W001420,W000065,0.802653,2026-05-09 03:33:00,synthetic_normal,normal
TX10009612,W001150,W000609,0.241805,2026-05-09 03:41:00,synthetic_normal,normal
TX10002833,W001854,W002011,0.853265,2026-05-09 03:50:00,synthetic_normal,normal
TX10002663,W000427,W001960,0.310113,2026-05-09 04:10:00,synthetic_normal,normal
TX10003108,W000527,W000895,0.198556,2026-05-09 04:10:00,synthetic_normal,normal
TX10009798,W001569,W001311,1.004999,2026-05-09 05:06:00,synthetic_normal,normal
TX10003959,W002368,W000600,0.344077,2026-05-09 05:44:00,synthetic_normal,normal
TX10004557,W001249,W000006,0.74744,2026-05-09 05:44:00,synthetic_normal,normal
TX10007704,W001716,W000338,0.267396,2026-05-09 05:57:00,synthetic_normal,normal
TX10002552,W000533,W000546,0.948354,2026-05-09 06:32:00,synthetic_normal,normal
TX10000431,W000047,W000657,7.727628,2026-05-09 06:37:00,synthetic_anomalous,layered_transfer
TX10001028,W002114,W002323,0.563329,2026-05-09 06:55:00,synthetic_normal,normal
TX10005092,W002500,W002286,0.951088,2026-05-09 07:04:00,synthetic_normal,normal
TX10006891,W002468,W001110,0.260468,2026-05-09 07:26:00,synthetic_normal,normal
TX10004071,W001934,W000317,2.79698,2026-05-09 07:57:00,synthetic_normal,normal
TX10004374,W000273,W001951,1.815553,2026-05-09 08:06:00,synthetic_normal,normal
TX10003060,W001445,W000764,1.500003,2026-05-09 08:11:00,synthetic_normal,normal
TX10005190,W001852,W000085,0.64789,2026-05-09 08:24:00,synthetic_normal,normal
TX10005258,W000197,W000814,0.885375,2026-05-09 08:53:00,synthetic_normal,normal
TX10008019,W000682,W001257,0.58283,2026-05-09 08:53:00,synthetic_normal,normal
TX10007844,W001771,W001524,0.815124,2026-05-09 09:21:00,synthetic_normal,normal
TX10005982,W001756,W001866,0.8287,2026-05-09 09:58:00,synthetic_normal,normal
TX10003350,W001323,W000466,1.038794,2026-05-09 10:31:00,synthetic_normal,normal
TX10001265,W001044,W000675,0.854494,2026-05-09 10:48:00,synthetic_normal,normal
TX10009465,W002227,W002339,0.383153,2026-05-09 10:55:00,synthetic_normal,normal
TX10000519,W000018,W000469,1.523297,2026-05-09 10:58:00,synthetic_anomalous,layered_transfer
TX10005945,W000910,W001020,0.818225,2026-05-09 11:25:00,synthetic_normal,normal
TX10006964,W000157,W002024,0.549574,2026-05-09 11:53:00,synthetic_normal,normal
TX10004077,W001796,W001321,0.277284,2026-05-09 13:22:00,synthetic_normal,normal
TX10005940,W002057,W000234,0.761274,2026-05-09 13:24:00,synthetic_normal,normal
TX10001561,W000867,W002014,0.232383,2026-05-09 14:06:00,synthetic_normal,normal
TX10008328,W002135,W001053,0.272939,2026-05-09 15:08:00,synthetic_normal,normal
TX10000942,W000006,W001996,1.472204,2026-05-09 15:15:00,synthetic_anomalous,ip_wallet_reuse
TX10004481,W000970,W002151,0.674334,2026-05-09 15:44:00,synthetic_normal,normal
TX10006170,W002334,W002104,0.478743,2026-05-09 16:16:00,synthetic_normal,normal
TX10003467,W001879,W001568,1.149318,2026-05-09 16:17:00,synthetic_normal,normal
TX10006497,W000660,W000899,0.453855,2026-05-09 17:20:00,synthetic_normal,normal
TX10008899,W002265,W000041,0.555027,2026-05-09 17:43:00,synthetic_normal,normal
TX10000542,W000024,W000581,0.513916,2026-05-09 17:49:00,synthetic_anomalous,ip_wallet_reuse
TX10005459,W000591,W002019,0.752157,2026-05-09 17:51:00,synthetic_normal,normal
TX10004058,W002421,W002418,0.177528,2026-05-09 18:04:00,synthetic_normal,normal
TX10005164,W001517,W000521,1.007321,2026-05-09 18:27:00,synthetic_normal,normal
TX10008092,W001234,W001801,0.604199,2026-05-09 19:19:00,synthetic_normal,normal
TX10004578,W001048,W000742,1.197342,2026-05-09 19:20:00,synthetic_normal,normal
TX10001765,W001164,W001269,0.496701,2026-05-09 19:35:00,synthetic_normal,normal
TX10005188,W002284,W002176,0.642627,2026-05-09 20:32:00,synthetic_normal,normal
TX10006777,W001212,W001087,0.240294,2026-05-09 20:53:00,synthetic_normal,normal
TX10006849,W000877,W001060,1.227599,2026-05-09 21:33:00,synthetic_normal,normal
TX10002439,W001118,W000106,1.737712,2026-05-09 21:42:00,synthetic_normal,normal
TX10007279,W000497,W002231,0.544283,2026-05-09 21:55:00,synthetic_normal,normal
TX10004919,W001419,W001132,1.109486,2026-05-09 21:58:00,synthetic_normal,normal
TX10009728,W002338,W001860,0.339532,2026-05-09 22:29:00,synthetic_normal,normal
TX10008423,W001492,W001884,0.281748,2026-05-09 22:35:00,synthetic_normal,normal
TX10008027,W001572,W002154,0.286239,2026-05-09 23:39:00,synthetic_normal,normal
TX10001268,W001732,W001470,0.519209,2026-05-09 23:53:00,synthetic_normal,normal
TX10006870,W002287,W000814,0.984586,2026-05-09 23:53:00,synthetic_normal,normal
TX10005187,W000167,W000051,0.380032,2026-05-10 00:24:00,synthetic_normal,normal
TX10009436,W000021,W000854,0.351416,2026-05-10 00:47:00,synthetic_normal,normal
TX10003082,W000550,W001885,0.296146,2026-05-10 00:56:00,synthetic_normal,normal
TX10007149,W000766,W002117,1.010941,2026-05-10 01:32:00,synthetic_normal,normal
TX10000410,W000004,W001491,2.916597,2026-05-10 01:48:00,synthetic_anomalous,fan_in
TX10005560,W000250,W001558,0.342866,2026-05-10 02:12:00,synthetic_normal,normal
TX10003861,W000911,W001420,1.546524,2026-05-10 02:21:00,synthetic_normal,normal
TX10008224,W000452,W001332,0.234457,2026-05-10 02:48:00,synthetic_normal,normal
TX10003174,W001742,W000023,0.535128,2026-05-10 04:14:00,synthetic_normal,normal
TX10009142,W001547,W000872,1.035259,2026-05-10 04:19:00,synthetic_normal,normal
TX10005997,W001481,W000426,0.398936,2026-05-10 04:33:00,synthetic_normal,normal
TX10002522,W001548,W000752,0.278852,2026-05-10 05:18:00,synthetic_normal,normal
TX10009628,W000240,W002005,0.181692,2026-05-10 05:37:00,synthetic_normal,normal
TX10001474,W002314,W001193,0.226232,2026-05-10 05:46:00,synthetic_normal,normal
TX10000761,W000041,W000904,11.430503,2026-05-10 06:28:00,synthetic_anomalous,fan_out
TX10008999,W000904,W002122,0.652814,2026-05-10 06:45:00,synthetic_normal,normal
TX10006619,W001500,W001683,0.804398,2026-05-10 07:09:00,synthetic_normal,normal
TX10007710,W000035,W000008,1.189622,2026-05-10 07:19:00,synthetic_normal,normal
TX10005362,W000829,W001189,1.449493,2026-05-10 07:46:00,synthetic_normal,normal
TX10005025,W001981,W001168,0.15863,2026-05-10 07:51:00,synthetic_normal,normal
TX10005356,W000034,W001986,0.590497,2026-05-10 08:22:00,synthetic_normal,normal
TX10003198,W000730,W000290,0.089151,2026-05-10 08:45:00,synthetic_normal,normal
TX10009903,W000631,W001525,0.39932,2026-05-10 08:47:00,synthetic_normal,normal
TX10000350,W000049,W000474,6.124271,2026-05-10 08:55:00,synthetic_anomalous,ip_wallet_reuse
TX10002313,W002285,W001025,0.629979,2026-05-10 09:29:00,synthetic_normal,normal
TX10000033,W000044,W001466,10.181369,2026-05-10 09:33:00,synthetic_anomalous,fan_out
TX10009048,W000394,W002132,0.454226,2026-05-10 09:54:00,synthetic_normal,normal
TX10008166,W002295,W002373,0.712368,2026-05-10 10:13:00,synthetic_normal,normal
TX10000979,W000787,W000831,2.860608,2026-05-10 11:02:00,synthetic_anomalous,cross_border_burst
TX10003887,W002068,W000055,0.422452,2026-05-10 11:04:00,synthetic_normal,normal
TX10008106,W001211,W000394,0.392729,2026-05-10 11:30:00,synthetic_normal,normal
TX10000320,W001443,W002215,18.131272,2026-05-10 11:40:00,synthetic_anomalous,rapid_chain
TX10005679,W000539,W001340,1.165453,2026-05-10 12:13:00,synthetic_normal,normal
TX10001013,W000971,W002025,0.354647,2026-05-10 12:14:00,synthetic_normal,normal
TX10009509,W001591,W001432,0.723513,2026-05-10 12:44:00,synthetic_normal,normal
TX10004418,W001401,W002445,0.369648,2026-05-10 12:59:00,synthetic_normal,normal
TX10003200,W001588,W000839,0.384961,2026-05-10 13:07:00,synthetic_normal,normal
TX10003424,W000638,W002294,0.355777,2026-05-10 13:50:00,synthetic_normal,normal
TX10002973,W001883,W001325,0.571791,2026-05-10 14:16:00,synthetic_normal,normal
TX10001987,W001327,W000824,0.227938,2026-05-10 14:56:00,synthetic_normal,normal
TX10002066,W000678,W002024,1.572084,2026-05-10 15:13:00,synthetic_normal,normal
TX10003934,W002220,W000007,0.760213,2026-05-10 15:37:00,synthetic_normal,normal
TX10002674,W000281,W002490,0.268097,2026-05-10 16:18:00,synthetic_normal,normal
TX10006592,W002225,W001858,0.331757,2026-05-10 16:25:00,synthetic_normal,normal
TX10009673,W000937,W002002,0.759132,2026-05-10 16:53:00,synthetic_normal,normal
TX10001723,W000019,W000126,0.368735,2026-05-10 17:20:00,synthetic_normal,normal
TX10005587,W000004,W002265,0.490155,2026-05-10 17:33:00,synthetic_normal,normal
TX10003417,W000258,W000818,0.373505,2026-05-10 17:43:00,synthetic_normal,normal
TX10003279,W002050,W001940,0.160888,2026-05-10 17:57:00,synthetic_normal,normal
TX10009463,W000965,W002202,0.522972,2026-05-10 18:15:00,synthetic_normal,normal
TX10004134,W001805,W002362,0.228973,2026-05-10 18:22:00,synthetic_normal,normal
TX10007732,W002476,W001714,0.385652,2026-05-10 18:25:00,synthetic_normal,normal
TX10008570,W002112,W000982,1.032556,2026-05-10 18:40:00,synthetic_normal,normal
TX10001057,W000869,W001965,0.425618,2026-05-10 18:49:00,synthetic_normal,normal
TX10003252,W002155,W001291,0.779754,2026-05-10 19:15:00,synthetic_normal,normal
TX10006274,W001970,W001478,0.211498,2026-05-10 19:36:00,synthetic_normal,normal
TX10002179,W002129,W001145,0.317217,2026-05-10 20:14:00,synthetic_normal,normal
TX10005808,W000847,W001169,0.97079,2026-05-10 20:37:00,synthetic_normal,normal
TX10004525,W002322,W000405,0.211372,2026-05-10 21:23:00,synthetic_normal,normal
TX10008338,W001970,W000963,0.657946,2026-05-10 22:17:00,synthetic_normal,normal
TX10005080,W001505,W001031,0.530474,2026-05-10 22:42:00,synthetic_normal,normal
TX10008089,W001254,W002023,0.369776,2026-05-10 23:09:00,synthetic_normal,normal
TX10008204,W002027,W000703,0.736286,2026-05-10 23:23:00,synthetic_normal,normal
TX10003305,W002154,W000091,0.566038,2026-05-11 00:07:00,synthetic_normal,normal
TX10006343,W001365,W002098,0.485198,2026-05-11 00:16:00,synthetic_normal,normal
TX10000494,W000023,W001185,5.189841,2026-05-11 01:34:00,synthetic_anomalous,ip_wallet_reuse
TX10007214,W001768,W001981,0.248612,2026-05-11 02:13:00,synthetic_normal,normal
TX10004788,W001699,W002371,0.336819,2026-05-11 03:00:00,synthetic_normal,normal
TX10004779,W000943,W001798,0.423998,2026-05-11 03:27:00,synthetic_normal,normal
TX10009750,W002161,W001068,0.907627,2026-05-11 03:35:00,synthetic_normal,normal
TX10008823,W000672,W001858,0.311975,2026-05-11 04:10:00,synthetic_normal,normal
TX10000841,W000050,W001167,3.134401,2026-05-11 04:58:00,synthetic_anomalous,fan_out
TX10003385,W000184,W002013,1.06919,2026-05-11 05:16:00,synthetic_normal,normal
TX10008084,W001288,W000440,0.386698,2026-05-11 05:32:00,synthetic_normal,normal
TX10007624,W000265,W001975,0.879915,2026-05-11 05:44:00,synthetic_normal,normal
TX10005185,W000749,W000656,0.134478,2026-05-11 06:42:00,synthetic_normal,normal
TX10004843,W000636,W000878,0.124544,2026-05-11 06:48:00,synthetic_normal,normal
TX10006389,W002438,W000998,0.188379,2026-05-11 07:34:00,synthetic_normal,normal
TX10003148,W000107,W001942,0.438591,2026-05-11 07:44:00,synthetic_normal,normal
TX10003521,W002343,W001291,1.183898,2026-05-11 08:46:00,synthetic_normal,normal
TX10001284,W000984,W000164,0.377974,2026-05-11 08:49:00,synthetic_normal,normal
TX10006597,W002235,W000663,1.004796,2026-05-11 09:06:00,synthetic_normal,normal
TX10001558,W000281,W001153,0.139427,2026-05-11 09:39:00,synthetic_normal,normal
TX10002006,W001147,W000665,0.309085,2026-05-11 10:33:00,synthetic_normal,normal
TX10003264,W001334,W001902,0.536219,2026-05-11 10:33:00,synthetic_normal,normal
TX10006732,W000467,W000736,0.397674,2026-05-11 11:10:00,synthetic_normal,normal
TX10006040,W000959,W000938,0.064323,2026-05-11 11:20:00,synthetic_normal,normal
TX10005593,W001154,W000670,0.201849,2026-05-11 12:28:00,synthetic_normal,normal
TX10007818,W001079,W001410,0.071764,2026-05-11 12:28:00,synthetic_normal,normal
TX10003214,W000180,W001997,1.556809,2026-05-11 13:02:00,synthetic_normal,normal
TX10008703,W001496,W001998,0.468374,2026-05-11 13:10:00,synthetic_normal,normal
TX10007966,W002109,W001535,0.439829,2026-05-11 13:32:00,synthetic_normal,normal
TX10001171,W002288,W000436,0.344133,2026-05-11 14:05:00,synthetic_normal,normal
TX10002063,W000336,W001217,0.241551,2026-05-11 14:05:00,synthetic_normal,normal
TX10004995,W000740,W002182,0.996028,2026-05-11 14:26:00,synthetic_normal,normal
TX10006349,W001249,W000219,0.73741,2026-05-11 14:34:00,synthetic_normal,normal
TX10006259,W000776,W000165,0.457796,2026-05-11 14:59:00,synthetic_normal,normal
TX10007943,W001355,W002177,0.344221,2026-05-11 15:26:00,synthetic_normal,normal
TX10005475,W000095,W002301,0.751441,2026-05-11 15:26:00,synthetic_normal,normal
TX10003745,W000186,W000386,0.579626,2026-05-11 17:07:00,synthetic_normal,normal
TX10002274,W000184,W002231,1.567377,2026-05-11 17:07:00,synthetic_normal,normal
TX10007517,W002325,W002333,0.899239,2026-05-11 17:10:00,synthetic_normal,normal
TX10008991,W000911,W000439,0.287838,2026-05-11 17:50:00,synthetic_normal,normal
TX10006693,W000215,W001074,0.406123,2026-05-11 18:41:00,synthetic_normal,normal
TX10007241,W000882,W001432,0.232203,2026-05-11 18:50:00,synthetic_normal,normal
TX10004824,W001323,W000395,0.23257,2026-05-11 19:00:00,synthetic_normal,normal
TX10008311,W001855,W001194,0.208445,2026-05-11 19:15:00,synthetic_normal,normal
TX10002225,W001334,W001902,0.561918,2026-05-11 19:53:00,synthetic_normal,normal
TX10005989,W001880,W000399,0.835107,2026-05-11 20:28:00,synthetic_normal,normal
TX10006523,W001007,W000355,0.990107,2026-05-11 20:40:00,synthetic_normal,normal
TX10004868,W000021,W000336,0.329594,2026-05-11 21:32:00,synthetic_normal,normal
TX10001625,W000505,W002120,0.200209,2026-05-11 22:15:00,synthetic_normal,normal
TX10004133,W000578,W002200,0.309428,2026-05-11 22:15:00,synthetic_normal,normal
TX10008386,W000804,W000159,0.216607,2026-05-11 22:32:00,synthetic_normal,normal
TX10008516,W001994,W000213,0.438253,2026-05-11 22:39:00,synthetic_normal,normal
TX10002768,W000408,W002088,0.511268,2026-05-11 23:15:00,synthetic_normal,normal
TX10009390,W001145,W000274,0.423761,2026-05-12 00:15:00,synthetic_normal,normal
TX10005294,W001345,W001502,0.135101,2026-05-12 00:48:00,synthetic_normal,normal
TX10003551,W001277,W000876,0.72972,2026-05-12 00:56:00,synthetic_normal,normal
TX10004997,W001489,W001632,0.305502,2026-05-12 01:10:00,synthetic_normal,normal
TX10007587,W000897,W000357,0.177536,2026-05-12 01:12:00,synthetic_normal,normal
TX10009969,W000579,W002160,0.331767,2026-05-12 01:16:00,synthetic_normal,normal
TX10001478,W002096,W001045,0.248809,2026-05-12 01:27:00,synthetic_normal,normal
TX10002924,W000791,W001797,0.337597,2026-05-12 01:48:00,synthetic_normal,normal
TX10001877,W000685,W001751,0.28797,2026-05-12 01:50:00,synthetic_normal,normal
TX10004814,W001570,W001202,0.797431,2026-05-12 01:58:00,synthetic_normal,normal
TX10000695,W000028,W002294,0.677445,2026-05-12 02:24:00,synthetic_anomalous,layered_transfer
TX10000308,W002300,W000841,3.012221,2026-05-12 03:55:00,synthetic_anomalous,high_frequency
TX10002554,W001461,W000169,0.234021,2026-05-12 04:01:00,synthetic_normal,normal
TX10003032,W000110,W001194,0.378502,2026-05-12 05:36:00,synthetic_normal,normal
TX10004336,W000211,W001305,0.242906,2026-05-12 05:43:00,synthetic_normal,normal
TX10001645,W002120,W001122,0.30554,2026-05-12 05:52:00,synthetic_normal,normal
TX10000709,W000009,W000809,2.409507,2026-05-12 06:29:00,synthetic_anomalous,high_connectivity
TX10000152,W000332,W001190,5.88639,2026-05-12 06:31:00,synthetic_anomalous,rapid_chain
TX10008853,W001299,W000560,0.4808,2026-05-12 07:52:00,synthetic_normal,normal
TX10005101,W001597,W001378,0.597844,2026-05-12 09:00:00,synthetic_normal,normal
TX10005753,W000988,W002314,0.155582,2026-05-12 09:01:00,synthetic_normal,normal
TX10000278,W000003,W002250,8.60985,2026-05-12 09:47:00,synthetic_anomalous,ip_wallet_reuse
TX10002613,W001945,W001778,0.584468,2026-05-12 09:54:00,synthetic_normal,normal
TX10007005,W001264,W001908,0.821811,2026-05-12 10:24:00,synthetic_normal,normal
TX10003392,W002261,W002118,0.608178,2026-05-12 11:27:00,synthetic_normal,normal
TX10007692,W002305,W000656,0.612214,2026-05-12 11:43:00,synthetic_normal,normal
TX10002144,W000665,W002094,0.276724,2026-05-12 11:51:00,synthetic_normal,normal
TX10006076,W002243,W000732,0.461811,2026-05-12 12:19:00,synthetic_normal,normal
TX10004323,W001988,W001354,0.529576,2026-05-12 14:06:00,synthetic_normal,normal
TX10001955,W000408,W001347,0.295946,2026-05-12 14:09:00,synthetic_normal,normal
TX10006790,W000730,W002307,0.163699,2026-05-12 14:30:00,synthetic_normal,normal
TX10001786,W002378,W001148,0.516391,2026-05-12 14:50:00,synthetic_normal,normal
TX10005737,W001440,W000023,0.110564,2026-05-12 15:52:00,synthetic_normal,normal
TX10009703,W000683,W002475,0.539095,2026-05-12 16:40:00,synthetic_normal,normal
TX10002139,W002198,W001344,0.697687,2026-05-12 17:35:00,synthetic_normal,normal
TX10007854,W000327,W001281,0.349703,2026-05-12 17:39:00,synthetic_normal,normal
TX10002099,W002251,W002062,0.505666,2026-05-12 19:49:00,synthetic_normal,normal
TX10002570,W002477,W000425,0.92076,2026-05-12 20:14:00,synthetic_normal,normal
TX10006604,W000267,W000094,2.673727,2026-05-12 20:15:00,synthetic_normal,normal
TX10005723,W000465,W001922,0.18408,2026-05-12 20:47:00,synthetic_normal,normal
TX10000119,W000023,W000636,6.043766,2026-05-12 21:11:00,synthetic_anomalous,layered_transfer
TX10005987,W001561,W001540,0.988584,2026-05-12 21:25:00,synthetic_normal,normal
TX10008128,W001537,W002372,0.684833,2026-05-12 21:31:00,synthetic_normal,normal
TX10008472,W001453,W002364,0.314069,2026-05-12 21:39:00,synthetic_normal,normal
TX10008598,W001448,W001161,0.346344,2026-05-12 21:46:00,synthetic_normal,normal
TX10007584,W000602,W001509,0.582216,2026-05-12 22:22:00,synthetic_normal,normal
TX10003671,W001978,W001636,0.2571,2026-05-12 22:43:00,synthetic_normal,normal
TX10008458,W002435,W000393,0.119298,2026-05-12 22:52:00,synthetic_normal,normal
TX10007808,W000962,W002326,0.251177,2026-05-12 22:55:00,synthetic_normal,normal
TX10004575,W002172,W000348,0.950949,2026-05-12 23:22:00,synthetic_normal,normal
TX10004960,W001155,W000182,0.31935,2026-05-12 23:29:00,synthetic_normal,normal
TX10003345,W002259,W000060,0.24694,2026-05-12 23:31:00,synthetic_normal,normal
TX10005567,W002320,W000826,0.994126,2026-05-13 00:22:00,synthetic_normal,normal
TX10007074,W000703,W002301,0.488104,2026-05-13 00:32:00,synthetic_normal,normal
TX10004625,W001792,W000783,0.480773,2026-05-13 00:43:00,synthetic_normal,normal
TX10004000,W001422,W001003,0.127731,2026-05-13 00:54:00,synthetic_normal,normal
TX10007448,W002473,W002395,0.208006,2026-05-13 01:21:00,synthetic_normal,normal
TX10001428,W002269,W001312,0.428317,2026-05-13 01:28:00,synthetic_normal,normal
TX10002596,W001983,W002391,0.833638,2026-05-13 01:31:00,synthetic_normal,normal
TX10007100,W000535,W002104,1.819236,2026-05-13 01:32:00,synthetic_normal,normal
TX10000147,W002458,W001775,5.908463,2026-05-13 01:56:00,synthetic_anomalous,cross_border_burst
TX10004649,W000289,W001128,1.165574,2026-05-13 02:27:00,synthetic_normal,normal
TX10008317,W001972,W001694,0.191669,2026-05-13 02:38:00,synthetic_normal,normal
TX10005504,W000499,W000503,0.460064,2026-05-13 02:46:00,synthetic_normal,normal
TX10004664,W000235,W000762,0.24624,2026-05-13 04:00:00,synthetic_normal,normal
TX10007159,W001882,W001899,0.380156,2026-05-13 04:13:00,synthetic_normal,normal
TX10000001,W000006,W000513,3.459013,2026-05-13 05:47:00,synthetic_anomalous,fan_out
TX10004395,W002315,W000918,0.388464,2026-05-13 06:11:00,synthetic_normal,normal
TX10009840,W000155,W002083,0.381075,2026-05-13 06:24:00,synthetic_normal,normal
TX10008447,W001049,W001619,0.408594,2026-05-13 06:37:00,synthetic_normal,normal
TX10006069,W000681,W001367,0.865069,2026-05-13 06:42:00,synthetic_normal,normal
TX10004764,W000114,W000821,0.555677,2026-05-13 07:12:00,synthetic_normal,normal
TX10006717,W000113,W000204,1.151105,2026-05-13 07:59:00,synthetic_normal,normal
TX10006361,W000510,W001748,0.582183,2026-05-13 08:01:00,synthetic_normal,normal
TX10004212,W001347,W001916,0.620955,2026-05-13 08:41:00,synthetic_normal,normal
TX10005043,W001231,W002089,1.269797,2026-05-13 08:42:00,synthetic_normal,normal
TX10009138,W000019,W001521,1.85594,2026-05-13 08:49:00,synthetic_normal,normal
TX10002203,W000910,W000377,0.300599,2026-05-13 08:52:00,synthetic_normal,normal
TX10006322,W002286,W001556,0.44143,2026-05-13 09:38:00,synthetic_normal,normal
TX10009494,W000973,W001604,0.366476,2026-05-13 09:58:00,synthetic_normal,normal
TX10000798,W000026,W000588,7.099913,2026-05-13 10:02:00,synthetic_anomalous,ip_wallet_reuse
TX10002205,W001738,W002425,0.579031,2026-05-13 10:33:00,synthetic_normal,normal
TX10004194,W001766,W001485,0.795607,2026-05-13 10:47:00,synthetic_normal,normal
TX10007957,W001042,W002088,0.170781,2026-05-13 10:58:00,synthetic_normal,normal
TX10003416,W000548,W001514,0.470992,2026-05-13 11:06:00,synthetic_normal,normal
TX10009503,W000494,W000050,0.261213,2026-05-13 14:22:00,synthetic_normal,normal
TX10008172,W001721,W001971,0.291166,2026-05-13 14:23:00,synthetic_normal,normal
TX10002922,W001608,W002164,0.214294,2026-05-13 14:45:00,synthetic_normal,normal
TX10007646,W002057,W002207,0.667242,2026-05-13 15:30:00,synthetic_normal,normal
TX10007791,W001712,W001749,1.018297,2026-05-13 16:37:00,synthetic_normal,normal
TX10008478,W001851,W000638,0.575688,2026-05-13 16:53:00,synthetic_normal,normal
TX10001790,W000889,W000458,0.701403,2026-05-13 17:23:00,synthetic_normal,normal
TX10004300,W000911,W001940,0.449889,2026-05-13 18:26:00,synthetic_normal,normal
TX10000540,W002145,W001658,7.232272,2026-05-13 18:29:00,synthetic_anomalous,high_frequency
TX10008719,W002094,W002002,0.399013,2026-05-13 18:45:00,synthetic_normal,normal
TX10006792,W002356,W001590,0.381419,2026-05-13 18:55:00,synthetic_normal,normal
TX10004189,W000832,W000542,0.379282,2026-05-13 19:12:00,synthetic_normal,normal
TX10005198,W001025,W000565,0.780456,2026-05-13 19:48:00,synthetic_normal,normal
TX10003298,W002386,W000998,0.526633,2026-05-13 20:59:00,synthetic_normal,normal
TX10008753,W000452,W000922,0.26272,2026-05-13 21:00:00,synthetic_normal,normal
TX10009170,W000248,W001227,0.155566,2026-05-13 21:07:00,synthetic_normal,normal
TX10007777,W002490,W000817,0.395242,2026-05-13 21:54:00,synthetic_normal,normal
TX10002420,W002070,W000347,0.235996,2026-05-13 22:56:00,synthetic_normal,normal
TX10001660,W002048,W001985,0.325327,2026-05-13 23:08:00,synthetic_normal,normal
TX10008408,W001990,W002488,0.391144,2026-05-13 23:10:00,synthetic_normal,normal
TX10007693,W000622,W000207,0.21602,2026-05-13 23:29:00,synthetic_normal,normal
TX10003297,W001923,W002027,1.140197,2026-05-13 23:30:00,synthetic_normal,normal
TX10003145,W001462,W001666,0.492718,2026-05-13 23:35:00,synthetic_normal,normal
TX10001505,W001934,W002469,0.158129,2026-05-13 23:58:00,synthetic_normal,normal
TX10003506,W002180,W000235,0.295309,2026-05-14 00:34:00,synthetic_normal,normal
TX10003673,W001521,W001883,0.834436,2026-05-14 01:06:00,synthetic_normal,normal
TX10007790,W001452,W001654,0.218416,2026-05-14 02:14:00,synthetic_normal,normal
TX10003898,W001077,W001761,0.410573,2026-05-14 02:17:00,synthetic_normal,normal
TX10006216,W000063,W001916,0.4507,2026-05-14 02:55:00,synthetic_normal,normal
TX10004506,W002100,W000650,0.427099,2026-05-14 03:45:00,synthetic_normal,normal
TX10000953,W000002,W002194,20.446944,2026-05-14 04:31:00,synthetic_anomalous,fan_out
TX10007635,W000906,W000047,0.280475,2026-05-14 04:49:00,synthetic_normal,normal
TX10005777,W000291,W000804,0.232352,2026-05-14 05:01:00,synthetic_normal,normal
TX10002958,W001852,W002311,0.841905,2026-05-14 05:06:00,synthetic_normal,normal
TX10008655,W000572,W000920,0.422063,2026-05-14 05:15:00,synthetic_normal,normal
TX10009312,W001119,W000293,0.135715,2026-05-14 05:41:00,synthetic_normal,normal
TX10003629,W000514,W001133,0.419465,2026-05-14 05:58:00,synthetic_normal,normal
TX10000947,W000352,W000281,5.106392,2026-05-14 06:28:00,synthetic_anomalous,cross_border_burst
TX10008381,W002479,W001426,0.579411,2026-05-14 06:53:00,synthetic_normal,normal
TX10005373,W002407,W001880,1.787146,2026-05-14 07:04:00,synthetic_normal,normal
TX10007483,W001413,W000441,0.584602,2026-05-14 07:12:00,synthetic_normal,normal
TX10005948,W001302,W001921,0.18221,2026-05-14 07:18:00,synthetic_normal,normal
TX10002084,W000444,W001616,0.357023,2026-05-14 07:45:00,synthetic_normal,normal
TX10003383,W001891,W001116,0.545509,2026-05-14 08:00:00,synthetic_normal,normal
TX10008249,W000815,W000231,0.156218,2026-05-14 08:16:00,synthetic_normal,normal
TX10009609,W001628,W001871,0.767016,2026-05-14 08:18:00,synthetic_normal,normal
TX10004709,W001587,W000377,0.745214,2026-05-14 08:39:00,synthetic_normal,normal
TX10002483,W000444,W001628,0.195463,2026-05-14 08:44:00,synthetic_normal,normal
TX10009638,W000950,W000921,0.505258,2026-05-14 09:13:00,synthetic_normal,normal
TX10001399,W002142,W001389,0.733704,2026-05-14 09:56:00,synthetic_normal,normal
TX10005297,W000581,W001703,0.103408,2026-05-14 10:47:00,synthetic_normal,normal
TX10007645,W000676,W000270,1.041735,2026-05-14 11:09:00,synthetic_normal,normal
TX10007532,W000239,W002248,0.367994,2026-05-14 11:09:00,synthetic_normal,normal
TX10003753,W001010,W000878,0.402334,2026-05-14 11:41:00,synthetic_normal,normal
TX10005789,W000039,W001892,0.490104,2026-05-14 11:52:00,synthetic_normal,normal
TX10001451,W002142,W001059,0.450244,2026-05-14 11:54:00,synthetic_normal,normal
TX10001979,W002488,W000339,0.255195,2026-05-14 12:02:00,synthetic_normal,normal
TX10007923,W001917,W001540,0.495164,2026-05-14 12:19:00,synthetic_normal,normal
TX10004898,W000776,W001301,0.180431,2026-05-14 12:47:00,synthetic_normal,normal
TX10003611,W000616,W000508,0.522412,2026-05-14 13:15:00,synthetic_normal,normal
TX10009343,W002117,W000916,0.225191,2026-05-14 13:16:00,synthetic_normal,normal
TX10003475,W000097,W000654,0.282726,2026-05-14 13:26:00,synthetic_normal,normal
TX10003808,W000733,W000036,0.382595,2026-05-14 13:32:00,synthetic_normal,normal
TX10009497,W000047,W001910,0.245016,2026-05-14 13:48:00,synthetic_normal,normal
TX10003957,W000905,W001853,0.15846,2026-05-14 14:38:00,synthetic_normal,normal
TX10006247,W000282,W001715,0.182804,2026-05-14 14:53:00,synthetic_normal,normal
TX10008864,W001791,W002059,0.409385,2026-05-14 15:11:00,synthetic_normal,normal
TX10004008,W000008,W002292,0.682817,2026-05-14 15:32:00,synthetic_normal,normal
TX10000908,W001520,W001539,2.632577,2026-05-14 15:32:00,synthetic_anomalous,high_frequency
TX10003754,W000268,W001827,0.112835,2026-05-14 15:36:00,synthetic_normal,normal
TX10001845,W000911,W001386,1.161124,2026-05-14 15:50:00,synthetic_normal,normal
TX10001225,W002062,W000475,0.401855,2026-05-14 16:51:00,synthetic_normal,normal
TX10002215,W002334,W001417,0.606349,2026-05-14 18:33:00,synthetic_normal,normal
TX10000638,W000028,W002247,2.256948,2026-05-14 18:54:00,synthetic_anomalous,ip_wallet_reuse
TX10004638,W001271,W000185,2.364353,2026-05-14 19:16:00,synthetic_normal,normal
TX10002879,W001811,W000282,0.57735,2026-05-14 20:15:00,synthetic_normal,normal
TX10004620,W000372,W000616,0.557322,2026-05-14 20:21:00,synthetic_normal,normal
TX10008072,W000576,W001894,0.173539,2026-05-14 20:43:00,synthetic_normal,normal
TX10006307,W002186,W001774,0.744936,2026-05-14 20:44:00,synthetic_normal,normal
TX10008163,W000027,W001396,0.165024,2026-05-14 20:46:00,synthetic_normal,normal
TX10006335,W000002,W000551,0.086756,2026-05-14 21:06:00,synthetic_normal,normal
TX10001103,W000124,W000687,0.302179,2026-05-14 21:26:00,synthetic_normal,normal
TX10002806,W002323,W002343,0.118342,2026-05-14 22:29:00,synthetic_normal,normal
TX10004127,W002022,W001968,0.36052,2026-05-14 22:38:00,synthetic_normal,normal
TX10003215,W000566,W000901,0.897708,2026-05-14 23:31:00,synthetic_normal,normal
TX10007256,W001981,W000952,0.286382,2026-05-14 23:39:00,synthetic_normal,normal
TX10002071,W000492,W000922,0.14653,2026-05-15 00:13:00,synthetic_normal,normal
TX10000190,W000021,W000640,4.073475,2026-05-15 00:19:00,synthetic_anomalous,ip_wallet_reuse
TX10002237,W000767,W002255,1.23824,2026-05-15 00:55:00,synthetic_normal,normal
TX10004264,W001693,W000627,0.235405,2026-05-15 02:30:00,synthetic_normal,normal
TX10004864,W002079,W001737,0.338836,2026-05-15 02:47:00,synthetic_normal,normal
TX10000234,W000003,W000017,3.742015,2026-05-15 03:06:00,synthetic_anomalous,fan_in
TX10007156,W000179,W002075,0.348668,2026-05-15 03:46:00,synthetic_normal,normal
TX10003698,W001979,W001409,0.268545,2026-05-15 04:47:00,synthetic_normal,normal
TX10001633,W000418,W001094,0.461796,2026-05-15 05:04:00,synthetic_normal,normal
TX10005382,W000709,W001992,1.634058,2026-05-15 05:22:00,synthetic_normal,normal
TX10002546,W001321,W001902,0.187899,2026-05-15 05:37:00,synthetic_normal,normal
TX10009757,W000314,W001174,0.189539,2026-05-15 05:41:00,synthetic_normal,normal
TX10005390,W000235,W000461,0.566108,2026-05-15 05:46:00,synthetic_normal,normal
TX10008334,W000248,W000700,0.574913,2026-05-15 05:54:00,synthetic_normal,normal
TX10009518,W001708,W000929,0.36478,2026-05-15 06:11:00,synthetic_normal,normal
TX10002717,W000533,W000931,0.973493,2026-05-15 06:14:00,synthetic_normal,normal
TX10008613,W001619,W001773,0.336755,2026-05-15 06:28:00,synthetic_normal,normal
TX10002688,W000386,W000668,0.624257,2026-05-15 06:35:00,synthetic_normal,normal
TX10007163,W001806,W002336,0.280517,2026-05-15 06:39:00,synthetic_normal,normal
TX10005269,W001058,W001923,0.201791,2026-05-15 07:05:00,synthetic_normal,normal
TX10004933,W001490,W000313,1.296796,2026-05-15 07:48:00,synthetic_normal,normal
TX10008654,W002068,W001496,0.361494,2026-05-15 07:55:00,synthetic_normal,normal
TX10004798,W001190,W000149,0.753766,2026-05-15 08:06:00,synthetic_normal,normal
TX10004615,W002252,W000569,0.362708,2026-05-15 08:12:00,synthetic_normal,normal
TX10006455,W001156,W000368,1.947731,2026-05-15 08:57:00,synthetic_normal,normal
TX10006163,W001302,W001959,1.073351,2026-05-15 09:06:00,synthetic_normal,normal
TX10006629,W002064,W000941,0.650563,2026-05-15 09:10:00,synthetic_normal,normal
TX10000935,W000047,W000668,3.353172,2026-05-15 09:34:00,synthetic_anomalous,layered_transfer
TX10005539,W000764,W001420,0.289427,2026-05-15 09:36:00,synthetic_normal,normal
TX10001611,W001090,W000951,0.467773,2026-05-15 10:10:00,synthetic_normal,normal
TX10001872,W000890,W000260,0.760314,2026-05-15 10:17:00,synthetic_normal,normal
TX10001460,W002398,W001542,0.339425,2026-05-15 10:21:00,synthetic_normal,normal
TX10005960,W000049,W001963,0.663459,2026-05-15 10:57:00,synthetic_normal,normal
TX10005339,W000188,W001863,0.190621,2026-05-15 11:27:00,synthetic_normal,normal
TX10002538,W000464,W000095,0.074829,2026-05-15 11:42:00,synthetic_normal,normal
TX10007746,W002033,W000219,0.296125,2026-05-15 11:59:00,synthetic_normal,normal
TX10001981,W000822,W000253,0.246459,2026-05-15 12:50:00,synthetic_normal,normal
TX10004791,W002403,W000837,1.288426,2026-05-15 12:51:00,synthetic_normal,normal
TX10008272,W000861,W000774,0.289447,2026-05-15 13:54:00,synthetic_normal,normal
TX10008035,W001104,W001920,0.230287,2026-05-15 14:18:00,synthetic_normal,normal
TX10009315,W000004,W001010,0.296525,2026-05-15 15:26:00,synthetic_normal,normal
TX10004390,W001066,W000460,0.209308,2026-05-15 15:52:00,synthetic_normal,normal
TX10005910,W000320,W001490,0.134302,2026-05-15 15:55:00,synthetic_normal,normal
TX10000031,W000010,W000044,1.499779,2026-05-15 16:03:00,synthetic_anomalous,layered_transfer
TX10006767,W000614,W000159,1.756823,2026-05-15 16:36:00,synthetic_normal,normal
TX10001771,W000714,W002112,0.289535,2026-05-15 17:32:00,synthetic_normal,normal
TX10003136,W001064,W002229,0.929254,2026-05-15 19:52:00,synthetic_normal,normal
TX10007794,W002457,W000545,0.27658,2026-05-15 20:00:00,synthetic_normal,normal
TX10009700,W002394,W001804,0.53719,2026-05-15 20:02:00,synthetic_normal,normal
TX10002253,W001946,W000564,0.163366,2026-05-15 20:04:00,synthetic_normal,normal
TX10000680,W001920,W001643,2.328603,2026-05-15 21:51:00,synthetic_anomalous,rapid_chain
TX10000408,W001932,W000393,8.769178,2026-05-15 22:36:00,synthetic_anomalous,rapid_chain
TX10008176,W000109,W002421,1.245963,2026-05-15 23:32:00,synthetic_normal,normal
TX10009103,W002441,W000951,0.439417,2026-05-15 23:38:00,synthetic_normal,normal
TX10009657,W001375,W001379,0.417946,2026-05-16 00:05:00,synthetic_normal,normal
TX10004720,W000671,W001205,0.789973,2026-05-16 00:18:00,synthetic_normal,normal
TX10001378,W001090,W000930,0.48283,2026-05-16 00:24:00,synthetic_normal,normal
TX10008463,W000721,W001403,0.354767,2026-05-16 00:53:00,synthetic_normal,normal
TX10007536,W001021,W002166,0.589476,2026-05-16 01:18:00,synthetic_normal,normal
TX10005399,W000870,W000053,0.528107,2026-05-16 01:34:00,synthetic_normal,normal
TX10003205,W000535,W001348,0.214057,2026-05-16 02:07:00,synthetic_normal,normal
TX10000967,W000014,W002227,4.928831,2026-05-16 02:57:00,synthetic_anomalous,layered_transfer
TX10008660,W002308,W001725,0.317472,2026-05-16 03:26:00,synthetic_normal,normal
TX10001436,W000931,W001027,0.490834,2026-05-16 04:17:00,synthetic_normal,normal
TX10001355,W001138,W001888,0.518909,2026-05-16 04:17:00,synthetic_normal,normal
TX10009005,W000690,W002321,0.280407,2026-05-16 04:19:00,synthetic_normal,normal
TX10001830,W001859,W001933,0.387881,2026-05-16 04:51:00,synthetic_normal,normal
TX10003041,W001607,W000185,0.95351,2026-05-16 04:52:00,synthetic_normal,normal
TX10009551,W002123,W001757,0.173344,2026-05-16 05:39:00,synthetic_normal,normal
TX10000619,W001618,W000545,15.151649,2026-05-16 06:15:00,synthetic_anomalous,cross_border_burst
TX10001933,W001305,W001258,0.694429,2026-05-16 06:35:00,synthetic_normal,normal
TX10002212,W000383,W000845,0.62209,2026-05-16 06:41:00,synthetic_normal,normal
TX10000357,W000034,W000970,3.794489,2026-05-16 07:11:00,synthetic_anomalous,high_connectivity
TX10007139,W001915,W002110,0.239453,2026-05-16 07:14:00,synthetic_normal,normal
TX10002637,W002063,W001142,0.564479,2026-05-16 07:36:00,synthetic_normal,normal
TX10001827,W001814,W000978,0.358361,2026-05-16 07:43:00,synthetic_normal,normal
TX10001820,W002279,W000095,0.358822,2026-05-16 08:01:00,synthetic_normal,normal
TX10001461,W001675,W000668,0.804522,2026-05-16 08:27:00,synthetic_normal,normal
TX10008914,W002493,W000518,1.267608,2026-05-16 08:28:00,synthetic_normal,normal
TX10003884,W001983,W001086,0.509506,2026-05-16 08:31:00,synthetic_normal,normal
TX10007063,W000439,W002134,1.816372,2026-05-16 08:46:00,synthetic_normal,normal
TX10002735,W001630,W002454,0.741792,2026-05-16 09:08:00,synthetic_normal,normal
TX10003764,W000119,W002225,0.316342,2026-05-16 10:43:00,synthetic_normal,normal
TX10004833,W001217,W000311,0.495968,2026-05-16 11:08:00,synthetic_normal,normal
TX10009634,W000446,W000974,0.8905,2026-05-16 11:41:00,synthetic_normal,normal
TX10001255,W000610,W001791,0.421702,2026-05-16 11:49:00,synthetic_normal,normal
TX10005184,W002331,W001512,0.28912,2026-05-16 12:23:00,synthetic_normal,normal
TX10009929,W001377,W000808,0.349012,2026-05-16 12:24:00,synthetic_normal,normal
TX10009276,W000314,W000758,0.306637,2026-05-16 12:54:00,synthetic_normal,normal
TX10001127,W002260,W000831,0.511434,2026-05-16 13:17:00,synthetic_normal,normal
TX10008187,W000260,W002371,1.0786,2026-05-16 13:20:00,synthetic_normal,normal
TX10000530,W000041,W001422,1.403819,2026-05-16 13:26:00,synthetic_anomalous,fan_in
TX10006344,W001769,W000773,0.171912,2026-05-16 13:44:00,synthetic_normal,normal
TX10007897,W002233,W001169,0.734642,2026-05-16 14:16:00,synthetic_normal,normal
TX10002359,W001074,W002074,0.650041,2026-05-16 14:18:00,synthetic_normal,normal
TX10009455,W000564,W001691,0.128646,2026-05-16 15:30:00,synthetic_normal,normal
TX10009391,W002275,W002313,1.034291,2026-05-16 15:44:00,synthetic_normal,normal
TX10000216,W001610,W002472,8.862578,2026-05-16 15:53:00,synthetic_anomalous,rapid_chain
TX10004655,W000922,W000491,0.337012,2026-05-16 16:21:00,synthetic_normal,normal
TX10002938,W002025,W001746,0.356014,2026-05-16 16:52:00,synthetic_normal,normal
TX10001389,W001935,W000886,0.140273,2026-05-16 16:54:00,synthetic_normal,normal
TX10004970,W001902,W001999,0.776073,2026-05-16 17:28:00,synthetic_normal,normal
TX10009398,W000630,W001119,0.189307,2026-05-16 17:35:00,synthetic_normal,normal
TX10002627,W001945,W001287,0.914991,2026-05-16 17:39:00,synthetic_normal,normal
TX10009293,W002138,W001409,0.376927,2026-05-16 20:11:00,synthetic_normal,normal
TX10006825,W000321,W001046,0.300759,2026-05-16 20:12:00,synthetic_normal,normal
TX10001583,W001901,W001487,0.463931,2026-05-16 20:41:00,synthetic_normal,normal
TX10007331,W001034,W002211,0.338323,2026-05-16 21:23:00,synthetic_normal,normal
TX10000717,W000046,W000377,2.473256,2026-05-16 21:37:00,synthetic_anomalous,high_connectivity
TX10007013,W002497,W002482,0.423218,2026-05-16 21:44:00,synthetic_normal,normal
TX10004980,W002237,W000570,0.121308,2026-05-16 21:45:00,synthetic_normal,normal
TX10004118,W000028,W000962,1.244499,2026-05-16 22:00:00,synthetic_normal,normal
TX10001873,W001179,W000707,0.206276,2026-05-16 22:57:00,synthetic_normal,normal
TX10000069,W000003,W001779,1.519821,2026-05-16 23:24:00,synthetic_anomalous,high_connectivity
TX10003563,W000464,W000409,0.429963,2026-05-16 23:52:00,synthetic_normal,normal
TX10009310,W000777,W001542,0.136297,2026-05-16 23:56:00,synthetic_normal,normal
TX10008760,W000468,W001933,0.36332,2026-05-17 00:08:00,synthetic_normal,normal
TX10000316,W001243,W002291,2.625304,2026-05-17 00:15:00,synthetic_anomalous,high_frequency
TX10006610,W001798,W001881,1.868859,2026-05-17 00:42:00,synthetic_normal,normal
TX10002550,W000051,W000162,0.62203,2026-05-17 00:48:00,synthetic_normal,normal
TX10005863,W001034,W001374,0.70271,2026-05-17 02:05:00,synthetic_normal,normal
TX10005304,W001186,W001471,0.313123,2026-05-17 02:42:00,synthetic_normal,normal
TX10000340,W001576,W000506,1.991654,2026-05-17 02:44:00,synthetic_anomalous,high_frequency
TX10006524,W000558,W002464,1.389176,2026-05-17 03:44:00,synthetic_normal,normal
TX10000977,W000039,W002476,4.309652,2026-05-17 04:13:00,synthetic_anomalous,fan_out
TX10007392,W000538,W002267,0.76228,2026-05-17 05:32:00,synthetic_normal,normal
TX10005123,W000894,W001323,0.456128,2026-05-17 05:34:00,synthetic_normal,normal
TX10009535,W001656,W001397,0.524487,2026-05-17 05:56:00,synthetic_normal,normal
TX10008156,W001351,W001058,0.590867,2026-05-17 06:07:00,synthetic_normal,normal
TX10000617,W000031,W001059,2.868522,2026-05-17 06:13:00,synthetic_anomalous,fan_out
TX10007395,W000531,W000380,0.216626,2026-05-17 06:37:00,synthetic_normal,normal
TX10005534,W001266,W001421,0.102308,2026-05-17 06:39:00,synthetic_normal,normal
TX10000962,W000009,W000167,2.575451,2026-05-17 07:21:00,synthetic_anomalous,fan_in
TX10004512,W001525,W001370,0.820518,2026-05-17 08:20:00,synthetic_normal,normal
TX10000571,W000349,W000229,8.029354,2026-05-17 08:29:00,synthetic_anomalous,cross_border_burst
TX10005227,W001333,W000760,0.383967,2026-05-17 08:40:00,synthetic_normal,normal
TX10009976,W001071,W000202,1.053066,2026-05-17 08:41:00,synthetic_normal,normal
TX10006390,W001324,W002194,0.346215,2026-05-17 10:52:00,synthetic_normal,normal
TX10001630,W001009,W000888,0.544917,2026-05-17 11:05:00,synthetic_normal,normal
TX10001235,W001200,W000432,0.728561,2026-05-17 11:20:00,synthetic_normal,normal
TX10002865,W000141,W000524,0.458073,2026-05-17 11:43:00,synthetic_normal,normal
TX10009826,W000515,W001500,0.366864,2026-05-17 11:50:00,synthetic_normal,normal
TX10001719,W001511,W000467,0.182952,2026-05-17 12:06:00,synthetic_normal,normal
TX10008908,W001282,W000807,0.665834,2026-05-17 12:27:00,synthetic_normal,normal
TX10004288,W000748,W000005,0.225787,2026-05-17 13:22:00,synthetic_normal,normal
TX10007198,W000540,W001813,0.427853,2026-05-17 14:23:00,synthetic_normal,normal
TX10008450,W001519,W001015,0.412324,2026-05-17 14:53:00,synthetic_normal,normal
TX10001983,W000273,W001530,0.431143,2026-05-17 15:18:00,synthetic_normal,normal
TX10009211,W001172,W001115,0.447808,2026-05-17 15:57:00,synthetic_normal,normal
TX10003632,W002218,W000792,0.455005,2026-05-17 16:00:00,synthetic_normal,normal
TX10002854,W001400,W001538,0.423689,2026-05-17 16:46:00,synthetic_normal,normal
TX10005649,W000442,W001254,0.116248,2026-05-17 17:00:00,synthetic_normal,normal
TX10001131,W000350,W000590,0.401044,2026-05-17 18:51:00,synthetic_normal,normal
TX10003395,W002432,W000912,0.141557,2026-05-17 19:19:00,synthetic_normal,normal
TX10002869,W000077,W001985,0.967208,2026-05-17 19:33:00,synthetic_normal,normal
TX10007134,W001385,W001421,0.608785,2026-05-17 20:15:00,synthetic_normal,normal
TX10000208,W001229,W000111,13.168091,2026-05-17 21:47:00,synthetic_anomalous,rapid_chain
TX10004480,W001132,W000089,0.313405,2026-05-17 22:19:00,synthetic_normal,normal
TX10001493,W000704,W001732,0.85788,2026-05-17 22:38:00,synthetic_normal,normal
TX10006706,W002257,W002146,0.655867,2026-05-17 23:03:00,synthetic_normal,normal
TX10006830,W000166,W000254,0.776817,2026-05-17 23:59:00,synthetic_normal,normal
TX10004426,W001185,W002332,0.165966,2026-05-18 00:10:00,synthetic_normal,normal
TX10007649,W001626,W001770,0.478681,2026-05-18 02:20:00,synthetic_normal,normal
TX10003876,W001212,W002277,0.505385,2026-05-18 02:49:00,synthetic_normal,normal
TX10005617,W000043,W002106,0.826333,2026-05-18 03:09:00,synthetic_normal,normal
TX10008216,W000777,W001954,0.426478,2026-05-18 03:09:00,synthetic_normal,normal
TX10002230,W000983,W002497,0.714726,2026-05-18 04:54:00,synthetic_normal,normal
TX10004830,W001440,W000832,0.893076,2026-05-18 05:08:00,synthetic_normal,normal
TX10004861,W000297,W000395,1.079812,2026-05-18 05:21:00,synthetic_normal,normal
TX10007495,W001155,W002030,0.707329,2026-05-18 06:11:00,synthetic_normal,normal
TX10001126,W000018,W001244,0.521116,2026-05-18 06:18:00,synthetic_normal,normal
TX10008665,W000304,W001810,1.11667,2026-05-18 07:02:00,synthetic_normal,normal
TX10003550,W001736,W001016,0.193853,2026-05-18 07:59:00,synthetic_normal,normal
TX10009040,W000243,W000708,0.425337,2026-05-18 08:37:00,synthetic_normal,normal
TX10002117,W000532,W000235,0.588106,2026-05-18 09:18:00,synthetic_normal,normal
TX10003413,W001615,W001621,2.371925,2026-05-18 09:46:00,synthetic_normal,normal
TX10009192,W001416,W001316,0.537966,2026-05-18 09:47:00,synthetic_normal,normal
TX10004472,W001119,W001527,0.441093,2026-05-18 10:06:00,synthetic_normal,normal
TX10009802,W000839,W000036,1.388006,2026-05-18 10:22:00,synthetic_normal,normal
TX10008995,W000750,W000644,0.194402,2026-05-18 11:27:00,synthetic_normal,normal
TX10007213,W001503,W001561,0.583155,2026-05-18 11:43:00,synthetic_normal,normal
TX10008884,W001832,W001509,1.468645,2026-05-18 11:45:00,synthetic_normal,normal
TX10001000,W001894,W002154,0.528649,2026-05-18 12:05:00,synthetic_normal,normal
TX10000560,W000864,W002072,4.983245,2026-05-18 12:13:00,synthetic_anomalous,rapid_chain
TX10001840,W001150,W001532,0.523174,2026-05-18 12:25:00,synthetic_normal,normal
TX10003993,W002367,W001448,0.370051,2026-05-18 12:26:00,synthetic_normal,normal
TX10002471,W001555,W001455,0.801267,2026-05-18 12:44:00,synthetic_normal,normal
TX10002819,W000231,W000030,0.684346,2026-05-18 12:47:00,synthetic_normal,normal
TX10005759,W002265,W001881,0.532684,2026-05-18 13:10:00,synthetic_normal,normal
TX10008267,W002458,W002073,0.570582,2026-05-18 13:28:00,synthetic_normal,normal
TX10000059,W001954,W001618,3.454247,2026-05-18 13:50:00,synthetic_anomalous,cross_border_burst
TX10008445,W000221,W001807,0.433048,2026-05-18 13:54:00,synthetic_normal,normal
TX10009255,W002404,W000808,0.408635,2026-05-18 14:41:00,synthetic_normal,normal
TX10009466,W001882,W001566,0.401394,2026-05-18 14:55:00,synthetic_normal,normal
TX10009430,W000931,W001627,0.522393,2026-05-18 15:06:00,synthetic_normal,normal
TX10009865,W000447,W002104,0.507054,2026-05-18 15:11:00,synthetic_normal,normal
TX10002049,W000029,W002201,0.681281,2026-05-18 15:28:00,synthetic_normal,normal
TX10006292,W001500,W001416,0.400678,2026-05-18 15:45:00,synthetic_normal,normal
TX10001901,W000499,W001798,1.304695,2026-05-18 15:47:00,synthetic_normal,normal
TX10001051,W002459,W001258,0.535965,2026-05-18 16:52:00,synthetic_normal,normal
TX10007501,W002326,W000142,0.344003,2026-05-18 17:06:00,synthetic_normal,normal
TX10004351,W001412,W000096,0.656373,2026-05-18 17:28:00,synthetic_normal,normal
TX10006369,W001903,W000667,0.978469,2026-05-18 18:00:00,synthetic_normal,normal
TX10001326,W001133,W001043,0.791197,2026-05-18 18:12:00,synthetic_normal,normal
TX10000412,W001676,W001210,3.408314,2026-05-18 18:18:00,synthetic_anomalous,high_frequency
TX10003742,W002157,W000834,0.687647,2026-05-18 18:36:00,synthetic_normal,normal
TX10007504,W000306,W001292,0.356879,2026-05-18 18:41:00,synthetic_normal,normal
TX10003848,W000894,W001466,0.622881,2026-05-18 19:00:00,synthetic_normal,normal
TX10004771,W002249,W002069,0.141974,2026-05-18 19:38:00,synthetic_normal,normal
TX10008240,W000246,W000223,0.396478,2026-05-18 20:03:00,synthetic_normal,normal
TX10008306,W000536,W000710,0.287946,2026-05-18 20:48:00,synthetic_normal,normal
TX10007121,W000147,W000475,2.216521,2026-05-18 21:26:00,synthetic_normal,normal
TX10003532,W000327,W001003,0.686034,2026-05-18 22:21:00,synthetic_normal,normal
TX10005019,W001107,W000459,0.597601,2026-05-18 22:35:00,synthetic_normal,normal
TX10001093,W002346,W002261,0.187642,2026-05-18 23:07:00,synthetic_normal,normal
TX10002556,W000060,W000552,0.335969,2026-05-18 23:10:00,synthetic_normal,normal
TX10001150,W000185,W001228,0.311793,2026-05-18 23:11:00,synthetic_normal,normal
TX10005309,W000324,W000673,0.594959,2026-05-18 23:34:00,synthetic_normal,normal
TX10000634,W000020,W000529,2.125266,2026-05-18 23:35:00,synthetic_anomalous,fan_in
TX10004916,W001820,W000187,0.282545,2026-05-18 23:58:00,synthetic_normal,normal
TX10000206,W000010,W000550,2.885509,2026-05-18 23:58:00,synthetic_anomalous,ip_wallet_reuse
TX10004009,W001477,W001292,0.397082,2026-05-19 00:37:00,synthetic_normal,normal
TX10000077,W000023,W001869,0.671862,2026-05-19 01:01:00,synthetic_anomalous,high_connectivity
TX10004858,W001612,W000414,0.213016,2026-05-19 01:36:00,synthetic_normal,normal
TX10005338,W000323,W000765,0.334867,2026-05-19 02:19:00,synthetic_normal,normal
TX10002777,W001399,W001472,0.263561,2026-05-19 02:30:00,synthetic_normal,normal
TX10002697,W001466,W001480,0.246479,2026-05-19 03:11:00,synthetic_normal,normal
TX10009533,W000162,W002152,0.782828,2026-05-19 04:09:00,synthetic_normal,normal
TX10007172,W000646,W001651,0.881497,2026-05-19 04:24:00,synthetic_normal,normal
TX10007190,W002310,W002449,0.163076,2026-05-19 04:25:00,synthetic_normal,normal
TX10008748,W001311,W000638,1.00293,2026-05-19 04:37:00,synthetic_normal,normal
TX10008578,W002319,W000087,1.38995,2026-05-19 04:43:00,synthetic_normal,normal
TX10006609,W001462,W001615,1.279592,2026-05-19 05:13:00,synthetic_normal,normal
TX10001393,W002432,W000642,0.274821,2026-05-19 05:44:00,synthetic_normal,normal
TX10003812,W001409,W000868,0.288819,2026-05-19 05:49:00,synthetic_normal,normal
TX10003909,W000822,W001708,0.313133,2026-05-19 05:56:00,synthetic_normal,normal
TX10007973,W000984,W000486,2.034336,2026-05-19 05:57:00,synthetic_normal,normal
TX10009571,W000231,W000062,0.624114,2026-05-19 05:58:00,synthetic_normal,normal
TX10008142,W000952,W001122,0.153987,2026-05-19 06:30:00,synthetic_normal,normal
TX10001620,W001461,W001002,0.506041,2026-05-19 07:04:00,synthetic_normal,normal
TX10001328,W002275,W000539,0.3311,2026-05-19 07:13:00,synthetic_normal,normal
TX10002175,W000082,W002422,0.649361,2026-05-19 08:07:00,synthetic_normal,normal
TX10002859,W000160,W001498,0.926778,2026-05-19 08:35:00,synthetic_normal,normal
TX10007082,W001153,W001463,0.676352,2026-05-19 09:44:00,synthetic_normal,normal
TX10007182,W000280,W002405,0.681608,2026-05-19 10:04:00,synthetic_normal,normal
TX10001128,W002391,W002449,0.538497,2026-05-19 10:19:00,synthetic_normal,normal
TX10007686,W000384,W001413,0.896364,2026-05-19 10:29:00,synthetic_normal,normal
TX10002122,W001371,W001341,0.462105,2026-05-19 10:50:00,synthetic_normal,normal
TX10002495,W000375,W000529,0.229948,2026-05-19 10:57:00,synthetic_normal,normal
TX10002515,W001266,W000733,0.287074,2026-05-19 11:01:00,synthetic_normal,normal
TX10005890,W002375,W001297,0.585779,2026-05-19 11:21:00,synthetic_normal,normal
TX10007591,W001862,W000955,1.397618,2026-05-19 11:34:00,synthetic_normal,normal
TX10007456,W001261,W001137,0.284876,2026-05-19 12:52:00,synthetic_normal,normal
TX10007391,W000442,W000255,0.311626,2026-05-19 12:58:00,synthetic_normal,normal
TX10002662,W001432,W001933,0.599716,2026-05-19 13:11:00,synthetic_normal,normal
TX10006568,W000042,W001835,0.802935,2026-05-19 13:12:00,synthetic_normal,normal
TX10008534,W000620,W000543,1.209522,2026-05-19 14:06:00,synthetic_normal,normal
TX10009508,W001158,W000932,0.425415,2026-05-19 14:53:00,synthetic_normal,normal
TX10009784,W001332,W002412,1.007816,2026-05-19 14:54:00,synthetic_normal,normal
TX10005037,W000123,W002227,0.300889,2026-05-19 15:09:00,synthetic_normal,normal
TX10005395,W000051,W000505,2.354247,2026-05-19 15:28:00,synthetic_normal,normal
TX10001406,W001077,W002418,0.793027,2026-05-19 15:36:00,synthetic_normal,normal
TX10005772,W001059,W001825,0.534526,2026-05-19 15:52:00,synthetic_normal,normal
TX10008773,W001588,W001375,0.27616,2026-05-19 16:12:00,synthetic_normal,normal
TX10006316,W000496,W000541,0.490447,2026-05-19 17:03:00,synthetic_normal,normal
TX10000865,W000049,W001569,9.480559,2026-05-19 18:19:00,synthetic_anomalous,fan_out
TX10003782,W000253,W000278,0.664395,2026-05-19 18:26:00,synthetic_normal,normal
TX10009776,W000402,W000804,0.3466,2026-05-19 18:43:00,synthetic_normal,normal
TX10007236,W000705,W001564,0.185265,2026-05-19 19:55:00,synthetic_normal,normal
TX10006498,W001752,W001284,0.336533,2026-05-19 20:59:00,synthetic_normal,normal
TX10000442,W000043,W000756,11.920648,2026-05-19 21:05:00,synthetic_anomalous,fan_in
TX10005489,W001281,W000552,0.861052,2026-05-19 21:53:00,synthetic_normal,normal
TX10004321,W001803,W000972,0.133956,2026-05-19 23:05:00,synthetic_normal,normal
TX10001547,W001484,W002425,0.315544,2026-05-19 23:09:00,synthetic_normal,normal
TX10008420,W000844,W002084,0.282126,2026-05-19 23:18:00,synthetic_normal,normal
TX10004066,W001811,W001574,0.047501,2026-05-19 23:20:00,synthetic_normal,normal
TX10000910,W000042,W001774,7.164796,2026-05-19 23:58:00,synthetic_anomalous,ip_wallet_reuse
TX10009977,W001366,W002167,1.900533,2026-05-20 01:07:00,synthetic_normal,normal
TX10003718,W001927,W000122,0.63448,2026-05-20 01:10:00,synthetic_normal,normal
TX10001893,W001865,W000579,1.573673,2026-05-20 01:14:00,synthetic_normal,normal
TX10003925,W000387,W001496,1.467863,2026-05-20 01:57:00,synthetic_normal,normal
TX10005205,W001386,W000104,0.290629,2026-05-20 02:26:00,synthetic_normal,normal
TX10000954,W000031,W000426,5.96134,2026-05-20 02:26:00,synthetic_anomalous,fan_in
TX10005966,W002213,W000037,0.33848,2026-05-20 02:37:00,synthetic_normal,normal
TX10007511,W000344,W002388,0.130969,2026-05-20 02:47:00,synthetic_normal,normal
TX10004138,W000038,W000826,0.450817,2026-05-20 04:32:00,synthetic_normal,normal
TX10000167,W000022,W001409,1.538361,2026-05-20 04:46:00,synthetic_anomalous,layered_transfer
TX10000376,W000500,W001070,3.840373,2026-05-20 04:55:00,synthetic_anomalous,rapid_chain
TX10002118,W001020,W001650,2.288121,2026-05-20 05:08:00,synthetic_normal,normal
TX10006254,W001125,W001480,0.833902,2026-05-20 05:10:00,synthetic_normal,normal
TX10001607,W001202,W000535,0.383575,2026-05-20 05:40:00,synthetic_normal,normal
TX10003985,W000975,W001341,0.44572,2026-05-20 06:22:00,synthetic_normal,normal
TX10000451,W001211,W002464,3.238825,2026-05-20 07:14:00,synthetic_anomalous,cross_border_burst
TX10002799,W001075,W001096,0.797662,2026-05-20 07:35:00,synthetic_normal,normal
TX10000045,W000016,W002260,4.925898,2026-05-20 07:51:00,synthetic_anomalous,high_connectivity
TX10003786,W000743,W002062,0.235488,2026-05-20 08:18:00,synthetic_normal,normal
TX10006545,W002123,W001890,1.090365,2026-05-20 09:09:00,synthetic_normal,normal
TX10006721,W002296,W002327,0.851296,2026-05-20 09:14:00,synthetic_normal,normal
TX10006973,W000137,W000407,0.279194,2026-05-20 09:23:00,synthetic_normal,normal
TX10006195,W000335,W002336,0.375357,2026-05-20 09:29:00,synthetic_normal,normal
TX10006260,W001332,W000019,0.226586,2026-05-20 09:41:00,synthetic_normal,normal
TX10001323,W001800,W001146,0.772832,2026-05-20 10:21:00,synthetic_normal,normal
TX10004674,W002317,W000479,0.784484,2026-05-20 10:36:00,synthetic_normal,normal
TX10002292,W001154,W001732,0.243187,2026-05-20 10:41:00,synthetic_normal,normal
TX10009339,W001676,W002443,1.988916,2026-05-20 11:15:00,synthetic_normal,normal
TX10003372,W002229,W001728,0.214804,2026-05-20 11:19:00,synthetic_normal,normal
TX10004623,W001915,W001115,0.791742,2026-05-20 11:35:00,synthetic_normal,normal
TX10004312,W002035,W000140,0.087954,2026-05-20 12:17:00,synthetic_normal,normal
TX10004495,W000255,W002180,0.370484,2026-05-20 12:50:00,synthetic_normal,normal
TX10003958,W000469,W002105,0.130922,2026-05-20 13:02:00,synthetic_normal,normal
TX10006769,W001779,W001422,0.61578,2026-05-20 13:04:00,synthetic_normal,normal
TX10005671,W001434,W001752,0.132785,2026-05-20 14:58:00,synthetic_normal,normal
TX10004849,W000449,W001092,0.423829,2026-05-20 15:14:00,synthetic_normal,normal
TX10007278,W002406,W000216,0.368806,2026-05-20 15:30:00,synthetic_normal,normal
TX10007527,W001170,W000519,0.505388,2026-05-20 15:44:00,synthetic_normal,normal
TX10005464,W001754,W001098,0.307004,2026-05-20 16:32:00,synthetic_normal,normal
TX10005107,W000688,W000674,0.333816,2026-05-20 16:41:00,synthetic_normal,normal
TX10006041,W000294,W000822,0.229403,2026-05-20 16:46:00,synthetic_normal,normal
TX10006053,W000076,W001518,0.286939,2026-05-20 16:50:00,synthetic_normal,normal
TX10004019,W000321,W001030,0.25781,2026-05-20 17:09:00,synthetic_normal,normal
TX10008077,W001373,W001751,0.564252,2026-05-20 17:31:00,synthetic_normal,normal
TX10006848,W002169,W001786,0.656875,2026-05-20 18:39:00,synthetic_normal,normal
TX10008188,W000037,W001965,0.466266,2026-05-20 19:17:00,synthetic_normal,normal
TX10006405,W000361,W002289,0.275859,2026-05-20 20:24:00,synthetic_normal,normal
TX10002227,W001894,W002385,0.135995,2026-05-20 20:35:00,synthetic_normal,normal
TX10008286,W001855,W001189,0.285865,2026-05-20 20:35:00,synthetic_normal,normal
TX10002360,W000767,W000928,0.388625,2026-05-20 21:46:00,synthetic_normal,normal
TX10001316,W001638,W000441,0.932236,2026-05-20 23:46:00,synthetic_normal,normal
TX10008696,W002125,W000397,0.49659,2026-05-21 00:00:00,synthetic_normal,normal
TX10002365,W000352,W001721,0.468161,2026-05-21 00:27:00,synthetic_normal,normal
TX10000623,W000007,W000340,3.915188,2026-05-21 00:52:00,synthetic_anomalous,layered_transfer
TX10004739,W000828,W000896,0.511226,2026-05-21 00:57:00,synthetic_normal,normal
TX10005344,W001361,W002346,0.561034,2026-05-21 01:32:00,synthetic_normal,normal
TX10002751,W001750,W001535,0.772979,2026-05-21 01:53:00,synthetic_normal,normal
TX10008909,W000406,W001928,0.572017,2026-05-21 02:28:00,synthetic_normal,normal
TX10001950,W000256,W002109,0.35159,2026-05-21 02:51:00,synthetic_normal,normal
TX10007948,W000231,W000978,0.355738,2026-05-21 02:51:00,synthetic_normal,normal
TX10007734,W000154,W001315,0.357519,2026-05-21 03:04:00,synthetic_normal,normal
TX10001289,W000790,W001260,0.129013,2026-05-21 04:05:00,synthetic_normal,normal
TX10004453,W000905,W000490,1.295338,2026-05-21 04:29:00,synthetic_normal,normal
TX10007521,W000284,W000615,1.057685,2026-05-21 04:35:00,synthetic_normal,normal
TX10001166,W000064,W001897,0.353391,2026-05-21 05:02:00,synthetic_normal,normal
TX10005127,W002310,W001111,0.324343,2026-05-21 05:05:00,synthetic_normal,normal
TX10001080,W000205,W000434,0.325592,2026-05-21 05:22:00,synthetic_normal,normal
TX10002849,W000171,W001617,0.330887,2026-05-21 06:11:00,synthetic_normal,normal
TX10008918,W002077,W000162,0.59333,2026-05-21 06:30:00,synthetic_normal,normal
TX10007724,W002435,W001595,1.028118,2026-05-21 06:49:00,synthetic_normal,normal
TX10004745,W001521,W001511,0.098055,2026-05-21 06:57:00,synthetic_normal,normal
TX10008347,W002052,W001439,0.340726,2026-05-21 07:10:00,synthetic_normal,normal
TX10002956,W001566,W001033,0.424137,2026-05-21 07:10:00,synthetic_normal,normal
TX10005063,W000178,W002082,0.190136,2026-05-21 08:00:00,synthetic_normal,normal
TX10005033,W000482,W000199,0.154949,2026-05-21 08:05:00,synthetic_normal,normal
TX10006974,W002345,W002440,1.268086,2026-05-21 08:35:00,synthetic_normal,normal
TX10002827,W000218,W000872,0.365508,2026-05-21 09:10:00,synthetic_normal,normal
TX10006786,W002121,W001367,0.790843,2026-05-21 09:11:00,synthetic_normal,normal
TX10005337,W000501,W000114,0.479071,2026-05-21 09:36:00,synthetic_normal,normal
TX10006263,W001105,W001325,0.516873,2026-05-21 10:12:00,synthetic_normal,normal
TX10003008,W001029,W001372,0.390706,2026-05-21 10:33:00,synthetic_normal,normal
TX10004630,W001309,W000361,0.340149,2026-05-21 10:36:00,synthetic_normal,normal
TX10009832,W000375,W001780,0.620478,2026-05-21 10:38:00,synthetic_normal,normal
TX10002002,W000300,W000794,0.938757,2026-05-21 11:04:00,synthetic_normal,normal
TX10002520,W000185,W001791,0.200708,2026-05-21 12:32:00,synthetic_normal,normal
TX10004313,W000124,W000727,2.165179,2026-05-21 12:49:00,synthetic_normal,normal
TX10004577,W000343,W000822,0.211628,2026-05-21 13:52:00,synthetic_normal,normal
TX10007514,W000033,W001167,0.13983,2026-05-21 14:01:00,synthetic_normal,normal
TX10008293,W000825,W000721,0.354207,2026-05-21 14:19:00,synthetic_normal,normal
TX10002136,W000193,W001587,0.391835,2026-05-21 15:03:00,synthetic_normal,normal
TX10007750,W001464,W001885,0.154688,2026-05-21 15:11:00,synthetic_normal,normal
TX10002462,W001624,W001325,0.198743,2026-05-21 15:12:00,synthetic_normal,normal
TX10008600,W000274,W001011,0.115454,2026-05-21 15:38:00,synthetic_normal,normal
TX10009749,W001556,W001995,1.513974,2026-05-21 15:55:00,synthetic_normal,normal
TX10000653,W000001,W002436,1.78277,2026-05-21 16:06:00,synthetic_anomalous,high_connectivity
TX10007071,W000201,W000147,0.457512,2026-05-21 16:13:00,synthetic_normal,normal
TX10007787,W000667,W000212,0.632311,2026-05-21 16:29:00,synthetic_normal,normal
TX10002577,W000181,W001670,0.284382,2026-05-21 17:05:00,synthetic_normal,normal
TX10004958,W001827,W000598,0.878134,2026-05-21 18:45:00,synthetic_normal,normal
TX10000952,W002204,W001873,0.987949,2026-05-21 19:49:00,synthetic_anomalous,rapid_chain
TX10006650,W001754,W000265,0.409118,2026-05-21 20:36:00,synthetic_normal,normal
TX10007839,W000552,W002326,0.207336,2026-05-21 20:43:00,synthetic_normal,normal
TX10006180,W001093,W001450,0.252928,2026-05-21 21:24:00,synthetic_normal,normal
TX10002382,W002048,W002025,2.240877,2026-05-21 21:34:00,synthetic_normal,normal
TX10003187,W000772,W001230,0.262378,2026-05-21 22:03:00,synthetic_normal,normal
TX10005363,W001781,W001356,0.664049,2026-05-21 22:49:00,synthetic_normal,normal
TX10001621,W000218,W000242,0.524297,2026-05-22 00:31:00,synthetic_normal,normal
TX10001926,W002078,W002217,0.724763,2026-05-22 00:48:00,synthetic_normal,normal
TX10002968,W000558,W001126,0.380279,2026-05-22 00:49:00,synthetic_normal,normal
TX10001067,W002136,W001391,0.366032,2026-05-22 00:52:00,synthetic_normal,normal
TX10006054,W000781,W001129,1.35398,2026-05-22 01:21:00,synthetic_normal,normal
TX10003518,W002459,W000357,0.984939,2026-05-22 01:31:00,synthetic_normal,normal
TX10003882,W000606,W001578,0.341933,2026-05-22 01:45:00,synthetic_normal,normal
TX10002708,W002189,W000375,1.246724,2026-05-22 02:25:00,synthetic_normal,normal
TX10009822,W001261,W000448,0.448662,2026-05-22 02:41:00,synthetic_normal,normal
TX10009369,W000582,W001876,1.516073,2026-05-22 02:55:00,synthetic_normal,normal
TX10007281,W001019,W001298,0.328792,2026-05-22 03:10:00,synthetic_normal,normal
TX10003748,W000048,W000776,0.344366,2026-05-22 03:16:00,synthetic_normal,normal
TX10003912,W000555,W001170,0.903061,2026-05-22 03:22:00,synthetic_normal,normal
TX10004239,W000119,W002484,0.740423,2026-05-22 03:39:00,synthetic_normal,normal
TX10001782,W002036,W000674,0.426823,2026-05-22 03:46:00,synthetic_normal,normal
TX10004362,W000477,W001251,0.38884,2026-05-22 04:05:00,synthetic_normal,normal
TX10007703,W000422,W002225,0.101177,2026-05-22 04:15:00,synthetic_normal,normal
TX10002693,W002366,W000717,0.805307,2026-05-22 04:43:00,synthetic_normal,normal
TX10002029,W000280,W000139,0.192805,2026-05-22 05:04:00,synthetic_normal,normal
TX10007828,W002087,W000665,0.376665,2026-05-22 05:14:00,synthetic_normal,normal
TX10009445,W001049,W001105,2.108697,2026-05-22 06:17:00,synthetic_normal,normal
TX10003883,W002371,W001212,0.376606,2026-05-22 06:26:00,synthetic_normal,normal
TX10007782,W001901,W000445,0.662337,2026-05-22 06:37:00,synthetic_normal,normal
TX10000797,W000032,W000467,9.726681,2026-05-22 06:38:00,synthetic_anomalous,high_connectivity
TX10002641,W001021,W000078,0.59854,2026-05-22 07:11:00,synthetic_normal,normal
TX10009847,W000568,W000681,0.602898,2026-05-22 07:41:00,synthetic_normal,normal
TX10004499,W001525,W002337,0.123511,2026-05-22 08:01:00,synthetic_normal,normal
TX10002419,W000098,W002239,0.315033,2026-05-22 08:55:00,synthetic_normal,normal
TX10005512,W001396,W002104,0.197927,2026-05-22 09:43:00,synthetic_normal,normal
TX10006656,W001421,W001117,0.653369,2026-05-22 09:50:00,synthetic_normal,normal
TX10002861,W000612,W002335,0.09749,2026-05-22 10:46:00,synthetic_normal,normal
TX10002376,W000194,W000429,0.694946,2026-05-22 11:02:00,synthetic_normal,normal
TX10006491,W001076,W001800,0.939264,2026-05-22 11:17:00,synthetic_normal,normal
TX10002612,W002020,W001142,0.644036,2026-05-22 11:23:00,synthetic_normal,normal
TX10006562,W000396,W001669,1.159306,2026-05-22 11:47:00,synthetic_normal,normal
TX10006909,W000188,W000671,0.701227,2026-05-22 12:44:00,synthetic_normal,normal
TX10001972,W000910,W001359,0.328884,2026-05-22 13:15:00,synthetic_normal,normal
TX10005752,W001187,W000469,0.189825,2026-05-22 13:21:00,synthetic_normal,normal
TX10002578,W001273,W000537,0.515878,2026-05-22 13:24:00,synthetic_normal,normal
TX10000063,W000048,W002483,6.859943,2026-05-22 13:24:00,synthetic_anomalous,layered_transfer
TX10006269,W000735,W000514,0.604968,2026-05-22 13:44:00,synthetic_normal,normal
TX10009554,W002339,W000228,0.366869,2026-05-22 13:47:00,synthetic_normal,normal
TX10000578,W000003,W001727,7.073491,2026-05-22 14:39:00,synthetic_anomalous,fan_in
TX10009492,W002429,W001951,0.493355,2026-05-22 15:15:00,synthetic_normal,normal
TX10009111,W001642,W001521,0.427404,2026-05-22 15:30:00,synthetic_normal,normal
TX10007634,W002185,W000159,0.867293,2026-05-22 15:41:00,synthetic_normal,normal
TX10004308,W001182,W002434,0.986084,2026-05-22 15:44:00,synthetic_normal,normal
TX10009507,W001738,W001279,0.228073,2026-05-22 16:12:00,synthetic_normal,normal
TX10000432,W001784,W000396,1.631129,2026-05-22 16:19:00,synthetic_anomalous,rapid_chain
TX10001099,W000293,W002318,1.450012,2026-05-22 17:12:00,synthetic_normal,normal
TX10003141,W000523,W000314,0.542594,2026-05-22 17:14:00,synthetic_normal,normal
TX10005571,W000593,W000634,0.274067,2026-05-22 17:25:00,synthetic_normal,normal
TX10009314,W001057,W001928,0.563555,2026-05-22 17:38:00,synthetic_normal,normal
TX10004628,W000076,W001874,0.793694,2026-05-22 18:13:00,synthetic_normal,normal
TX10009804,W000596,W000920,0.602568,2026-05-22 18:16:00,synthetic_normal,normal
TX10002325,W001854,W001336,0.967729,2026-05-22 19:06:00,synthetic_normal,normal
TX10006244,W000072,W001899,1.255529,2026-05-22 19:31:00,synthetic_normal,normal
TX10003636,W002136,W002431,0.628418,2026-05-22 19:58:00,synthetic_normal,normal
TX10003341,W002262,W000555,0.334885,2026-05-22 20:41:00,synthetic_normal,normal
TX10008054,W001281,W002262,0.117456,2026-05-22 21:13:00,synthetic_normal,normal
TX10001246,W000886,W001735,1.861539,2026-05-22 21:43:00,synthetic_normal,normal
TX10009388,W001566,W000789,0.726947,2026-05-22 22:00:00,synthetic_normal,normal
TX10005802,W002112,W002434,0.507853,2026-05-22 22:02:00,synthetic_normal,normal
TX10009263,W001953,W002285,0.258704,2026-05-22 22:28:00,synthetic_normal,normal
TX10000264,W000641,W001730,1.657491,2026-05-22 22:53:00,synthetic_anomalous,rapid_chain
TX10003087,W001081,W002375,0.84213,2026-05-22 23:02:00,synthetic_normal,normal
TX10007621,W001364,W001166,0.710331,2026-05-23 00:12:00,synthetic_normal,normal
TX10003119,W001701,W000623,0.405135,2026-05-23 00:48:00,synthetic_normal,normal
TX10005496,W002112,W001927,0.394894,2026-05-23 00:49:00,synthetic_normal,normal
TX10007535,W001774,W002087,0.861007,2026-05-23 01:06:00,synthetic_normal,normal
TX10002217,W001785,W002264,0.327281,2026-05-23 01:07:00,synthetic_normal,normal
TX10003161,W002322,W000949,0.823809,2026-05-23 01:17:00,synthetic_normal,normal
TX10005858,W001973,W000920,0.24709,2026-05-23 01:53:00,synthetic_normal,normal
TX10004874,W000380,W000650,1.283771,2026-05-23 02:13:00,synthetic_normal,normal
TX10002672,W002311,W002238,0.100331,2026-05-23 03:15:00,synthetic_normal,normal
TX10009851,W000890,W002357,1.098131,2026-05-23 03:42:00,synthetic_normal,normal
TX10009745,W001315,W001729,0.466645,2026-05-23 04:01:00,synthetic_normal,normal
TX10005335,W002452,W000037,0.399065,2026-05-23 04:38:00,synthetic_normal,normal
TX10009975,W000412,W000181,0.619664,2026-05-23 04:41:00,synthetic_normal,normal
TX10006168,W000725,W002113,0.407305,2026-05-23 04:55:00,synthetic_normal,normal
TX10004584,W001743,W000373,0.434089,2026-05-23 04:56:00,synthetic_normal,normal
TX10008167,W002108,W001093,0.402138,2026-05-23 05:09:00,synthetic_normal,normal
TX10000094,W000037,W001664,9.33227,2026-05-23 06:25:00,synthetic_anomalous,ip_wallet_reuse
TX10003411,W000397,W001315,1.310609,2026-05-23 07:27:00,synthetic_normal,normal
TX10007077,W000923,W001765,0.574016,2026-05-23 07:38:00,synthetic_normal,normal
TX10007484,W002304,W002435,1.194196,2026-05-23 07:42:00,synthetic_normal,normal
TX10008670,W000179,W001183,0.588466,2026-05-23 08:14:00,synthetic_normal,normal
TX10002896,W000701,W000667,0.134716,2026-05-23 08:15:00,synthetic_normal,normal
TX10002430,W001175,W001268,0.234228,2026-05-23 08:30:00,synthetic_normal,normal
TX10000866,W000031,W001897,4.796612,2026-05-23 09:18:00,synthetic_anomalous,fan_in
TX10009412,W000480,W001999,1.727865,2026-05-23 09:31:00,synthetic_normal,normal
TX10004494,W000113,W000668,0.775906,2026-05-23 10:18:00,synthetic_normal,normal
TX10003461,W002002,W001580,0.627168,2026-05-23 10:32:00,synthetic_normal,normal
TX10009013,W000772,W000989,0.266714,2026-05-23 10:40:00,synthetic_normal,normal
TX10000146,W000016,W000250,11.783389,2026-05-23 11:13:00,synthetic_anomalous,fan_in
TX10006772,W000248,W000450,0.220389,2026-05-23 11:29:00,synthetic_normal,normal
TX10006737,W001727,W001971,0.174666,2026-05-23 11:53:00,synthetic_normal,normal
TX10007291,W002316,W000481,0.296378,2026-05-23 12:10:00,synthetic_normal,normal
TX10005880,W000868,W001340,0.252669,2026-05-23 12:17:00,synthetic_normal,normal
TX10009085,W000766,W002156,0.269311,2026-05-23 12:47:00,synthetic_normal,normal
TX10004627,W001446,W001949,0.69262,2026-05-23 12:54:00,synthetic_normal,normal
TX10001846,W000631,W002450,0.208345,2026-05-23 13:37:00,synthetic_normal,normal
TX10009741,W001208,W002130,0.335794,2026-05-23 14:25:00,synthetic_normal,normal
TX10009918,W001703,W001543,0.316418,2026-05-23 14:44:00,synthetic_normal,normal
TX10004593,W000661,W002065,0.773048,2026-05-23 15:14:00,synthetic_normal,normal
TX10000867,W000273,W002231,4.47989,2026-05-23 15:36:00,synthetic_anomalous,cross_border_burst
TX10000557,W000022,W001328,2.558792,2026-05-23 16:03:00,synthetic_anomalous,high_connectivity
TX10005206,W001773,W000782,0.192636,2026-05-23 16:18:00,synthetic_normal,normal
TX10003952,W000825,W000567,0.632484,2026-05-23 16:41:00,synthetic_normal,normal
TX10006232,W000268,W001461,0.216383,2026-05-23 18:30:00,synthetic_normal,normal
TX10005142,W002464,W001806,0.329979,2026-05-23 19:11:00,synthetic_normal,normal
TX10002290,W000684,W000650,0.03628,2026-05-23 20:43:00,synthetic_normal,normal
TX10009651,W002096,W000398,1.267687,2026-05-23 21:05:00,synthetic_normal,normal
TX10006243,W000052,W001431,0.801558,2026-05-23 21:19:00,synthetic_normal,normal
TX10007498,W000989,W000975,0.354455,2026-05-23 21:44:00,synthetic_normal,normal
TX10005745,W002298,W000815,1.303361,2026-05-23 21:57:00,synthetic_normal,normal
TX10002821,W001162,W000902,1.066213,2026-05-23 22:05:00,synthetic_normal,normal
TX10005277,W000396,W000883,0.7259,2026-05-23 22:24:00,synthetic_normal,normal
TX10003980,W000595,W001764,0.55603,2026-05-23 23:20:00,synthetic_normal,normal
TX10001705,W000164,W000903,0.580834,2026-05-23 23:24:00,synthetic_normal,normal
TX10001292,W001641,W001154,0.601965,2026-05-24 00:21:00,synthetic_normal,normal
TX10007962,W001672,W001158,0.296592,2026-05-24 00:22:00,synthetic_normal,normal
TX10005308,W001038,W002478,0.627603,2026-05-24 00:44:00,synthetic_normal,normal
TX10002268,W002176,W000533,0.525516,2026-05-24 01:12:00,synthetic_normal,normal
TX10008348,W002119,W001275,0.456022,2026-05-24 01:41:00,synthetic_normal,normal
TX10006418,W001736,W000706,0.462558,2026-05-24 02:06:00,synthetic_normal,normal
TX10002206,W000633,W000685,0.621018,2026-05-24 02:12:00,synthetic_normal,normal
TX10009614,W002472,W001079,0.27056,2026-05-24 03:18:00,synthetic_normal,normal
TX10003852,W000062,W001362,0.545088,2026-05-24 03:58:00,synthetic_normal,normal
TX10007816,W000285,W001114,0.208363,2026-05-24 04:13:00,synthetic_normal,normal
TX10004419,W000123,W002081,0.249499,2026-05-24 04:20:00,synthetic_normal,normal
TX10008730,W002272,W001173,0.34706,2026-05-24 05:09:00,synthetic_normal,normal
TX10004616,W000925,W001800,0.272258,2026-05-24 05:13:00,synthetic_normal,normal
TX10002842,W001996,W000617,0.414576,2026-05-24 06:14:00,synthetic_normal,normal
TX10006978,W000111,W001365,0.797707,2026-05-24 06:55:00,synthetic_normal,normal
TX10000917,W000017,W002486,5.286445,2026-05-24 07:28:00,synthetic_anomalous,high_connectivity
TX10008937,W000035,W002330,0.200732,2026-05-24 08:03:00,synthetic_normal,normal
TX10004887,W002227,W001265,0.392393,2026-05-24 08:13:00,synthetic_normal,normal
TX10007169,W000037,W001970,0.491705,2026-05-24 08:37:00,synthetic_normal,normal
TX10009116,W000559,W002025,0.290164,2026-05-24 08:39:00,synthetic_normal,normal
TX10004523,W001408,W001910,0.164509,2026-05-24 08:49:00,synthetic_normal,normal
TX10009931,W000776,W000319,1.307439,2026-05-24 08:52:00,synthetic_normal,normal
TX10005334,W002038,W000991,0.351412,2026-05-24 09:16:00,synthetic_normal,normal
TX10003278,W000462,W000427,0.400997,2026-05-24 09:27:00,synthetic_normal,normal
TX10009238,W002305,W000316,0.771041,2026-05-24 11:22:00,synthetic_normal,normal
TX10005912,W001329,W000371,1.040861,2026-05-24 11:46:00,synthetic_normal,normal
TX10006724,W001143,W001292,0.220929,2026-05-24 12:08:00,synthetic_normal,normal
TX10000349,W000010,W001005,0.362247,2026-05-24 13:13:00,synthetic_anomalous,high_connectivity
TX10007985,W001252,W001144,0.348714,2026-05-24 14:09:00,synthetic_normal,normal
TX10009726,W001287,W002102,0.886907,2026-05-24 14:18:00,synthetic_normal,normal
TX10006315,W002437,W001545,0.142579,2026-05-24 15:27:00,synthetic_normal,normal
TX10000520,W001550,W000583,3.558717,2026-05-24 15:39:00,synthetic_anomalous,rapid_chain
TX10009650,W000311,W002010,0.410993,2026-05-24 15:59:00,synthetic_normal,normal
TX10007857,W000663,W000350,0.40108,2026-05-24 16:04:00,synthetic_normal,normal
TX10005042,W001685,W001453,1.11079,2026-05-24 16:19:00,synthetic_normal,normal
TX10006357,W000223,W002471,0.734963,2026-05-24 16:45:00,synthetic_normal,normal
TX10006328,W002102,W001836,0.13713,2026-05-24 17:00:00,synthetic_normal,normal
TX10007317,W001259,W002156,0.317104,2026-05-24 17:20:00,synthetic_normal,normal
TX10009089,W001563,W002425,0.082015,2026-05-24 17:38:00,synthetic_normal,normal
TX10004038,W000723,W000546,0.975203,2026-05-24 18:01:00,synthetic_normal,normal
TX10000463,W000026,W001753,1.188246,2026-05-24 18:07:00,synthetic_anomalous,layered_transfer
TX10000871,W000013,W000523,2.395992,2026-05-24 18:16:00,synthetic_anomalous,layered_transfer
TX10004999,W001083,W002037,0.527901,2026-05-24 18:33:00,synthetic_normal,normal
TX10004345,W001909,W000592,0.787509,2026-05-24 19:05:00,synthetic_normal,normal
TX10002543,W000586,W001174,0.375867,2026-05-24 19:22:00,synthetic_normal,normal
TX10001339,W002268,W001215,0.998287,2026-05-24 19:41:00,synthetic_normal,normal
TX10009173,W001196,W001034,1.049407,2026-05-24 20:11:00,synthetic_normal,normal
TX10008682,W001248,W000646,0.810913,2026-05-24 20:37:00,synthetic_normal,normal
TX10006955,W001059,W001930,0.386612,2026-05-24 21:20:00,synthetic_normal,normal
TX10008398,W001783,W002182,0.532495,2026-05-24 21:30:00,synthetic_normal,normal
TX10000580,W000055,W000385,0.919086,2026-05-24 21:59:00,synthetic_anomalous,high_frequency
TX10000074,W000018,W000799,1.020469,2026-05-24 22:02:00,synthetic_anomalous,fan_in
TX10002337,W001428,W000806,1.083333,2026-05-24 22:22:00,synthetic_normal,normal
TX10005049,W001840,W001386,0.293302,2026-05-24 22:39:00,synthetic_normal,normal
TX10000317,W000044,W001621,4.473976,2026-05-24 23:03:00,synthetic_anomalous,high_connectivity
TX10000122,W000023,W000903,1.335576,2026-05-24 23:42:00,synthetic_anomalous,fan_in
TX10004460,W001586,W000845,0.394298,2026-05-25 00:24:00,synthetic_normal,normal
TX10004549,W001946,W002256,0.436899,2026-05-25 00:59:00,synthetic_normal,normal
TX10003714,W001521,W002108,0.64478,2026-05-25 01:05:00,synthetic_normal,normal
TX10001262,W001435,W001252,0.503406,2026-05-25 01:36:00,synthetic_normal,normal
TX10005748,W001738,W002319,0.381293,2026-05-25 01:38:00,synthetic_normal,normal
TX10006459,W001621,W002123,1.013807,2026-05-25 01:38:00,synthetic_normal,normal
TX10003796,W000693,W002259,0.46626,2026-05-25 01:47:00,synthetic_normal,normal
TX10000224,W001385,W001870,14.388872,2026-05-25 01:55:00,synthetic_anomalous,rapid_chain
TX10001540,W001250,W000802,0.651773,2026-05-25 02:15:00,synthetic_normal,normal
TX10000114,W000007,W001911,2.023334,2026-05-25 02:50:00,synthetic_anomalous,fan_in
TX10001537,W000749,W002026,0.260543,2026-05-25 03:24:00,synthetic_normal,normal
TX10008258,W000648,W002363,0.462458,2026-05-25 03:42:00,synthetic_normal,normal
TX10003354,W002382,W000461,0.116564,2026-05-25 04:01:00,synthetic_normal,normal
TX10009421,W002498,W001500,0.289879,2026-05-25 04:04:00,synthetic_normal,normal
TX10001520,W002403,W002193,0.220369,2026-05-25 04:23:00,synthetic_normal,normal
TX10005943,W001981,W000295,0.199398,2026-05-25 04:30:00,synthetic_normal,normal
TX10008361,W001707,W000621,1.231665,2026-05-25 04:55:00,synthetic_normal,normal
TX10008198,W001551,W000891,0.471294,2026-05-25 05:46:00,synthetic_normal,normal
TX10002298,W000863,W001945,1.939415,2026-05-25 05:48:00,synthetic_normal,normal
TX10005488,W001776,W001435,0.224269,2026-05-25 06:00:00,synthetic_normal,normal
TX10004330,W001124,W000348,0.306501,2026-05-25 06:59:00,synthetic_normal,normal
TX10001290,W000691,W001755,0.119451,2026-05-25 07:09:00,synthetic_normal,normal
TX10007683,W001566,W002180,0.415691,2026-05-25 07:13:00,synthetic_normal,normal
TX10007069,W002389,W001015,0.773979,2026-05-25 07:20:00,synthetic_normal,normal
TX10008403,W001213,W001801,0.234515,2026-05-25 07:21:00,synthetic_normal,normal
TX10000369,W000027,W002157,0.841626,2026-05-25 07:59:00,synthetic_anomalous,fan_out
TX10003352,W000054,W000193,0.776856,2026-05-25 09:23:00,synthetic_normal,normal
TX10001596,W000261,W000160,0.441427,2026-05-25 09:53:00,synthetic_normal,normal
TX10005611,W000406,W001334,1.100825,2026-05-25 10:19:00,synthetic_normal,normal
TX10005448,W000092,W000176,0.378053,2026-05-25 10:24:00,synthetic_normal,normal
TX10002809,W000241,W000855,0.184134,2026-05-25 10:35:00,synthetic_normal,normal
TX10007655,W000703,W000152,0.162606,2026-05-25 10:38:00,synthetic_normal,normal
TX10002275,W000438,W001907,0.301586,2026-05-25 10:41:00,synthetic_normal,normal
TX10006413,W001881,W001916,0.530818,2026-05-25 10:42:00,synthetic_normal,normal
TX10002093,W001663,W002258,0.241483,2026-05-25 10:50:00,synthetic_normal,normal
TX10007403,W002045,W000284,0.859514,2026-05-25 10:52:00,synthetic_normal,normal
TX10009207,W002140,W002076,0.199314,2026-05-25 11:04:00,synthetic_normal,normal
TX10005794,W002217,W001443,0.491032,2026-05-25 11:41:00,synthetic_normal,normal
TX10001469,W001560,W000959,0.295961,2026-05-25 12:02:00,synthetic_normal,normal
TX10009501,W000019,W001427,1.727705,2026-05-25 12:26:00,synthetic_normal,normal
TX10007248,W001236,W000315,0.20362,2026-05-25 13:38:00,synthetic_normal,normal
TX10003106,W001190,W001062,0.345583,2026-05-25 15:32:00,synthetic_normal,normal
TX10004155,W001322,W000560,0.422046,2026-05-25 15:46:00,synthetic_normal,normal
TX10000368,W000005,W000552,14.393875,2026-05-25 15:49:00,synthetic_anomalous,rapid_chain
TX10004854,W001150,W001947,1.054778,2026-05-25 16:10:00,synthetic_normal,normal
TX10001056,W000749,W000817,0.71763,2026-05-25 16:33:00,synthetic_normal,normal
TX10006854,W001786,W002110,0.094193,2026-05-25 16:45:00,synthetic_normal,normal
TX10005084,W001666,W001534,0.272146,2026-05-25 17:14:00,synthetic_normal,normal
TX10006950,W000812,W000828,0.519962,2026-05-25 17:35:00,synthetic_normal,normal
TX10002070,W002332,W000357,1.007378,2026-05-25 17:53:00,synthetic_normal,normal
TX10004924,W001387,W000299,1.105502,2026-05-25 19:09:00,synthetic_normal,normal
TX10005503,W002499,W002494,0.484496,2026-05-25 19:47:00,synthetic_normal,normal
TX10002610,W000520,W002267,0.7394,2026-05-25 20:26:00,synthetic_normal,normal
TX10003156,W001275,W002295,1.294509,2026-05-25 20:36:00,synthetic_normal,normal
TX10000834,W000040,W000192,1.721572,2026-05-25 20:38:00,synthetic_anomalous,fan_in
TX10009862,W002189,W001725,0.668758,2026-05-25 21:02:00,synthetic_normal,normal
TX10000944,W000488,W000073,7.125285,2026-05-25 21:10:00,synthetic_anomalous,rapid_chain
TX10005639,W001134,W000786,2.34329,2026-05-25 21:23:00,synthetic_normal,normal
TX10009130,W001301,W001753,0.707518,2026-05-25 22:09:00,synthetic_normal,normal
TX10009118,W001284,W001013,0.81472,2026-05-25 22:49:00,synthetic_normal,normal
TX10006304,W002455,W001780,0.428762,2026-05-25 23:02:00,synthetic_normal,normal
TX10006886,W001589,W001584,0.169302,2026-05-25 23:09:00,synthetic_normal,normal
TX10003588,W001328,W001670,1.054074,2026-05-25 23:18:00,synthetic_normal,normal
TX10003228,W001974,W001430,0.427368,2026-05-25 23:27:00,synthetic_normal,normal
TX10006135,W001960,W001867,0.793419,2026-05-25 23:47:00,synthetic_normal,normal
TX10006512,W001479,W001614,0.497294,2026-05-26 01:40:00,synthetic_normal,normal
TX10004869,W000661,W000364,0.964097,2026-05-26 02:34:00,synthetic_normal,normal
TX10009564,W001203,W000621,0.206873,2026-05-26 02:48:00,synthetic_normal,normal
TX10008935,W001269,W001652,0.308375,2026-05-26 03:12:00,synthetic_normal,normal
TX10008778,W001694,W002171,0.905243,2026-05-26 03:14:00,synthetic_normal,normal
TX10006985,W001119,W002227,1.319827,2026-05-26 04:08:00,synthetic_normal,normal
TX10003285,W002021,W000172,0.365737,2026-05-26 04:35:00,synthetic_normal,normal
TX10007910,W001512,W001296,1.103779,2026-05-26 04:45:00,synthetic_normal,normal
TX10000257,W000035,W000833,4.333069,2026-05-26 04:55:00,synthetic_anomalous,fan_out
TX10003265,W001234,W002134,1.097392,2026-05-26 05:26:00,synthetic_normal,normal
TX10003186,W000008,W000791,0.535125,2026-05-26 05:52:00,synthetic_normal,normal
TX10009582,W001391,W000343,0.164145,2026-05-26 06:11:00,synthetic_normal,normal
TX10005201,W000400,W001705,0.494692,2026-05-26 06:39:00,synthetic_normal,normal
TX10000846,W000002,W002145,8.359686,2026-05-26 06:41:00,synthetic_anomalous,ip_wallet_reuse
TX10000743,W000040,W000233,4.992527,2026-05-26 07:12:00,synthetic_anomalous,layered_transfer
TX10002321,W002010,W001814,0.484412,2026-05-26 07:39:00,synthetic_normal,normal
TX10000030,W000038,W002390,9.176321,2026-05-26 07:57:00,synthetic_anomalous,ip_wallet_reuse
TX10001492,W001592,W000277,1.426759,2026-05-26 08:42:00,synthetic_normal,normal
TX10000014,W000045,W001138,4.384845,2026-05-26 09:04:00,synthetic_anomalous,ip_wallet_reuse
TX10009915,W000835,W002184,0.109565,2026-05-26 09:11:00,synthetic_normal,normal
TX10008832,W000189,W000259,0.274917,2026-05-26 09:39:00,synthetic_normal,normal
TX10000022,W000040,W001088,0.917922,2026-05-26 09:53:00,synthetic_anomalous,ip_wallet_reuse
TX10009562,W000225,W000124,0.231394,2026-05-26 09:59:00,synthetic_normal,normal
TX10009265,W001702,W001573,0.935873,2026-05-26 10:04:00,synthetic_normal,normal
TX10008514,W000940,W002416,0.262363,2026-05-26 11:16:00,synthetic_normal,normal
TX10004234,W001686,W001692,0.817788,2026-05-26 12:28:00,synthetic_normal,normal
TX10000502,W000013,W000605,19.342947,2026-05-26 12:31:00,synthetic_anomalous,ip_wallet_reuse
TX10008399,W002366,W000528,0.246975,2026-05-26 12:31:00,synthetic_normal,normal
TX10004392,W002030,W002097,0.068027,2026-05-26 12:43:00,synthetic_normal,normal
TX10005419,W001369,W002067,0.354228,2026-05-26 12:59:00,synthetic_normal,normal
TX10007610,W001103,W000905,0.385883,2026-05-26 14:06:00,synthetic_normal,normal
TX10000897,W000040,W000671,2.96256,2026-05-26 14:14:00,synthetic_anomalous,fan_out
TX10003046,W002350,W001531,0.605394,2026-05-26 14:27:00,synthetic_normal,normal
TX10006599,W000614,W001540,0.139934,2026-05-26 14:51:00,synthetic_normal,normal
TX10002238,W002384,W002115,0.245097,2026-05-26 14:58:00,synthetic_normal,normal
TX10005724,W002383,W001064,1.825585,2026-05-26 15:34:00,synthetic_normal,normal
TX10005796,W000097,W002400,0.772134,2026-05-26 16:22:00,synthetic_normal,normal
TX10005602,W001079,W000765,0.124364,2026-05-26 17:01:00,synthetic_normal,normal
TX10003406,W000317,W001410,1.472527,2026-05-26 18:51:00,synthetic_normal,normal
TX10001721,W002416,W000341,0.531808,2026-05-26 19:13:00,synthetic_normal,normal
TX10003945,W000447,W000814,0.236764,2026-05-26 19:31:00,synthetic_normal,normal
TX10004890,W001395,W002064,0.402353,2026-05-26 19:33:00,synthetic_normal,normal
TX10008686,W002182,W001715,0.932162,2026-05-26 20:41:00,synthetic_normal,normal
TX10006124,W001798,W000027,0.393544,2026-05-26 21:04:00,synthetic_normal,normal
TX10002710,W001932,W002335,0.320174,2026-05-26 21:23:00,synthetic_normal,normal
TX10007780,W000911,W000018,0.220558,2026-05-26 21:59:00,synthetic_normal,normal
TX10006091,W001338,W001982,0.325943,2026-05-26 22:32:00,synthetic_normal,normal
TX10002960,W001287,W002114,1.179787,2026-05-26 22:55:00,synthetic_normal,normal
TX10003188,W001692,W000413,0.218073,2026-05-26 22:55:00,synthetic_normal,normal
TX10008882,W000020,W000415,0.695318,2026-05-26 23:36:00,synthetic_normal,normal
TX10006289,W000568,W000633,1.122254,2026-05-26 23:55:00,synthetic_normal,normal
TX10006506,W000177,W000491,0.934854,2026-05-27 01:20:00,synthetic_normal,normal
TX10008453,W000877,W001097,0.860357,2026-05-27 03:01:00,synthetic_normal,normal
TX10004303,W002493,W001329,0.59271,2026-05-27 04:23:00,synthetic_normal,normal
TX10007767,W000602,W001403,0.363942,2026-05-27 04:50:00,synthetic_normal,normal
TX10008468,W000136,W001821,0.736638,2026-05-27 07:05:00,synthetic_normal,normal
TX10009880,W000715,W002231,0.272286,2026-05-27 07:15:00,synthetic_normal,normal
TX10006840,W002360,W002425,0.367884,2026-05-27 07:28:00,synthetic_normal,normal
TX10005892,W000420,W001561,0.831448,2026-05-27 07:50:00,synthetic_normal,normal
TX10000380,W000456,W001859,3.856092,2026-05-27 07:52:00,synthetic_anomalous,high_frequency
TX10001654,W000768,W000095,0.339324,2026-05-27 08:02:00,synthetic_normal,normal
TX10007916,W001179,W001546,0.301257,2026-05-27 08:08:00,synthetic_normal,normal
TX10003813,W000185,W002356,0.354117,2026-05-27 08:10:00,synthetic_normal,normal
TX10005836,W000859,W001121,0.587482,2026-05-27 08:54:00,synthetic_normal,normal
TX10001774,W001080,W001025,0.26371,2026-05-27 09:09:00,synthetic_normal,normal
TX10001160,W000210,W001545,1.934953,2026-05-27 09:24:00,synthetic_normal,normal
TX10004491,W000413,W001065,0.493612,2026-05-27 09:30:00,synthetic_normal,normal
TX10002559,W001844,W001405,0.190284,2026-05-27 09:36:00,synthetic_normal,normal
TX10001245,W001976,W000200,0.336966,2026-05-27 09:45:00,synthetic_normal,normal
TX10004039,W001557,W001358,1.140971,2026-05-27 10:03:00,synthetic_normal,normal
TX10001270,W001729,W000801,0.30968,2026-05-27 10:25:00,synthetic_normal,normal
TX10004085,W001102,W000705,2.457255,2026-05-27 10:43:00,synthetic_normal,normal
TX10002996,W000758,W001840,0.750574,2026-05-27 10:56:00,synthetic_normal,normal
TX10001423,W001246,W002216,0.466963,2026-05-27 11:20:00,synthetic_normal,normal
TX10002695,W000345,W000384,0.49944,2026-05-27 11:31:00,synthetic_normal,normal
TX10003845,W000638,W002471,0.794475,2026-05-27 11:54:00,synthetic_normal,normal
TX10006934,W001892,W000666,0.942483,2026-05-27 12:17:00,synthetic_normal,normal
TX10008518,W000307,W001517,0.135124,2026-05-27 12:33:00,synthetic_normal,normal
TX10002915,W000861,W000953,0.387432,2026-05-27 12:41:00,synthetic_normal,normal
TX10002293,W001243,W001518,0.1673,2026-05-27 13:13:00,synthetic_normal,normal
TX10005135,W000345,W002492,0.257947,2026-05-27 13:53:00,synthetic_normal,normal
TX10006922,W001767,W000783,1.108763,2026-05-27 14:14:00,synthetic_normal,normal
TX10007497,W000830,W000699,1.215098,2026-05-27 14:18:00,synthetic_normal,normal
TX10000831,W000011,W002413,7.210396,2026-05-27 15:21:00,synthetic_anomalous,layered_transfer
TX10007098,W001079,W001271,0.365001,2026-05-27 15:53:00,synthetic_normal,normal
TX10008411,W000413,W002455,0.381867,2026-05-27 16:01:00,synthetic_normal,normal
TX10005693,W002185,W001852,0.593529,2026-05-27 16:14:00,synthetic_normal,normal
TX10000394,W000029,W002317,2.004094,2026-05-27 16:16:00,synthetic_anomalous,fan_in
TX10003414,W002162,W001652,0.426681,2026-05-27 16:47:00,synthetic_normal,normal
TX10008452,W001554,W000757,0.780297,2026-05-27 17:34:00,synthetic_normal,normal
TX10003798,W001381,W000835,1.237568,2026-05-27 17:34:00,synthetic_normal,normal
TX10005554,W001278,W001341,0.800619,2026-05-27 17:49:00,synthetic_normal,normal
TX10001490,W000401,W000182,0.348426,2026-05-27 17:56:00,synthetic_normal,normal
TX10008359,W000472,W001006,0.2118,2026-05-27 18:25:00,synthetic_normal,normal
TX10000633,W000027,W000507,1.976574,2026-05-27 19:38:00,synthetic_anomalous,fan_out
TX10004698,W000825,W001918,1.086472,2026-05-27 20:14:00,synthetic_normal,normal
TX10009914,W001097,W002020,0.303428,2026-05-27 21:19:00,synthetic_normal,normal
TX10002888,W002152,W002406,1.10358,2026-05-27 21:21:00,synthetic_normal,normal
TX10002755,W002001,W000280,0.87127,2026-05-27 21:44:00,synthetic_normal,normal
TX10002347,W000187,W002258,0.459162,2026-05-27 21:46:00,synthetic_normal,normal
TX10003127,W001566,W000403,0.971196,2026-05-27 22:35:00,synthetic_normal,normal
TX10003787,W001296,W000775,0.210987,2026-05-27 22:58:00,synthetic_normal,normal
TX10005658,W000435,W000929,0.441756,2026-05-27 23:22:00,synthetic_normal,normal
TX10001690,W002053,W002077,0.210827,2026-05-27 23:35:00,synthetic_normal,normal
TX10005398,W001894,W001305,0.265794,2026-05-28 00:29:00,synthetic_normal,normal
TX10004688,W001391,W001167,0.627344,2026-05-28 00:33:00,synthetic_normal,normal
TX10002152,W002456,W001940,0.23393,2026-05-28 00:37:00,synthetic_normal,normal
TX10008210,W000532,W002320,0.295236,2026-05-28 01:04:00,synthetic_normal,normal
TX10004973,W002385,W001697,0.171333,2026-05-28 02:10:00,synthetic_normal,normal
TX10002899,W001373,W000426,0.606639,2026-05-28 02:35:00,synthetic_normal,normal
TX10009224,W000647,W001779,0.516191,2026-05-28 03:24:00,synthetic_normal,normal
TX10007265,W000098,W000696,0.168765,2026-05-28 03:56:00,synthetic_normal,normal
TX10009435,W001334,W001012,1.538866,2026-05-28 04:00:00,synthetic_normal,normal
TX10001631,W000514,W000787,0.403923,2026-05-28 04:01:00,synthetic_normal,normal
TX10005030,W001259,W002435,0.055934,2026-05-28 04:54:00,synthetic_normal,normal
TX10003042,W000733,W001829,0.72095,2026-05-28 05:04:00,synthetic_normal,normal
TX10001100,W000340,W000496,0.349312,2026-05-28 05:08:00,synthetic_normal,normal
TX10006682,W001885,W001674,0.26337,2026-05-28 05:11:00,synthetic_normal,normal
TX10003566,W000655,W001543,0.578363,2026-05-28 07:00:00,synthetic_normal,normal
TX10005262,W002140,W001108,0.245933,2026-05-28 07:28:00,synthetic_normal,normal
TX10000337,W000049,W001594,4.22729,2026-05-28 07:31:00,synthetic_anomalous,fan_out
TX10007578,W002044,W000613,1.553793,2026-05-28 07:41:00,synthetic_normal,normal
TX10004766,W001985,W002464,0.375962,2026-05-28 07:51:00,synthetic_normal,normal
TX10003092,W001917,W001667,0.155904,2026-05-28 08:03:00,synthetic_normal,normal
TX10007856,W002007,W000751,0.273923,2026-05-28 08:40:00,synthetic_normal,normal
TX10004955,W000755,W001401,0.700785,2026-05-28 08:57:00,synthetic_normal,normal
TX10003302,W001035,W000430,1.124051,2026-05-28 09:09:00,synthetic_normal,normal
TX10001026,W000997,W000602,0.55789,2026-05-28 09:16:00,synthetic_normal,normal
TX10003173,W001654,W000969,0.315926,2026-05-28 09:22:00,synthetic_normal,normal
TX10000286,W000009,W000290,9.964719,2026-05-28 09:27:00,synthetic_anomalous,ip_wallet_reuse
TX10001081,W000534,W001818,0.166723,2026-05-28 09:34:00,synthetic_normal,normal
TX10000319,W000022,W001420,2.541505,2026-05-28 09:44:00,synthetic_anomalous,layered_transfer
TX10007582,W000889,W000708,0.606568,2026-05-28 09:49:00,synthetic_normal,normal
TX10005472,W000219,W000934,0.252438,2026-05-28 09:52:00,synthetic_normal,normal
TX10001577,W001673,W001653,0.328941,2026-05-28 10:03:00,synthetic_normal,normal
TX10000239,W000042,W000155,8.284671,2026-05-28 10:10:00,synthetic_anomalous,layered_transfer
TX10005921,W000186,W002430,0.457513,2026-05-28 10:16:00,synthetic_normal,normal
TX10004424,W000659,W001644,0.530153,2026-05-28 11:16:00,synthetic_normal,normal
TX10002906,W001892,W001849,0.20415,2026-05-28 11:41:00,synthetic_normal,normal
TX10003017,W001973,W001856,0.368944,2026-05-28 12:36:00,synthetic_normal,normal
TX10009857,W000047,W001700,0.655282,2026-05-28 12:54:00,synthetic_normal,normal
TX10007000,W001156,W001754,0.828535,2026-05-28 13:12:00,synthetic_normal,normal
TX10005871,W000107,W000958,0.349863,2026-05-28 13:40:00,synthetic_normal,normal
TX10009034,W000373,W000143,1.740519,2026-05-28 13:55:00,synthetic_normal,normal
TX10009332,W002109,W001037,0.311659,2026-05-28 14:40:00,synthetic_normal,normal
TX10002871,W000059,W000965,0.9323,2026-05-28 14:48:00,synthetic_normal,normal
TX10006225,W000762,W002171,0.552996,2026-05-28 14:50:00,synthetic_normal,normal
TX10006561,W000521,W001734,0.578649,2026-05-28 15:27:00,synthetic_normal,normal
TX10004723,W000534,W000495,0.601222,2026-05-28 15:49:00,synthetic_normal,normal
TX10005580,W001908,W000168,0.624843,2026-05-28 16:21:00,synthetic_normal,normal
TX10001097,W000551,W001794,0.421104,2026-05-28 16:27:00,synthetic_normal,normal
TX10004884,W000008,W002233,0.259473,2026-05-28 16:34:00,synthetic_normal,normal
TX10002771,W001226,W001649,0.79709,2026-05-28 17:03:00,synthetic_normal,normal
TX10008987,W000243,W000538,0.385016,2026-05-28 17:19:00,synthetic_normal,normal
TX10000293,W000031,W002050,2.383142,2026-05-28 17:29:00,synthetic_anomalous,high_connectivity
TX10006673,W001623,W000176,0.555532,2026-05-28 17:44:00,synthetic_normal,normal
TX10000415,W000034,W001707,10.63171,2026-05-28 18:39:00,synthetic_anomalous,layered_transfer
TX10002609,W001083,W000300,0.580237,2026-05-28 19:12:00,synthetic_normal,normal
TX10000553,W000035,W001726,3.036183,2026-05-28 19:14:00,synthetic_anomalous,fan_out
TX10002727,W000992,W000544,0.570436,2026-05-28 19:27:00,synthetic_normal,normal
TX10009274,W000109,W000224,1.026595,2026-05-28 19:36:00,synthetic_normal,normal
TX10004112,W000837,W002351,0.609923,2026-05-28 19:40:00,synthetic_normal,normal
TX10002719,W000515,W001214,0.183825,2026-05-28 20:02:00,synthetic_normal,normal
TX10000363,W000948,W001915,1.256451,2026-05-28 20:19:00,synthetic_anomalous,cross_border_burst
TX10004386,W002123,W000069,0.075638,2026-05-28 20:31:00,synthetic_normal,normal
TX10006555,W001482,W000525,0.591585,2026-05-28 21:00:00,synthetic_normal,normal
TX10007145,W001608,W002314,0.20152,2026-05-28 21:05:00,synthetic_normal,normal
TX10005441,W000836,W002479,0.437802,2026-05-28 21:28:00,synthetic_normal,normal
TX10000615,W000029,W000048,3.283286,2026-05-28 21:46:00,synthetic_anomalous,layered_transfer
TX10007254,W001526,W000590,1.22364,2026-05-28 22:02:00,synthetic_normal,normal
TX10007330,W001146,W001083,0.530473,2026-05-28 22:30:00,synthetic_normal,normal
TX10007485,W001876,W000609,0.603901,2026-05-28 23:09:00,synthetic_normal,normal
TX10002756,W002271,W000147,1.085127,2026-05-28 23:13:00,synthetic_normal,normal
TX10000894,W000050,W001270,1.892272,2026-05-28 23:30:00,synthetic_anomalous,ip_wallet_reuse
TX10006242,W001704,W000124,0.21209,2026-05-28 23:32:00,synthetic_normal,normal
TX10003927,W000717,W001115,0.148636,2026-05-29 00:46:00,synthetic_normal,normal
TX10002045,W002033,W000426,0.213134,2026-05-29 01:14:00,synthetic_normal,normal
TX10002442,W001604,W000906,0.461871,2026-05-29 01:39:00,synthetic_normal,normal
TX10000393,W000003,W001770,5.417898,2026-05-29 02:08:00,synthetic_anomalous,fan_out
TX10005850,W001984,W002020,0.271013,2026-05-29 02:09:00,synthetic_normal,normal
TX10005118,W000321,W002347,0.177968,2026-05-29 02:12:00,synthetic_normal,normal
TX10008906,W001892,W002280,0.205762,2026-05-29 02:34:00,synthetic_normal,normal
TX10002422,W000020,W002450,0.065011,2026-05-29 03:34:00,synthetic_normal,normal
TX10004819,W002311,W000972,0.789331,2026-05-29 03:38:00,synthetic_normal,normal
TX10009606,W000197,W002452,1.856589,2026-05-29 04:05:00,synthetic_normal,normal
TX10002813,W000433,W001095,0.991326,2026-05-29 04:25:00,synthetic_normal,normal
TX10007133,W000879,W000617,0.240143,2026-05-29 04:30:00,synthetic_normal,normal
TX10008910,W001742,W000641,0.513118,2026-05-29 04:52:00,synthetic_normal,normal
TX10006841,W000881,W000707,0.086733,2026-05-29 05:03:00,synthetic_normal,normal
TX10007775,W000554,W001952,0.892968,2026-05-29 06:14:00,synthetic_normal,normal
TX10003374,W000830,W000102,2.093409,2026-05-29 06:17:00,synthetic_normal,normal
TX10002713,W001604,W000340,1.317065,2026-05-29 06:32:00,synthetic_normal,normal
TX10007743,W002288,W001043,0.816703,2026-05-29 06:43:00,synthetic_normal,normal
TX10000514,W000008,W000314,2.821945,2026-05-29 07:08:00,synthetic_anomalous,fan_in
TX10004266,W001219,W001316,0.074221,2026-05-29 07:21:00,synthetic_normal,normal
TX10003662,W001697,W000807,1.100444,2026-05-29 07:22:00,synthetic_normal,normal
TX10006318,W001710,W001407,0.096732,2026-05-29 07:35:00,synthetic_normal,normal
TX10002804,W000814,W000393,0.410729,2026-05-29 08:01:00,synthetic_normal,normal
TX10004583,W001421,W000855,0.535422,2026-05-29 08:27:00,synthetic_normal,normal
TX10001682,W000854,W000665,0.176424,2026-05-29 09:08:00,synthetic_normal,normal
TX10001814,W001629,W001898,1.510813,2026-05-29 09:48:00,synthetic_normal,normal
TX10008976,W001668,W001925,0.403571,2026-05-29 10:28:00,synthetic_normal,normal
TX10004579,W000754,W000104,0.479763,2026-05-29 10:29:00,synthetic_normal,normal
TX10000345,W000027,W001582,1.485549,2026-05-29 10:46:00,synthetic_anomalous,fan_out
TX10005638,W001621,W002388,0.437461,2026-05-29 11:36:00,synthetic_normal,normal
TX10003211,W002109,W001943,0.293567,2026-05-29 12:32:00,synthetic_normal,normal
TX10001856,W001837,W002200,0.08819,2026-05-29 13:21:00,synthetic_normal,normal
TX10005149,W000407,W000048,0.624297,2026-05-29 13:49:00,synthetic_normal,normal
TX10008610,W000650,W002037,2.033622,2026-05-29 13:59:00,synthetic_normal,normal
TX10009368,W000068,W001143,0.70428,2026-05-29 14:58:00,synthetic_normal,normal
TX10002366,W001815,W002324,0.367262,2026-05-29 15:06:00,synthetic_normal,normal
TX10003660,W002245,W002428,0.283608,2026-05-29 15:16:00,synthetic_normal,normal
TX10006784,W002178,W001638,0.366648,2026-05-29 15:25:00,synthetic_normal,normal
TX10002665,W001011,W002263,0.382316,2026-05-29 16:30:00,synthetic_normal,normal
TX10007688,W002014,W002106,0.72786,2026-05-29 17:33:00,synthetic_normal,normal
TX10007104,W002401,W000698,0.282418,2026-05-29 17:54:00,synthetic_normal,normal
TX10004856,W002361,W000026,0.522036,2026-05-29 18:19:00,synthetic_normal,normal
TX10006878,W000259,W001134,0.445673,2026-05-29 18:22:00,synthetic_normal,normal
TX10005824,W002150,W000695,0.490918,2026-05-29 18:40:00,synthetic_normal,normal
TX10007604,W002210,W001664,0.554657,2026-05-29 19:29:00,synthetic_normal,normal
TX10009986,W000041,W002379,0.599734,2026-05-29 19:51:00,synthetic_normal,normal
TX10004657,W000450,W000162,0.153625,2026-05-29 20:32:00,synthetic_normal,normal
TX10003621,W000550,W000248,0.520671,2026-05-29 20:58:00,synthetic_normal,normal
TX10009926,W001808,W002389,0.36187,2026-05-29 21:48:00,synthetic_normal,normal
TX10009480,W000397,W001892,0.535626,2026-05-29 23:52:00,synthetic_normal,normal
TX10001271,W000734,W000353,1.214949,2026-05-30 00:19:00,synthetic_normal,normal
TX10005067,W000190,W002126,0.271039,2026-05-30 00:48:00,synthetic_normal,normal
TX10001216,W000612,W000286,0.472712,2026-05-30 01:58:00,synthetic_normal,normal
TX10006912,W001079,W001080,2.076609,2026-05-30 02:16:00,synthetic_normal,normal
TX10007778,W001649,W001353,0.148557,2026-05-30 02:35:00,synthetic_normal,normal
TX10000656,W000566,W002274,11.856264,2026-05-30 02:51:00,synthetic_anomalous,rapid_chain
TX10002270,W001502,W001859,0.119992,2026-05-30 03:01:00,synthetic_normal,normal
TX10003666,W002420,W001023,0.425138,2026-05-30 04:21:00,synthetic_normal,normal
TX10007524,W001553,W000623,2.092155,2026-05-30 04:30:00,synthetic_normal,normal
TX10004816,W001049,W002290,1.100241,2026-05-30 04:50:00,synthetic_normal,normal
TX10002000,W001141,W001877,0.155981,2026-05-30 04:58:00,synthetic_normal,normal
TX10008059,W001732,W000562,0.527818,2026-05-30 06:15:00,synthetic_normal,normal
TX10005895,W001799,W001342,0.483035,2026-05-30 06:42:00,synthetic_normal,normal
TX10004241,W002207,W001788,0.467274,2026-05-30 07:49:00,synthetic_normal,normal
TX10006485,W001319,W000454,0.314939,2026-05-30 08:19:00,synthetic_normal,normal
TX10001308,W001417,W001654,0.116129,2026-05-30 08:19:00,synthetic_normal,normal
TX10006636,W000842,W001397,0.455356,2026-05-30 08:22:00,synthetic_normal,normal
TX10000213,W000008,W000164,2.203787,2026-05-30 09:29:00,synthetic_anomalous,high_connectivity
TX10001392,W000747,W000487,0.495459,2026-05-30 09:43:00,synthetic_normal,normal
TX10008977,W002217,W000129,0.689513,2026-05-30 09:47:00,synthetic_normal,normal
TX10003235,W001846,W000072,1.181411,2026-05-30 10:03:00,synthetic_normal,normal
TX10005058,W000853,W000756,2.404191,2026-05-30 10:20:00,synthetic_normal,normal
TX10001742,W001163,W000952,0.251764,2026-05-30 10:40:00,synthetic_normal,normal
TX10001997,W002000,W000382,0.479838,2026-05-30 11:06:00,synthetic_normal,normal
TX10006713,W001774,W001657,0.569646,2026-05-30 11:14:00,synthetic_normal,normal
TX10003720,W000292,W001951,0.458034,2026-05-30 12:24:00,synthetic_normal,normal
TX10004338,W000762,W002242,0.579935,2026-05-30 13:20:00,synthetic_normal,normal
TX10000533,W000022,W002369,11.451754,2026-05-30 13:48:00,synthetic_anomalous,high_connectivity
TX10007072,W002027,W001321,0.526897,2026-05-30 14:06:00,synthetic_normal,normal
TX10000594,W000032,W000236,5.874845,2026-05-30 14:16:00,synthetic_anomalous,fan_in
TX10006017,W002005,W002486,0.492441,2026-05-30 15:01:00,synthetic_normal,normal
TX10009808,W000312,W002138,0.104274,2026-05-30 15:29:00,synthetic_normal,normal
TX10005393,W000569,W000412,1.179243,2026-05-30 15:48:00,synthetic_normal,normal
TX10008593,W000993,W001944,0.351102,2026-05-30 15:59:00,synthetic_normal,normal
TX10007148,W000697,W000763,0.3498,2026-05-30 16:49:00,synthetic_normal,normal
TX10004079,W000493,W002074,0.404701,2026-05-30 17:16:00,synthetic_normal,normal
TX10008236,W000386,W001285,0.799327,2026-05-30 17:28:00,synthetic_normal,normal
TX10000570,W000023,W000884,6.916134,2026-05-30 17:59:00,synthetic_anomalous,fan_in
TX10005365,W001245,W000339,0.826861,2026-05-30 18:10:00,synthetic_normal,normal
TX10008353,W001612,W001170,0.130809,2026-05-30 18:57:00,synthetic_normal,normal
TX10002304,W000135,W000280,0.257846,2026-05-30 19:47:00,synthetic_normal,normal
TX10009516,W002229,W001016,2.484115,2026-05-30 20:11:00,synthetic_normal,normal
TX10007859,W000730,W001592,0.533192,2026-05-30 20:26:00,synthetic_normal,normal
TX10006052,W001565,W000779,0.431672,2026-05-30 20:41:00,synthetic_normal,normal
TX10001344,W000591,W000606,0.297198,2026-05-30 20:50:00,synthetic_normal,normal
TX10002866,W000373,W001989,0.835895,2026-05-30 20:56:00,synthetic_normal,normal
TX10005889,W001173,W001303,1.020966,2026-05-30 21:09:00,synthetic_normal,normal
TX10007614,W000255,W002145,1.635591,2026-05-30 21:38:00,synthetic_normal,normal
TX10006913,W000650,W001371,0.216132,2026-05-30 21:40:00,synthetic_normal,normal
TX10001048,W001333,W000415,0.424878,2026-05-30 21:49:00,synthetic_normal,normal
TX10008324,W000458,W001056,0.238922,2026-05-30 21:52:00,synthetic_normal,normal
TX10006138,W000841,W002219,0.861247,2026-05-30 22:11:00,synthetic_normal,normal
TX10001521,W000325,W000782,0.318357,2026-05-30 22:19:00,synthetic_normal,normal
TX10007990,W001753,W001196,0.253172,2026-05-30 22:21:00,synthetic_normal,normal
TX10002501,W002048,W001144,0.159547,2026-05-30 22:53:00,synthetic_normal,normal
TX10002787,W002151,W002442,0.899164,2026-05-30 23:58:00,synthetic_normal,normal
TX10000064,W002120,W002229,5.610199,2026-05-31 00:09:00,synthetic_anomalous,rapid_chain
TX10003549,W001758,W001736,0.464491,2026-05-31 01:18:00,synthetic_normal,normal
TX10003885,W002247,W002279,0.128496,2026-05-31 02:55:00,synthetic_normal,normal
TX10004195,W001206,W000099,0.508098,2026-05-31 03:14:00,synthetic_normal,normal
TX10006129,W001002,W002405,0.657562,2026-05-31 03:19:00,synthetic_normal,normal
TX10001082,W001373,W001511,0.167183,2026-05-31 03:23:00,synthetic_normal,normal
TX10007122,W000048,W001984,0.361335,2026-05-31 03:25:00,synthetic_normal,normal
TX10006394,W001454,W001442,0.238535,2026-05-31 04:13:00,synthetic_normal,normal
TX10002333,W000610,W000908,0.906723,2026-05-31 04:31:00,synthetic_normal,normal
TX10004149,W001286,W000764,0.408326,2026-05-31 05:10:00,synthetic_normal,normal
TX10007340,W002209,W001433,0.190373,2026-05-31 06:21:00,synthetic_normal,normal
TX10003761,W000408,W000618,0.325033,2026-05-31 06:24:00,synthetic_normal,normal
TX10004899,W000038,W000811,1.271684,2026-05-31 06:38:00,synthetic_normal,normal
TX10005415,W002121,W001828,0.386495,2026-05-31 07:34:00,synthetic_normal,normal
TX10003807,W001355,W000919,0.396202,2026-05-31 07:42:00,synthetic_normal,normal
TX10007201,W001197,W001658,0.417602,2026-05-31 07:47:00,synthetic_normal,normal
TX10003728,W000162,W001172,1.169531,2026-05-31 07:54:00,synthetic_normal,normal
TX10008421,W002466,W001023,1.082448,2026-05-31 08:04:00,synthetic_normal,normal
TX10004298,W002381,W001093,0.501628,2026-05-31 08:26:00,synthetic_normal,normal
TX10009195,W000537,W002429,0.386486,2026-05-31 11:03:00,synthetic_normal,normal
TX10006188,W002375,W000704,1.064167,2026-05-31 11:38:00,synthetic_normal,normal
TX10007729,W000216,W001588,0.578896,2026-05-31 11:43:00,synthetic_normal,normal
TX10003273,W001151,W000744,0.165555,2026-05-31 11:55:00,synthetic_normal,normal
TX10003771,W000042,W001200,0.446231,2026-05-31 13:04:00,synthetic_normal,normal
TX10004080,W001416,W000491,0.96408,2026-05-31 14:02:00,synthetic_normal,normal
TX10004923,W001747,W001958,0.499081,2026-05-31 14:32:00,synthetic_normal,normal
TX10001188,W001724,W001179,0.262056,2026-05-31 14:53:00,synthetic_normal,normal
TX10006624,W002268,W001448,1.317446,2026-05-31 14:53:00,synthetic_normal,normal
TX10006098,W001124,W001406,0.34844,2026-05-31 16:02:00,synthetic_normal,normal
TX10005585,W001933,W001867,0.337641,2026-05-31 16:04:00,synthetic_normal,normal
TX10003522,W001315,W001732,0.648872,2026-05-31 16:13:00,synthetic_normal,normal
TX10008360,W002372,W000193,0.766258,2026-05-31 16:26:00,synthetic_normal,normal
TX10007073,W001169,W001150,1.662111,2026-05-31 17:20:00,synthetic_normal,normal
TX10006875,W001640,W001695,0.512456,2026-05-31 17:34:00,synthetic_normal,normal
TX10001717,W002486,W002401,0.503072,2026-05-31 17:51:00,synthetic_normal,normal
TX10006282,W000075,W002328,1.091964,2026-05-31 18:01:00,synthetic_normal,normal
TX10003376,W000795,W001923,0.488382,2026-05-31 19:41:00,synthetic_normal,normal
TX10009124,W002254,W001042,0.389012,2026-05-31 20:27:00,synthetic_normal,normal
TX10003333,W000410,W001499,1.029791,2026-05-31 20:46:00,synthetic_normal,normal
TX10001685,W001932,W001799,0.255023,2026-05-31 21:02:00,synthetic_normal,normal
TX10006956,W001902,W001037,0.265207,2026-05-31 21:39:00,synthetic_normal,normal
TX10005655,W001167,W001651,0.27286,2026-05-31 21:45:00,synthetic_normal,normal
TX10005427,W000817,W002077,0.382193,2026-05-31 21:50:00,synthetic_normal,normal
TX10007515,W001106,W001769,0.881016,2026-05-31 21:56:00,synthetic_normal,normal
TX10007351,W000922,W000064,0.268926,2026-05-31 22:15:00,synthetic_normal,normal
TX10000324,W000259,W001307,2.454675,2026-05-31 23:58:00,synthetic_anomalous,high_frequency
TX10003514,W002461,W000671,0.081771,2026-06-01 00:07:00,synthetic_normal,normal
TX10009895,W000259,W000501,0.547301,2026-06-01 00:08:00,synthetic_normal,normal
TX10007060,W002417,W002047,0.851251,2026-06-01 00:14:00,synthetic_normal,normal
TX10001888,W000864,W001694,0.156335,2026-06-01 00:15:00,synthetic_normal,normal
TX10005656,W000769,W001561,1.090855,2026-06-01 00:39:00,synthetic_normal,normal
TX10000158,W000013,W001070,3.081285,2026-06-01 00:42:00,synthetic_anomalous,ip_wallet_reuse
TX10004946,W001591,W002456,0.095177,2026-06-01 00:59:00,synthetic_normal,normal
TX10006039,W002377,W001750,0.178491,2026-06-01 01:16:00,synthetic_normal,normal
TX10002599,W000810,W002266,0.306169,2026-06-01 02:08:00,synthetic_normal,normal
TX10009699,W000303,W001295,0.7742,2026-06-01 02:41:00,synthetic_normal,normal
TX10007108,W000888,W002217,0.273667,2026-06-01 03:00:00,synthetic_normal,normal
TX10002320,W000596,W000013,0.670036,2026-06-01 03:06:00,synthetic_normal,normal
TX10004828,W000982,W001529,0.177078,2026-06-01 03:28:00,synthetic_normal,normal
TX10000313,W000023,W000573,1.843423,2026-06-01 04:17:00,synthetic_anomalous,fan_out
TX10001757,W001791,W000253,0.310308,2026-06-01 04:28:00,synthetic_normal,normal
TX10009873,W001938,W001755,0.311231,2026-06-01 04:48:00,synthetic_normal,normal
TX10000259,W000035,W000886,2.171257,2026-06-01 05:02:00,synthetic_anomalous,cross_border_burst
TX10002271,W000437,W002449,0.544987,2026-06-01 05:07:00,synthetic_normal,normal
TX10004509,W000563,W000534,1.389166,2026-06-01 05:23:00,synthetic_normal,normal
TX10007600,W001117,W000910,0.550336,2026-06-01 05:27:00,synthetic_normal,normal
TX10003548,W000378,W001420,0.162102,2026-06-01 05:45:00,synthetic_normal,normal
TX10007852,W001161,W000429,0.464153,2026-06-01 05:45:00,synthetic_normal,normal
TX10003960,W000814,W000197,1.173921,2026-06-01 05:57:00,synthetic_normal,normal
TX10002814,W001328,W000941,0.773524,2026-06-01 07:30:00,synthetic_normal,normal
TX10001828,W001524,W001751,0.496205,2026-06-01 07:33:00,synthetic_normal,normal
TX10004181,W000831,W001421,0.431251,2026-06-01 07:58:00,synthetic_normal,normal
TX10009572,W001528,W001993,0.263203,2026-06-01 07:59:00,synthetic_normal,normal
TX10001910,W001799,W000353,0.226364,2026-06-01 09:35:00,synthetic_normal,normal
TX10008475,W001089,W001431,0.900483,2026-06-01 10:16:00,synthetic_normal,normal
TX10003439,W002285,W000526,0.604327,2026-06-01 10:57:00,synthetic_normal,normal
TX10001015,W002388,W000419,2.327145,2026-06-01 11:25:00,synthetic_normal,normal
TX10006396,W001887,W001956,0.436198,2026-06-01 11:32:00,synthetic_normal,normal
TX10003342,W001622,W001206,1.107086,2026-06-01 11:55:00,synthetic_normal,normal
TX10005482,W002166,W001294,0.255922,2026-06-01 12:07:00,synthetic_normal,normal
TX10001440,W002406,W000855,0.326312,2026-06-01 12:41:00,synthetic_normal,normal
TX10006649,W001672,W000473,0.211414,2026-06-01 12:53:00,synthetic_normal,normal
TX10008406,W000438,W002101,0.590211,2026-06-01 13:37:00,synthetic_normal,normal
TX10003581,W001466,W000967,0.580808,2026-06-01 13:38:00,synthetic_normal,normal
TX10009335,W000136,W001793,0.193633,2026-06-01 13:48:00,synthetic_normal,normal
TX10002480,W000312,W000737,0.136041,2026-06-01 14:08:00,synthetic_normal,normal
TX10008439,W001403,W001963,0.835475,2026-06-01 14:08:00,synthetic_normal,normal
TX10005657,W000638,W001742,0.250987,2026-06-01 14:42:00,synthetic_normal,normal
TX10005760,W002121,W001299,0.890736,2026-06-01 15:09:00,synthetic_normal,normal
TX10009049,W000934,W000466,0.348261,2026-06-01 15:22:00,synthetic_normal,normal
TX10005665,W000189,W001875,0.69416,2026-06-01 16:15:00,synthetic_normal,normal
TX10007708,W001577,W000311,0.332373,2026-06-01 16:46:00,synthetic_normal,normal
TX10008067,W002173,W000445,1.146168,2026-06-01 16:59:00,synthetic_normal,normal
TX10003291,W000547,W001063,0.504463,2026-06-01 17:14:00,synthetic_normal,normal
TX10002221,W000998,W000131,0.237646,2026-06-01 17:37:00,synthetic_normal,normal
TX10008022,W000930,W000082,0.740719,2026-06-01 17:42:00,synthetic_normal,normal
TX10006550,W000879,W002214,0.19369,2026-06-01 18:21:00,synthetic_normal,normal
TX10009376,W002426,W002448,0.589328,2026-06-01 18:48:00,synthetic_normal,normal
TX10000801,W000032,W002023,2.050169,2026-06-01 19:20:00,synthetic_anomalous,fan_out
TX10009510,W000717,W000822,0.229686,2026-06-01 20:39:00,synthetic_normal,normal
TX10002541,W002086,W002042,0.295291,2026-06-01 20:47:00,synthetic_normal,normal
TX10001704,W002456,W002426,0.397415,2026-06-01 21:33:00,synthetic_normal,normal
TX10001365,W001979,W001429,0.359131,2026-06-01 22:50:00,synthetic_normal,normal
TX10003539,W001230,W000996,0.530698,2026-06-01 23:35:00,synthetic_normal,normal
TX10004942,W000813,W001434,0.259856,2026-06-01 23:46:00,synthetic_normal,normal
TX10009646,W002388,W000492,0.709742,2026-06-02 00:14:00,synthetic_normal,normal
TX10001673,W001746,W000057,0.313787,2026-06-02 00:33:00,synthetic_normal,normal
TX10009397,W001989,W001935,0.247399,2026-06-02 01:07:00,synthetic_normal,normal
TX10003696,W001236,W001329,0.21143,2026-06-02 01:16:00,synthetic_normal,normal
TX10005919,W000507,W000235,0.564214,2026-06-02 01:42:00,synthetic_normal,normal
TX10006782,W000475,W001449,0.286612,2026-06-02 01:56:00,synthetic_normal,normal
TX10001176,W000123,W001409,0.230583,2026-06-02 02:20:00,synthetic_normal,normal
TX10005426,W001814,W001498,0.311176,2026-06-02 02:59:00,synthetic_normal,normal
TX10008342,W000289,W001841,1.454025,2026-06-02 03:26:00,synthetic_normal,normal
TX10008048,W002137,W002306,0.28478,2026-06-02 03:47:00,synthetic_normal,normal
TX10008675,W002388,W001396,0.645736,2026-06-02 03:58:00,synthetic_normal,normal
TX10008556,W001337,W001900,0.960497,2026-06-02 04:02:00,synthetic_normal,normal
TX10001129,W001844,W002226,0.316838,2026-06-02 04:08:00,synthetic_normal,normal
TX10009668,W001982,W001059,0.289125,2026-06-02 05:00:00,synthetic_normal,normal
TX10008911,W001838,W000584,0.246252,2026-06-02 05:16:00,synthetic_normal,normal
TX10008839,W001166,W002036,0.218608,2026-06-02 05:42:00,synthetic_normal,normal
TX10006004,W000930,W001183,0.17231,2026-06-02 06:05:00,synthetic_normal,normal
TX10006929,W001689,W002122,0.776783,2026-06-02 06:52:00,synthetic_normal,normal
TX10005674,W001939,W000987,0.867507,2026-06-02 06:59:00,synthetic_normal,normal
TX10009663,W002403,W000822,0.075366,2026-06-02 07:19:00,synthetic_normal,normal
TX10003971,W001477,W000125,0.239516,2026-06-02 08:11:00,synthetic_normal,normal
TX10003510,W002306,W000859,0.189626,2026-06-02 08:25:00,synthetic_normal,normal
TX10007361,W000643,W000906,0.914763,2026-06-02 09:36:00,synthetic_normal,normal
TX10001223,W002360,W000040,0.522444,2026-06-02 10:16:00,synthetic_normal,normal
TX10003667,W001224,W001088,0.373079,2026-06-02 10:19:00,synthetic_normal,normal
TX10006476,W002470,W000855,0.691378,2026-06-02 10:41:00,synthetic_normal,normal
TX10008102,W002226,W002277,0.762046,2026-06-02 10:45:00,synthetic_normal,normal
TX10001500,W000260,W001000,0.642458,2026-06-02 10:58:00,synthetic_normal,normal
TX10008448,W001630,W000829,0.606502,2026-06-02 10:59:00,synthetic_normal,normal
TX10005486,W001570,W001651,0.425707,2026-06-02 11:20:00,synthetic_normal,normal
TX10000422,W000007,W001872,1.913719,2026-06-02 12:02:00,synthetic_anomalous,ip_wallet_reuse
TX10000351,W000037,W002042,1.801882,2026-06-02 12:53:00,synthetic_anomalous,layered_transfer
TX10009096,W001568,W001724,0.201716,2026-06-02 13:02:00,synthetic_normal,normal
TX10005474,W001900,W001450,0.381706,2026-06-02 13:16:00,synthetic_normal,normal
TX10002817,W000463,W001092,0.688839,2026-06-02 14:03:00,synthetic_normal,normal
TX10008797,W000771,W002347,0.423981,2026-06-02 14:34:00,synthetic_normal,normal
TX10006239,W002388,W001042,0.676927,2026-06-02 15:16:00,synthetic_normal,normal
TX10004847,W000748,W000551,0.31871,2026-06-02 15:36:00,synthetic_normal,normal
TX10003956,W000287,W000796,0.979854,2026-06-02 16:28:00,synthetic_normal,normal
TX10007047,W001595,W001981,0.470627,2026-06-02 16:50:00,synthetic_normal,normal
TX10007144,W000327,W001329,2.24327,2026-06-02 17:38:00,synthetic_normal,normal
TX10007932,W001935,W000714,0.664439,2026-06-02 17:45:00,synthetic_normal,normal
TX10008551,W001947,W000699,0.497569,2026-06-02 18:09:00,synthetic_normal,normal
TX10008123,W001651,W001845,0.230519,2026-06-02 18:51:00,synthetic_normal,normal
TX10008262,W001735,W001982,0.60541,2026-06-02 19:34:00,synthetic_normal,normal
TX10008622,W000183,W002030,0.313601,2026-06-02 20:23:00,synthetic_normal,normal
TX10006382,W001843,W001048,1.144733,2026-06-02 22:08:00,synthetic_normal,normal
TX10002104,W001442,W001167,0.28829,2026-06-02 22:38:00,synthetic_normal,normal
TX10007257,W000577,W002219,0.28709,2026-06-02 22:39:00,synthetic_normal,normal
TX10006508,W001177,W002070,0.289021,2026-06-02 22:42:00,synthetic_normal,normal
TX10005237,W002121,W000012,0.716681,2026-06-02 22:55:00,synthetic_normal,normal
TX10003525,W002281,W001105,0.962204,2026-06-02 23:10:00,synthetic_normal,normal
TX10009491,W000595,W001142,0.149101,2026-06-02 23:48:00,synthetic_normal,normal
TX10007036,W001534,W001738,0.462409,2026-06-03 00:03:00,synthetic_normal,normal
TX10000849,W000012,W002070,1.24119,2026-06-03 00:15:00,synthetic_anomalous,fan_out
TX10006576,W001676,W000923,0.312112,2026-06-03 00:53:00,synthetic_normal,normal
TX10008099,W000533,W000302,0.331437,2026-06-03 01:04:00,synthetic_normal,normal
TX10002950,W000272,W000574,0.443728,2026-06-03 02:06:00,synthetic_normal,normal
TX10006156,W002050,W000139,0.134288,2026-06-03 02:17:00,synthetic_normal,normal
TX10003840,W000701,W001220,0.742996,2026-06-03 02:32:00,synthetic_normal,normal
TX10001954,W000953,W000072,1.040273,2026-06-03 03:16:00,synthetic_normal,normal
TX10001618,W000989,W000724,0.450268,2026-06-03 03:55:00,synthetic_normal,normal
TX10000401,W000041,W001365,3.476866,2026-06-03 04:41:00,synthetic_anomalous,fan_out
TX10003814,W000484,W002499,0.319685,2026-06-03 05:04:00,synthetic_normal,normal
TX10004193,W000167,W002102,0.32643,2026-06-03 05:21:00,synthetic_normal,normal
TX10008608,W000113,W000848,1.063795,2026-06-03 07:14:00,synthetic_normal,normal
TX10009213,W001563,W000168,0.717734,2026-06-03 07:32:00,synthetic_normal,normal
TX10007018,W001574,W002373,1.227703,2026-06-03 07:44:00,synthetic_normal,normal
TX10003449,W000204,W001130,0.119057,2026-06-03 07:59:00,synthetic_normal,normal
TX10005260,W001929,W000643,0.230032,2026-06-03 08:17:00,synthetic_normal,normal
TX10007014,W001940,W000970,0.329077,2026-06-03 09:16:00,synthetic_normal,normal
TX10001449,W000463,W000525,0.258279,2026-06-03 09:26:00,synthetic_normal,normal
TX10009177,W002497,W000523,0.888988,2026-06-03 09:38:00,synthetic_normal,normal
TX10006111,W001906,W000313,0.454673,2026-06-03 10:10:00,synthetic_normal,normal
TX10009123,W001723,W000457,0.189382,2026-06-03 10:21:00,synthetic_normal,normal
TX10001422,W000707,W000406,0.20835,2026-06-03 10:38:00,synthetic_normal,normal
TX10002941,W000133,W000354,0.09741,2026-06-03 11:08:00,synthetic_normal,normal
TX10008490,W000870,W000559,1.297585,2026-06-03 11:12:00,synthetic_normal,normal
TX10007234,W000784,W001862,1.503825,2026-06-03 11:49:00,synthetic_normal,normal
TX10006453,W002363,W001538,0.257888,2026-06-03 11:50:00,synthetic_normal,normal
TX10007231,W001300,W000077,0.096614,2026-06-03 12:03:00,synthetic_normal,normal
TX10001998,W000745,W000439,0.381765,2026-06-03 12:07:00,synthetic_normal,normal
TX10004660,W000857,W000784,0.531762,2026-06-03 12:13:00,synthetic_normal,normal
TX10008752,W002242,W000592,0.419903,2026-06-03 12:38:00,synthetic_normal,normal
TX10007315,W002261,W001593,0.383547,2026-06-03 13:27:00,synthetic_normal,normal
TX10003478,W002084,W002015,2.450741,2026-06-03 14:13:00,synthetic_normal,normal
TX10009523,W000300,W001348,0.304775,2026-06-03 14:13:00,synthetic_normal,normal
TX10004120,W001020,W001430,0.449313,2026-06-03 15:01:00,synthetic_normal,normal
TX10000526,W000002,W000694,8.318392,2026-06-03 15:28:00,synthetic_anomalous,ip_wallet_reuse
TX10009796,W001641,W002097,0.744283,2026-06-03 15:55:00,synthetic_normal,normal
TX10008316,W001668,W000193,0.900601,2026-06-03 16:01:00,synthetic_normal,normal
TX10007820,W002052,W000665,0.356858,2026-06-03 16:42:00,synthetic_normal,normal
TX10007876,W002182,W000079,0.686335,2026-06-03 16:46:00,synthetic_normal,normal
TX10009864,W002062,W001636,0.374035,2026-06-03 18:02:00,synthetic_normal,normal
TX10001544,W001107,W000003,0.448428,2026-06-03 18:09:00,synthetic_normal,normal
TX10002816,W001171,W000839,0.367926,2026-06-03 19:23:00,synthetic_normal,normal
TX10001724,W001478,W001234,0.300647,2026-06-03 19:23:00,synthetic_normal,normal
TX10008766,W002035,W001042,0.430417,2026-06-03 19:29:00,synthetic_normal,normal
TX10004488,W000309,W002277,0.805715,2026-06-03 19:36:00,synthetic_normal,normal
TX10001125,W000352,W001139,0.977321,2026-06-03 20:07:00,synthetic_normal,normal
TX10009298,W001723,W001368,0.349658,2026-06-03 20:17:00,synthetic_normal,normal
TX10002952,W001898,W002196,0.251152,2026-06-03 20:38:00,synthetic_normal,normal
TX10001725,W002500,W000973,1.85215,2026-06-03 20:49:00,synthetic_normal,normal
TX10005862,W002092,W000722,0.169241,2026-06-03 21:26:00,synthetic_normal,normal
TX10005635,W000462,W002464,0.322054,2026-06-03 21:49:00,synthetic_normal,normal
TX10006000,W001756,W001661,1.0496,2026-06-03 22:21:00,synthetic_normal,normal
TX10008754,W000162,W000844,0.182597,2026-06-03 22:43:00,synthetic_normal,normal
TX10004183,W001930,W000662,0.447884,2026-06-03 22:54:00,synthetic_normal,normal
TX10006579,W002207,W002367,0.278994,2026-06-03 23:38:00,synthetic_normal,normal
TX10008887,W000768,W000351,0.096521,2026-06-04 00:44:00,synthetic_normal,normal
TX10008435,W000446,W000552,0.273777,2026-06-04 01:33:00,synthetic_normal,normal
TX10006353,W002293,W002321,0.091357,2026-06-04 02:02:00,synthetic_normal,normal
TX10001169,W001899,W002078,0.485437,2026-06-04 02:40:00,synthetic_normal,normal
TX10000554,W000028,W002456,10.266714,2026-06-04 02:42:00,synthetic_anomalous,fan_in
TX10000409,W000012,W000781,11.066436,2026-06-04 02:55:00,synthetic_anomalous,fan_out
TX10009434,W001535,W000321,0.814752,2026-06-04 03:14:00,synthetic_normal,normal
TX10007819,W002340,W000159,0.423545,2026-06-04 03:38:00,synthetic_normal,normal
TX10004789,W002403,W000590,0.200862,2026-06-04 04:13:00,synthetic_normal,normal
TX10005524,W001275,W002462,0.296239,2026-06-04 04:36:00,synthetic_normal,normal
TX10003179,W001485,W001052,0.782687,2026-06-04 04:39:00,synthetic_normal,normal
TX10001400,W001907,W000429,0.408085,2026-06-04 04:40:00,synthetic_normal,normal
TX10003257,W002330,W001290,0.388135,2026-06-04 04:49:00,synthetic_normal,normal
TX10000567,W000006,W000030,5.984868,2026-06-04 04:54:00,synthetic_anomalous,layered_transfer
TX10009560,W000457,W002207,1.545538,2026-06-04 04:58:00,synthetic_normal,normal
TX10005701,W000680,W001190,0.160579,2026-06-04 04:59:00,synthetic_normal,normal
TX10005278,W001188,W001079,0.399116,2026-06-04 05:09:00,synthetic_normal,normal
TX10009300,W000068,W001501,0.256679,2026-06-04 05:13:00,synthetic_normal,normal
TX10005606,W000231,W001351,0.203237,2026-06-04 05:14:00,synthetic_normal,normal
TX10007658,W000061,W002387,0.433936,2026-06-04 05:27:00,synthetic_normal,normal
TX10002398,W000352,W001105,1.128858,2026-06-04 05:39:00,synthetic_normal,normal
TX10005958,W001944,W000084,0.185941,2026-06-04 06:09:00,synthetic_normal,normal
TX10004435,W000123,W002276,0.647422,2026-06-04 06:46:00,synthetic_normal,normal
TX10009067,W001527,W001053,0.543615,2026-06-04 06:55:00,synthetic_normal,normal
TX10005986,W000956,W000996,0.604355,2026-06-04 08:51:00,synthetic_normal,normal
TX10003809,W000543,W001844,0.164757,2026-06-04 10:11:00,synthetic_normal,normal
TX10008436,W001706,W001130,0.143785,2026-06-04 10:23:00,synthetic_normal,normal
TX10009068,W001761,W000760,0.168553,2026-06-04 11:21:00,synthetic_normal,normal
TX10004948,W000096,W002118,0.223497,2026-06-04 11:24:00,synthetic_normal,normal
TX10008529,W001183,W000404,1.533453,2026-06-04 12:02:00,synthetic_normal,normal
TX10004504,W001003,W001222,0.159174,2026-06-04 12:11:00,synthetic_normal,normal
TX10006297,W001898,W001271,0.819954,2026-06-04 12:17:00,synthetic_normal,normal
TX10006815,W000867,W001825,0.54286,2026-06-04 13:00:00,synthetic_normal,normal
TX10007320,W002174,W000750,0.128555,2026-06-04 13:22:00,synthetic_normal,normal
TX10002336,W000788,W002129,0.424818,2026-06-04 13:38:00,synthetic_normal,normal
TX10004041,W000347,W001505,0.791328,2026-06-04 14:05:00,synthetic_normal,normal
TX10009037,W001992,W002010,0.371826,2026-06-04 15:11:00,synthetic_normal,normal
TX10001087,W000883,W001494,1.039817,2026-06-04 16:10:00,synthetic_normal,normal
TX10000613,W000015,W002217,4.088086,2026-06-04 16:23:00,synthetic_anomalous,high_connectivity
TX10007849,W000805,W000131,0.451137,2026-06-04 16:26:00,synthetic_normal,normal
TX10007806,W000816,W001144,0.62456,2026-06-04 16:51:00,synthetic_normal,normal
TX10002357,W001657,W000610,2.758673,2026-06-04 17:14:00,synthetic_normal,normal
TX10001589,W001733,W001340,0.224273,2026-06-04 17:27:00,synthetic_normal,normal
TX10000984,W001205,W000157,0.795027,2026-06-04 17:50:00,synthetic_anomalous,rapid_chain
TX10001546,W000565,W001736,0.861835,2026-06-04 17:50:00,synthetic_normal,normal
TX10004806,W002062,W002370,0.927211,2026-06-04 19:42:00,synthetic_normal,normal
TX10005991,W002404,W001316,0.704001,2026-06-04 19:59:00,synthetic_normal,normal
TX10006006,W001269,W001675,2.099226,2026-06-04 20:12:00,synthetic_normal,normal
TX10007436,W002188,W002479,1.505773,2026-06-04 20:20:00,synthetic_normal,normal
TX10007642,W001149,W001393,1.77478,2026-06-04 20:39:00,synthetic_normal,normal
TX10004947,W000624,W000171,0.441099,2026-06-04 21:17:00,synthetic_normal,normal
TX10004222,W000240,W000571,1.079526,2026-06-04 21:21:00,synthetic_normal,normal
TX10001557,W001362,W002285,0.834187,2026-06-04 23:53:00,synthetic_normal,normal
TX10003242,W000192,W001503,0.820607,2026-06-05 00:16:00,synthetic_normal,normal
TX10006902,W001435,W000054,1.162597,2026-06-05 01:20:00,synthetic_normal,normal
TX10000565,W000020,W002300,5.030965,2026-06-05 01:49:00,synthetic_anomalous,high_connectivity
TX10005129,W000945,W000268,0.28733,2026-06-05 03:38:00,synthetic_normal,normal
TX10002987,W001508,W001769,1.221452,2026-06-05 03:54:00,synthetic_normal,normal
TX10008424,W000691,W002010,0.474693,2026-06-05 04:34:00,synthetic_normal,normal
TX10004037,W000239,W000946,1.284147,2026-06-05 04:42:00,synthetic_normal,normal
TX10000175,W000040,W001555,5.574213,2026-06-05 04:49:00,synthetic_anomalous,layered_transfer
TX10006808,W001783,W002157,0.482786,2026-06-05 05:38:00,synthetic_normal,normal
TX10002823,W000698,W000369,0.854448,2026-06-05 05:49:00,synthetic_normal,normal
TX10002455,W001630,W002033,0.548572,2026-06-05 05:54:00,synthetic_normal,normal
TX10002918,W002144,W000748,0.74416,2026-06-05 07:31:00,synthetic_normal,normal
TX10003941,W001076,W002005,0.630281,2026-06-05 08:12:00,synthetic_normal,normal
TX10009485,W000988,W001526,0.955455,2026-06-05 08:47:00,synthetic_normal,normal
TX10009457,W000937,W001093,0.68398,2026-06-05 09:14:00,synthetic_normal,normal
TX10002443,W000134,W001724,0.782069,2026-06-05 09:21:00,synthetic_normal,normal
TX10004356,W001209,W000027,0.192219,2026-06-05 09:23:00,synthetic_normal,normal
TX10005881,W000220,W001047,0.851175,2026-06-05 09:29:00,synthetic_normal,normal
TX10003810,W002414,W000406,0.170755,2026-06-05 09:53:00,synthetic_normal,normal
TX10008609,W000758,W000638,0.476409,2026-06-05 10:21:00,synthetic_normal,normal
TX10006710,W002007,W000234,0.231888,2026-06-05 10:27:00,synthetic_normal,normal
TX10001341,W001172,W000145,0.299985,2026-06-05 10:28:00,synthetic_normal,normal
TX10003931,W002235,W001277,1.733967,2026-06-05 10:43:00,synthetic_normal,normal
TX10005444,W000893,W000014,1.106993,2026-06-05 11:23:00,synthetic_normal,normal
TX10004637,W001731,W000499,0.872406,2026-06-05 12:05:00,synthetic_normal,normal
TX10008812,W002494,W001809,0.70919,2026-06-05 12:44:00,synthetic_normal,normal
TX10004026,W000019,W001402,0.079374,2026-06-05 12:57:00,synthetic_normal,normal
TX10009801,W001453,W000933,0.462252,2026-06-05 13:18:00,synthetic_normal,normal
TX10000177,W000035,W001455,3.033361,2026-06-05 13:47:00,synthetic_anomalous,fan_out
TX10001263,W000284,W002280,0.540117,2026-06-05 14:07:00,synthetic_normal,normal
TX10000083,W001221,W001242,3.268287,2026-06-05 14:29:00,synthetic_anomalous,cross_border_burst
TX10002736,W000030,W001451,0.276427,2026-06-05 15:01:00,synthetic_normal,normal
TX10001277,W000946,W000024,0.080735,2026-06-05 15:19:00,synthetic_normal,normal
TX10000876,W001458,W000384,7.822975,2026-06-05 16:08:00,synthetic_anomalous,high_frequency
TX10009844,W000514,W000729,0.301247,2026-06-05 16:12:00,synthetic_normal,normal
TX10004797,W000222,W002147,0.335186,2026-06-05 18:47:00,synthetic_normal,normal
TX10007653,W000530,W000243,0.300528,2026-06-05 18:54:00,synthetic_normal,normal
TX10008857,W000302,W000725,0.437937,2026-06-05 18:56:00,synthetic_normal,normal
TX10009827,W000437,W001795,0.212557,2026-06-05 18:58:00,synthetic_normal,normal
TX10004706,W001331,W000890,1.003993,2026-06-05 21:27:00,synthetic_normal,normal
TX10004260,W001904,W000821,0.448527,2026-06-05 21:58:00,synthetic_normal,normal
TX10006510,W001274,W000691,0.785991,2026-06-05 22:05:00,synthetic_normal,normal
TX10007118,W000745,W001400,0.340202,2026-06-05 22:34:00,synthetic_normal,normal
TX10001209,W002008,W002485,0.852908,2026-06-05 23:07:00,synthetic_normal,normal
TX10008721,W002170,W000329,0.134168,2026-06-05 23:44:00,synthetic_normal,normal
TX10003620,W001405,W001652,0.145021,2026-06-06 00:34:00,synthetic_normal,normal
TX10007432,W000626,W001338,0.394603,2026-06-06 01:31:00,synthetic_normal,normal
TX10006326,W001279,W000980,0.642985,2026-06-06 01:37:00,synthetic_normal,normal
TX10000128,W001573,W000240,0.853544,2026-06-06 01:43:00,synthetic_anomalous,rapid_chain
TX10009105,W000136,W002259,0.186165,2026-06-06 02:11:00,synthetic_normal,normal
TX10007429,W001194,W000625,0.434647,2026-06-06 02:12:00,synthetic_normal,normal
TX10006606,W002499,W000620,0.177509,2026-06-06 02:33:00,synthetic_normal,normal
TX10007831,W000057,W001370,0.215426,2026-06-06 02:44:00,synthetic_normal,normal
TX10006068,W000459,W000269,0.204121,2026-06-06 03:09:00,synthetic_normal,normal
TX10003351,W001265,W002411,0.098932,2026-06-06 03:14:00,synthetic_normal,normal
TX10005575,W001329,W000720,0.509545,2026-06-06 03:48:00,synthetic_normal,normal
TX10000681,W000002,W001144,0.594723,2026-06-06 04:12:00,synthetic_anomalous,fan_out
TX10006206,W000225,W000342,0.275181,2026-06-06 04:21:00,synthetic_normal,normal
TX10004862,W001210,W001351,0.682964,2026-06-06 04:26:00,synthetic_normal,normal
TX10009259,W000370,W000563,0.28316,2026-06-06 04:26:00,synthetic_normal,normal
TX10001456,W001384,W001970,0.088389,2026-06-06 05:01:00,synthetic_normal,normal
TX10004342,W002101,W000148,0.746759,2026-06-06 05:01:00,synthetic_normal,normal
TX10001359,W001362,W002262,0.38833,2026-06-06 05:08:00,synthetic_normal,normal
TX10009544,W000581,W000064,0.447952,2026-06-06 05:39:00,synthetic_normal,normal
TX10006428,W001779,W000987,0.128458,2026-06-06 06:41:00,synthetic_normal,normal
TX10001376,W002470,W002103,0.642114,2026-06-06 06:44:00,synthetic_normal,normal
TX10006596,W001252,W000672,0.462253,2026-06-06 06:48:00,synthetic_normal,normal
TX10002077,W001686,W000897,0.588533,2026-06-06 06:54:00,synthetic_normal,normal
TX10005936,W001990,W001505,0.259372,2026-06-06 07:16:00,synthetic_normal,normal
TX10001351,W000744,W000771,0.550008,2026-06-06 07:31:00,synthetic_normal,normal
TX10007397,W001105,W000855,1.31451,2026-06-06 07:47:00,synthetic_normal,normal
TX10004652,W000023,W001497,0.614003,2026-06-06 08:15:00,synthetic_normal,normal
TX10008402,W000196,W000740,1.156791,2026-06-06 08:54:00,synthetic_normal,normal
TX10004258,W000556,W001838,0.173614,2026-06-06 09:02:00,synthetic_normal,normal
TX10000673,W000010,W000922,5.853706,2026-06-06 09:36:00,synthetic_anomalous,fan_out
TX10002209,W001111,W002160,1.032911,2026-06-06 10:18:00,synthetic_normal,normal
TX10006760,W002416,W000714,0.568236,2026-06-06 10:27:00,synthetic_normal,normal
TX10003304,W001466,W001819,0.210969,2026-06-06 10:28:00,synthetic_normal,normal
TX10008154,W002079,W000673,0.443674,2026-06-06 11:24:00,synthetic_normal,normal
TX10001962,W001277,W000213,0.292226,2026-06-06 11:48:00,synthetic_normal,normal
TX10005433,W001923,W001329,0.319661,2026-06-06 11:53:00,synthetic_normal,normal
TX10003583,W001008,W002067,0.488868,2026-06-06 12:36:00,synthetic_normal,normal
TX10008331,W002044,W000199,0.552364,2026-06-06 13:42:00,synthetic_normal,normal
TX10004653,W002004,W000713,0.372079,2026-06-06 14:10:00,synthetic_normal,normal
TX10004782,W002042,W000598,0.213651,2026-06-06 14:52:00,synthetic_normal,normal
TX10003731,W002001,W001867,0.181496,2026-06-06 15:08:00,synthetic_normal,normal
TX10006828,W000075,W001254,0.365399,2026-06-06 15:41:00,synthetic_normal,normal
TX10008931,W001823,W002240,0.446287,2026-06-06 15:42:00,synthetic_normal,normal
TX10001134,W002317,W000136,1.592023,2026-06-06 15:52:00,synthetic_normal,normal
TX10001018,W002260,W000177,0.127117,2026-06-06 16:52:00,synthetic_normal,normal
TX10007487,W002060,W001998,0.663112,2026-06-06 16:56:00,synthetic_normal,normal
TX10009597,W001350,W001617,0.92408,2026-06-06 17:29:00,synthetic_normal,normal
TX10003471,W000122,W000844,0.251565,2026-06-06 18:05:00,synthetic_normal,normal
TX10008758,W001717,W000119,1.018147,2026-06-06 18:29:00,synthetic_normal,normal
TX10004350,W000268,W000354,0.519134,2026-06-06 19:20:00,synthetic_normal,normal
TX10007650,W000718,W002000,0.086083,2026-06-06 20:30:00,synthetic_normal,normal
TX10003687,W000170,W001384,0.508072,2026-06-06 20:44:00,synthetic_normal,normal
TX10007503,W000735,W002279,1.381713,2026-06-06 22:25:00,synthetic_normal,normal
TX10007737,W001979,W001133,0.347441,2026-06-06 22:32:00,synthetic_normal,normal
TX10003320,W001109,W001635,0.486423,2026-06-06 23:14:00,synthetic_normal,normal
TX10006171,W002065,W002378,0.163341,2026-06-06 23:38:00,synthetic_normal,normal
TX10001302,W000422,W002347,0.558962,2026-06-06 23:59:00,synthetic_normal,normal
TX10002461,W000455,W002047,0.255324,2026-06-07 00:17:00,synthetic_normal,normal
TX10004605,W000649,W001732,0.531066,2026-06-07 00:55:00,synthetic_normal,normal
TX10007583,W002025,W001209,0.223282,2026-06-07 01:24:00,synthetic_normal,normal
TX10005947,W000965,W000694,0.508022,2026-06-07 02:11:00,synthetic_normal,normal
TX10009059,W002046,W000634,0.496958,2026-06-07 02:46:00,synthetic_normal,normal
TX10008798,W001129,W002166,0.211743,2026-06-07 03:32:00,synthetic_normal,normal
TX10009747,W001398,W001856,0.875347,2026-06-07 03:32:00,synthetic_normal,normal
TX10005333,W001996,W002140,0.960007,2026-06-07 03:35:00,synthetic_normal,normal
TX10003359,W001726,W001292,1.240196,2026-06-07 04:11:00,synthetic_normal,normal
TX10000141,W000029,W002263,2.654611,2026-06-07 04:15:00,synthetic_anomalous,high_connectivity
TX10007438,W000169,W002126,0.278105,2026-06-07 04:48:00,synthetic_normal,normal
TX10009764,W001205,W000237,0.590154,2026-06-07 04:56:00,synthetic_normal,normal
TX10000704,W000899,W002480,1.520333,2026-06-07 05:03:00,synthetic_anomalous,rapid_chain
TX10001211,W000366,W000790,0.236593,2026-06-07 05:13:00,synthetic_normal,normal
TX10009043,W001373,W001593,0.817417,2026-06-07 05:40:00,synthetic_normal,normal
TX10008587,W001841,W000092,0.20095,2026-06-07 05:46:00,synthetic_normal,normal
TX10005170,W000153,W000438,0.866684,2026-06-07 06:02:00,synthetic_normal,normal
TX10009678,W000241,W002226,0.80561,2026-06-07 06:56:00,synthetic_normal,normal
TX10007938,W000635,W000838,0.20103,2026-06-07 07:11:00,synthetic_normal,normal
TX10009704,W001772,W001767,0.364137,2026-06-07 08:05:00,synthetic_normal,normal
TX10006754,W000447,W001431,0.147355,2026-06-07 08:13:00,synthetic_normal,normal
TX10001342,W001050,W001500,0.139962,2026-06-07 08:17:00,synthetic_normal,normal
TX10005729,W001193,W001796,0.201264,2026-06-07 08:35:00,synthetic_normal,normal
TX10004316,W002328,W000394,0.777309,2026-06-07 08:40:00,synthetic_normal,normal
TX10008028,W000357,W001093,0.567085,2026-06-07 09:16:00,synthetic_normal,normal
TX10006447,W001779,W002134,0.476905,2026-06-07 09:43:00,synthetic_normal,normal
TX10006161,W000263,W001355,0.957056,2026-06-07 09:49:00,synthetic_normal,normal
TX10009066,W000640,W002028,0.855772,2026-06-07 09:53:00,synthetic_normal,normal
TX10007753,W002452,W000484,0.719658,2026-06-07 10:05:00,synthetic_normal,normal
TX10007946,W000639,W000886,1.250773,2026-06-07 10:22:00,synthetic_normal,normal
TX10002970,W000248,W001018,0.765963,2026-06-07 10:49:00,synthetic_normal,normal
TX10003132,W002238,W001586,1.18205,2026-06-07 12:34:00,synthetic_normal,normal
TX10000690,W000049,W002003,5.466928,2026-06-07 12:39:00,synthetic_anomalous,fan_in
TX10002636,W000006,W000068,0.290803,2026-06-07 13:19:00,synthetic_normal,normal
TX10004022,W001007,W001748,0.658741,2026-06-07 13:38:00,synthetic_normal,normal
TX10008061,W001943,W002215,0.270072,2026-06-07 13:38:00,synthetic_normal,normal
TX10005408,W001817,W000757,0.337969,2026-06-07 14:16:00,synthetic_normal,normal
TX10007965,W000467,W002329,0.52941,2026-06-07 14:36:00,synthetic_normal,normal
TX10007220,W001101,W001320,0.275094,2026-06-07 14:40:00,synthetic_normal,normal
TX10002917,W001777,W001749,0.699403,2026-06-07 14:54:00,synthetic_normal,normal
TX10006542,W000984,W000599,0.617498,2026-06-07 15:18:00,synthetic_normal,normal
TX10000813,W000022,W001469,5.58515,2026-06-07 16:01:00,synthetic_anomalous,high_connectivity
TX10002018,W000387,W000819,0.210495,2026-06-07 16:34:00,synthetic_normal,normal
TX10000341,W000003,W001491,4.966175,2026-06-07 16:38:00,synthetic_anomalous,high_connectivity
TX10002036,W000855,W000405,0.463962,2026-06-07 16:39:00,synthetic_normal,normal
TX10003613,W001689,W001340,0.849332,2026-06-07 17:04:00,synthetic_normal,normal
TX10002222,W001882,W001306,0.210673,2026-06-07 18:38:00,synthetic_normal,normal
TX10005816,W000686,W001693,0.888505,2026-06-07 18:54:00,synthetic_normal,normal
TX10006338,W000341,W001895,0.217232,2026-06-07 19:37:00,synthetic_normal,normal
TX10002932,W002233,W000455,0.506541,2026-06-07 19:38:00,synthetic_normal,normal
TX10009139,W001124,W002291,0.216668,2026-06-07 20:38:00,synthetic_normal,normal
TX10004337,W002318,W000117,0.313587,2026-06-07 21:05:00,synthetic_normal,normal
TX10000503,W000031,W001498,6.777557,2026-06-07 21:09:00,synthetic_anomalous,layered_transfer
TX10004888,W000922,W000726,0.821778,2026-06-07 21:14:00,synthetic_normal,normal
TX10008501,W000633,W002496,0.435347,2026-06-07 21:56:00,synthetic_normal,normal
TX10001862,W002095,W001580,0.398445,2026-06-07 22:02:00,synthetic_normal,normal
TX10006791,W002470,W000583,0.18122,2026-06-07 23:18:00,synthetic_normal,normal
TX10009558,W002202,W000659,0.174583,2026-06-08 00:19:00,synthetic_normal,normal
TX10004137,W002377,W001164,0.768071,2026-06-08 00:49:00,synthetic_normal,normal
TX10002724,W000490,W000260,0.326612,2026-06-08 01:01:00,synthetic_normal,normal
TX10005677,W001963,W002149,0.158771,2026-06-08 01:19:00,synthetic_normal,normal
TX10005953,W001584,W001927,0.664888,2026-06-08 02:19:00,synthetic_normal,normal
TX10003232,W001577,W000823,0.271885,2026-06-08 02:41:00,synthetic_normal,normal
TX10008913,W001660,W001424,0.075876,2026-06-08 02:59:00,synthetic_normal,normal
TX10006658,W001989,W000283,0.117145,2026-06-08 03:01:00,synthetic_normal,normal
TX10001454,W000031,W000702,0.349513,2026-06-08 03:10:00,synthetic_normal,normal
TX10009809,W002056,W001623,0.503501,2026-06-08 03:58:00,synthetic_normal,normal
TX10003995,W001537,W001969,0.368782,2026-06-08 04:23:00,synthetic_normal,normal
TX10000699,W001026,W000117,7.533805,2026-06-08 04:44:00,synthetic_anomalous,cross_border_burst
TX10005480,W002490,W001448,0.063852,2026-06-08 05:02:00,synthetic_normal,normal
TX10005573,W001320,W001046,0.196522,2026-06-08 05:49:00,synthetic_normal,normal
TX10004903,W001540,W001852,1.157046,2026-06-08 05:55:00,synthetic_normal,normal
TX10007002,W000514,W002139,0.6634,2026-06-08 07:55:00,synthetic_normal,normal
TX10003641,W000990,W001272,0.117221,2026-06-08 08:19:00,synthetic_normal,normal
TX10006285,W001364,W001919,0.643062,2026-06-08 08:38:00,synthetic_normal,normal
TX10008549,W001611,W001484,0.38905,2026-06-08 08:56:00,synthetic_normal,normal
TX10008565,W000414,W000535,4.35383,2026-06-08 09:11:00,synthetic_normal,normal
TX10006798,W001057,W000549,1.43181,2026-06-08 09:19:00,synthetic_normal,normal
TX10004581,W002218,W001090,0.112455,2026-06-08 09:45:00,synthetic_normal,normal
TX10009218,W000777,W001339,0.400774,2026-06-08 10:27:00,synthetic_normal,normal
TX10008185,W000868,W002160,0.48755,2026-06-08 10:33:00,synthetic_normal,normal
TX10003766,W002329,W001726,0.281685,2026-06-08 11:27:00,synthetic_normal,normal
TX10001489,W001491,W000137,0.798141,2026-06-08 11:38:00,synthetic_normal,normal
TX10006843,W000097,W000598,0.478276,2026-06-08 11:58:00,synthetic_normal,normal
TX10008926,W001395,W001754,0.891603,2026-06-08 12:11:00,synthetic_normal,normal
TX10009762,W002079,W000581,0.396018,2026-06-08 12:30:00,synthetic_normal,normal
TX10005254,W001169,W000528,0.364818,2026-06-08 12:51:00,synthetic_normal,normal
TX10008244,W000787,W000070,0.220087,2026-06-08 13:02:00,synthetic_normal,normal
TX10005694,W002331,W001170,1.231979,2026-06-08 13:04:00,synthetic_normal,normal
TX10000112,W002457,W000252,8.726703,2026-06-08 14:26:00,synthetic_anomalous,rapid_chain
TX10003093,W002299,W000428,0.166819,2026-06-08 14:34:00,synthetic_normal,normal
TX10004128,W001284,W000261,0.217982,2026-06-08 14:59:00,synthetic_normal,normal
TX10008057,W000412,W001413,0.512813,2026-06-08 15:26:00,synthetic_normal,normal
TX10009916,W002265,W002331,0.927176,2026-06-08 18:03:00,synthetic_normal,normal
TX10001349,W001560,W000092,0.188334,2026-06-08 18:44:00,synthetic_normal,normal
TX10004773,W001717,W000657,0.282879,2026-06-08 18:55:00,synthetic_normal,normal
TX10003458,W001605,W001213,0.609964,2026-06-08 19:23:00,synthetic_normal,normal
TX10004110,W002174,W001525,0.791248,2026-06-08 19:45:00,synthetic_normal,normal
TX10004335,W001332,W001915,2.042904,2026-06-08 19:51:00,synthetic_normal,normal
TX10001240,W001162,W002025,0.322397,2026-06-08 20:08:00,synthetic_normal,normal
TX10007323,W001496,W002470,0.933621,2026-06-08 20:46:00,synthetic_normal,normal
TX10007238,W001153,W002236,0.573481,2026-06-08 20:53:00,synthetic_normal,normal
TX10002085,W001892,W000870,0.14459,2026-06-08 21:02:00,synthetic_normal,normal
TX10002106,W000268,W001929,0.382312,2026-06-08 21:44:00,synthetic_normal,normal
TX10006969,W001137,W000503,0.371939,2026-06-08 21:51:00,synthetic_normal,normal
TX10006483,W002285,W000594,0.403152,2026-06-08 22:37:00,synthetic_normal,normal
TX10004676,W000159,W000396,1.979986,2026-06-08 22:42:00,synthetic_normal,normal
TX10008523,W002190,W001271,1.50181,2026-06-08 23:18:00,synthetic_normal,normal
TX10007016,W001531,W000522,0.224704,2026-06-08 23:24:00,synthetic_normal,normal
TX10009197,W001369,W001228,0.484452,2026-06-08 23:29:00,synthetic_normal,normal
TX10004090,W000182,W002179,0.39807,2026-06-08 23:38:00,synthetic_normal,normal
TX10006549,W001132,W000376,0.166847,2026-06-08 23:51:00,synthetic_normal,normal
TX10005403,W001500,W001527,0.341207,2026-06-09 00:00:00,synthetic_normal,normal
TX10008850,W001153,W000278,0.818767,2026-06-09 01:18:00,synthetic_normal,normal
TX10001282,W001945,W000029,0.046601,2026-06-09 01:19:00,synthetic_normal,normal
TX10005763,W001022,W001842,1.082623,2026-06-09 01:53:00,synthetic_normal,normal
TX10009772,W000154,W001727,1.334129,2026-06-09 02:05:00,synthetic_normal,normal
TX10008777,W000930,W002359,0.413968,2026-06-09 02:13:00,synthetic_normal,normal
TX10004070,W000161,W000218,0.148351,2026-06-09 02:36:00,synthetic_normal,normal
TX10000396,W000898,W001948,0.827267,2026-06-09 02:40:00,synthetic_anomalous,high_frequency
TX10008590,W000199,W002099,0.97714,2026-06-09 02:44:00,synthetic_normal,normal
TX10007199,W000040,W001433,0.441906,2026-06-09 03:29:00,synthetic_normal,normal
TX10008580,W000138,W001813,0.192378,2026-06-09 03:33:00,synthetic_normal,normal
TX10004226,W000962,W002498,0.570066,2026-06-09 04:09:00,synthetic_normal,normal
TX10006766,W000092,W002141,0.168411,2026-06-09 04:17:00,synthetic_normal,normal
TX10008144,W001943,W000267,0.681224,2026-06-09 04:42:00,synthetic_normal,normal
TX10009044,W001218,W002148,0.940504,2026-06-09 05:12:00,synthetic_normal,normal
TX10001804,W001354,W001211,1.055957,2026-06-09 05:27:00,synthetic_normal,normal
TX10004186,W000841,W001493,0.541816,2026-06-09 05:45:00,synthetic_normal,normal
TX10008012,W000777,W001871,0.3387,2026-06-09 06:35:00,synthetic_normal,normal
TX10001535,W002161,W001793,0.264906,2026-06-09 06:42:00,synthetic_normal,normal
TX10002632,W000403,W000179,0.923259,2026-06-09 07:34:00,synthetic_normal,normal
TX10002769,W001125,W001377,0.582928,2026-06-09 07:47:00,synthetic_normal,normal
TX10003293,W002263,W001847,0.206229,2026-06-09 08:06:00,synthetic_normal,normal
TX10005698,W001892,W000264,0.583301,2026-06-09 08:29:00,synthetic_normal,normal
TX10000862,W000001,W002286,6.641359,2026-06-09 08:46:00,synthetic_anomalous,ip_wallet_reuse
TX10006806,W000549,W002029,0.18798,2026-06-09 08:51:00,synthetic_normal,normal
TX10002248,W001575,W001527,0.510508,2026-06-09 08:53:00,synthetic_normal,normal
TX10002503,W001849,W002318,0.382555,2026-06-09 09:07:00,synthetic_normal,normal
TX10002779,W000370,W000440,0.128302,2026-06-09 09:19:00,synthetic_normal,normal
TX10009444,W000392,W000704,0.351365,2026-06-09 09:49:00,synthetic_normal,normal
TX10008500,W001553,W000525,0.524219,2026-06-09 10:08:00,synthetic_normal,normal
TX10009714,W001201,W002190,0.899635,2026-06-09 10:22:00,synthetic_normal,normal
TX10003930,W000454,W002393,0.457959,2026-06-09 10:43:00,synthetic_normal,normal
TX10003292,W001964,W002419,0.301773,2026-06-09 11:18:00,synthetic_normal,normal
TX10003059,W002465,W001519,0.438896,2026-06-09 11:49:00,synthetic_normal,normal
TX10002182,W000774,W002362,0.471368,2026-06-09 12:22:00,synthetic_normal,normal
TX10003968,W001835,W000191,0.474356,2026-06-09 12:31:00,synthetic_normal,normal
TX10002091,W001714,W000369,0.803694,2026-06-09 12:32:00,synthetic_normal,normal
TX10006421,W001595,W001121,0.651936,2026-06-09 12:54:00,synthetic_normal,normal
TX10006747,W002439,W001939,0.139564,2026-06-09 13:24:00,synthetic_normal,normal
TX10006744,W002080,W001695,0.782568,2026-06-09 13:45:00,synthetic_normal,normal
TX10002518,W001457,W000238,0.282162,2026-06-09 13:51:00,synthetic_normal,normal
TX10006541,W001320,W002206,0.877744,2026-06-09 14:12:00,synthetic_normal,normal
TX10009908,W002469,W002068,0.260864,2026-06-09 14:25:00,synthetic_normal,normal
TX10000921,W000022,W000574,1.667184,2026-06-09 14:27:00,synthetic_anomalous,fan_out
TX10004589,W000878,W001415,0.20445,2026-06-09 14:38:00,synthetic_normal,normal
TX10006526,W000725,W001352,0.723651,2026-06-09 14:48:00,synthetic_normal,normal
TX10000107,W002445,W002435,1.790503,2026-06-09 15:09:00,synthetic_anomalous,cross_border_burst
TX10004554,W000260,W000573,0.279259,2026-06-09 15:24:00,synthetic_normal,normal
TX10007363,W001053,W000309,0.095663,2026-06-09 15:29:00,synthetic_normal,normal
TX10006728,W002040,W000528,0.449774,2026-06-09 15:41:00,synthetic_normal,normal
TX10008042,W001047,W001008,0.34319,2026-06-09 15:46:00,synthetic_normal,normal
TX10008515,W000309,W000510,0.276867,2026-06-09 17:02:00,synthetic_normal,normal
TX10005429,W001693,W002141,1.034263,2026-06-09 17:08:00,synthetic_normal,normal
TX10004599,W002207,W001631,0.632686,2026-06-09 17:40:00,synthetic_normal,normal
TX10009365,W000965,W001869,0.57372,2026-06-09 18:14:00,synthetic_normal,normal
TX10005782,W001533,W000101,0.555863,2026-06-09 19:01:00,synthetic_normal,normal
TX10004567,W002361,W001794,0.54486,2026-06-09 20:10:00,synthetic_normal,normal
TX10007630,W002363,W000498,0.127526,2026-06-09 20:12:00,synthetic_normal,normal
TX10005148,W002041,W000006,1.466755,2026-06-09 20:48:00,synthetic_normal,normal
TX10009253,W000878,W001649,0.425656,2026-06-09 21:19:00,synthetic_normal,normal
TX10006702,W001145,W002229,0.330516,2026-06-09 21:34:00,synthetic_normal,normal
TX10001471,W001243,W002300,0.716502,2026-06-09 21:55:00,synthetic_normal,normal
TX10008878,W000517,W000638,0.357652,2026-06-09 22:10:00,synthetic_normal,normal
TX10001551,W000338,W000327,0.235563,2026-06-09 23:22:00,synthetic_normal,normal
TX10005774,W001250,W002120,0.26059,2026-06-10 00:00:00,synthetic_normal,normal
TX10002464,W002025,W000871,2.338717,2026-06-10 00:39:00,synthetic_normal,normal
TX10007479,W000208,W001683,0.374817,2026-06-10 01:01:00,synthetic_normal,normal
TX10006505,W000250,W001264,0.288086,2026-06-10 01:36:00,synthetic_normal,normal
TX10006559,W000376,W002409,1.257729,2026-06-10 02:53:00,synthetic_normal,normal
TX10001947,W001954,W000978,0.251396,2026-06-10 02:57:00,synthetic_normal,normal
TX10009941,W000032,W001559,0.319706,2026-06-10 03:25:00,synthetic_normal,normal
TX10002369,W000354,W000532,0.538767,2026-06-10 04:08:00,synthetic_normal,normal
TX10006454,W002356,W002068,0.224234,2026-06-10 04:33:00,synthetic_normal,normal
TX10009493,W000204,W001296,0.2517,2026-06-10 04:41:00,synthetic_normal,normal
TX10005999,W001040,W000238,0.700795,2026-06-10 04:52:00,synthetic_normal,normal
TX10006567,W001412,W000939,0.278966,2026-06-10 05:26:00,synthetic_normal,normal
TX10007326,W002359,W000468,0.319932,2026-06-10 07:52:00,synthetic_normal,normal
TX10004914,W002072,W002320,1.809317,2026-06-10 07:53:00,synthetic_normal,normal
TX10003997,W000165,W000100,0.488742,2026-06-10 07:55:00,synthetic_normal,normal
TX10002594,W001939,W001067,0.279859,2026-06-10 08:21:00,synthetic_normal,normal
TX10002997,W002224,W001805,0.315326,2026-06-10 08:51:00,synthetic_normal,normal
TX10001875,W001996,W002348,0.517372,2026-06-10 09:09:00,synthetic_normal,normal
TX10001273,W000807,W001414,0.649204,2026-06-10 10:00:00,synthetic_normal,normal
TX10000039,W000026,W002271,2.19958,2026-06-10 10:19:00,synthetic_anomalous,layered_transfer
TX10004562,W001269,W000451,0.526316,2026-06-10 10:27:00,synthetic_normal,normal
TX10004513,W000457,W001818,0.243074,2026-06-10 10:40:00,synthetic_normal,normal
TX10004166,W000497,W001650,0.32561,2026-06-10 10:45:00,synthetic_normal,normal
TX10000150,W000042,W002120,2.832283,2026-06-10 10:53:00,synthetic_anomalous,ip_wallet_reuse
TX10002516,W001176,W000415,0.185206,2026-06-10 11:04:00,synthetic_normal,normal
TX10003918,W000991,W001428,0.458087,2026-06-10 11:05:00,synthetic_normal,normal
TX10003650,W001977,W000532,0.494716,2026-06-10 11:06:00,synthetic_normal,normal
TX10002030,W001237,W001410,0.375865,2026-06-10 12:11:00,synthetic_normal,normal
TX10009087,W000783,W001702,0.503553,2026-06-10 13:03:00,synthetic_normal,normal
TX10004673,W002393,W000885,1.373683,2026-06-10 13:06:00,synthetic_normal,normal
TX10005470,W000985,W001244,1.163883,2026-06-10 13:56:00,synthetic_normal,normal
TX10003976,W000753,W000696,0.2336,2026-06-10 14:48:00,synthetic_normal,normal
TX10007552,W002065,W001158,0.369861,2026-06-10 14:50:00,synthetic_normal,normal
TX10006387,W000787,W001703,0.23376,2026-06-10 14:57:00,synthetic_normal,normal
TX10004310,W002064,W002118,1.533312,2026-06-10 15:13:00,synthetic_normal,normal
TX10004521,W001171,W002066,0.234232,2026-06-10 15:37:00,synthetic_normal,normal
TX10009995,W001449,W001152,0.502698,2026-06-10 16:18:00,synthetic_normal,normal
TX10001922,W000418,W001385,0.576927,2026-06-10 16:25:00,synthetic_normal,normal
TX10005603,W001454,W000376,0.304442,2026-06-10 16:26:00,synthetic_normal,normal
TX10005162,W000554,W000702,0.213944,2026-06-10 16:28:00,synthetic_normal,normal
TX10005586,W002184,W000992,0.433173,2026-06-10 16:33:00,synthetic_normal,normal
TX10004710,W001629,W000893,0.66304,2026-06-10 17:00:00,synthetic_normal,normal
TX10001335,W000630,W001214,0.573542,2026-06-10 17:07:00,synthetic_normal,normal
TX10006855,W000480,W001509,1.595152,2026-06-10 17:20:00,synthetic_normal,normal
TX10009078,W000964,W001556,0.391079,2026-06-10 17:29:00,synthetic_normal,normal
TX10005158,W001635,W002193,0.930588,2026-06-10 18:09:00,synthetic_normal,normal
TX10008419,W001280,W002217,0.667007,2026-06-10 19:34:00,synthetic_normal,normal
TX10003954,W001517,W000277,0.787569,2026-06-10 19:58:00,synthetic_normal,normal
TX10005348,W001688,W000217,0.833521,2026-06-10 20:04:00,synthetic_normal,normal
TX10001608,W001409,W001142,0.291731,2026-06-10 20:17:00,synthetic_normal,normal
TX10001834,W001983,W001900,1.045298,2026-06-10 22:09:00,synthetic_normal,normal
TX10005456,W002157,W001394,0.48471,2026-06-10 23:01:00,synthetic_normal,normal
TX10004613,W002292,W002169,0.2517,2026-06-10 23:18:00,synthetic_normal,normal
TX10008428,W001357,W000857,0.265457,2026-06-10 23:36:00,synthetic_normal,normal
TX10000999,W000027,W001475,1.490593,2026-06-11 01:05:00,synthetic_anomalous,layered_transfer
TX10007021,W002072,W001014,0.239579,2026-06-11 01:09:00,synthetic_normal,normal
TX10008871,W000803,W002219,1.120483,2026-06-11 01:20:00,synthetic_normal,normal
TX10005035,W000220,W002486,0.570544,2026-06-11 01:31:00,synthetic_normal,normal
TX10001807,W000392,W001175,0.622939,2026-06-11 01:47:00,synthetic_normal,normal
TX10002383,W000136,W000703,0.46395,2026-06-11 01:58:00,synthetic_normal,normal
TX10003357,W002350,W002423,1.162331,2026-06-11 02:03:00,synthetic_normal,normal
TX10009660,W002219,W000548,0.276461,2026-06-11 02:23:00,synthetic_normal,normal
TX10006672,W000144,W001582,0.95448,2026-06-11 02:56:00,synthetic_normal,normal
TX10006154,W000362,W000359,0.352983,2026-06-11 03:02:00,synthetic_normal,normal
TX10007385,W002335,W001540,1.113345,2026-06-11 03:19:00,synthetic_normal,normal
TX10006320,W000911,W000769,1.389944,2026-06-11 03:39:00,synthetic_normal,normal
TX10000585,W000046,W001671,5.592658,2026-06-11 04:38:00,synthetic_anomalous,fan_out
TX10005569,W002163,W000802,0.178099,2026-06-11 05:02:00,synthetic_normal,normal
TX10005754,W000657,W000151,0.370306,2026-06-11 06:14:00,synthetic_normal,normal
TX10005528,W001227,W001084,0.260598,2026-06-11 06:37:00,synthetic_normal,normal
TX10009833,W001188,W001332,0.277872,2026-06-11 07:44:00,synthetic_normal,normal
TX10005451,W001252,W001104,0.584084,2026-06-11 08:01:00,synthetic_normal,normal
TX10000481,W000018,W002165,3.354322,2026-06-11 08:22:00,synthetic_anomalous,fan_out
TX10002312,W000390,W001723,0.425564,2026-06-11 09:13:00,synthetic_normal,normal
TX10007066,W001000,W000162,0.145618,2026-06-11 10:08:00,synthetic_normal,normal
TX10005039,W000028,W000377,0.343481,2026-06-11 10:14:00,synthetic_normal,normal
TX10002269,W000347,W000458,0.315879,2026-06-11 10:35:00,synthetic_normal,normal
TX10006809,W002397,W000675,0.477928,2026-06-11 12:30:00,synthetic_normal,normal
TX10004267,W001181,W001326,0.5302,2026-06-11 12:48:00,synthetic_normal,normal
TX10009325,W001967,W001966,0.148034,2026-06-11 13:02:00,synthetic_normal,normal
TX10007344,W000991,W001736,0.336711,2026-06-11 13:24:00,synthetic_normal,normal
TX10001433,W002340,W001302,0.177666,2026-06-11 13:42:00,synthetic_normal,normal
TX10003057,W001416,W001915,0.683268,2026-06-11 14:07:00,synthetic_normal,normal
TX10007165,W001658,W000585,0.692581,2026-06-11 14:21:00,synthetic_normal,normal
TX10008559,W001258,W001499,0.491254,2026-06-11 15:09:00,synthetic_normal,normal
TX10005115,W000315,W000316,0.687351,2026-06-11 15:33:00,synthetic_normal,normal
TX10005637,W001615,W002271,0.294726,2026-06-11 15:53:00,synthetic_normal,normal
TX10003571,W000386,W001138,0.244695,2026-06-11 15:57:00,synthetic_normal,normal
TX10000789,W000005,W001623,1.28055,2026-06-11 16:39:00,synthetic_anomalous,high_connectivity
TX10003379,W000953,W000670,0.717002,2026-06-11 17:32:00,synthetic_normal,normal
TX10000779,W000624,W001631,3.421356,2026-06-11 18:22:00,synthetic_anomalous,cross_border_burst
TX10006612,W002213,W002459,1.531406,2026-06-11 18:37:00,synthetic_normal,normal
TX10001470,W001106,W001277,0.260166,2026-06-11 18:40:00,synthetic_normal,normal
TX10004045,W001596,W000609,0.237502,2026-06-11 18:57:00,synthetic_normal,normal
TX10008243,W000456,W000998,0.310657,2026-06-11 19:19:00,synthetic_normal,normal
TX10001555,W000936,W000295,0.360335,2026-06-11 19:44:00,synthetic_normal,normal
TX10003991,W000471,W000576,0.520982,2026-06-11 20:08:00,synthetic_normal,normal
TX10002331,W000885,W001374,0.421403,2026-06-11 20:18:00,synthetic_normal,normal
TX10006690,W000199,W000726,0.462787,2026-06-11 21:04:00,synthetic_normal,normal
TX10004135,W000884,W002077,0.771486,2026-06-11 21:27:00,synthetic_normal,normal
TX10002558,W002212,W001708,0.321863,2026-06-11 22:28:00,synthetic_normal,normal
TX10000159,W000039,W001975,3.857745,2026-06-11 22:53:00,synthetic_anomalous,layered_transfer
TX10001368,W000205,W000356,0.903548,2026-06-11 23:08:00,synthetic_normal,normal
TX10007273,W002463,W000308,0.351621,2026-06-11 23:27:00,synthetic_normal,normal
TX10002615,W002273,W001424,1.841252,2026-06-11 23:34:00,synthetic_normal,normal
TX10005786,W000245,W001220,0.461108,2026-06-12 00:31:00,synthetic_normal,normal
TX10009395,W001937,W001368,0.507787,2026-06-12 00:35:00,synthetic_normal,normal
TX10005018,W001580,W000445,0.901338,2026-06-12 00:43:00,synthetic_normal,normal
TX10007815,W001194,W001715,1.012399,2026-06-12 01:10:00,synthetic_normal,normal
TX10008327,W000620,W001102,0.525449,2026-06-12 01:42:00,synthetic_normal,normal
TX10007282,W002142,W001082,0.643749,2026-06-12 01:44:00,synthetic_normal,normal
TX10008069,W001801,W000385,0.563189,2026-06-12 02:09:00,synthetic_normal,normal
TX10003030,W000417,W002246,0.683294,2026-06-12 02:40:00,synthetic_normal,normal
TX10004708,W000894,W000301,0.55195,2026-06-12 03:15:00,synthetic_normal,normal
TX10009599,W000095,W001871,0.1046,2026-06-12 03:32:00,synthetic_normal,normal
TX10001708,W000263,W000583,0.544278,2026-06-12 04:11:00,synthetic_normal,normal
TX10001728,W000797,W002252,2.149197,2026-06-12 04:18:00,synthetic_normal,normal
TX10009219,W001821,W001927,0.171872,2026-06-12 04:22:00,synthetic_normal,normal
TX10004471,W000920,W002072,0.356578,2026-06-12 04:29:00,synthetic_normal,normal
TX10002504,W001425,W000776,0.866348,2026-06-12 05:23:00,synthetic_normal,normal
TX10008822,W001504,W000712,0.355473,2026-06-12 07:06:00,synthetic_normal,normal
TX10008011,W000022,W001913,0.542426,2026-06-12 07:27:00,synthetic_normal,normal
TX10000643,W001821,W000151,7.676273,2026-06-12 08:02:00,synthetic_anomalous,cross_border_burst
TX10004104,W000479,W000059,0.095932,2026-06-12 08:35:00,synthetic_normal,normal
TX10001138,W000609,W001724,0.428086,2026-06-12 08:41:00,synthetic_normal,normal
TX10009797,W002381,W000517,0.353251,2026-06-12 08:52:00,synthetic_normal,normal
TX10000696,W000654,W000505,4.164979,2026-06-12 09:20:00,synthetic_anomalous,rapid_chain
TX10000877,W000029,W002264,0.863027,2026-06-12 09:33:00,synthetic_anomalous,high_connectivity
TX10002408,W000799,W001220,0.124667,2026-06-12 09:36:00,synthetic_normal,normal
TX10001810,W000254,W001755,0.383464,2026-06-12 10:03:00,synthetic_normal,normal
TX10008120,W002084,W000729,0.334629,2026-06-12 10:48:00,synthetic_normal,normal
TX10003403,W000379,W000868,0.309238,2026-06-12 12:03:00,synthetic_normal,normal
TX10009190,W000090,W002203,1.233297,2026-06-12 12:52:00,synthetic_normal,normal
TX10003634,W001702,W000133,0.560556,2026-06-12 13:14:00,synthetic_normal,normal
TX10002581,W000435,W000772,1.653831,2026-06-12 13:15:00,synthetic_normal,normal
TX10003240,W001406,W000675,0.961103,2026-06-12 13:19:00,synthetic_normal,normal
TX10005053,W000577,W000829,0.537182,2026-06-12 13:32:00,synthetic_normal,normal
TX10004398,W002413,W001401,0.503161,2026-06-12 13:35:00,synthetic_normal,normal
TX10006087,W002406,W000038,1.139508,2026-06-12 13:56:00,synthetic_normal,normal
TX10008086,W000906,W001632,0.201712,2026-06-12 14:27:00,synthetic_normal,normal
TX10000362,W000046,W001985,1.732524,2026-06-12 14:29:00,synthetic_anomalous,fan_in
TX10004996,W002353,W001536,0.398003,2026-06-12 14:33:00,synthetic_normal,normal
TX10007164,W001759,W001480,0.410665,2026-06-12 15:00:00,synthetic_normal,normal
TX10000670,W000037,W001680,8.513642,2026-06-12 15:14:00,synthetic_anomalous,ip_wallet_reuse
TX10008510,W001278,W000442,0.445108,2026-06-12 15:47:00,synthetic_normal,normal
TX10005361,W001678,W001415,0.282274,2026-06-12 17:14:00,synthetic_normal,normal
TX10005866,W002050,W001373,0.436151,2026-06-12 17:23:00,synthetic_normal,normal
TX10003645,W001698,W001171,0.738018,2026-06-12 18:13:00,synthetic_normal,normal
TX10009637,W001204,W001161,0.489505,2026-06-12 18:28:00,synthetic_normal,normal
TX10009280,W002041,W001636,0.812456,2026-06-12 19:38:00,synthetic_normal,normal
TX10001653,W001863,W000932,0.132905,2026-06-12 20:09:00,synthetic_normal,normal
TX10008232,W000377,W002186,0.102394,2026-06-12 20:28:00,synthetic_normal,normal
TX10004768,W001077,W002450,0.493859,2026-06-12 20:34:00,synthetic_normal,normal
TX10001395,W000141,W001530,0.379941,2026-06-12 20:45:00,synthetic_normal,normal
TX10003994,W002320,W000250,0.408994,2026-06-12 20:50:00,synthetic_normal,normal
TX10007463,W001682,W002166,0.335598,2026-06-12 20:54:00,synthetic_normal,normal
TX10001696,W000149,W000951,1.612233,2026-06-12 20:58:00,synthetic_normal,normal
TX10001816,W001756,W000815,0.711989,2026-06-12 22:16:00,synthetic_normal,normal
TX10005228,W002112,W002101,0.488577,2026-06-12 23:18:00,synthetic_normal,normal
TX10005640,W000886,W002112,1.143245,2026-06-13 01:15:00,synthetic_normal,normal
TX10002013,W000061,W001808,1.259925,2026-06-13 01:24:00,synthetic_normal,normal
TX10001927,W001179,W000653,1.355107,2026-06-13 01:49:00,synthetic_normal,normal
TX10006822,W001141,W001015,0.653789,2026-06-13 02:55:00,synthetic_normal,normal
TX10001666,W002468,W001708,0.959919,2026-06-13 03:52:00,synthetic_normal,normal
TX10003932,W002304,W000737,0.803533,2026-06-13 04:08:00,synthetic_normal,normal
TX10003866,W001640,W001580,0.515547,2026-06-13 04:58:00,synthetic_normal,normal
TX10009546,W001652,W001012,3.042502,2026-06-13 05:46:00,synthetic_normal,normal
TX10005559,W001659,W000982,0.277441,2026-06-13 06:41:00,synthetic_normal,normal
TX10003263,W001171,W000004,0.838209,2026-06-13 07:48:00,synthetic_normal,normal
TX10009311,W000693,W001581,0.136926,2026-06-13 08:05:00,synthetic_normal,normal
TX10009528,W001404,W002305,0.112518,2026-06-13 08:38:00,synthetic_normal,normal
TX10009054,W000808,W001301,1.201172,2026-06-13 08:42:00,synthetic_normal,normal
TX10007167,W000838,W001876,0.559629,2026-06-13 08:48:00,synthetic_normal,normal
TX10008805,W001003,W000584,0.496771,2026-06-13 09:10:00,synthetic_normal,normal
TX10009532,W001631,W001758,0.350525,2026-06-13 09:15:00,synthetic_normal,normal
TX10006901,W000029,W001975,0.239646,2026-06-13 09:39:00,synthetic_normal,normal
TX10008460,W001620,W001635,0.599071,2026-06-13 10:37:00,synthetic_normal,normal
TX10007313,W000804,W000959,0.73827,2026-06-13 10:52:00,synthetic_normal,normal
TX10009303,W000768,W001147,0.611509,2026-06-13 11:02:00,synthetic_normal,normal
TX10001023,W001089,W001313,0.19765,2026-06-13 11:04:00,synthetic_normal,normal
TX10002335,W000580,W002417,0.08303,2026-06-13 11:16:00,synthetic_normal,normal
TX10009529,W001681,W000383,0.370058,2026-06-13 11:52:00,synthetic_normal,normal
TX10006868,W001787,W001685,0.718289,2026-06-13 12:00:00,synthetic_normal,normal
TX10001671,W001794,W000608,0.204682,2026-06-13 12:55:00,synthetic_normal,normal
TX10000155,W001358,W000542,2.524578,2026-06-13 13:06:00,synthetic_anomalous,cross_border_burst
TX10005062,W000858,W000981,0.304713,2026-06-13 13:19:00,synthetic_normal,normal
TX10003686,W001871,W000868,0.520937,2026-06-13 13:39:00,synthetic_normal,normal
TX10009861,W000903,W002318,0.559653,2026-06-13 13:43:00,synthetic_normal,normal
TX10003496,W002084,W002180,0.356395,2026-06-13 13:58:00,synthetic_normal,normal
TX10006547,W002411,W001279,0.373219,2026-06-13 13:59:00,synthetic_normal,normal
TX10008568,W001046,W001340,0.524745,2026-06-13 14:21:00,synthetic_normal,normal
TX10003989,W001737,W001933,2.163168,2026-06-13 14:40:00,synthetic_normal,normal
TX10006133,W000252,W000852,0.623734,2026-06-13 14:45:00,synthetic_normal,normal
TX10006552,W002382,W001246,0.705969,2026-06-13 15:12:00,synthetic_normal,normal
TX10008153,W001351,W001749,0.262209,2026-06-13 15:28:00,synthetic_normal,normal
TX10003446,W000101,W002067,0.356653,2026-06-13 15:55:00,synthetic_normal,normal
TX10001192,W001261,W000155,0.445488,2026-06-13 16:36:00,synthetic_normal,normal
TX10004341,W002480,W001120,0.148335,2026-06-13 16:54:00,synthetic_normal,normal
TX10003309,W000449,W000266,0.355045,2026-06-13 17:17:00,synthetic_normal,normal
TX10001915,W000600,W000515,0.265809,2026-06-13 17:30:00,synthetic_normal,normal
TX10006928,W000618,W000385,0.294076,2026-06-13 18:22:00,synthetic_normal,normal
TX10001565,W000604,W000152,0.431739,2026-06-13 19:20:00,synthetic_normal,normal
TX10006756,W001052,W001593,0.175433,2026-06-13 19:41:00,synthetic_normal,normal
TX10008446,W001085,W001800,0.971927,2026-06-13 20:03:00,synthetic_normal,normal
TX10009291,W001378,W000305,0.682205,2026-06-13 20:09:00,synthetic_normal,normal
TX10009846,W000365,W001018,0.633143,2026-06-13 20:27:00,synthetic_normal,normal
TX10001598,W001242,W002002,1.479562,2026-06-13 20:30:00,synthetic_normal,normal
TX10009746,W001321,W001360,1.283581,2026-06-13 21:04:00,synthetic_normal,normal
TX10006965,W000602,W000242,0.266336,2026-06-13 21:30:00,synthetic_normal,normal
TX10008588,W000477,W001682,0.153251,2026-06-13 22:24:00,synthetic_normal,normal
TX10009838,W000656,W000027,0.417644,2026-06-13 22:26:00,synthetic_normal,normal
TX10000416,W001846,W002001,2.599181,2026-06-13 22:42:00,synthetic_anomalous,rapid_chain
TX10002749,W001017,W001649,0.660501,2026-06-13 22:49:00,synthetic_normal,normal
TX10001248,W001496,W000262,0.386911,2026-06-13 22:55:00,synthetic_normal,normal
TX10002651,W001187,W001866,1.10579,2026-06-13 23:37:00,synthetic_normal,normal
TX10000194,W000042,W001804,0.651698,2026-06-14 00:42:00,synthetic_anomalous,fan_in
TX10004314,W000617,W001322,0.150543,2026-06-14 00:43:00,synthetic_normal,normal
TX10004447,W002279,W001704,0.304025,2026-06-14 00:45:00,synthetic_normal,normal
TX10009543,W000829,W001958,1.504482,2026-06-14 01:16:00,synthetic_normal,normal
TX10007099,W002263,W001595,0.117387,2026-06-14 02:32:00,synthetic_normal,normal
TX10005340,W002419,W002499,0.264705,2026-06-14 03:01:00,synthetic_normal,normal
TX10007678,W002147,W002484,0.546397,2026-06-14 03:02:00,synthetic_normal,normal
TX10001687,W001625,W001896,0.679099,2026-06-14 03:15:00,synthetic_normal,normal
TX10009002,W000370,W001242,1.019233,2026-06-14 03:35:00,synthetic_normal,normal
TX10008097,W001486,W000196,0.721579,2026-06-14 03:49:00,synthetic_normal,normal
TX10002210,W000237,W002253,0.456622,2026-06-14 04:15:00,synthetic_normal,normal
TX10000053,W000024,W001166,9.467629,2026-06-14 04:22:00,synthetic_anomalous,high_connectivity
TX10008669,W001731,W001171,0.538871,2026-06-14 05:12:00,synthetic_normal,normal
TX10002494,W000761,W001378,0.234742,2026-06-14 05:34:00,synthetic_normal,normal
TX10000253,W000023,W001217,0.579526,2026-06-14 05:45:00,synthetic_anomalous,high_connectivity
TX10007420,W000159,W001970,0.357647,2026-06-14 05:53:00,synthetic_normal,normal
TX10006363,W001807,W001620,0.439692,2026-06-14 07:09:00,synthetic_normal,normal
TX10005801,W000769,W000282,0.391172,2026-06-14 07:31:00,synthetic_normal,normal
TX10002390,W001583,W000853,0.113468,2026-06-14 08:00:00,synthetic_normal,normal
TX10006699,W001245,W002238,0.242863,2026-06-14 08:45:00,synthetic_normal,normal
TX10008734,W002012,W001462,0.327928,2026-06-14 08:58:00,synthetic_normal,normal
TX10008511,W000214,W000713,0.257444,2026-06-14 09:06:00,synthetic_normal,normal
TX10008397,W001028,W000870,0.138398,2026-06-14 10:02:00,synthetic_normal,normal
TX10009619,W000612,W000542,1.266978,2026-06-14 10:14:00,synthetic_normal,normal
TX10002746,W001239,W000561,0.71832,2026-06-14 10:20:00,synthetic_normal,normal
TX10002876,W001205,W002178,1.587678,2026-06-14 10:27:00,synthetic_normal,normal
TX10009182,W001241,W002022,0.269629,2026-06-14 11:21:00,synthetic_normal,normal
TX10003430,W001692,W001953,0.132258,2026-06-14 11:22:00,synthetic_normal,normal
TX10006034,W001255,W001866,0.320121,2026-06-14 11:25:00,synthetic_normal,normal
TX10008634,W000572,W000353,0.651392,2026-06-14 11:46:00,synthetic_normal,normal
TX10008271,W001920,W000693,0.272082,2026-06-14 11:51:00,synthetic_normal,normal
TX10009615,W001561,W000282,0.345409,2026-06-14 12:13:00,synthetic_normal,normal
TX10009836,W001997,W001114,0.581622,2026-06-14 12:46:00,synthetic_normal,normal
TX10006947,W000415,W002322,0.376308,2026-06-14 12:50:00,synthetic_normal,normal
TX10007609,W001376,W000680,0.18426,2026-06-14 12:51:00,synthetic_normal,normal
TX10001882,W002138,W000067,0.735657,2026-06-14 12:54:00,synthetic_normal,normal
TX10002126,W002467,W001842,0.109625,2026-06-14 14:47:00,synthetic_normal,normal
TX10007878,W002373,W002112,0.621719,2026-06-14 14:58:00,synthetic_normal,normal
TX10000648,W001126,W001680,0.527488,2026-06-14 16:18:00,synthetic_anomalous,rapid_chain
TX10006450,W001250,W001685,0.528665,2026-06-14 16:29:00,synthetic_normal,normal
TX10008476,W000040,W000415,0.55842,2026-06-14 16:34:00,synthetic_normal,normal
TX10000383,W000002,W002122,1.290019,2026-06-14 16:35:00,synthetic_anomalous,layered_transfer
TX10004245,W001818,W001585,0.518923,2026-06-14 16:55:00,synthetic_normal,normal
TX10001783,W000293,W001268,0.555462,2026-06-14 17:24:00,synthetic_normal,normal
TX10009708,W000598,W000333,0.577087,2026-06-14 17:27:00,synthetic_normal,normal
TX10003476,W001800,W000457,0.260061,2026-06-14 17:28:00,synthetic_normal,normal
TX10000588,W002312,W002211,2.573666,2026-06-14 18:04:00,synthetic_anomalous,high_frequency
TX10001052,W000322,W002164,0.189087,2026-06-14 18:25:00,synthetic_normal,normal
TX10000460,W001861,W001543,9.024376,2026-06-14 18:35:00,synthetic_anomalous,high_frequency
TX10002589,W000148,W002010,0.477027,2026-06-14 18:52:00,synthetic_normal,normal
TX10000068,W002107,W000393,3.88607,2026-06-14 19:38:00,synthetic_anomalous,high_frequency
TX10008056,W000697,W001755,0.363718,2026-06-14 19:40:00,synthetic_normal,normal
TX10003832,W001076,W002206,0.486559,2026-06-14 19:54:00,synthetic_normal,normal
TX10003251,W001143,W001287,0.180075,2026-06-14 21:20:00,synthetic_normal,normal
TX10009441,W000840,W001803,0.176725,2026-06-14 21:41:00,synthetic_normal,normal
TX10003442,W002364,W000196,0.34769,2026-06-14 21:54:00,synthetic_normal,normal
TX10007337,W002172,W002493,0.116982,2026-06-14 22:17:00,synthetic_normal,normal
TX10004033,W001458,W000106,0.260378,2026-06-14 22:17:00,synthetic_normal,normal
TX10001640,W001001,W001657,1.149281,2026-06-14 22:32:00,synthetic_normal,normal
TX10003419,W000442,W001319,0.711595,2026-06-14 22:54:00,synthetic_normal,normal
TX10001791,W000547,W000152,0.939726,2026-06-14 23:05:00,synthetic_normal,normal
TX10007620,W002264,W001549,0.434813,2026-06-14 23:29:00,synthetic_normal,normal
TX10005257,W001662,W000220,0.445681,2026-06-15 00:07:00,synthetic_normal,normal
TX10005899,W000635,W002107,0.178333,2026-06-15 00:44:00,synthetic_normal,normal
TX10003339,W001120,W001742,0.592356,2026-06-15 00:45:00,synthetic_normal,normal
TX10003063,W001826,W002310,0.518396,2026-06-15 01:22:00,synthetic_normal,normal
TX10001559,W000316,W002316,0.363702,2026-06-15 01:31:00,synthetic_normal,normal
TX10008212,W000934,W000790,0.854169,2026-06-15 01:34:00,synthetic_normal,normal
TX10009264,W000575,W002050,0.639432,2026-06-15 04:50:00,synthetic_normal,normal
TX10001116,W002041,W002453,0.635089,2026-06-15 05:07:00,synthetic_normal,normal
TX10000310,W000040,W001848,4.391758,2026-06-15 05:15:00,synthetic_anomalous,ip_wallet_reuse
TX10004972,W000947,W001543,0.369874,2026-06-15 05:18:00,synthetic_normal,normal
TX10001709,W000764,W000406,1.096206,2026-06-15 05:50:00,synthetic_normal,normal
TX10000171,W001645,W002260,3.03308,2026-06-15 05:57:00,synthetic_anomalous,cross_border_burst
TX10005302,W000626,W001286,0.308316,2026-06-15 07:25:00,synthetic_normal,normal
TX10002661,W002217,W002225,0.287752,2026-06-15 07:48:00,synthetic_normal,normal
TX10004116,W000038,W002494,0.320192,2026-06-15 07:52:00,synthetic_normal,normal
TX10006893,W002039,W000165,0.340594,2026-06-15 08:11:00,synthetic_normal,normal
TX10001217,W000894,W001392,0.547203,2026-06-15 08:16:00,synthetic_normal,normal
TX10003002,W000934,W001278,0.665248,2026-06-15 08:51:00,synthetic_normal,normal
TX10005477,W002301,W000939,0.212907,2026-06-15 09:35:00,synthetic_normal,normal
TX10005353,W002126,W001858,0.307239,2026-06-15 10:32:00,synthetic_normal,normal
TX10008422,W000781,W001254,0.243292,2026-06-15 10:42:00,synthetic_normal,normal
TX10008638,W001473,W002198,0.265502,2026-06-15 10:43:00,synthetic_normal,normal
TX10008211,W000998,W000770,0.425545,2026-06-15 12:39:00,synthetic_normal,normal
TX10009146,W000220,W000531,0.459553,2026-06-15 13:25:00,synthetic_normal,normal
TX10001250,W001376,W000902,0.974539,2026-06-15 13:39:00,synthetic_normal,normal
TX10009227,W000779,W001162,1.403345,2026-06-15 13:47:00,synthetic_normal,normal
TX10000458,W000033,W000865,2.533652,2026-06-15 14:20:00,synthetic_anomalous,fan_in
TX10000440,W001289,W000057,7.872714,2026-06-15 15:28:00,synthetic_anomalous,rapid_chain
TX10004640,W000533,W000503,0.082211,2026-06-15 15:49:00,synthetic_normal,normal
TX10006982,W001976,W001571,0.233303,2026-06-15 16:08:00,synthetic_normal,normal
TX10006890,W000348,W000255,0.141227,2026-06-15 16:17:00,synthetic_normal,normal
TX10008984,W000531,W002027,0.458605,2026-06-15 16:18:00,synthetic_normal,normal
TX10005955,W002213,W000693,0.380908,2026-06-15 16:41:00,synthetic_normal,normal
TX10003570,W001849,W001822,0.226647,2026-06-15 16:44:00,synthetic_normal,normal
TX10008074,W001754,W000121,0.773061,2026-06-15 16:59:00,synthetic_normal,normal
TX10009135,W001927,W001057,0.472567,2026-06-15 17:02:00,synthetic_normal,normal
TX10001743,W000536,W000801,0.162347,2026-06-15 17:03:00,synthetic_normal,normal
TX10008214,W001766,W002243,0.459845,2026-06-15 17:08:00,synthetic_normal,normal
TX10001517,W001101,W001889,0.362181,2026-06-15 17:33:00,synthetic_normal,normal
TX10008303,W000206,W000855,0.048352,2026-06-15 18:00:00,synthetic_normal,normal
TX10007431,W001154,W000966,0.251964,2026-06-15 18:08:00,synthetic_normal,normal
TX10000238,W000033,W001543,2.616888,2026-06-15 18:18:00,synthetic_anomalous,ip_wallet_reuse
TX10004596,W000520,W000629,0.131965,2026-06-15 18:39:00,synthetic_normal,normal
TX10003024,W000104,W000965,1.164868,2026-06-15 18:51:00,synthetic_normal,normal
TX10008543,W001794,W001831,0.402266,2026-06-15 19:53:00,synthetic_normal,normal
TX10003201,W000887,W001024,0.934606,2026-06-15 20:29:00,synthetic_normal,normal
TX10004372,W000859,W001237,1.010558,2026-06-15 20:41:00,synthetic_normal,normal
TX10007324,W002402,W002008,0.170873,2026-06-15 21:15:00,synthetic_normal,normal
TX10005098,W002021,W002491,1.153468,2026-06-15 22:07:00,synthetic_normal,normal
TX10000684,W000958,W001064,3.643618,2026-06-15 22:13:00,synthetic_anomalous,high_frequency
TX10009565,W001272,W000329,0.551074,2026-06-15 22:24:00,synthetic_normal,normal
TX10003707,W000544,W001523,0.154353,2026-06-15 22:53:00,synthetic_normal,normal
TX10004602,W001483,W001869,0.260351,2026-06-15 22:56:00,synthetic_normal,normal
TX10004320,W001562,W002039,0.632246,2026-06-15 23:07:00,synthetic_normal,normal
TX10009126,W000624,W001649,0.231213,2026-06-15 23:27:00,synthetic_normal,normal
TX10005705,W001510,W000099,0.909375,2026-06-16 00:14:00,synthetic_normal,normal
TX10000227,W000765,W002372,0.669714,2026-06-16 00:45:00,synthetic_anomalous,cross_border_burst
TX10009548,W000856,W001464,0.129857,2026-06-16 00:52:00,synthetic_normal,normal
TX10001197,W000775,W002314,0.457777,2026-06-16 01:01:00,synthetic_normal,normal
TX10003128,W002058,W002427,0.565551,2026-06-16 01:12:00,synthetic_normal,normal
TX10008897,W000033,W001757,0.623332,2026-06-16 01:45:00,synthetic_normal,normal
TX10009456,W000478,W000098,0.697296,2026-06-16 01:56:00,synthetic_normal,normal
TX10004360,W000008,W000783,0.940199,2026-06-16 01:57:00,synthetic_normal,normal
TX10003064,W001974,W002311,0.679672,2026-06-16 02:53:00,synthetic_normal,normal
TX10002168,W000775,W000097,0.760921,2026-06-16 03:16:00,synthetic_normal,normal
TX10002214,W001416,W000195,0.732657,2026-06-16 04:46:00,synthetic_normal,normal
TX10007042,W001964,W001227,0.574538,2026-06-16 05:25:00,synthetic_normal,normal
TX10006253,W001983,W002119,0.621981,2026-06-16 05:26:00,synthetic_normal,normal
TX10005007,W002130,W001395,0.614799,2026-06-16 05:33:00,synthetic_normal,normal
TX10006127,W000396,W000288,0.17097,2026-06-16 06:09:00,synthetic_normal,normal
TX10009206,W001989,W000284,0.281146,2026-06-16 06:22:00,synthetic_normal,normal
TX10003448,W001384,W001538,0.199248,2026-06-16 06:25:00,synthetic_normal,normal
TX10002284,W001592,W001400,0.614648,2026-06-16 06:37:00,synthetic_normal,normal
TX10005717,W001861,W000457,0.929581,2026-06-16 07:10:00,synthetic_normal,normal
TX10002887,W000547,W001486,0.719531,2026-06-16 07:30:00,synthetic_normal,normal
TX10006411,W000037,W002189,0.49632,2026-06-16 08:28:00,synthetic_normal,normal
TX10006043,W002032,W001043,0.361264,2026-06-16 08:42:00,synthetic_normal,normal
TX10000089,W000018,W001462,2.561872,2026-06-16 09:57:00,synthetic_anomalous,fan_out
TX10005884,W002403,W001514,0.820221,2026-06-16 10:01:00,synthetic_normal,normal
TX10005870,W001877,W002092,0.916167,2026-06-16 10:26:00,synthetic_normal,normal
TX10005056,W001730,W001813,0.499747,2026-06-16 10:36:00,synthetic_normal,normal
TX10003727,W001500,W000433,0.655398,2026-06-16 11:04:00,synthetic_normal,normal
TX10004838,W001980,W001018,0.366374,2026-06-16 11:56:00,synthetic_normal,normal
TX10000969,W000025,W001856,4.052134,2026-06-16 12:42:00,synthetic_anomalous,fan_out
TX10006063,W001754,W000448,0.710058,2026-06-16 13:12:00,synthetic_normal,normal
TX10001452,W000245,W001360,0.543838,2026-06-16 13:19:00,synthetic_normal,normal
TX10008553,W001978,W000615,0.295904,2026-06-16 13:27:00,synthetic_normal,normal
TX10005473,W000706,W000413,1.248276,2026-06-16 13:57:00,synthetic_normal,normal
TX10004215,W000409,W002302,1.341979,2026-06-16 14:00:00,synthetic_normal,normal
TX10001007,W000164,W002298,0.882822,2026-06-16 14:18:00,synthetic_normal,normal
TX10008020,W000410,W001940,0.819227,2026-06-16 15:15:00,synthetic_normal,normal
TX10006345,W000815,W000283,0.25222,2026-06-16 15:29:00,synthetic_normal,normal
TX10003336,W002014,W001479,0.363712,2026-06-16 15:41:00,synthetic_normal,normal
TX10005683,W000574,W001927,0.352297,2026-06-16 15:47:00,synthetic_normal,normal
TX10000084,W002491,W002341,2.387018,2026-06-16 16:52:00,synthetic_anomalous,high_frequency
TX10003071,W002306,W001728,0.268909,2026-06-16 17:06:00,synthetic_normal,normal
TX10007292,W002116,W002383,0.237375,2026-06-16 17:13:00,synthetic_normal,normal
TX10000232,W002375,W001802,3.023065,2026-06-16 17:54:00,synthetic_anomalous,rapid_chain
TX10003390,W001703,W002370,0.75818,2026-06-16 18:27:00,synthetic_normal,normal
TX10005975,W001904,W002235,0.396475,2026-06-16 18:43:00,synthetic_normal,normal
TX10009754,W000431,W000472,1.162256,2026-06-16 19:56:00,synthetic_normal,normal
TX10004309,W001594,W001866,0.280884,2026-06-16 19:57:00,synthetic_normal,normal
TX10001568,W001404,W002463,0.232518,2026-06-16 20:05:00,synthetic_normal,normal
TX10007853,W001921,W002213,0.57812,2026-06-16 20:53:00,synthetic_normal,normal
TX10007918,W001098,W000615,0.135519,2026-06-16 21:20:00,synthetic_normal,normal
TX10003689,W000200,W001096,0.634309,2026-06-16 21:23:00,synthetic_normal,normal
TX10009574,W001764,W000174,0.573228,2026-06-16 22:21:00,synthetic_normal,normal
TX10007284,W000949,W001497,0.300573,2026-06-16 22:32:00,synthetic_normal,normal
TX10002721,W000191,W002007,0.109601,2026-06-16 23:01:00,synthetic_normal,normal
TX10000702,W000047,W001316,2.778075,2026-06-16 23:02:00,synthetic_anomalous,ip_wallet_reuse
TX10003591,W000477,W001733,0.238156,2026-06-16 23:37:00,synthetic_normal,normal
TX10005597,W001989,W001107,0.447123,2026-06-17 00:33:00,synthetic_normal,normal
TX10000974,W000033,W000289,4.950408,2026-06-17 00:43:00,synthetic_anomalous,ip_wallet_reuse
TX10004224,W000285,W001857,0.521336,2026-06-17 00:44:00,synthetic_normal,normal
TX10001911,W000327,W000224,0.789008,2026-06-17 00:51:00,synthetic_normal,normal
TX10007229,W000019,W002333,0.703627,2026-06-17 01:18:00,synthetic_normal,normal
TX10002245,W000889,W001888,0.25296,2026-06-17 02:35:00,synthetic_normal,normal
TX10001720,W001248,W001537,0.270034,2026-06-17 02:35:00,synthetic_normal,normal
TX10006149,W000864,W001131,0.419907,2026-06-17 04:17:00,synthetic_normal,normal
TX10004073,W001400,W002214,0.31806,2026-06-17 04:29:00,synthetic_normal,normal
TX10009780,W001804,W000222,0.685424,2026-06-17 04:36:00,synthetic_normal,normal
TX10009348,W000795,W001500,0.348443,2026-06-17 05:03:00,synthetic_normal,normal
TX10001463,W001043,W000533,0.496317,2026-06-17 05:16:00,synthetic_normal,normal
TX10006963,W001376,W001409,0.277938,2026-06-17 05:30:00,synthetic_normal,normal
TX10004270,W000711,W002017,0.314919,2026-06-17 05:41:00,synthetic_normal,normal
TX10008199,W000775,W002393,0.109361,2026-06-17 05:45:00,synthetic_normal,normal
TX10003917,W001225,W000007,0.330705,2026-06-17 05:47:00,synthetic_normal,normal
TX10009020,W002302,W001006,1.05827,2026-06-17 06:10:00,synthetic_normal,normal
TX10000211,W001004,W000842,0.934094,2026-06-17 06:14:00,synthetic_anomalous,cross_border_burst
TX10009521,W001909,W000545,0.695926,2026-06-17 06:19:00,synthetic_normal,normal
TX10002951,W001050,W001526,0.180248,2026-06-17 06:44:00,synthetic_normal,normal
TX10004328,W000601,W002429,0.555715,2026-06-17 06:47:00,synthetic_normal,normal
TX10008888,W001147,W000079,0.53611,2026-06-17 07:11:00,synthetic_normal,normal
TX10008723,W000325,W001967,0.421502,2026-06-17 07:14:00,synthetic_normal,normal
TX10005284,W001836,W000819,0.464457,2026-06-17 07:16:00,synthetic_normal,normal
TX10005343,W001068,W000129,0.639688,2026-06-17 08:16:00,synthetic_normal,normal
TX10007525,W001630,W000296,2.449455,2026-06-17 08:26:00,synthetic_normal,normal
TX10004069,W000484,W001800,0.207614,2026-06-17 09:06:00,synthetic_normal,normal
TX10009584,W000822,W001944,0.920028,2026-06-17 09:07:00,synthetic_normal,normal
TX10005346,W000854,W001944,2.192418,2026-06-17 10:03:00,synthetic_normal,normal
TX10008768,W001772,W000763,0.376676,2026-06-17 11:42:00,synthetic_normal,normal
TX10004913,W000395,W001416,0.4742,2026-06-17 11:50:00,synthetic_normal,normal
TX10001713,W001909,W001498,0.323114,2026-06-17 13:21:00,synthetic_normal,normal
TX10007422,W001172,W002365,0.551132,2026-06-17 13:40:00,synthetic_normal,normal
TX10000457,W000003,W000678,11.094892,2026-06-17 14:14:00,synthetic_anomalous,fan_out
TX10005026,W000768,W000362,0.618809,2026-06-17 14:39:00,synthetic_normal,normal
TX10007136,W001919,W000554,0.196399,2026-06-17 14:40:00,synthetic_normal,normal
TX10005229,W002390,W000020,0.900552,2026-06-17 14:53:00,synthetic_normal,normal
TX10000909,W000031,W002302,1.385801,2026-06-17 14:57:00,synthetic_anomalous,high_connectivity
TX10004498,W002428,W000658,0.359763,2026-06-17 16:03:00,synthetic_normal,normal
TX10006960,W001893,W001868,0.13296,2026-06-17 17:01:00,synthetic_normal,normal
TX10008691,W000983,W002094,0.68343,2026-06-17 17:12:00,synthetic_normal,normal
TX10000124,W001305,W000169,0.640637,2026-06-17 17:35:00,synthetic_anomalous,high_frequency
TX10004588,W000555,W001758,0.314909,2026-06-17 17:54:00,synthetic_normal,normal
TX10009149,W000853,W000355,0.907271,2026-06-17 18:27:00,synthetic_normal,normal
TX10005601,W000313,W001766,0.216649,2026-06-17 18:31:00,synthetic_normal,normal
TX10002741,W000802,W001935,0.620456,2026-06-17 18:51:00,synthetic_normal,normal
TX10000765,W000010,W000900,3.911648,2026-06-17 19:08:00,synthetic_anomalous,high_connectivity
TX10005064,W001632,W002281,0.299097,2026-06-17 19:55:00,synthetic_normal,normal
TX10001185,W001111,W002055,0.58406,2026-06-17 20:03:00,synthetic_normal,normal
TX10004667,W000617,W001906,0.774942,2026-06-17 20:07:00,synthetic_normal,normal
TX10008133,W000499,W000090,1.307239,2026-06-17 20:18:00,synthetic_normal,normal
TX10000505,W000016,W000308,1.675713,2026-06-17 20:28:00,synthetic_anomalous,fan_out
TX10005783,W001900,W001404,0.105039,2026-06-17 20:38:00,synthetic_normal,normal
TX10008265,W001980,W001196,0.208506,2026-06-17 20:44:00,synthetic_normal,normal
TX10004777,W001863,W000428,0.766265,2026-06-17 20:47:00,synthetic_normal,normal
TX10007249,W000220,W002149,0.208472,2026-06-17 21:13:00,synthetic_normal,normal
TX10008826,W002057,W001547,1.37486,2026-06-17 21:17:00,synthetic_normal,normal
TX10002521,W001010,W000903,1.001987,2026-06-17 21:22:00,synthetic_normal,normal
TX10008289,W000107,W000073,0.407088,2026-06-17 21:38:00,synthetic_normal,normal
TX10002909,W001121,W000557,0.688764,2026-06-17 22:44:00,synthetic_normal,normal
TX10002953,W001209,W000337,0.086325,2026-06-17 22:46:00,synthetic_normal,normal
TX10005591,W000713,W000403,0.24117,2026-06-17 22:49:00,synthetic_normal,normal
TX10001479,W000869,W002109,0.355534,2026-06-17 23:24:00,synthetic_normal,normal
TX10004363,W002454,W001207,1.043113,2026-06-17 23:33:00,synthetic_normal,normal
TX10003680,W000722,W001895,0.921602,2026-06-17 23:42:00,synthetic_normal,normal
TX10000964,W001386,W000845,17.100787,2026-06-17 23:46:00,synthetic_anomalous,high_frequency
TX10001042,W000028,W000779,0.310077,2026-06-18 00:08:00,synthetic_normal,normal
TX10004740,W001247,W000139,0.769362,2026-06-18 00:08:00,synthetic_normal,normal
TX10007245,W000515,W002105,0.200483,2026-06-18 01:09:00,synthetic_normal,normal
TX10001444,W000363,W000621,0.321955,2026-06-18 02:49:00,synthetic_normal,normal
TX10004672,W000475,W000012,0.870416,2026-06-18 03:05:00,synthetic_normal,normal
TX10009180,W001686,W002052,0.252317,2026-06-18 03:11:00,synthetic_normal,normal
TX10007830,W001591,W001674,0.251801,2026-06-18 03:23:00,synthetic_normal,normal
TX10001096,W000885,W002462,0.818051,2026-06-18 03:26:00,synthetic_normal,normal
TX10005014,W002301,W001964,0.157304,2026-06-18 03:37:00,synthetic_normal,normal
TX10006108,W000147,W001974,0.953345,2026-06-18 04:02:00,synthetic_normal,normal
TX10009129,W000971,W001658,0.177856,2026-06-18 04:41:00,synthetic_normal,normal
TX10007822,W002135,W000846,0.443151,2026-06-18 04:53:00,synthetic_normal,normal
TX10003565,W002024,W000995,0.476375,2026-06-18 04:55:00,synthetic_normal,normal
TX10008438,W000704,W000618,0.995593,2026-06-18 04:59:00,synthetic_normal,normal
TX10000326,W000018,W000962,2.398718,2026-06-18 05:51:00,synthetic_anomalous,ip_wallet_reuse
TX10003579,W000829,W001789,1.405881,2026-06-18 06:20:00,synthetic_normal,normal
TX10007950,W001813,W002315,0.53889,2026-06-18 07:32:00,synthetic_normal,normal
TX10009418,W002248,W000935,0.227667,2026-06-18 07:42:00,synthetic_normal,normal
TX10001563,W001462,W001811,0.445699,2026-06-18 08:11:00,synthetic_normal,normal
TX10000280,W002172,W001078,4.844049,2026-06-18 08:19:00,synthetic_anomalous,rapid_chain
TX10005913,W002185,W002184,0.467585,2026-06-18 08:28:00,synthetic_normal,normal
TX10009781,W000014,W001591,0.625534,2026-06-18 09:55:00,synthetic_normal,normal
TX10009277,W001655,W001278,0.341308,2026-06-18 10:00:00,synthetic_normal,normal
TX10000718,W000020,W001172,1.694859,2026-06-18 10:05:00,synthetic_anomalous,ip_wallet_reuse
TX10008919,W000260,W001511,0.607727,2026-06-18 10:42:00,synthetic_normal,normal
TX10009769,W002482,W002237,0.18916,2026-06-18 10:43:00,synthetic_normal,normal
TX10004752,W000767,W000212,0.502365,2026-06-18 11:55:00,synthetic_normal,normal
TX10009065,W000849,W001166,0.48263,2026-06-18 12:34:00,synthetic_normal,normal
TX10007993,W002306,W002228,0.717959,2026-06-18 13:33:00,synthetic_normal,normal
TX10007556,W001814,W001839,1.102969,2026-06-18 14:06:00,synthetic_normal,normal
TX10006643,W002409,W000714,0.810334,2026-06-18 14:07:00,synthetic_normal,normal
TX10005741,W001438,W002029,0.388583,2026-06-18 14:11:00,synthetic_normal,normal
TX10007801,W000570,W002324,0.41485,2026-06-18 14:13:00,synthetic_normal,normal
TX10002014,W001571,W000443,2.075678,2026-06-18 15:30:00,synthetic_normal,normal
TX10007025,W000708,W000321,0.187402,2026-06-18 16:05:00,synthetic_normal,normal
TX10006397,W002418,W001168,1.472108,2026-06-18 16:14:00,synthetic_normal,normal
TX10004617,W001098,W000541,1.983009,2026-06-18 17:18:00,synthetic_normal,normal
TX10002595,W001635,W002391,0.18456,2026-06-18 17:56:00,synthetic_normal,normal
TX10008291,W000862,W001065,0.206131,2026-06-18 18:00:00,synthetic_normal,normal
TX10006240,W002066,W002358,0.560542,2026-06-18 18:01:00,synthetic_normal,normal
TX10007905,W000810,W002444,0.361051,2026-06-18 18:51:00,synthetic_normal,normal
TX10000665,W000044,W000335,2.17629,2026-06-18 18:59:00,synthetic_anomalous,fan_out
TX10005336,W001396,W000098,1.082296,2026-06-18 19:02:00,synthetic_normal,normal
TX10004654,W000572,W002464,0.935513,2026-06-18 19:15:00,synthetic_normal,normal
TX10004906,W001487,W000245,0.878749,2026-06-18 19:25:00,synthetic_normal,normal
TX10004988,W001416,W000519,1.060615,2026-06-18 19:30:00,synthetic_normal,normal
TX10001354,W001368,W000605,0.341934,2026-06-18 19:38:00,synthetic_normal,normal
TX10005138,W000321,W001229,1.015742,2026-06-18 19:41:00,synthetic_normal,normal
TX10009433,W000846,W002315,0.300842,2026-06-18 19:41:00,synthetic_normal,normal
TX10008725,W001198,W001233,0.636402,2026-06-18 20:16:00,synthetic_normal,normal
TX10008575,W000477,W000305,0.317685,2026-06-18 20:43:00,synthetic_normal,normal
TX10000735,W000049,W000205,0.860498,2026-06-18 20:43:00,synthetic_anomalous,layered_transfer
TX10005549,W001467,W000307,0.921071,2026-06-18 21:21:00,synthetic_normal,normal
TX10002837,W001947,W001138,1.099133,2026-06-18 22:05:00,synthetic_normal,normal
TX10001047,W000353,W002069,0.785729,2026-06-18 22:17:00,synthetic_normal,normal
TX10002138,W000511,W002323,0.821423,2026-06-18 22:37:00,synthetic_normal,normal
TX10000713,W000048,W002184,5.493047,2026-06-18 22:52:00,synthetic_anomalous,fan_out
TX10001924,W001106,W002237,0.346152,2026-06-18 23:04:00,synthetic_normal,normal
TX10004742,W001373,W000670,0.354917,2026-06-18 23:24:00,synthetic_normal,normal
TX10009552,W000708,W002270,0.844351,2026-06-18 23:33:00,synthetic_normal,normal
TX10003963,W001755,W000065,0.483889,2026-06-18 23:44:00,synthetic_normal,normal
TX10005853,W001257,W000139,0.273682,2026-06-19 00:05:00,synthetic_normal,normal
TX10002959,W002260,W001051,1.159106,2026-06-19 00:07:00,synthetic_normal,normal
TX10003007,W001445,W000587,0.218924,2026-06-19 00:18:00,synthetic_normal,normal
TX10006669,W001741,W002385,0.542711,2026-06-19 00:31:00,synthetic_normal,normal
TX10008145,W002234,W001983,0.881771,2026-06-19 00:46:00,synthetic_normal,normal
TX10002432,W001244,W000546,0.352996,2026-06-19 00:56:00,synthetic_normal,normal
TX10004964,W000443,W001698,1.58117,2026-06-19 01:15:00,synthetic_normal,normal
TX10009900,W002341,W001351,2.227002,2026-06-19 01:26:00,synthetic_normal,normal
TX10009991,W002489,W000454,0.263305,2026-06-19 01:56:00,synthetic_normal,normal
TX10003236,W000963,W000812,1.698788,2026-06-19 02:17:00,synthetic_normal,normal
TX10008254,W000669,W001758,0.631796,2026-06-19 02:27:00,synthetic_normal,normal
TX10002403,W001172,W002329,0.810369,2026-06-19 02:32:00,synthetic_normal,normal
TX10003835,W001108,W000468,0.598653,2026-06-19 02:52:00,synthetic_normal,normal
TX10000605,W000048,W000407,3.665097,2026-06-19 02:54:00,synthetic_anomalous,high_connectivity
TX10002109,W001644,W000516,0.145629,2026-06-19 03:21:00,synthetic_normal,normal
TX10004815,W002291,W002182,0.536702,2026-06-19 03:36:00,synthetic_normal,normal
TX10005887,W001020,W001317,0.414083,2026-06-19 04:09:00,synthetic_normal,normal
TX10007773,W001414,W000662,0.168409,2026-06-19 04:13:00,synthetic_normal,normal
TX10002825,W001353,W000070,0.66213,2026-06-19 04:17:00,synthetic_normal,normal
TX10007494,W001478,W000882,0.40857,2026-06-19 04:19:00,synthetic_normal,normal
TX10005608,W002113,W001327,0.687719,2026-06-19 04:21:00,synthetic_normal,normal
TX10004978,W000275,W000671,0.412081,2026-06-19 04:27:00,synthetic_normal,normal
TX10003966,W000685,W001347,0.224892,2026-06-19 04:33:00,synthetic_normal,normal
TX10000706,W000033,W001152,1.828232,2026-06-19 05:02:00,synthetic_anomalous,fan_in
TX10000016,W002053,W002377,5.197566,2026-06-19 05:03:00,synthetic_anomalous,rapid_chain
TX10007289,W000346,W000115,0.460492,2026-06-19 06:10:00,synthetic_normal,normal
TX10000420,W002016,W001442,2.025664,2026-06-19 07:02:00,synthetic_anomalous,high_frequency
TX10009625,W000345,W001812,0.320971,2026-06-19 07:26:00,synthetic_normal,normal
TX10000486,W000011,W002229,2.091388,2026-06-19 07:35:00,synthetic_anomalous,ip_wallet_reuse
TX10003220,W001925,W000967,0.154641,2026-06-19 08:43:00,synthetic_normal,normal
TX10003028,W000222,W001805,0.344284,2026-06-19 09:03:00,synthetic_normal,normal
TX10006358,W001108,W002172,0.201846,2026-06-19 10:06:00,synthetic_normal,normal
TX10004302,W001530,W000969,0.50671,2026-06-19 10:33:00,synthetic_normal,normal
TX10009710,W000789,W002108,0.578658,2026-06-19 10:35:00,synthetic_normal,normal
TX10004455,W000981,W000429,1.036828,2026-06-19 11:19:00,synthetic_normal,normal
TX10006651,W001880,W001689,0.137711,2026-06-19 11:22:00,synthetic_normal,normal
TX10003078,W000512,W001724,0.795885,2026-06-19 11:41:00,synthetic_normal,normal
TX10003744,W000648,W002090,0.297737,2026-06-19 11:50:00,synthetic_normal,normal
TX10004592,W002284,W000735,0.270407,2026-06-19 11:57:00,synthetic_normal,normal
TX10002824,W000126,W000353,0.961512,2026-06-19 12:11:00,synthetic_normal,normal
TX10007698,W000950,W000034,0.418716,2026-06-19 13:31:00,synthetic_normal,normal
TX10007860,W001955,W001764,1.03653,2026-06-19 13:50:00,synthetic_normal,normal
TX10004585,W000238,W000810,0.688322,2026-06-19 14:35:00,synthetic_normal,normal
TX10007617,W000483,W000382,0.832461,2026-06-19 14:43:00,synthetic_normal,normal
TX10004265,W001762,W001630,0.699492,2026-06-19 14:49:00,synthetic_normal,normal
TX10005341,W000806,W002328,0.316564,2026-06-19 15:00:00,synthetic_normal,normal
TX10000629,W000033,W001789,1.830285,2026-06-19 15:42:00,synthetic_anomalous,high_connectivity
TX10000729,W000002,W002105,2.885569,2026-06-19 15:55:00,synthetic_anomalous,fan_out
TX10002810,W000737,W001508,0.265045,2026-06-19 16:10:00,synthetic_normal,normal
TX10008376,W001007,W000778,0.426551,2026-06-19 16:21:00,synthetic_normal,normal
TX10000721,W000015,W001912,2.479578,2026-06-19 16:25:00,synthetic_anomalous,fan_out
TX10008388,W000120,W001324,0.169105,2026-06-19 17:11:00,synthetic_normal,normal
TX10001064,W001979,W001097,0.145229,2026-06-19 17:33:00,synthetic_normal,normal
TX10003943,W002423,W001914,0.389167,2026-06-19 17:56:00,synthetic_normal,normal
TX10004142,W001265,W001798,0.577216,2026-06-19 18:01:00,synthetic_normal,normal
TX10001529,W000038,W001900,0.228709,2026-06-19 18:46:00,synthetic_normal,normal
TX10002102,W000785,W001077,0.615591,2026-06-19 19:55:00,synthetic_normal,normal
TX10004969,W000572,W001042,0.668996,2026-06-19 20:12:00,synthetic_normal,normal
TX10000222,W000012,W000645,7.03566,2026-06-19 20:42:00,synthetic_anomalous,ip_wallet_reuse
TX10009886,W001258,W000611,0.438891,2026-06-19 21:14:00,synthetic_normal,normal
TX10002310,W002398,W002344,1.017063,2026-06-19 21:28:00,synthetic_normal,normal
TX10005499,W001874,W001888,0.432428,2026-06-19 22:01:00,synthetic_normal,normal
TX10008484,W000346,W002293,0.213809,2026-06-19 23:12:00,synthetic_normal,normal
TX10005746,W001378,W002046,0.457626,2026-06-19 23:28:00,synthetic_normal,normal
TX10008576,W000991,W001061,0.380745,2026-06-19 23:28:00,synthetic_normal,normal
TX10002173,W000357,W000538,2.581252,2026-06-20 00:41:00,synthetic_normal,normal
TX10001993,W001892,W000246,0.55756,2026-06-20 01:15:00,synthetic_normal,normal
TX10006026,W000436,W000011,0.42001,2026-06-20 01:19:00,synthetic_normal,normal
TX10008996,W001144,W002403,0.767201,2026-06-20 02:15:00,synthetic_normal,normal
TX10008531,W001877,W002136,0.329253,2026-06-20 02:27:00,synthetic_normal,normal
TX10004204,W000206,W001187,1.484516,2026-06-20 03:59:00,synthetic_normal,normal
TX10005613,W000010,W000445,0.183073,2026-06-20 04:34:00,synthetic_normal,normal
TX10002332,W001341,W000560,0.522013,2026-06-20 05:04:00,synthetic_normal,normal
TX10003811,W000923,W000711,0.228809,2026-06-20 05:20:00,synthetic_normal,normal
TX10006930,W000840,W000445,0.282468,2026-06-20 06:35:00,synthetic_normal,normal
TX10005510,W000466,W000623,0.274217,2026-06-20 06:56:00,synthetic_normal,normal
TX10003987,W002117,W000233,0.230667,2026-06-20 07:52:00,synthetic_normal,normal
TX10002607,W001988,W001499,0.343393,2026-06-20 08:23:00,synthetic_normal,normal
TX10009288,W001544,W001413,0.711423,2026-06-20 08:58:00,synthetic_normal,normal
TX10009570,W000010,W001230,0.488099,2026-06-20 10:49:00,synthetic_normal,normal
TX10006314,W001206,W002158,0.301815,2026-06-20 11:37:00,synthetic_normal,normal
TX10002549,W000846,W000020,0.47319,2026-06-20 11:44:00,synthetic_normal,normal
TX10004857,W001753,W001416,0.663798,2026-06-20 12:11:00,synthetic_normal,normal
TX10005246,W002074,W000885,0.581128,2026-06-20 12:14:00,synthetic_normal,normal
TX10005822,W001564,W000285,0.575496,2026-06-20 12:56:00,synthetic_normal,normal
TX10009093,W000180,W000723,0.320127,2026-06-20 14:38:00,synthetic_normal,normal
TX10008155,W001231,W000201,0.419546,2026-06-20 15:01:00,synthetic_normal,normal
TX10001098,W000422,W001502,0.34066,2026-06-20 15:14:00,synthetic_normal,normal
TX10001055,W002055,W000982,1.008087,2026-06-20 15:26:00,synthetic_normal,normal
TX10006264,W001371,W000737,0.468251,2026-06-20 16:29:00,synthetic_normal,normal
TX10007672,W002102,W000961,0.493589,2026-06-20 16:30:00,synthetic_normal,normal
TX10003149,W001201,W001546,0.457385,2026-06-20 16:38:00,synthetic_normal,normal
TX10004542,W000360,W000287,0.313109,2026-06-20 17:20:00,synthetic_normal,normal
TX10003656,W000119,W001618,0.594803,2026-06-20 17:34:00,synthetic_normal,normal
TX10002684,W000678,W001357,0.261131,2026-06-20 18:01:00,synthetic_normal,normal
TX10007929,W000244,W001056,0.254746,2026-06-20 18:06:00,synthetic_normal,normal
TX10007050,W001939,W001858,0.771515,2026-06-20 18:12:00,synthetic_normal,normal
TX10003347,W001140,W000844,0.175724,2026-06-20 18:25:00,synthetic_normal,normal
TX10009201,W001898,W000638,1.244825,2026-06-20 18:56:00,synthetic_normal,normal
TX10000407,W000029,W000005,2.677709,2026-06-20 20:40:00,synthetic_anomalous,layered_transfer
TX10007203,W002265,W000366,0.326677,2026-06-20 20:59:00,synthetic_normal,normal
TX10008944,W002306,W001031,0.206366,2026-06-20 21:00:00,synthetic_normal,normal
TX10000172,W002268,W001681,10.9698,2026-06-20 21:06:00,synthetic_anomalous,high_frequency
TX10003677,W001213,W001723,1.335683,2026-06-20 21:17:00,synthetic_normal,normal
TX10004563,W001286,W001134,0.790038,2026-06-20 23:02:00,synthetic_normal,normal
TX10004641,W000437,W002384,0.184126,2026-06-20 23:31:00,synthetic_normal,normal
TX10008738,W000369,W001637,0.509465,2026-06-20 23:49:00,synthetic_normal,normal
TX10008854,W000297,W001138,0.474978,2026-06-20 23:54:00,synthetic_normal,normal
TX10008415,W000159,W001143,0.340751,2026-06-21 01:15:00,synthetic_normal,normal
TX10002974,W001336,W001111,0.718085,2026-06-21 01:15:00,synthetic_normal,normal
TX10000185,W000028,W000317,4.360572,2026-06-21 01:30:00,synthetic_anomalous,fan_out
TX10008220,W001066,W001434,0.338129,2026-06-21 02:02:00,synthetic_normal,normal
TX10008938,W001669,W002084,0.459525,2026-06-21 02:03:00,synthetic_normal,normal
TX10007057,W002011,W001550,0.524421,2026-06-21 02:39:00,synthetic_normal,normal
TX10007981,W000089,W002011,0.45576,2026-06-21 02:47:00,synthetic_normal,normal
TX10000322,W000008,W002060,7.306819,2026-06-21 03:05:00,synthetic_anomalous,fan_in
TX10001168,W001275,W000189,0.534986,2026-06-21 03:19:00,synthetic_normal,normal
TX10009585,W000822,W001259,0.715546,2026-06-21 03:24:00,synthetic_normal,normal
TX10006860,W000820,W001685,1.438656,2026-06-21 03:34:00,synthetic_normal,normal
TX10007362,W002301,W000917,0.226135,2026-06-21 04:20:00,synthetic_normal,normal
TX10003721,W002148,W000908,0.162231,2026-06-21 04:21:00,synthetic_normal,normal
TX10002928,W002470,W002414,0.880334,2026-06-21 04:34:00,synthetic_normal,normal
TX10005946,W000310,W000377,0.32435,2026-06-21 04:53:00,synthetic_normal,normal
TX10007690,W001309,W000362,1.066883,2026-06-21 04:53:00,synthetic_normal,normal
TX10000748,W001684,W001949,11.329961,2026-06-21 05:02:00,synthetic_anomalous,high_frequency
TX10004811,W000183,W000171,0.222309,2026-06-21 05:12:00,synthetic_normal,normal
TX10001852,W000487,W000201,2.065626,2026-06-21 05:18:00,synthetic_normal,normal
TX10007261,W001621,W000997,0.468986,2026-06-21 05:23:00,synthetic_normal,normal
TX10008621,W001215,W000568,1.184486,2026-06-21 05:42:00,synthetic_normal,normal
TX10009983,W000025,W002016,0.250627,2026-06-21 05:56:00,synthetic_normal,normal
TX10003853,W001856,W000106,0.2168,2026-06-21 06:13:00,synthetic_normal,normal
TX10006805,W000214,W000708,0.337388,2026-06-21 06:37:00,synthetic_normal,normal
TX10007150,W002361,W002393,0.607041,2026-06-21 06:54:00,synthetic_normal,normal
TX10006402,W001528,W000444,0.137016,2026-06-21 07:16:00,synthetic_normal,normal
TX10004677,W000957,W000258,0.355929,2026-06-21 07:41:00,synthetic_normal,normal
TX10004016,W002080,W001200,0.491007,2026-06-21 08:43:00,synthetic_normal,normal
TX10000080,W001326,W000145,2.198672,2026-06-21 08:49:00,synthetic_anomalous,rapid_chain
TX10004805,W002298,W000929,0.294942,2026-06-21 08:50:00,synthetic_normal,normal
TX10003067,W001136,W000461,0.204523,2026-06-21 09:03:00,synthetic_normal,normal
TX10007978,W001854,W002189,0.272387,2026-06-21 09:48:00,synthetic_normal,normal
TX10004113,W001002,W000799,1.030364,2026-06-21 09:48:00,synthetic_normal,normal
TX10004848,W000800,W001552,0.660958,2026-06-21 10:23:00,synthetic_normal,normal
TX10009181,W000277,W000476,0.377938,2026-06-21 10:29:00,synthetic_normal,normal
TX10007097,W002267,W001817,1.228427,2026-06-21 10:56:00,synthetic_normal,normal
TX10001241,W000438,W000401,0.951512,2026-06-21 11:35:00,synthetic_normal,normal
TX10001401,W000080,W002025,0.268376,2026-06-21 12:01:00,synthetic_normal,normal
TX10001038,W000225,W002483,0.595782,2026-06-21 12:40:00,synthetic_normal,normal
TX10005288,W002418,W000333,0.309865,2026-06-21 12:46:00,synthetic_normal,normal
TX10000475,W000612,W001841,16.877978,2026-06-21 13:17:00,synthetic_anomalous,cross_border_burst
TX10002798,W000476,W002216,0.343792,2026-06-21 13:25:00,synthetic_normal,normal
TX10009001,W001871,W001439,0.715635,2026-06-21 14:13:00,synthetic_normal,normal
TX10004446,W001578,W000694,0.075316,2026-06-21 14:28:00,synthetic_normal,normal
TX10005157,W000193,W000564,0.368217,2026-06-21 15:03:00,synthetic_normal,normal
TX10009882,W001009,W002013,0.686267,2026-06-21 15:22:00,synthetic_normal,normal
TX10007757,W000436,W001881,0.394315,2026-06-21 16:00:00,synthetic_normal,normal
TX10003802,W000384,W000293,1.385878,2026-06-21 16:36:00,synthetic_normal,normal
TX10002493,W000923,W002489,1.00568,2026-06-21 17:01:00,synthetic_normal,normal
TX10000399,W000001,W000385,3.521616,2026-06-21 17:44:00,synthetic_anomalous,layered_transfer
TX10007681,W000982,W002430,0.146713,2026-06-21 18:26:00,synthetic_normal,normal
TX10009308,W002472,W002332,0.162657,2026-06-21 18:34:00,synthetic_normal,normal
TX10005111,W001806,W000393,0.389197,2026-06-21 18:46:00,synthetic_normal,normal
TX10004897,W002257,W000883,1.455369,2026-06-21 18:58:00,synthetic_normal,normal
TX10005784,W002332,W000260,0.407415,2026-06-21 18:59:00,synthetic_normal,normal
TX10008651,W001600,W001111,0.521227,2026-06-21 19:14:00,synthetic_normal,normal
TX10000479,W000041,W001636,12.200735,2026-06-21 20:02:00,synthetic_anomalous,layered_transfer
TX10008841,W001925,W000915,0.663205,2026-06-21 20:59:00,synthetic_normal,normal
TX10007125,W001893,W001813,0.829085,2026-06-21 21:06:00,synthetic_normal,normal
TX10009732,W000295,W001030,0.999443,2026-06-21 21:15:00,synthetic_normal,normal
TX10002569,W000243,W000602,0.437184,2026-06-21 21:16:00,synthetic_normal,normal
TX10000204,W001165,W001910,9.003024,2026-06-21 21:34:00,synthetic_anomalous,high_frequency
TX10006980,W002075,W000466,0.539296,2026-06-21 22:08:00,synthetic_normal,normal
TX10006904,W002048,W002361,0.338176,2026-06-21 22:16:00,synthetic_normal,normal
TX10005020,W002071,W000060,3.237689,2026-06-21 22:35:00,synthetic_normal,normal
TX10001300,W001428,W001530,1.009946,2026-06-21 23:30:00,synthetic_normal,normal
TX10007812,W000571,W000369,0.317101,2026-06-21 23:33:00,synthetic_normal,normal
TX10006695,W001628,W001245,0.914023,2026-06-21 23:36:00,synthetic_normal,normal
TX10002750,W001228,W000639,0.45428,2026-06-21 23:45:00,synthetic_normal,normal
TX10002568,W000800,W002306,0.213039,2026-06-22 00:27:00,synthetic_normal,normal
TX10002868,W001855,W000186,1.689245,2026-06-22 00:39:00,synthetic_normal,normal
TX10007007,W000560,W002188,1.013311,2026-06-22 00:50:00,synthetic_normal,normal
TX10007809,W001129,W000017,0.612161,2026-06-22 01:33:00,synthetic_normal,normal
TX10000026,W000038,W001216,1.922743,2026-06-22 02:07:00,synthetic_anomalous,fan_in
TX10005057,W000115,W000650,0.566129,2026-06-22 02:21:00,synthetic_normal,normal
TX10000668,W001823,W000671,5.096174,2026-06-22 02:23:00,synthetic_anomalous,high_frequency
TX10005006,W002303,W001089,1.490195,2026-06-22 02:24:00,synthetic_normal,normal
TX10004369,W000339,W001142,0.55563,2026-06-22 02:33:00,synthetic_normal,normal
TX10006090,W001779,W000969,0.592893,2026-06-22 02:36:00,synthetic_normal,normal
TX10006697,W000918,W002244,0.31532,2026-06-22 02:57:00,synthetic_normal,normal
TX10007364,W002236,W001371,0.406741,2026-06-22 03:47:00,synthetic_normal,normal
TX10009620,W000192,W001170,0.269178,2026-06-22 04:02:00,synthetic_normal,normal
TX10003562,W000977,W002052,0.137271,2026-06-22 04:32:00,synthetic_normal,normal
TX10006972,W001849,W000305,0.340543,2026-06-22 06:22:00,synthetic_normal,normal
TX10008815,W001385,W002441,0.226574,2026-06-22 06:28:00,synthetic_normal,normal
TX10002729,W002359,W000988,0.123062,2026-06-22 06:45:00,synthetic_normal,normal
TX10003702,W001449,W001301,0.43322,2026-06-22 07:17:00,synthetic_normal,normal
TX10004211,W002207,W000179,0.361292,2026-06-22 07:57:00,synthetic_normal,normal
TX10000766,W000007,W001549,6.714548,2026-06-22 09:06:00,synthetic_anomalous,ip_wallet_reuse
TX10000693,W000037,W001274,1.77708,2026-06-22 09:29:00,synthetic_anomalous,high_connectivity
TX10006469,W001296,W001208,0.165002,2026-06-22 09:49:00,synthetic_normal,normal
TX10001206,W000003,W002314,1.039499,2026-06-22 10:39:00,synthetic_normal,normal
TX10000476,W000796,W001939,1.027293,2026-06-22 10:52:00,synthetic_anomalous,high_frequency
TX10005661,W002204,W002407,0.210524,2026-06-22 11:07:00,synthetic_normal,normal
TX10000521,W000029,W000775,6.951625,2026-06-22 11:52:00,synthetic_anomalous,fan_out
TX10004650,W001633,W001509,0.554235,2026-06-22 12:29:00,synthetic_normal,normal
TX10006420,W000735,W001029,0.461058,2026-06-22 13:40:00,synthetic_normal,normal
TX10002305,W000974,W002453,1.651811,2026-06-22 13:56:00,synthetic_normal,normal
TX10003821,W000822,W002029,0.623538,2026-06-22 14:11:00,synthetic_normal,normal
TX10008134,W002104,W002162,0.2153,2026-06-22 14:12:00,synthetic_normal,normal
TX10003216,W002018,W000452,0.565337,2026-06-22 14:24:00,synthetic_normal,normal
TX10001522,W001549,W000008,0.405451,2026-06-22 15:28:00,synthetic_normal,normal
TX10002870,W001764,W001192,1.061429,2026-06-22 15:28:00,synthetic_normal,normal
TX10005738,W001736,W002415,0.380074,2026-06-22 15:56:00,synthetic_normal,normal
TX10009237,W000545,W001432,0.21453,2026-06-22 16:07:00,synthetic_normal,normal
TX10005245,W000977,W001444,0.300739,2026-06-22 16:29:00,synthetic_normal,normal
TX10000099,W001543,W002418,3.06528,2026-06-22 17:19:00,synthetic_anomalous,cross_border_burst
TX10003878,W001521,W000141,0.487766,2026-06-22 17:33:00,synthetic_normal,normal
TX10003816,W000405,W000465,0.379895,2026-06-22 17:45:00,synthetic_normal,normal
TX10006298,W001735,W000480,0.17754,2026-06-22 18:06:00,synthetic_normal,normal
TX10007951,W001962,W001374,0.560927,2026-06-22 18:29:00,synthetic_normal,normal
TX10005238,W000833,W002372,0.97747,2026-06-22 18:38:00,synthetic_normal,normal
TX10009722,W001984,W000854,0.173799,2026-06-22 19:09:00,synthetic_normal,normal
TX10009127,W000503,W002119,0.34654,2026-06-22 19:30:00,synthetic_normal,normal
TX10003511,W001624,W000827,0.785598,2026-06-22 19:53:00,synthetic_normal,normal
TX10007882,W001217,W001939,0.293884,2026-06-22 21:27:00,synthetic_normal,normal
TX10008206,W002442,W000749,1.50331,2026-06-22 21:55:00,synthetic_normal,normal
TX10001113,W000906,W001068,0.167881,2026-06-22 22:21:00,synthetic_normal,normal
TX10009894,W000632,W000347,0.291106,2026-06-22 22:24:00,synthetic_normal,normal
TX10006440,W000794,W001422,0.223184,2026-06-22 22:33:00,synthetic_normal,normal
TX10001512,W000794,W000667,0.201708,2026-06-22 23:31:00,synthetic_normal,normal
TX10000215,W000032,W000308,5.440816,2026-06-22 23:33:00,synthetic_anomalous,layered_transfer
TX10004454,W001028,W001004,0.299328,2026-06-22 23:52:00,synthetic_normal,normal
TX10007353,W001187,W000394,0.330591,2026-06-23 00:25:00,synthetic_normal,normal
TX10006743,W001079,W000172,0.467951,2026-06-23 01:15:00,synthetic_normal,normal
TX10004781,W002332,W000877,0.185627,2026-06-23 01:31:00,synthetic_normal,normal
TX10000788,W002478,W000059,5.887348,2026-06-23 01:43:00,synthetic_anomalous,high_frequency
TX10000943,W000017,W001050,2.607522,2026-06-23 01:58:00,synthetic_anomalous,layered_transfer
TX10003896,W001368,W000264,0.313774,2026-06-23 03:08:00,synthetic_normal,normal
TX10003684,W000204,W001400,0.237362,2026-06-23 03:10:00,synthetic_normal,normal
TX10001132,W000914,W002288,0.476805,2026-06-23 03:23:00,synthetic_normal,normal
TX10009450,W000052,W000094,0.364837,2026-06-23 03:36:00,synthetic_normal,normal
TX10005764,W002361,W000489,0.457859,2026-06-23 03:36:00,synthetic_normal,normal
TX10003872,W000965,W001559,0.228338,2026-06-23 03:42:00,synthetic_normal,normal
TX10008796,W001799,W000849,0.399032,2026-06-23 03:51:00,synthetic_normal,normal
TX10003303,W001482,W001781,1.766121,2026-06-23 04:10:00,synthetic_normal,normal
TX10009488,W001604,W000370,0.656208,2026-06-23 04:29:00,synthetic_normal,normal
TX10002839,W002468,W000032,0.285531,2026-06-23 04:41:00,synthetic_normal,normal
TX10007963,W001384,W002270,1.400965,2026-06-23 06:06:00,synthetic_normal,normal
TX10008162,W000799,W002368,0.227284,2026-06-23 07:28:00,synthetic_normal,normal
TX10003135,W001027,W000267,0.693467,2026-06-23 07:38:00,synthetic_normal,normal
TX10009401,W000692,W001214,1.399829,2026-06-23 08:48:00,synthetic_normal,normal
TX10000933,W000035,W000160,2.485201,2026-06-23 08:58:00,synthetic_anomalous,high_connectivity
TX10002734,W000775,W000778,0.465776,2026-06-23 10:26:00,synthetic_normal,normal
TX10002540,W001676,W002329,0.407025,2026-06-23 10:42:00,synthetic_normal,normal
TX10002691,W001745,W001366,0.2365,2026-06-23 10:43:00,synthetic_normal,normal
TX10008384,W000498,W001384,1.088998,2026-06-23 10:54:00,synthetic_normal,normal
TX10000650,W000026,W002122,7.688447,2026-06-23 10:54:00,synthetic_anomalous,fan_in
TX10008009,W000793,W001127,0.240246,2026-06-23 11:05:00,synthetic_normal,normal
TX10005041,W000223,W000320,1.099084,2026-06-23 11:36:00,synthetic_normal,normal
TX10007155,W001481,W001443,1.019205,2026-06-23 12:45:00,synthetic_normal,normal
TX10007285,W002063,W001656,0.212724,2026-06-23 13:24:00,synthetic_normal,normal
TX10003262,W001771,W000463,0.226894,2026-06-23 13:40:00,synthetic_normal,normal
TX10003062,W002438,W000215,0.585727,2026-06-23 14:54:00,synthetic_normal,normal
TX10002452,W000783,W001670,0.318655,2026-06-23 15:44:00,synthetic_normal,normal
TX10008304,W001580,W000331,0.346526,2026-06-23 15:49:00,synthetic_normal,normal
TX10002050,W002251,W000078,0.496494,2026-06-23 15:49:00,synthetic_normal,normal
TX10000683,W002378,W001999,1.447873,2026-06-23 15:58:00,synthetic_anomalous,cross_border_burst
TX10008503,W002130,W001518,0.398156,2026-06-23 16:18:00,synthetic_normal,normal
TX10000730,W000013,W000597,3.603836,2026-06-23 17:31:00,synthetic_anomalous,fan_in
TX10002830,W000795,W002417,0.254211,2026-06-23 17:40:00,synthetic_normal,normal
TX10003915,W001572,W001579,0.531816,2026-06-23 18:26:00,synthetic_normal,normal
TX10006035,W002106,W001701,0.309615,2026-06-23 18:54:00,synthetic_normal,normal
TX10009656,W001023,W000651,0.296465,2026-06-23 19:01:00,synthetic_normal,normal
TX10007574,W001098,W000807,0.457745,2026-06-23 19:22:00,synthetic_normal,normal
TX10007967,W001072,W000254,1.387305,2026-06-23 19:22:00,synthetic_normal,normal
TX10007712,W000533,W001057,0.204045,2026-06-23 19:34:00,synthetic_normal,normal
TX10000029,W000010,W001420,2.089965,2026-06-23 19:49:00,synthetic_anomalous,high_connectivity
TX10000697,W000023,W001972,6.339839,2026-06-23 20:41:00,synthetic_anomalous,fan_out
TX10002606,W001450,W000575,0.598296,2026-06-23 21:44:00,synthetic_normal,normal
TX10002852,W001247,W001418,0.453401,2026-06-23 22:11:00,synthetic_normal,normal
TX10007088,W001154,W001538,0.424774,2026-06-23 22:27:00,synthetic_normal,normal
TX10002836,W002413,W002006,0.63882,2026-06-23 22:46:00,synthetic_normal,normal
TX10009683,W001363,W002318,0.242889,2026-06-23 22:56:00,synthetic_normal,normal
TX10002067,W001647,W001689,0.246704,2026-06-23 23:20:00,synthetic_normal,normal
TX10003248,W002019,W001511,0.836356,2026-06-23 23:23:00,synthetic_normal,normal
TX10009594,W002214,W000335,0.261827,2026-06-23 23:33:00,synthetic_normal,normal
TX10009015,W000346,W000265,0.114537,2026-06-23 23:40:00,synthetic_normal,normal
TX10000778,W000050,W000321,5.166003,2026-06-23 23:42:00,synthetic_anomalous,fan_in
TX10005379,W000247,W000595,1.522299,2026-06-23 23:49:00,synthetic_normal,normal
TX10001539,W002411,W000887,0.270447,2026-06-24 00:26:00,synthetic_normal,normal
TX10008513,W001362,W000243,0.504567,2026-06-24 00:44:00,synthetic_normal,normal
TX10007671,W001928,W001624,0.77722,2026-06-24 00:56:00,synthetic_normal,normal
TX10004701,W000990,W000695,0.177461,2026-06-24 01:07:00,synthetic_normal,normal
TX10006209,W000433,W001702,0.310977,2026-06-24 01:54:00,synthetic_normal,normal
TX10006531,W001901,W000043,0.309914,2026-06-24 02:03:00,synthetic_normal,normal
TX10000004,W001669,W001981,14.437563,2026-06-24 02:17:00,synthetic_anomalous,high_frequency
TX10005102,W001081,W001306,0.90787,2026-06-24 02:27:00,synthetic_normal,normal
TX10003564,W002287,W001714,0.998573,2026-06-24 02:28:00,synthetic_normal,normal
TX10009874,W001625,W001054,0.270131,2026-06-24 03:00:00,synthetic_normal,normal
TX10007502,W002009,W001172,0.707816,2026-06-24 03:50:00,synthetic_normal,normal
TX10005494,W001576,W000363,0.237643,2026-06-24 04:23:00,synthetic_normal,normal
TX10000164,W000787,W002276,2.385043,2026-06-24 04:31:00,synthetic_anomalous,high_frequency
TX10002309,W001851,W000048,0.631785,2026-06-24 04:31:00,synthetic_normal,normal
TX10009347,W000732,W002023,0.363323,2026-06-24 04:39:00,synthetic_normal,normal
TX10001905,W001127,W000625,1.035221,2026-06-24 04:47:00,synthetic_normal,normal
TX10004353,W000682,W002107,0.262269,2026-06-24 06:14:00,synthetic_normal,normal
TX10008252,W001533,W001558,0.780476,2026-06-24 06:22:00,synthetic_normal,normal
TX10005091,W002073,W001181,0.243137,2026-06-24 06:27:00,synthetic_normal,normal
TX10001571,W000970,W001856,1.554711,2026-06-24 07:42:00,synthetic_normal,normal
TX10004151,W001545,W000195,0.436903,2026-06-24 07:53:00,synthetic_normal,normal
TX10006897,W000468,W001594,0.536005,2026-06-24 08:30:00,synthetic_normal,normal
TX10003755,W000718,W001595,0.36964,2026-06-24 08:37:00,synthetic_normal,normal
TX10000373,W000042,W000683,3.204169,2026-06-24 09:25:00,synthetic_anomalous,high_connectivity
TX10000951,W000047,W001119,6.572221,2026-06-24 09:29:00,synthetic_anomalous,layered_transfer
TX10004063,W001001,W002287,0.824392,2026-06-24 09:50:00,synthetic_normal,normal
TX10000988,W002497,W002341,15.276338,2026-06-24 09:53:00,synthetic_anomalous,high_frequency
TX10007031,W001173,W001091,1.232315,2026-06-24 11:07:00,synthetic_normal,normal
TX10003122,W001229,W002256,0.190223,2026-06-24 12:03:00,synthetic_normal,normal
TX10003386,W001789,W001161,0.663405,2026-06-24 12:23:00,synthetic_normal,normal
TX10007928,W001858,W002068,0.557053,2026-06-24 12:50:00,synthetic_normal,normal
TX10005136,W001422,W000820,0.296999,2026-06-24 13:40:00,synthetic_normal,normal
TX10009586,W000682,W002081,0.212642,2026-06-24 13:56:00,synthetic_normal,normal
TX10006286,W001363,W000227,0.688854,2026-06-24 14:22:00,synthetic_normal,normal
TX10008330,W002351,W002276,0.299662,2026-06-24 14:42:00,synthetic_normal,normal
TX10006689,W002121,W000767,0.234989,2026-06-24 14:44:00,synthetic_normal,normal
TX10001701,W001058,W001530,0.512282,2026-06-24 14:45:00,synthetic_normal,normal
TX10002893,W001456,W001213,0.179466,2026-06-24 14:52:00,synthetic_normal,normal
TX10000036,W000686,W001621,2.525077,2026-06-24 14:59:00,synthetic_anomalous,high_frequency
TX10002185,W002223,W001245,0.228238,2026-06-24 15:54:00,synthetic_normal,normal
TX10003486,W001237,W000768,0.758946,2026-06-24 17:37:00,synthetic_normal,normal
TX10004935,W000982,W000349,0.363143,2026-06-24 17:42:00,synthetic_normal,normal
TX10009140,W001498,W000057,0.637902,2026-06-24 18:00:00,synthetic_normal,normal
TX10001761,W001052,W000912,0.412425,2026-06-24 18:01:00,synthetic_normal,normal
TX10000359,W000023,W001090,1.544463,2026-06-24 18:29:00,synthetic_anomalous,layered_transfer
TX10002414,W000674,W001831,1.404482,2026-06-24 18:34:00,synthetic_normal,normal
TX10000246,W000012,W001888,10.120255,2026-06-24 18:42:00,synthetic_anomalous,ip_wallet_reuse
TX10009208,W001755,W001383,0.262622,2026-06-24 19:23:00,synthetic_normal,normal
TX10007669,W002129,W000920,0.303184,2026-06-24 21:21:00,synthetic_normal,normal
TX10005667,W001646,W001944,0.52236,2026-06-24 22:25:00,synthetic_normal,normal
TX10006529,W000042,W001102,1.167377,2026-06-24 22:37:00,synthetic_normal,normal
TX10001164,W002299,W001676,0.221532,2026-06-24 22:56:00,synthetic_normal,normal
TX10007581,W000589,W000638,0.984461,2026-06-24 23:04:00,synthetic_normal,normal
TX10001921,W001151,W000074,0.350409,2026-06-24 23:07:00,synthetic_normal,normal
TX10003074,W002417,W000348,0.16125,2026-06-24 23:15:00,synthetic_normal,normal
TX10005452,W001690,W001806,0.116571,2026-06-24 23:21:00,synthetic_normal,normal
TX10005735,W000079,W000753,0.76585,2026-06-24 23:22:00,synthetic_normal,normal
TX10003025,W000099,W001898,0.237804,2026-06-24 23:57:00,synthetic_normal,normal
TX10005769,W000389,W000257,0.656902,2026-06-25 01:08:00,synthetic_normal,normal
TX10007433,W002369,W001499,0.454174,2026-06-25 01:38:00,synthetic_normal,normal
TX10001795,W000249,W000191,0.161712,2026-06-25 02:04:00,synthetic_normal,normal
TX10005885,W002295,W002400,0.671518,2026-06-25 02:40:00,synthetic_normal,normal
TX10006462,W001107,W000690,0.376722,2026-06-25 03:09:00,synthetic_normal,normal
TX10009452,W002399,W000502,0.160258,2026-06-25 03:36:00,synthetic_normal,normal
TX10008369,W001955,W000700,0.804944,2026-06-25 04:04:00,synthetic_normal,normal
TX10004011,W001743,W001284,0.753791,2026-06-25 04:58:00,synthetic_normal,normal
TX10004934,W002354,W002224,0.129848,2026-06-25 05:28:00,synthetic_normal,normal
TX10008039,W000809,W000530,0.380308,2026-06-25 05:53:00,synthetic_normal,normal
TX10006666,W002400,W001593,0.292685,2026-06-25 07:19:00,synthetic_normal,normal
TX10004938,W000002,W001134,0.349906,2026-06-25 09:00:00,synthetic_normal,normal
TX10005108,W000209,W000374,0.100081,2026-06-25 09:27:00,synthetic_normal,normal
TX10002145,W002267,W000118,0.366861,2026-06-25 09:44:00,synthetic_normal,normal
TX10007531,W000342,W000386,0.558049,2026-06-25 09:46:00,synthetic_normal,normal
TX10005423,W002429,W000823,0.730837,2026-06-25 10:04:00,synthetic_normal,normal
TX10007294,W000182,W001683,0.162733,2026-06-25 10:31:00,synthetic_normal,normal
TX10005366,W001921,W001156,0.476086,2026-06-25 10:38:00,synthetic_normal,normal
TX10002460,W001545,W000895,0.730946,2026-06-25 11:55:00,synthetic_normal,normal
TX10005112,W001735,W001531,0.291798,2026-06-25 13:07:00,synthetic_normal,normal
TX10001738,W001854,W002281,0.339425,2026-06-25 14:05:00,synthetic_normal,normal
TX10002166,W000345,W000346,0.447059,2026-06-25 14:51:00,synthetic_normal,normal
TX10007861,W002224,W002148,0.395207,2026-06-25 15:21:00,synthetic_normal,normal
TX10004089,W002191,W002479,0.419808,2026-06-25 15:25:00,synthetic_normal,normal
TX10005900,W000793,W000286,0.082136,2026-06-25 15:28:00,synthetic_normal,normal
TX10000189,W000029,W002047,1.602978,2026-06-25 15:43:00,synthetic_anomalous,high_connectivity
TX10002120,W000211,W001002,0.254569,2026-06-25 15:46:00,synthetic_normal,normal
TX10008266,W001772,W002095,0.79568,2026-06-25 15:51:00,synthetic_normal,normal
TX10000686,W000023,W000440,3.867333,2026-06-25 15:57:00,synthetic_anomalous,ip_wallet_reuse
TX10008058,W002369,W000458,0.664162,2026-06-25 15:59:00,synthetic_normal,normal
TX10005642,W000709,W002177,0.357726,2026-06-25 16:17:00,synthetic_normal,normal
TX10007522,W001246,W000208,0.494682,2026-06-25 16:56:00,synthetic_normal,normal
TX10009278,W001271,W000530,0.319959,2026-06-25 17:21:00,synthetic_normal,normal
TX10008021,W001413,W001848,0.316577,2026-06-25 17:31:00,synthetic_normal,normal
TX10001025,W002198,W000961,0.623898,2026-06-25 18:01:00,synthetic_normal,normal
TX10000435,W001622,W001919,2.706182,2026-06-25 18:49:00,synthetic_anomalous,cross_border_burst
TX10006846,W001380,W002356,0.1497,2026-06-25 18:54:00,synthetic_normal,normal
TX10003617,W000093,W000579,2.106768,2026-06-25 19:16:00,synthetic_normal,normal
TX10007297,W001427,W000275,0.480702,2026-06-25 19:27:00,synthetic_normal,normal
TX10008532,W002222,W002424,0.498303,2026-06-25 20:49:00,synthetic_normal,normal
TX10007863,W000366,W002348,0.465512,2026-06-25 21:07:00,synthetic_normal,normal
TX10005829,W001127,W000358,0.52195,2026-06-25 21:27:00,synthetic_normal,normal
TX10001070,W001445,W002279,0.483344,2026-06-25 21:35:00,synthetic_normal,normal
TX10008168,W001365,W001613,0.459466,2026-06-25 22:15:00,synthetic_normal,normal
TX10002060,W001498,W000274,1.186476,2026-06-25 22:46:00,synthetic_normal,normal
TX10001020,W000076,W001173,0.899574,2026-06-25 23:12:00,synthetic_normal,normal
TX10009186,W000419,W001363,0.536838,2026-06-25 23:20:00,synthetic_normal,normal
TX10006445,W000280,W000912,0.608153,2026-06-25 23:24:00,synthetic_normal,normal
TX10002231,W001857,W001733,0.473369,2026-06-26 00:29:00,synthetic_normal,normal
TX10008178,W000373,W001599,0.226948,2026-06-26 00:39:00,synthetic_normal,normal
TX10004979,W002213,W000504,0.338848,2026-06-26 00:44:00,synthetic_normal,normal
TX10008295,W001296,W002066,0.544835,2026-06-26 00:45:00,synthetic_normal,normal
TX10003724,W001769,W000358,0.690372,2026-06-26 02:06:00,synthetic_normal,normal
TX10005653,W002254,W002369,0.208299,2026-06-26 02:33:00,synthetic_normal,normal
TX10009051,W001446,W000260,0.938944,2026-06-26 02:45:00,synthetic_normal,normal
TX10000219,W000431,W000552,5.314575,2026-06-26 03:08:00,synthetic_anomalous,cross_border_burst
TX10002475,W000237,W000263,0.544579,2026-06-26 03:12:00,synthetic_normal,normal
TX10003610,W000270,W001897,0.236281,2026-06-26 03:39:00,synthetic_normal,normal
TX10003854,W001117,W000252,0.387608,2026-06-26 04:21:00,synthetic_normal,normal
TX10008016,W000551,W001500,0.922016,2026-06-26 04:51:00,synthetic_normal,normal
TX10005929,W001938,W001823,0.118926,2026-06-26 04:53:00,synthetic_normal,normal
TX10005186,W000825,W002029,1.728522,2026-06-26 05:09:00,synthetic_normal,normal
TX10006142,W001156,W002072,0.360946,2026-06-26 05:43:00,synthetic_normal,normal
TX10000325,W000031,W000937,2.426608,2026-06-26 05:53:00,synthetic_anomalous,high_connectivity
TX10008034,W000969,W000232,0.217921,2026-06-26 06:35:00,synthetic_normal,normal
TX10008835,W001656,W002304,0.547861,2026-06-26 06:44:00,synthetic_normal,normal
TX10002265,W001716,W000587,0.460133,2026-06-26 06:45:00,synthetic_normal,normal
TX10004197,W000749,W002137,0.271618,2026-06-26 06:52:00,synthetic_normal,normal
TX10000803,W000702,W001598,1.366426,2026-06-26 07:06:00,synthetic_anomalous,cross_border_burst
TX10006829,W001696,W000777,0.590015,2026-06-26 07:27:00,synthetic_normal,normal
TX10006939,W002160,W001550,0.386757,2026-06-26 07:32:00,synthetic_normal,normal
TX10007670,W001062,W000539,0.088139,2026-06-26 07:33:00,synthetic_normal,normal
TX10001407,W001869,W001028,0.190069,2026-06-26 07:57:00,synthetic_normal,normal
TX10007274,W001997,W000295,0.081536,2026-06-26 08:02:00,synthetic_normal,normal
TX10006473,W002351,W001310,0.86724,2026-06-26 08:34:00,synthetic_normal,normal
TX10004365,W000502,W000955,0.428542,2026-06-26 08:36:00,synthetic_normal,normal
TX10005046,W002137,W001234,0.794162,2026-06-26 09:06:00,synthetic_normal,normal
TX10005574,W002426,W000192,0.295718,2026-06-26 09:10:00,synthetic_normal,normal
TX10008318,W001307,W001295,0.456562,2026-06-26 09:15:00,synthetic_normal,normal
TX10000364,W000429,W000501,1.923,2026-06-26 09:31:00,synthetic_anomalous,high_frequency
TX10009165,W001970,W001741,1.84914,2026-06-26 09:59:00,synthetic_normal,normal
TX10008524,W000842,W002335,0.468718,2026-06-26 11:32:00,synthetic_normal,normal
TX10008947,W000888,W000407,0.983636,2026-06-26 11:40:00,synthetic_normal,normal
TX10007140,W001467,W000300,0.280501,2026-06-26 12:35:00,synthetic_normal,normal
TX10008372,W002047,W001984,0.306928,2026-06-26 12:36:00,synthetic_normal,normal
TX10002908,W000793,W001882,0.327955,2026-06-26 12:39:00,synthetic_normal,normal
TX10009688,W000997,W002279,0.278948,2026-06-26 13:04:00,synthetic_normal,normal
TX10001458,W001229,W002225,0.202058,2026-06-26 14:14:00,synthetic_normal,normal
TX10008349,W002348,W000946,0.717279,2026-06-26 14:29:00,synthetic_normal,normal
TX10005727,W000353,W000487,0.115243,2026-06-26 15:27:00,synthetic_normal,normal
TX10005248,W001442,W000414,0.124895,2026-06-26 15:32:00,synthetic_normal,normal
TX10005576,W000166,W001248,1.17368,2026-06-26 15:43:00,synthetic_normal,normal
TX10005011,W000403,W001123,0.594634,2026-06-26 15:52:00,synthetic_normal,normal
TX10004576,W000929,W000439,0.465237,2026-06-26 16:10:00,synthetic_normal,normal
TX10009803,W000628,W000517,0.255292,2026-06-26 16:48:00,synthetic_normal,normal
TX10008795,W002403,W002109,0.220552,2026-06-26 17:00:00,synthetic_normal,normal
TX10008451,W001596,W000834,0.291317,2026-06-26 17:02:00,synthetic_normal,normal
TX10006675,W000817,W000178,0.530545,2026-06-26 17:09:00,synthetic_normal,normal
TX10006088,W001391,W000297,1.053558,2026-06-26 18:24:00,synthetic_normal,normal
TX10006380,W002234,W001170,0.471993,2026-06-26 18:27:00,synthetic_normal,normal
TX10005498,W000022,W002077,1.888149,2026-06-26 18:47:00,synthetic_normal,normal
TX10001686,W000200,W001774,0.214709,2026-06-26 18:51:00,synthetic_normal,normal
TX10004013,W000841,W001713,0.474371,2026-06-26 18:52:00,synthetic_normal,normal
TX10001778,W000910,W001048,0.421818,2026-06-26 19:25:00,synthetic_normal,normal
TX10007800,W001387,W001506,0.78108,2026-06-26 19:29:00,synthetic_normal,normal
TX10000564,W002286,W000935,2.500821,2026-06-26 19:40:00,synthetic_anomalous,high_frequency
TX10001953,W000609,W001193,0.53309,2026-06-26 20:03:00,synthetic_normal,normal
TX10009696,W000403,W001566,0.152201,2026-06-26 21:07:00,synthetic_normal,normal
TX10002639,W002235,W001859,0.847266,2026-06-26 21:11:00,synthetic_normal,normal
TX10004555,W001686,W000124,0.310186,2026-06-26 21:29:00,synthetic_normal,normal
TX10006085,W000584,W001380,0.27259,2026-06-26 21:48:00,synthetic_normal,normal
TX10009122,W001983,W000537,0.329557,2026-06-26 22:16:00,synthetic_normal,normal
TX10000840,W002400,W001583,4.005729,2026-06-26 22:40:00,synthetic_anomalous,rapid_chain
TX10008314,W001883,W001678,1.123851,2026-06-26 23:35:00,synthetic_normal,normal
TX10009774,W002500,W002021,0.375773,2026-06-26 23:39:00,synthetic_normal,normal
TX10003644,W000849,W001586,0.315948,2026-06-27 00:19:00,synthetic_normal,normal
TX10002907,W000497,W001205,0.399337,2026-06-27 00:44:00,synthetic_normal,normal
TX10005250,W000802,W001935,0.159439,2026-06-27 00:56:00,synthetic_normal,normal
TX10001420,W000949,W000450,1.080485,2026-06-27 01:02:00,synthetic_normal,normal
TX10004072,W002022,W002263,0.789944,2026-06-27 01:38:00,synthetic_normal,normal
TX10008594,W002109,W000292,0.349319,2026-06-27 02:02:00,synthetic_normal,normal
TX10007221,W000402,W000957,0.198672,2026-06-27 02:14:00,synthetic_normal,normal
TX10003299,W001089,W000758,2.866282,2026-06-27 03:18:00,synthetic_normal,normal
TX10003804,W002071,W000830,0.210665,2026-06-27 03:29:00,synthetic_normal,normal
TX10008151,W001340,W001942,0.414174,2026-06-27 03:53:00,synthetic_normal,normal
TX10006403,W001898,W002301,0.50507,2026-06-27 03:55:00,synthetic_normal,normal
TX10000804,W001497,W000626,6.240777,2026-06-27 04:49:00,synthetic_anomalous,high_frequency
TX10008380,W000686,W000018,0.636759,2026-06-27 04:52:00,synthetic_normal,normal
TX10004527,W002003,W001959,0.26438,2026-06-27 05:14:00,synthetic_normal,normal
TX10004718,W002365,W001420,0.264566,2026-06-27 05:55:00,synthetic_normal,normal
TX10001443,W000045,W001221,0.63541,2026-06-27 06:37:00,synthetic_normal,normal
TX10003111,W000441,W000774,0.242782,2026-06-27 07:07:00,synthetic_normal,normal
TX10008870,W000595,W002497,0.336886,2026-06-27 07:40:00,synthetic_normal,normal
TX10003238,W001987,W000278,0.236789,2026-06-27 07:58:00,synthetic_normal,normal
TX10007579,W001890,W001284,0.421498,2026-06-27 08:17:00,synthetic_normal,normal
TX10005396,W000836,W001618,0.266715,2026-06-27 09:16:00,synthetic_normal,normal
TX10001936,W001909,W000029,0.582182,2026-06-27 09:17:00,synthetic_normal,normal
TX10003597,W000696,W002005,0.161326,2026-06-27 09:28:00,synthetic_normal,normal
TX10006730,W001554,W001819,0.294421,2026-06-27 09:42:00,synthetic_normal,normal
TX10002525,W001074,W001891,0.259183,2026-06-27 09:46:00,synthetic_normal,normal
TX10000630,W000044,W001727,2.503539,2026-06-27 09:56:00,synthetic_anomalous,ip_wallet_reuse
TX10007038,W000774,W001201,0.905845,2026-06-27 10:03:00,synthetic_normal,normal
TX10002459,W001676,W001569,0.424583,2026-06-27 10:08:00,synthetic_normal,normal
TX10001083,W001783,W001596,0.587698,2026-06-27 11:05:00,synthetic_normal,normal
TX10008561,W000216,W000551,0.320156,2026-06-27 11:18:00,synthetic_normal,normal
TX10004100,W000803,W001560,0.159945,2026-06-27 11:30:00,synthetic_normal,normal
TX10008974,W000896,W000012,0.220164,2026-06-27 11:48:00,synthetic_normal,normal
TX10000584,W000033,W001806,2.941475,2026-06-27 12:15:00,synthetic_anomalous,rapid_chain
TX10005592,W002235,W000898,0.46612,2026-06-27 12:16:00,synthetic_normal,normal
TX10009409,W000975,W000332,1.249456,2026-06-27 12:20:00,synthetic_normal,normal
TX10002557,W001650,W000110,0.386288,2026-06-27 12:27:00,synthetic_normal,normal
TX10009940,W000227,W001029,0.26642,2026-06-27 13:11:00,synthetic_normal,normal
TX10004821,W000427,W001804,0.845385,2026-06-27 13:30:00,synthetic_normal,normal
TX10007731,W001982,W000569,0.247698,2026-06-27 14:41:00,synthetic_normal,normal
TX10001053,W001403,W002273,0.832006,2026-06-27 14:45:00,synthetic_normal,normal
TX10003618,W000883,W001893,0.62484,2026-06-27 15:14:00,synthetic_normal,normal
TX10008141,W000798,W002009,0.692345,2026-06-27 15:55:00,synthetic_normal,normal
TX10006022,W001868,W001007,0.295425,2026-06-27 15:56:00,synthetic_normal,normal
TX10006564,W001609,W001266,0.78192,2026-06-27 16:01:00,synthetic_normal,normal
TX10009758,W000562,W001326,0.157867,2026-06-27 16:09:00,synthetic_normal,normal
TX10000997,W000034,W001500,6.914995,2026-06-27 16:56:00,synthetic_anomalous,high_connectivity
TX10004162,W000615,W001646,0.748223,2026-06-27 17:55:00,synthetic_normal,normal
TX10000181,W000047,W001243,2.133012,2026-06-27 18:30:00,synthetic_anomalous,high_connectivity
TX10009963,W000296,W001265,0.358138,2026-06-27 18:42:00,synthetic_normal,normal
TX10005689,W000420,W001898,0.273737,2026-06-27 18:45:00,synthetic_normal,normal
TX10003006,W000157,W000765,0.292158,2026-06-27 19:30:00,synthetic_normal,normal
TX10001065,W000678,W000235,1.093557,2026-06-27 19:50:00,synthetic_normal,normal
TX10003603,W002338,W000770,0.567392,2026-06-27 19:52:00,synthetic_normal,normal
TX10008275,W001688,W002022,0.387937,2026-06-27 20:47:00,synthetic_normal,normal
TX10006359,W000707,W001419,0.524368,2026-06-27 21:03:00,synthetic_normal,normal
TX10006574,W000365,W001811,0.562461,2026-06-27 21:14:00,synthetic_normal,normal
TX10002585,W001071,W001507,0.397417,2026-06-27 21:17:00,synthetic_normal,normal
TX10007233,W001093,W001475,0.637567,2026-06-27 21:35:00,synthetic_normal,normal
TX10001379,W001063,W000461,0.166322,2026-06-27 22:10:00,synthetic_normal,normal
TX10009607,W002418,W002451,1.388242,2026-06-27 22:10:00,synthetic_normal,normal
TX10007040,W002149,W001250,0.571003,2026-06-27 23:01:00,synthetic_normal,normal
TX10007318,W001045,W000395,0.388816,2026-06-27 23:21:00,synthetic_normal,normal
TX10007570,W000846,W000065,0.217984,2026-06-27 23:29:00,synthetic_normal,normal
TX10000700,W001369,W002087,0.931966,2026-06-27 23:57:00,synthetic_anomalous,high_frequency
TX10001044,W000016,W000955,0.774293,2026-06-28 00:30:00,synthetic_normal,normal
TX10007989,W001846,W000026,0.514553,2026-06-28 01:01:00,synthetic_normal,normal
TX10005917,W000909,W000799,0.283748,2026-06-28 01:27:00,synthetic_normal,normal
TX10007106,W002193,W002392,0.140105,2026-06-28 02:03:00,synthetic_normal,normal
TX10005509,W000503,W001440,0.293003,2026-06-28 02:36:00,synthetic_normal,normal
TX10007717,W001173,W000251,1.892041,2026-06-28 02:40:00,synthetic_normal,normal
TX10000136,W000097,W000832,3.680261,2026-06-28 02:58:00,synthetic_anomalous,rapid_chain
TX10003633,W001006,W000966,1.093739,2026-06-28 03:35:00,synthetic_normal,normal
TX10009777,W001979,W001474,0.246235,2026-06-28 03:38:00,synthetic_normal,normal
TX10005813,W000434,W000037,0.744932,2026-06-28 04:23:00,synthetic_normal,normal
TX10002572,W002083,W002023,0.532719,2026-06-28 04:27:00,synthetic_normal,normal
TX10003052,W001869,W001242,0.334379,2026-06-28 04:31:00,synthetic_normal,normal
TX10009517,W000896,W000835,0.808904,2026-06-28 04:44:00,synthetic_normal,normal
TX10007272,W002241,W000665,0.379333,2026-06-28 04:54:00,synthetic_normal,normal
TX10000764,W001950,W001581,2.554678,2026-06-28 05:27:00,synthetic_anomalous,high_frequency
TX10007641,W000314,W000216,1.527519,2026-06-28 05:42:00,synthetic_normal,normal
TX10005221,W001660,W002152,0.565533,2026-06-28 05:43:00,synthetic_normal,normal
TX10004168,W000090,W002121,0.121388,2026-06-28 06:34:00,synthetic_normal,normal
TX10007786,W001727,W002424,0.257537,2026-06-28 06:43:00,synthetic_normal,normal
TX10002368,W002350,W000318,0.426812,2026-06-28 07:53:00,synthetic_normal,normal
TX10004184,W000709,W001037,0.329346,2026-06-28 08:21:00,synthetic_normal,normal
TX10005879,W002295,W001887,0.108193,2026-06-28 08:41:00,synthetic_normal,normal
TX10000912,W000297,W000840,1.786904,2026-06-28 08:55:00,synthetic_anomalous,rapid_chain
TX10009942,W001465,W002202,0.311845,2026-06-28 09:31:00,synthetic_normal,normal
TX10002954,W001529,W001553,0.206368,2026-06-28 09:54:00,synthetic_normal,normal
TX10000978,W000005,W001076,2.171226,2026-06-28 10:04:00,synthetic_anomalous,fan_in
TX10006946,W001466,W001028,0.234429,2026-06-28 10:18:00,synthetic_normal,normal
TX10007154,W001210,W001539,1.077584,2026-06-28 11:22:00,synthetic_normal,normal
TX10006709,W002440,W001043,0.255904,2026-06-28 11:46:00,synthetic_normal,normal
TX10003397,W001162,W000517,0.124689,2026-06-28 13:05:00,synthetic_normal,normal
TX10005247,W002077,W000469,0.615573,2026-06-28 13:14:00,synthetic_normal,normal
TX10004500,W002095,W002121,0.236203,2026-06-28 13:17:00,synthetic_normal,normal
TX10001812,W001944,W001469,0.308665,2026-06-28 13:23:00,synthetic_normal,normal
TX10005380,W001164,W000868,1.157662,2026-06-28 14:31:00,synthetic_normal,normal
TX10004767,W001623,W002071,0.333404,2026-06-28 14:36:00,synthetic_normal,normal
TX10007838,W001190,W001781,0.484533,2026-06-28 14:49:00,synthetic_normal,normal
TX10003735,W001450,W002369,0.10684,2026-06-28 15:19:00,synthetic_normal,normal
TX10000294,W000002,W000527,6.208693,2026-06-28 15:44:00,synthetic_anomalous,ip_wallet_reuse
TX10002427,W002437,W002322,0.366557,2026-06-28 15:45:00,synthetic_normal,normal
TX10004221,W001669,W000654,0.357257,2026-06-28 15:56:00,synthetic_normal,normal
TX10006332,W001570,W000175,0.628385,2026-06-28 16:01:00,synthetic_normal,normal
TX10005516,W002485,W000637,0.726151,2026-06-28 16:06:00,synthetic_normal,normal
TX10003407,W000309,W001617,0.591013,2026-06-28 16:50:00,synthetic_normal,normal
TX10009921,W000505,W001407,0.67247,2026-06-28 17:12:00,synthetic_normal,normal
TX10003661,W002380,W000072,0.704732,2026-06-28 17:18:00,synthetic_normal,normal
TX10008459,W001735,W000657,0.997982,2026-06-28 17:38:00,synthetic_normal,normal
TX10005985,W000170,W000813,0.525409,2026-06-28 17:38:00,synthetic_normal,normal
TX10007560,W001551,W001032,0.37046,2026-06-28 18:33:00,synthetic_normal,normal
TX10001588,W001737,W001575,0.729077,2026-06-28 18:55:00,synthetic_normal,normal
TX10004796,W000349,W000829,0.835139,2026-06-28 19:15:00,synthetic_normal,normal
TX10003172,W001630,W002210,0.472208,2026-06-28 20:16:00,synthetic_normal,normal
TX10008335,W001651,W001532,0.46173,2026-06-28 20:22:00,synthetic_normal,normal
TX10005595,W000740,W001575,0.695664,2026-06-28 20:25:00,synthetic_normal,normal
TX10000896,W002122,W000325,0.73074,2026-06-28 20:36:00,synthetic_anomalous,rapid_chain
TX10000067,W002330,W000323,7.685488,2026-06-28 20:46:00,synthetic_anomalous,cross_border_burst
TX10009151,W000225,W002496,0.303624,2026-06-28 20:56:00,synthetic_normal,normal
TX10006261,W000200,W001487,0.689002,2026-06-28 21:25:00,synthetic_normal,normal
TX10003324,W002271,W001558,0.168275,2026-06-28 22:21:00,synthetic_normal,normal
TX10003212,W001187,W001826,0.530408,2026-06-28 22:26:00,synthetic_normal,normal
TX10009603,W000775,W001961,1.787198,2026-06-28 22:32:00,synthetic_normal,normal
TX10008433,W000080,W001489,0.773161,2026-06-28 22:47:00,synthetic_normal,normal
TX10002078,W000024,W002262,0.316969,2026-06-28 22:48:00,synthetic_normal,normal
TX10006741,W001685,W000320,1.967777,2026-06-28 23:31:00,synthetic_normal,normal
TX10008483,W000460,W001220,1.657355,2026-06-28 23:59:00,synthetic_normal,normal
TX10000645,W000032,W000387,2.036255,2026-06-29 00:40:00,synthetic_anomalous,high_connectivity
TX10003110,W002189,W001590,0.293021,2026-06-29 01:21:00,synthetic_normal,normal
TX10005867,W002498,W002463,0.762185,2026-06-29 01:24:00,synthetic_normal,normal
TX10001710,W001815,W000231,0.860315,2026-06-29 01:44:00,synthetic_normal,normal
TX10003441,W001048,W001493,0.270746,2026-06-29 02:50:00,synthetic_normal,normal
TX10004595,W001280,W001424,1.08581,2026-06-29 03:03:00,synthetic_normal,normal
TX10005540,W001500,W000997,0.392177,2026-06-29 03:15:00,synthetic_normal,normal
TX10003261,W001967,W000390,0.873943,2026-06-29 03:23:00,synthetic_normal,normal
TX10007239,W001776,W000196,0.489893,2026-06-29 03:35:00,synthetic_normal,normal
TX10004081,W001934,W000022,0.193693,2026-06-29 03:52:00,synthetic_normal,normal
TX10002178,W001181,W001224,0.145456,2026-06-29 04:41:00,synthetic_normal,normal
TX10009361,W000232,W000101,0.338986,2026-06-29 06:35:00,synthetic_normal,normal
TX10008045,W001439,W002354,0.253384,2026-06-29 07:57:00,synthetic_normal,normal
TX10006354,W001620,W001747,0.375118,2026-06-29 08:04:00,synthetic_normal,normal
TX10009272,W002311,W001786,1.41968,2026-06-29 09:29:00,synthetic_normal,normal
TX10006257,W001799,W001668,0.26022,2026-06-29 09:41:00,synthetic_normal,normal
TX10004240,W001436,W001824,0.904526,2026-06-29 10:02:00,synthetic_normal,normal
TX10005199,W000118,W001275,0.936165,2026-06-29 10:58:00,synthetic_normal,normal
TX10003276,W001003,W001690,0.083992,2026-06-29 11:16:00,synthetic_normal,normal
TX10009341,W001010,W001674,0.405033,2026-06-29 11:37:00,synthetic_normal,normal
TX10001747,W001586,W000984,0.480183,2026-06-29 11:45:00,synthetic_normal,normal
TX10007096,W000787,W001199,0.507636,2026-06-29 12:18:00,synthetic_normal,normal
TX10001739,W001248,W000116,0.342996,2026-06-29 12:20:00,synthetic_normal,normal
TX10002680,W001663,W000398,0.16829,2026-06-29 12:55:00,synthetic_normal,normal
TX10002418,W002311,W001154,0.295106,2026-06-29 13:00:00,synthetic_normal,normal
TX10003695,W002035,W002461,0.336986,2026-06-29 13:08:00,synthetic_normal,normal
TX10007474,W000696,W000801,1.436823,2026-06-29 13:44:00,synthetic_normal,normal
TX10004201,W001727,W000795,0.437148,2026-06-29 14:20:00,synthetic_normal,normal
TX10007530,W000234,W000381,0.083813,2026-06-29 14:33:00,synthetic_normal,normal
TX10005882,W001680,W000488,0.27878,2026-06-29 15:22:00,synthetic_normal,normal
TX10002111,W002130,W001071,0.619212,2026-06-29 15:26:00,synthetic_normal,normal
TX10003730,W002289,W002127,0.104197,2026-06-29 15:46:00,synthetic_normal,normal
TX10008640,W000462,W001274,0.13149,2026-06-29 16:05:00,synthetic_normal,normal
TX10000782,W000003,W002473,1.080028,2026-06-29 16:53:00,synthetic_anomalous,ip_wallet_reuse
TX10006283,W001048,W001460,0.506065,2026-06-29 17:00:00,synthetic_normal,normal
TX10004452,W002023,W000500,0.380673,2026-06-29 17:09:00,synthetic_normal,normal
TX10008279,W001586,W002245,0.474867,2026-06-29 17:12:00,synthetic_normal,normal
TX10003194,W002474,W001954,0.176975,2026-06-29 17:32:00,synthetic_normal,normal
TX10001642,W001522,W001994,0.393359,2026-06-29 17:39:00,synthetic_normal,normal
TX10003199,W000773,W000096,0.504029,2026-06-29 18:27:00,synthetic_normal,normal
TX10008073,W000302,W001823,0.195375,2026-06-29 18:28:00,synthetic_normal,normal
TX10002563,W000181,W001563,0.524616,2026-06-29 18:37:00,synthetic_normal,normal
TX10008666,W002338,W001251,0.285379,2026-06-29 20:05:00,synthetic_normal,normal
TX10007211,W002494,W001810,0.473321,2026-06-29 20:19:00,synthetic_normal,normal
TX10000987,W001983,W001016,0.722252,2026-06-29 21:18:00,synthetic_anomalous,cross_border_burst
TX10002488,W000714,W001779,0.529813,2026-06-29 22:08:00,synthetic_normal,normal
TX10003558,W001723,W002250,1.52287,2026-06-29 22:39:00,synthetic_normal,normal
TX10009930,W002349,W001596,0.449109,2026-06-29 23:03:00,synthetic_normal,normal
TX10000504,W000164,W001427,4.025149,2026-06-29 23:07:00,synthetic_anomalous,rapid_chain
TX10005775,W002324,W000180,0.551531,2026-06-29 23:13:00,synthetic_normal,normal
TX10000072,W000246,W000819,3.90476,2026-06-30 00:56:00,synthetic_anomalous,rapid_chain
TX10009080,W001724,W002348,0.767127,2026-06-30 00:59:00,synthetic_normal,normal
TX10005481,W001846,W002100,0.498161,2026-06-30 01:08:00,synthetic_normal,normal
TX10003178,W001546,W000257,1.358488,2026-06-30 01:47:00,synthetic_normal,normal
TX10000106,W000008,W001600,4.755954,2026-06-30 02:13:00,synthetic_anomalous,fan_in
TX10003038,W001215,W002216,0.922044,2026-06-30 02:17:00,synthetic_normal,normal
TX10003073,W001240,W000057,0.374481,2026-06-30 02:45:00,synthetic_normal,normal
TX10004518,W001044,W001676,0.92575,2026-06-30 04:06:00,synthetic_normal,normal
TX10003089,W002497,W000052,0.37665,2026-06-30 04:12:00,synthetic_normal,normal
TX10008579,W000494,W001160,0.28571,2026-06-30 04:39:00,synthetic_normal,normal
TX10004088,W002312,W002162,0.510617,2026-06-30 04:43:00,synthetic_normal,normal
TX10002392,W000496,W002110,0.20025,2026-06-30 07:29:00,synthetic_normal,normal
