source_wallet,destination_wallet,transaction_count,total_btc,unique_ip_count,first_seen,last_seen
W000001,W000096,1,43.272949,1,2026-01-01 13:57:00,2026-01-01 13:57:00
W000001,W000358,1,0.645821,1,2026-02-11 16:54:00,2026-02-11 16:54:00
W000001,W000385,1,3.521616,1,2026-06-21 17:44:00,2026-06-21 17:44:00
W000001,W000439,1,9.355912,1,2026-01-21 09:59:00,2026-01-21 09:59:00
W000001,W000541,1,0.176254,1,2026-02-14 08:16:00,2026-02-14 08:16:00
W000001,W001183,1,1.61263,1,2026-04-30 21:44:00,2026-04-30 21:44:00
W000001,W001392,1,8.596887,1,2026-03-27 17:56:00,2026-03-27 17:56:00
W000001,W001403,1,8.999029,1,2026-02-19 09:36:00,2026-02-19 09:36:00
W000001,W001601,1,5.013318,1,2026-04-23 12:10:00,2026-04-23 12:10:00
W000001,W002194,1,12.80652,1,2026-03-19 21:43:00,2026-03-19 21:43:00
W000001,W002286,1,6.641359,1,2026-06-09 08:46:00,2026-06-09 08:46:00
W000001,W002320,1,4.289657,1,2026-02-13 08:19:00,2026-02-13 08:19:00
W000001,W002436,1,1.78277,1,2026-05-21 16:06:00,2026-05-21 16:06:00
W000002,W000063,1,8.269623,1,2026-03-03 03:33:00,2026-03-03 03:33:00
W000002,W000304,1,3.500011,1,2026-02-02 21:58:00,2026-02-02 21:58:00
W000002,W000527,1,6.208693,1,2026-06-28 15:44:00,2026-06-28 15:44:00
W000002,W000551,1,0.086756,1,2026-05-14 21:06:00,2026-05-14 21:06:00
W000002,W000607,1,1.913626,1,2026-03-10 08:36:00,2026-03-10 08:36:00
W000002,W000640,1,3.73112,1,2026-02-06 12:47:00,2026-02-06 12:47:00
W000002,W000694,1,8.318392,1,2026-06-03 15:28:00,2026-06-03 15:28:00
W000002,W000895,1,2.489055,1,2026-02-14 11:31:00,2026-02-14 11:31:00
W000002,W000937,1,9.039326,1,2026-03-18 14:14:00,2026-03-18 14:14:00
W000002,W001134,1,0.349906,1,2026-06-25 09:00:00,2026-06-25 09:00:00
W000002,W001144,1,0.594723,1,2026-06-06 04:12:00,2026-06-06 04:12:00
W000002,W001173,1,7.158321,1,2026-01-09 12:36:00,2026-01-09 12:36:00
W000002,W001406,1,1.802622,1,2026-03-25 01:35:00,2026-03-25 01:35:00
W000002,W001448,1,7.987041,1,2026-04-05 00:31:00,2026-04-05 00:31:00
W000002,W001462,1,1.891422,1,2026-01-25 21:54:00,2026-01-25 21:54:00
W000002,W002054,1,2.309475,1,2026-02-15 00:01:00,2026-02-15 00:01:00
W000002,W002105,1,2.885569,1,2026-06-19 15:55:00,2026-06-19 15:55:00
W000002,W002122,1,1.290019,1,2026-06-14 16:35:00,2026-06-14 16:35:00
W000002,W002145,1,8.359686,1,2026-05-26 06:41:00,2026-05-26 06:41:00
W000002,W002187,1,0.277679,1,2026-05-03 23:30:00,2026-05-03 23:30:00
W000002,W002194,1,20.446944,1,2026-05-14 04:31:00,2026-05-14 04:31:00
W000002,W002447,1,0.122427,1,2026-01-31 18:52:00,2026-01-31 18:52:00
W000003,W000010,1,0.759306,1,2026-02-19 02:27:00,2026-02-19 02:27:00
W000003,W000017,1,3.742015,1,2026-05-15 03:06:00,2026-05-15 03:06:00
W000003,W000678,1,11.094892,1,2026-06-17 14:14:00,2026-06-17 14:14:00
W000003,W000907,1,3.069383,1,2026-01-09 13:11:00,2026-01-09 13:11:00
W000003,W000958,1,0.329225,1,2026-01-27 16:40:00,2026-01-27 16:40:00
W000003,W001147,1,0.651191,1,2026-03-18 07:38:00,2026-03-18 07:38:00
W000003,W001491,1,4.966175,1,2026-06-07 16:38:00,2026-06-07 16:38:00
W000003,W001573,1,7.195295,1,2026-04-14 08:42:00,2026-04-14 08:42:00
W000003,W001665,1,1.894724,1,2026-04-02 21:54:00,2026-04-02 21:54:00
W000003,W001727,1,7.073491,1,2026-05-22 14:39:00,2026-05-22 14:39:00
W000003,W001770,1,5.417898,1,2026-05-29 02:08:00,2026-05-29 02:08:00
W000003,W001779,1,1.519821,1,2026-05-16 23:24:00,2026-05-16 23:24:00
W000003,W001873,1,0.317212,1,2026-01-30 06:27:00,2026-01-30 06:27:00
W000003,W002116,1,0.366367,1,2026-02-10 00:01:00,2026-02-10 00:01:00
W000003,W002250,1,8.60985,1,2026-05-12 09:47:00,2026-05-12 09:47:00
W000003,W002314,1,1.039499,1,2026-06-22 10:39:00,2026-06-22 10:39:00
W000003,W002473,1,1.080028,1,2026-06-29 16:53:00,2026-06-29 16:53:00
W000004,W000184,1,0.305096,1,2026-03-06 13:54:00,2026-03-06 13:54:00
W000004,W000612,1,6.368225,1,2026-04-17 04:29:00,2026-04-17 04:29:00
W000004,W000879,1,1.077774,1,2026-02-21 04:29:00,2026-02-21 04:29:00
W000004,W001010,1,0.296525,1,2026-05-15 15:26:00,2026-05-15 15:26:00
W000004,W001491,1,2.916597,1,2026-05-10 01:48:00,2026-05-10 01:48:00
W000004,W001868,1,11.379172,1,2026-03-08 22:17:00,2026-03-08 22:17:00
W000004,W002265,1,0.490155,1,2026-05-10 17:33:00,2026-05-10 17:33:00
W000005,W000053,1,6.768931,1,2026-03-27 04:20:00,2026-03-27 04:20:00
W000005,W000207,1,0.329574,1,2026-02-05 13:29:00,2026-02-05 13:29:00
W000005,W000308,1,1.290427,1,2026-01-27 05:58:00,2026-01-27 05:58:00
W000005,W000442,1,3.588522,1,2026-01-14 17:48:00,2026-01-14 17:48:00
W000005,W000552,1,14.393875,1,2026-05-25 15:49:00,2026-05-25 15:49:00
W000005,W000718,1,1.954878,1,2026-04-16 02:30:00,2026-04-16 02:30:00
W000005,W000723,1,3.571424,1,2026-04-19 10:29:00,2026-04-19 10:29:00
W000005,W001076,1,2.171226,1,2026-06-28 10:04:00,2026-06-28 10:04:00
W000005,W001449,1,3.61937,1,2026-05-05 18:49:00,2026-05-05 18:49:00
W000005,W001534,1,1.474309,1,2026-04-11 02:22:00,2026-04-11 02:22:00
W000005,W001623,1,1.28055,1,2026-06-11 16:39:00,2026-06-11 16:39:00
W000005,W001776,1,3.688877,1,2026-04-09 00:13:00,2026-04-09 00:13:00
W000005,W001838,1,5.577153,1,2026-03-03 16:24:00,2026-03-03 16:24:00
W000005,W002494,1,5.342929,1,2026-02-17 22:41:00,2026-02-17 22:41:00
W000006,W000030,1,5.984868,1,2026-06-04 04:54:00,2026-06-04 04:54:00
W000006,W000068,1,0.290803,1,2026-06-07 13:19:00,2026-06-07 13:19:00
W000006,W000513,1,3.459013,1,2026-05-13 05:47:00,2026-05-13 05:47:00
W000006,W000631,1,6.001521,1,2026-03-20 08:09:00,2026-03-20 08:09:00
W000006,W000653,1,2.528541,1,2026-04-10 23:23:00,2026-04-10 23:23:00
W000006,W000870,1,2.808718,1,2026-02-28 11:09:00,2026-02-28 11:09:00
W000006,W001060,1,3.543629,1,2026-05-01 16:24:00,2026-05-01 16:24:00
W000006,W001483,1,3.683643,1,2026-02-26 14:42:00,2026-02-26 14:42:00
W000006,W001996,1,1.472204,1,2026-05-09 15:15:00,2026-05-09 15:15:00
W000007,W000067,1,0.848333,1,2026-01-24 05:49:00,2026-01-24 05:49:00
W000007,W000086,1,12.394944,1,2026-02-25 20:07:00,2026-02-25 20:07:00
W000007,W000340,1,3.915188,1,2026-05-21 00:52:00,2026-05-21 00:52:00
W000007,W001173,1,1.72173,1,2026-04-09 16:20:00,2026-04-09 16:20:00
W000007,W001267,1,7.420183,1,2026-04-17 06:04:00,2026-04-17 06:04:00
W000007,W001549,1,6.714548,1,2026-06-22 09:06:00,2026-06-22 09:06:00
W000007,W001860,1,19.851894,1,2026-03-13 04:35:00,2026-03-13 04:35:00
W000007,W001872,1,1.913719,1,2026-06-02 12:02:00,2026-06-02 12:02:00
W000007,W001911,1,2.023334,1,2026-05-25 02:50:00,2026-05-25 02:50:00
W000007,W002027,1,4.134239,1,2026-04-28 12:11:00,2026-04-28 12:11:00
W000007,W002053,1,0.996646,1,2026-02-18 15:46:00,2026-02-18 15:46:00
W000007,W002239,1,1.267086,1,2026-04-08 23:32:00,2026-04-08 23:32:00
W000007,W002285,1,2.573386,1,2026-02-09 15:59:00,2026-02-09 15:59:00
W000007,W002287,1,2.814221,1,2026-01-22 10:46:00,2026-01-22 10:46:00
W000007,W002374,1,10.481869,1,2026-02-06 05:52:00,2026-02-06 05:52:00
W000008,W000073,1,3.195223,1,2026-02-20 03:54:00,2026-02-20 03:54:00
W000008,W000076,1,0.337776,1,2026-03-31 00:22:00,2026-03-31 00:22:00
W000008,W000164,1,2.203787,1,2026-05-30 09:29:00,2026-05-30 09:29:00
W000008,W000314,1,2.821945,1,2026-05-29 07:08:00,2026-05-29 07:08:00
W000008,W000392,1,0.614256,1,2026-02-27 03:11:00,2026-02-27 03:11:00
W000008,W000417,1,2.915893,1,2026-04-26 06:26:00,2026-04-26 06:26:00
W000008,W000421,1,11.249482,1,2026-03-19 01:17:00,2026-03-19 01:17:00
W000008,W000578,1,1.357197,1,2026-03-04 09:33:00,2026-03-04 09:33:00
W000008,W000645,1,0.401818,1,2026-03-30 02:11:00,2026-03-30 02:11:00
W000008,W000783,1,0.940199,1,2026-06-16 01:57:00,2026-06-16 01:57:00
W000008,W000791,1,0.535125,1,2026-05-26 05:52:00,2026-05-26 05:52:00
W000008,W000888,1,3.458736,1,2026-05-06 19:02:00,2026-05-06 19:02:00
W000008,W001268,1,3.163584,1,2026-03-13 22:01:00,2026-03-13 22:01:00
W000008,W001457,1,7.311965,1,2026-01-17 07:34:00,2026-01-17 07:34:00
W000008,W001474,1,3.231464,1,2026-05-06 09:12:00,2026-05-06 09:12:00
W000008,W001529,1,1.247543,1,2026-04-30 09:10:00,2026-04-30 09:10:00
W000008,W001600,1,4.755954,1,2026-06-30 02:13:00,2026-06-30 02:13:00
W000008,W001608,1,1.35955,1,2026-04-06 01:38:00,2026-04-06 01:38:00
W000008,W001812,1,0.056927,1,2026-02-10 20:59:00,2026-02-10 20:59:00
W000008,W001940,1,8.952204,1,2026-02-19 14:03:00,2026-02-19 14:03:00
W000008,W002060,1,7.306819,1,2026-06-21 03:05:00,2026-06-21 03:05:00
W000008,W002191,1,5.201591,1,2026-02-12 03:42:00,2026-02-12 03:42:00
W000008,W002197,1,3.343636,1,2026-03-05 02:56:00,2026-03-05 02:56:00
W000008,W002233,1,0.259473,1,2026-05-28 16:34:00,2026-05-28 16:34:00
W000008,W002241,1,0.196184,1,2026-04-08 23:07:00,2026-04-08 23:07:00
W000008,W002292,1,0.682817,1,2026-05-14 15:32:00,2026-05-14 15:32:00
W000008,W002360,1,0.462192,1,2026-01-10 18:55:00,2026-01-10 18:55:00
W000009,W000167,1,2.575451,1,2026-05-17 07:21:00,2026-05-17 07:21:00
W000009,W000290,1,9.964719,1,2026-05-28 09:27:00,2026-05-28 09:27:00
W000009,W000359,1,7.872231,1,2026-01-26 10:47:00,2026-01-26 10:47:00
W000009,W000681,1,2.462681,1,2026-04-17 20:50:00,2026-04-17 20:50:00
W000009,W000809,1,2.409507,1,2026-05-12 06:29:00,2026-05-12 06:29:00
W000009,W001245,1,4.414122,1,2026-01-25 03:14:00,2026-01-25 03:14:00
W000009,W001382,1,3.487762,1,2026-01-14 01:19:00,2026-01-14 01:19:00
W000009,W001528,1,4.19655,1,2026-01-02 04:47:00,2026-01-02 04:47:00
W000009,W001921,1,2.797818,1,2026-01-05 15:36:00,2026-01-05 15:36:00
W000010,W000001,1,2.492387,1,2026-04-05 00:02:00,2026-04-05 00:02:00
W000010,W000044,1,1.499779,1,2026-05-15 16:03:00,2026-05-15 16:03:00
W000010,W000445,1,0.183073,1,2026-06-20 04:34:00,2026-06-20 04:34:00
W000010,W000541,1,0.431172,1,2026-01-29 21:54:00,2026-01-29 21:54:00
W000010,W000550,1,2.885509,1,2026-05-18 23:58:00,2026-05-18 23:58:00
W000010,W000900,1,3.911648,1,2026-06-17 19:08:00,2026-06-17 19:08:00
W000010,W000922,1,5.853706,1,2026-06-06 09:36:00,2026-06-06 09:36:00
W000010,W001005,1,0.362247,1,2026-05-24 13:13:00,2026-05-24 13:13:00
W000010,W001230,1,0.488099,1,2026-06-20 10:49:00,2026-06-20 10:49:00
W000010,W001252,1,1.411604,1,2026-02-21 00:31:00,2026-02-21 00:31:00
W000010,W001420,1,2.089965,1,2026-06-23 19:49:00,2026-06-23 19:49:00
W000010,W001611,1,6.610867,1,2026-04-15 11:09:00,2026-04-15 11:09:00
W000010,W001696,1,21.177426,1,2026-04-11 05:41:00,2026-04-11 05:41:00
W000010,W001827,1,4.839132,1,2026-03-19 10:33:00,2026-03-19 10:33:00
W000010,W001907,1,3.959104,1,2026-03-10 20:58:00,2026-03-10 20:58:00
W000010,W002114,1,4.715649,1,2026-02-17 01:46:00,2026-02-17 01:46:00
W000011,W000038,1,7.591054,1,2026-01-02 02:47:00,2026-01-02 02:47:00
W000011,W000676,1,9.100522,1,2026-02-23 03:20:00,2026-02-23 03:20:00
W000011,W000852,1,10.79701,1,2026-01-14 20:22:00,2026-01-14 20:22:00
W000011,W001157,1,4.944785,1,2026-01-19 03:48:00,2026-01-19 03:48:00
W000011,W001255,1,4.3454,1,2026-05-03 05:40:00,2026-05-03 05:40:00
W000011,W001331,1,0.270839,1,2026-01-08 11:43:00,2026-01-08 11:43:00
W000011,W001497,1,16.156156,1,2026-04-18 19:53:00,2026-04-18 19:53:00
W000011,W001810,1,10.204869,1,2026-02-03 09:00:00,2026-02-03 09:00:00
W000011,W002090,1,3.874353,1,2026-04-22 04:35:00,2026-04-22 04:35:00
W000011,W002163,1,5.554325,1,2026-05-09 03:22:00,2026-05-09 03:22:00
W000011,W002229,1,2.091388,1,2026-06-19 07:35:00,2026-06-19 07:35:00
W000011,W002413,1,7.210396,1,2026-05-27 15:21:00,2026-05-27 15:21:00
W000011,W002473,1,0.968908,1,2026-02-21 14:39:00,2026-02-21 14:39:00
W000012,W000093,1,8.968893,1,2026-04-02 01:21:00,2026-04-02 01:21:00
W000012,W000105,1,4.347774,1,2026-03-31 02:59:00,2026-03-31 02:59:00
W000012,W000121,1,1.133147,1,2026-05-06 13:41:00,2026-05-06 13:41:00
W000012,W000301,1,1.052521,1,2026-04-15 09:48:00,2026-04-15 09:48:00
W000012,W000411,1,5.759858,1,2026-02-08 23:15:00,2026-02-08 23:15:00
W000012,W000468,1,1.006317,1,2026-05-05 09:09:00,2026-05-05 09:09:00
W000012,W000544,1,0.471378,1,2026-01-17 05:49:00,2026-01-17 05:49:00
W000012,W000645,1,7.03566,1,2026-06-19 20:42:00,2026-06-19 20:42:00
W000012,W000781,1,11.066436,1,2026-06-04 02:55:00,2026-06-04 02:55:00
W000012,W000816,1,0.336818,1,2026-04-29 06:56:00,2026-04-29 06:56:00
W000012,W000868,1,4.740469,1,2026-03-18 02:16:00,2026-03-18 02:16:00
W000012,W000991,1,1.523118,1,2026-03-05 09:08:00,2026-03-05 09:08:00
W000012,W001062,1,0.583357,1,2026-01-20 15:31:00,2026-01-20 15:31:00
W000012,W001343,1,7.414687,1,2026-01-24 06:13:00,2026-01-24 06:13:00
W000012,W001629,2,3.447195,2,2026-03-21 18:44:00,2026-05-01 10:14:00
W000012,W001817,1,0.241258,1,2026-03-20 04:38:00,2026-03-20 04:38:00
W000012,W001888,1,10.120255,1,2026-06-24 18:42:00,2026-06-24 18:42:00
W000012,W002026,1,1.199041,1,2026-01-20 18:26:00,2026-01-20 18:26:00
W000012,W002070,1,1.24119,1,2026-06-03 00:15:00,2026-06-03 00:15:00
W000012,W002217,1,1.876833,1,2026-02-18 10:16:00,2026-02-18 10:16:00
W000012,W002277,1,3.825808,1,2026-03-09 16:34:00,2026-03-09 16:34:00
W000012,W002482,1,6.405442,1,2026-02-11 06:41:00,2026-02-11 06:41:00
W000013,W000100,1,0.824201,1,2026-03-21 13:59:00,2026-03-21 13:59:00
W000013,W000202,1,9.731501,1,2026-03-24 22:42:00,2026-03-24 22:42:00
W000013,W000351,1,8.713548,1,2026-01-25 19:41:00,2026-01-25 19:41:00
W000013,W000494,1,3.305723,1,2026-03-02 21:36:00,2026-03-02 21:36:00
W000013,W000523,1,2.395992,1,2026-05-24 18:16:00,2026-05-24 18:16:00
W000013,W000597,1,3.603836,1,2026-06-23 17:31:00,2026-06-23 17:31:00
W000013,W000605,1,19.342947,1,2026-05-26 12:31:00,2026-05-26 12:31:00
W000013,W000630,1,0.221127,1,2026-04-14 06:12:00,2026-04-14 06:12:00
W000013,W000797,1,0.587828,1,2026-04-12 15:45:00,2026-04-12 15:45:00
W000013,W000857,1,5.43397,1,2026-03-07 17:43:00,2026-03-07 17:43:00
W000013,W001070,1,3.081285,1,2026-06-01 00:42:00,2026-06-01 00:42:00
W000013,W001167,1,0.871803,1,2026-04-23 17:02:00,2026-04-23 17:02:00
W000013,W001203,1,5.411707,1,2026-01-20 11:59:00,2026-01-20 11:59:00
W000013,W001953,1,0.833478,1,2026-02-11 03:28:00,2026-02-11 03:28:00
W000013,W002161,1,2.994273,1,2026-02-04 23:30:00,2026-02-04 23:30:00
W000013,W002350,1,8.122409,1,2026-02-27 20:07:00,2026-02-27 20:07:00
W000014,W000078,1,0.351229,1,2026-02-03 05:40:00,2026-02-03 05:40:00
W000014,W000216,1,4.629479,1,2026-03-09 06:26:00,2026-03-09 06:26:00
W000014,W000498,1,2.839303,1,2026-04-23 04:43:00,2026-04-23 04:43:00
W000014,W000558,1,0.25383,1,2026-04-18 04:07:00,2026-04-18 04:07:00
W000014,W000944,1,3.547783,1,2026-04-14 17:03:00,2026-04-14 17:03:00
W000014,W000970,1,4.383696,1,2026-03-15 21:37:00,2026-03-15 21:37:00
W000014,W001522,1,17.670502,1,2026-01-15 10:08:00,2026-01-15 10:08:00
W000014,W001591,1,0.625534,1,2026-06-18 09:55:00,2026-06-18 09:55:00
W000014,W001600,1,0.328706,1,2026-01-31 05:10:00,2026-01-31 05:10:00
W000014,W002205,1,4.996046,1,2026-01-10 10:31:00,2026-01-10 10:31:00
W000014,W002227,1,4.928831,1,2026-05-16 02:57:00,2026-05-16 02:57:00
W000015,W000246,1,12.577725,1,2026-01-02 13:17:00,2026-01-02 13:17:00
W000015,W000412,1,1.047133,1,2026-02-21 01:09:00,2026-02-21 01:09:00
W000015,W000419,1,3.010137,1,2026-04-30 22:25:00,2026-04-30 22:25:00
W000015,W000457,1,4.176095,1,2026-04-13 19:10:00,2026-04-13 19:10:00
W000015,W000908,1,6.641763,1,2026-02-16 18:07:00,2026-02-16 18:07:00
W000015,W001309,1,0.337075,1,2026-03-05 23:09:00,2026-03-05 23:09:00
W000015,W001421,1,10.761278,1,2026-04-12 16:58:00,2026-04-12 16:58:00
W000015,W001504,1,3.073314,1,2026-01-07 03:27:00,2026-01-07 03:27:00
W000015,W001599,1,2.207363,1,2026-01-06 05:48:00,2026-01-06 05:48:00
W000015,W001861,1,0.516389,1,2026-02-26 01:17:00,2026-02-26 01:17:00
W000015,W001912,1,2.479578,1,2026-06-19 16:25:00,2026-06-19 16:25:00
W000015,W002206,1,10.802816,1,2026-04-06 10:40:00,2026-04-06 10:40:00
W000015,W002217,1,4.088086,1,2026-06-04 16:23:00,2026-06-04 16:23:00
W000015,W002273,1,2.547061,1,2026-01-26 03:29:00,2026-01-26 03:29:00
W000016,W000163,1,5.672534,1,2026-03-18 05:27:00,2026-03-18 05:27:00
W000016,W000222,1,0.158681,1,2026-02-18 02:27:00,2026-02-18 02:27:00
W000016,W000250,1,11.783389,1,2026-05-23 11:13:00,2026-05-23 11:13:00
W000016,W000271,1,0.163402,1,2026-01-27 16:49:00,2026-01-27 16:49:00
W000016,W000272,1,1.628439,1,2026-02-14 08:02:00,2026-02-14 08:02:00
W000016,W000308,1,1.675713,1,2026-06-17 20:28:00,2026-06-17 20:28:00
W000016,W000955,1,0.774293,1,2026-06-28 00:30:00,2026-06-28 00:30:00
W000016,W001007,1,2.212179,1,2026-01-02 06:47:00,2026-01-02 06:47:00
W000016,W001575,1,1.422417,1,2026-01-27 12:03:00,2026-01-27 12:03:00
W000016,W001659,1,0.903122,1,2026-04-07 00:15:00,2026-04-07 00:15:00
W000016,W001663,1,1.955729,1,2026-01-06 06:45:00,2026-01-06 06:45:00
W000016,W002006,1,8.904753,1,2026-01-09 05:40:00,2026-01-09 05:40:00
W000016,W002260,1,4.925898,1,2026-05-20 07:51:00,2026-05-20 07:51:00
W000017,W000215,1,7.985458,1,2026-02-16 02:09:00,2026-02-16 02:09:00
W000017,W000250,1,1.92526,1,2026-02-27 12:28:00,2026-02-27 12:28:00
W000017,W000325,1,2.608534,1,2026-02-28 12:38:00,2026-02-28 12:38:00
W000017,W000405,1,0.933835,1,2026-01-21 13:03:00,2026-01-21 13:03:00
W000017,W000570,1,1.867994,1,2026-05-04 20:53:00,2026-05-04 20:53:00
W000017,W000727,1,0.526103,1,2026-03-20 22:23:00,2026-03-20 22:23:00
W000017,W000916,1,4.425073,1,2026-02-09 23:49:00,2026-02-09 23:49:00
W000017,W001050,1,2.607522,1,2026-06-23 01:58:00,2026-06-23 01:58:00
W000017,W001364,1,0.464075,1,2026-01-27 17:34:00,2026-01-27 17:34:00
W000017,W001664,1,2.642145,1,2026-02-16 09:18:00,2026-02-16 09:18:00
W000017,W001702,2,20.031901,2,2026-03-01 23:12:00,2026-04-24 15:23:00
W000017,W001822,1,5.065714,1,2026-05-02 03:07:00,2026-05-02 03:07:00
W000017,W001963,1,8.218191,1,2026-01-14 06:02:00,2026-01-14 06:02:00
W000017,W002329,1,1.128942,1,2026-04-15 12:17:00,2026-04-15 12:17:00
W000017,W002343,1,0.55795,1,2026-04-05 20:57:00,2026-04-05 20:57:00
W000017,W002486,1,5.286445,1,2026-05-24 07:28:00,2026-05-24 07:28:00
W000018,W000109,1,3.465417,1,2026-03-29 04:50:00,2026-03-29 04:50:00
W000018,W000144,1,0.145023,1,2026-04-17 02:27:00,2026-04-17 02:27:00
W000018,W000220,1,4.891332,1,2026-02-27 10:09:00,2026-02-27 10:09:00
W000018,W000285,1,4.492903,1,2026-04-02 06:49:00,2026-04-02 06:49:00
W000018,W000469,1,1.523297,1,2026-05-09 10:58:00,2026-05-09 10:58:00
W000018,W000572,1,2.425244,1,2026-02-16 21:04:00,2026-02-16 21:04:00
W000018,W000716,1,10.744826,1,2026-02-19 07:28:00,2026-02-19 07:28:00
W000018,W000799,1,1.020469,1,2026-05-24 22:02:00,2026-05-24 22:02:00
W000018,W000816,1,0.161597,1,2026-01-28 23:38:00,2026-01-28 23:38:00
W000018,W000846,1,1.722657,1,2026-02-24 02:01:00,2026-02-24 02:01:00
W000018,W000924,1,6.958579,1,2026-04-25 05:46:00,2026-04-25 05:46:00
W000018,W000946,1,1.737261,1,2026-02-24 22:22:00,2026-02-24 22:22:00
W000018,W000962,1,2.398718,1,2026-06-18 05:51:00,2026-06-18 05:51:00
W000018,W001114,1,4.303585,1,2026-03-20 18:46:00,2026-03-20 18:46:00
W000018,W001145,1,12.87016,1,2026-03-02 09:41:00,2026-03-02 09:41:00
W000018,W001225,1,5.132047,1,2026-03-27 00:39:00,2026-03-27 00:39:00
W000018,W001244,1,0.521116,1,2026-05-18 06:18:00,2026-05-18 06:18:00
W000018,W001282,1,0.443104,1,2026-03-16 21:47:00,2026-03-16 21:47:00
W000018,W001462,1,2.561872,1,2026-06-16 09:57:00,2026-06-16 09:57:00
W000018,W001770,1,0.357608,1,2026-02-14 18:49:00,2026-02-14 18:49:00
W000018,W001920,1,33.079819,1,2026-03-22 23:03:00,2026-03-22 23:03:00
W000018,W001960,1,11.961943,1,2026-03-24 19:26:00,2026-03-24 19:26:00
W000018,W002040,1,5.680749,1,2026-02-03 20:29:00,2026-02-03 20:29:00
W000018,W002165,1,3.354322,1,2026-06-11 08:22:00,2026-06-11 08:22:00
W000018,W002446,1,3.947775,1,2026-02-08 21:52:00,2026-02-08 21:52:00
W000019,W000126,1,0.368735,1,2026-05-10 17:20:00,2026-05-10 17:20:00
W000019,W000165,1,1.269384,1,2026-01-13 04:50:00,2026-01-13 04:50:00
W000019,W000420,1,3.452033,1,2026-01-11 03:16:00,2026-01-11 03:16:00
W000019,W000627,1,6.503307,1,2026-01-17 17:09:00,2026-01-17 17:09:00
W000019,W000651,1,3.367172,1,2026-03-03 14:44:00,2026-03-03 14:44:00
W000019,W000812,1,0.951507,1,2026-01-22 15:45:00,2026-01-22 15:45:00
W000019,W000850,1,4.314782,1,2026-03-30 21:54:00,2026-03-30 21:54:00
W000019,W000920,1,3.700647,1,2026-04-01 22:05:00,2026-04-01 22:05:00
W000019,W000945,1,0.338942,1,2026-03-15 06:31:00,2026-03-15 06:31:00
W000019,W001402,1,0.079374,1,2026-06-05 12:57:00,2026-06-05 12:57:00
W000019,W001427,1,1.727705,1,2026-05-25 12:26:00,2026-05-25 12:26:00
W000019,W001521,1,1.85594,1,2026-05-13 08:49:00,2026-05-13 08:49:00
W000019,W002333,1,0.703627,1,2026-06-17 01:18:00,2026-06-17 01:18:00
W000020,W000217,1,0.246882,1,2026-03-17 20:26:00,2026-03-17 20:26:00
W000020,W000415,1,0.695318,1,2026-05-26 23:36:00,2026-05-26 23:36:00
W000020,W000424,1,5.060914,1,2026-05-01 11:09:00,2026-05-01 11:09:00
W000020,W000529,1,2.125266,1,2026-05-18 23:35:00,2026-05-18 23:35:00
W000020,W001027,1,2.407151,1,2026-04-15 18:00:00,2026-04-15 18:00:00
W000020,W001089,1,2.667153,1,2026-01-09 03:34:00,2026-01-09 03:34:00
W000020,W001147,1,1.178313,1,2026-05-01 19:56:00,2026-05-01 19:56:00
W000020,W001172,1,1.694859,1,2026-06-18 10:05:00,2026-06-18 10:05:00
W000020,W001280,1,9.938585,1,2026-01-09 20:27:00,2026-01-09 20:27:00
W000020,W001342,1,0.270338,1,2026-01-04 13:11:00,2026-01-04 13:11:00
W000020,W001657,1,1.066546,1,2026-03-17 15:35:00,2026-03-17 15:35:00
W000020,W001698,1,0.649819,1,2026-01-26 18:16:00,2026-01-26 18:16:00
W000020,W001901,1,2.613316,1,2026-01-16 22:04:00,2026-01-16 22:04:00
W000020,W002300,1,5.030965,1,2026-06-05 01:49:00,2026-06-05 01:49:00
W000020,W002450,1,0.065011,1,2026-05-29 03:34:00,2026-05-29 03:34:00
W000021,W000114,1,5.548644,1,2026-04-09 16:26:00,2026-04-09 16:26:00
W000021,W000336,1,0.329594,1,2026-05-11 21:32:00,2026-05-11 21:32:00
W000021,W000384,1,3.253135,1,2026-03-01 22:14:00,2026-03-01 22:14:00
W000021,W000640,1,4.073475,1,2026-05-15 00:19:00,2026-05-15 00:19:00
W000021,W000744,1,0.348585,1,2026-04-13 04:12:00,2026-04-13 04:12:00
W000021,W000854,1,0.351416,1,2026-05-10 00:47:00,2026-05-10 00:47:00
W000021,W000896,1,2.622915,1,2026-05-06 17:09:00,2026-05-06 17:09:00
W000021,W000913,1,1.028243,1,2026-01-30 20:03:00,2026-01-30 20:03:00
W000021,W001113,1,1.21406,1,2026-02-22 21:27:00,2026-02-22 21:27:00
W000021,W001881,1,4.872977,1,2026-04-08 20:07:00,2026-04-08 20:07:00
W000021,W001988,1,1.114574,1,2026-02-13 15:30:00,2026-02-13 15:30:00
W000021,W002233,1,0.246106,1,2026-02-22 15:40:00,2026-02-22 15:40:00
W000021,W002450,1,5.500955,1,2026-02-09 04:35:00,2026-02-09 04:35:00
W000022,W000007,1,1.336033,1,2026-01-14 03:39:00,2026-01-14 03:39:00
W000022,W000158,1,12.816822,1,2026-03-29 01:00:00,2026-03-29 01:00:00
W000022,W000282,1,0.653128,1,2026-02-03 23:55:00,2026-02-03 23:55:00
W000022,W000441,1,1.308601,1,2026-02-18 05:30:00,2026-02-18 05:30:00
W000022,W000574,1,1.667184,1,2026-06-09 14:27:00,2026-06-09 14:27:00
W000022,W000629,1,8.169702,1,2026-02-22 09:52:00,2026-02-22 09:52:00
W000022,W000657,1,10.201447,1,2026-03-14 12:41:00,2026-03-14 12:41:00
W000022,W001068,1,4.233684,1,2026-01-28 17:40:00,2026-01-28 17:40:00
W000022,W001237,1,6.391409,1,2026-03-06 01:51:00,2026-03-06 01:51:00
W000022,W001242,1,1.340506,1,2026-01-11 17:12:00,2026-01-11 17:12:00
W000022,W001258,1,9.526557,1,2026-04-29 10:58:00,2026-04-29 10:58:00
W000022,W001328,1,2.558792,1,2026-05-23 16:03:00,2026-05-23 16:03:00
W000022,W001387,1,13.401703,1,2026-01-10 14:38:00,2026-01-10 14:38:00
W000022,W001409,1,1.538361,1,2026-05-20 04:46:00,2026-05-20 04:46:00
W000022,W001412,1,0.512586,1,2026-05-03 05:32:00,2026-05-03 05:32:00
W000022,W001420,1,2.541505,1,2026-05-28 09:44:00,2026-05-28 09:44:00
W000022,W001469,1,5.58515,1,2026-06-07 16:01:00,2026-06-07 16:01:00
W000022,W001562,1,0.279514,1,2026-04-25 21:44:00,2026-04-25 21:44:00
W000022,W001908,1,4.462865,1,2026-01-09 11:22:00,2026-01-09 11:22:00
W000022,W001913,1,0.542426,1,2026-06-12 07:27:00,2026-06-12 07:27:00
W000022,W001932,1,5.286901,1,2026-02-08 01:44:00,2026-02-08 01:44:00
W000022,W002077,1,1.888149,1,2026-06-26 18:47:00,2026-06-26 18:47:00
W000022,W002117,1,0.544509,1,2026-03-25 06:23:00,2026-03-25 06:23:00
W000022,W002121,1,6.745212,1,2026-01-29 21:33:00,2026-01-29 21:33:00
W000022,W002324,1,11.587585,1,2026-04-20 03:39:00,2026-04-20 03:39:00
W000022,W002369,1,11.451754,1,2026-05-30 13:48:00,2026-05-30 13:48:00
W000023,W000071,1,2.90943,1,2026-01-24 16:48:00,2026-01-24 16:48:00
W000023,W000440,1,3.867333,1,2026-06-25 15:57:00,2026-06-25 15:57:00
W000023,W000573,1,1.843423,1,2026-06-01 04:17:00,2026-06-01 04:17:00
W000023,W000636,1,6.043766,1,2026-05-12 21:11:00,2026-05-12 21:11:00
W000023,W000874,1,5.96109,1,2026-03-05 11:58:00,2026-03-05 11:58:00
W000023,W000884,1,6.916134,1,2026-05-30 17:59:00,2026-05-30 17:59:00
W000023,W000903,1,1.335576,1,2026-05-24 23:42:00,2026-05-24 23:42:00
W000023,W000941,1,0.315916,1,2026-03-17 01:06:00,2026-03-17 01:06:00
W000023,W001090,1,1.544463,1,2026-06-24 18:29:00,2026-06-24 18:29:00
W000023,W001118,1,1.445879,1,2026-04-18 22:04:00,2026-04-18 22:04:00
W000023,W001185,1,5.189841,1,2026-05-11 01:34:00,2026-05-11 01:34:00
W000023,W001210,1,7.641176,1,2026-04-01 09:01:00,2026-04-01 09:01:00
W000023,W001217,1,0.579526,1,2026-06-14 05:45:00,2026-06-14 05:45:00
W000023,W001327,1,0.208784,1,2026-01-22 13:33:00,2026-01-22 13:33:00
W000023,W001390,1,16.81384,1,2026-01-14 12:47:00,2026-01-14 12:47:00
W000023,W001497,1,0.614003,1,2026-06-06 08:15:00,2026-06-06 08:15:00
W000023,W001676,1,2.387499,1,2026-01-10 01:46:00,2026-01-10 01:46:00
W000023,W001769,1,0.531887,1,2026-01-21 17:39:00,2026-01-21 17:39:00
W000023,W001869,1,0.671862,1,2026-05-19 01:01:00,2026-05-19 01:01:00
W000023,W001972,1,6.339839,1,2026-06-23 20:41:00,2026-06-23 20:41:00
W000023,W002009,1,0.641467,1,2026-02-20 13:03:00,2026-02-20 13:03:00
W000023,W002172,1,1.913269,1,2026-01-13 22:49:00,2026-01-13 22:49:00
W000023,W002262,1,0.137645,1,2026-01-14 08:12:00,2026-01-14 08:12:00
W000023,W002284,1,6.601497,1,2026-04-14 15:59:00,2026-04-14 15:59:00
W000023,W002484,1,3.376488,1,2026-04-27 03:51:00,2026-04-27 03:51:00
W000024,W000014,1,3.476113,1,2026-01-03 14:59:00,2026-01-03 14:59:00
W000024,W000038,1,1.464144,1,2026-01-21 16:17:00,2026-01-21 16:17:00
W000024,W000418,1,8.878155,1,2026-03-31 10:35:00,2026-03-31 10:35:00
W000024,W000581,1,0.513916,1,2026-05-09 17:49:00,2026-05-09 17:49:00
W000024,W000867,1,2.608939,1,2026-04-04 04:52:00,2026-04-04 04:52:00
W000024,W000979,1,0.394301,1,2026-03-21 03:29:00,2026-03-21 03:29:00
W000024,W001145,1,3.069267,1,2026-02-27 00:00:00,2026-02-27 00:00:00
W000024,W001166,1,9.467629,1,2026-06-14 04:22:00,2026-06-14 04:22:00
W000024,W001169,1,5.349173,1,2026-03-11 02:58:00,2026-03-11 02:58:00
W000024,W001198,1,10.264412,1,2026-01-22 10:44:00,2026-01-22 10:44:00
W000024,W001617,1,5.98272,1,2026-03-06 19:56:00,2026-03-06 19:56:00
W000024,W001855,1,3.830593,1,2026-01-18 16:26:00,2026-01-18 16:26:00
W000024,W001860,1,4.028228,1,2026-01-30 00:16:00,2026-01-30 00:16:00
W000024,W002262,1,0.316969,1,2026-06-28 22:48:00,2026-06-28 22:48:00
W000024,W002411,1,2.487957,1,2026-03-12 08:59:00,2026-03-12 08:59:00
W000025,W000461,1,5.715377,1,2026-03-26 09:31:00,2026-03-26 09:31:00
W000025,W000477,1,0.309239,1,2026-04-21 01:07:00,2026-04-21 01:07:00
W000025,W000709,1,4.252987,1,2026-01-20 04:00:00,2026-01-20 04:00:00
W000025,W000766,1,0.977761,1,2026-04-17 04:27:00,2026-04-17 04:27:00
W000025,W000767,1,0.277673,1,2026-05-07 05:05:00,2026-05-07 05:05:00
W000025,W001173,1,1.253968,1,2026-01-21 17:52:00,2026-01-21 17:52:00
W000025,W001304,1,3.688709,1,2026-03-11 07:29:00,2026-03-11 07:29:00
W000025,W001856,1,4.052134,1,2026-06-16 12:42:00,2026-06-16 12:42:00
W000025,W002016,1,0.250627,1,2026-06-21 05:56:00,2026-06-21 05:56:00
W000025,W002202,1,0.361128,1,2026-05-01 11:36:00,2026-05-01 11:36:00
W000026,W000171,1,7.197685,1,2026-01-24 09:30:00,2026-01-24 09:30:00
W000026,W000529,1,0.811947,1,2026-02-19 07:52:00,2026-02-19 07:52:00
W000026,W000588,1,7.099913,1,2026-05-13 10:02:00,2026-05-13 10:02:00
W000026,W001111,1,9.431236,1,2026-03-17 08:02:00,2026-03-17 08:02:00
W000026,W001154,1,0.712001,1,2026-01-27 13:38:00,2026-01-27 13:38:00
W000026,W001341,1,0.316067,1,2026-05-07 02:03:00,2026-05-07 02:03:00
W000026,W001692,1,8.843709,1,2026-05-06 11:56:00,2026-05-06 11:56:00
W000026,W001753,1,1.188246,1,2026-05-24 18:07:00,2026-05-24 18:07:00
W000026,W002122,1,7.688447,1,2026-06-23 10:54:00,2026-06-23 10:54:00
W000026,W002242,1,1.800887,1,2026-04-16 12:57:00,2026-04-16 12:57:00
W000026,W002271,1,2.19958,1,2026-06-10 10:19:00,2026-06-10 10:19:00
W000026,W002324,1,8.713466,1,2026-04-16 01:04:00,2026-04-16 01:04:00
W000026,W002351,1,3.482158,1,2026-04-13 02:35:00,2026-04-13 02:35:00
W000026,W002470,1,1.127551,1,2026-04-18 19:26:00,2026-04-18 19:26:00
W000027,W000224,1,1.971928,1,2026-01-18 22:18:00,2026-01-18 22:18:00
W000027,W000507,1,1.976574,1,2026-05-27 19:38:00,2026-05-27 19:38:00
W000027,W000665,1,1.901386,1,2026-03-21 03:56:00,2026-03-21 03:56:00
W000027,W000915,1,8.471641,1,2026-01-19 00:06:00,2026-01-19 00:06:00
W000027,W001161,1,2.473313,1,2026-05-05 02:13:00,2026-05-05 02:13:00
W000027,W001371,1,1.169144,1,2026-02-05 02:14:00,2026-02-05 02:14:00
W000027,W001396,1,0.165024,1,2026-05-14 20:46:00,2026-05-14 20:46:00
W000027,W001475,1,1.490593,1,2026-06-11 01:05:00,2026-06-11 01:05:00
W000027,W001582,1,1.485549,1,2026-05-29 10:46:00,2026-05-29 10:46:00
W000027,W001588,1,9.30845,1,2026-02-17 05:05:00,2026-02-17 05:05:00
W000027,W001666,1,0.343732,1,2026-03-18 09:38:00,2026-03-18 09:38:00
W000027,W001716,1,12.499038,1,2026-04-01 04:13:00,2026-04-01 04:13:00
W000027,W001746,1,4.244115,1,2026-03-17 04:05:00,2026-03-17 04:05:00
W000027,W001806,1,3.208335,1,2026-05-04 09:58:00,2026-05-04 09:58:00
W000027,W001848,1,0.277302,1,2026-01-01 15:08:00,2026-01-01 15:08:00
W000027,W001947,1,1.760318,1,2026-04-09 16:46:00,2026-04-09 16:46:00
W000027,W002157,1,0.841626,1,2026-05-25 07:59:00,2026-05-25 07:59:00
W000027,W002398,1,0.362847,1,2026-04-28 13:21:00,2026-04-28 13:21:00
W000028,W000020,1,2.231889,1,2026-04-29 09:52:00,2026-04-29 09:52:00
W000028,W000067,1,3.153931,1,2026-01-08 00:49:00,2026-01-08 00:49:00
W000028,W000079,1,3.881981,1,2026-01-21 18:19:00,2026-01-21 18:19:00
W000028,W000317,1,4.360572,1,2026-06-21 01:30:00,2026-06-21 01:30:00
W000028,W000347,1,1.171119,1,2026-03-26 18:06:00,2026-03-26 18:06:00
W000028,W000377,1,0.343481,1,2026-06-11 10:14:00,2026-06-11 10:14:00
W000028,W000512,1,1.144531,1,2026-01-08 09:17:00,2026-01-08 09:17:00
W000028,W000573,1,2.418045,1,2026-03-14 13:53:00,2026-03-14 13:53:00
W000028,W000595,1,3.572179,1,2026-03-23 23:51:00,2026-03-23 23:51:00
W000028,W000697,1,6.092941,1,2026-03-11 12:38:00,2026-03-11 12:38:00
W000028,W000777,1,1.508614,1,2026-01-07 22:48:00,2026-01-07 22:48:00
W000028,W000779,1,0.310077,1,2026-06-18 00:08:00,2026-06-18 00:08:00
W000028,W000942,1,0.277094,1,2026-04-27 12:29:00,2026-04-27 12:29:00
W000028,W000962,1,1.244499,1,2026-05-16 22:00:00,2026-05-16 22:00:00
W000028,W001009,1,0.544821,1,2026-03-28 06:14:00,2026-03-28 06:14:00
W000028,W001090,1,4.024193,1,2026-04-02 09:45:00,2026-04-02 09:45:00
W000028,W001110,1,1.266896,1,2026-02-01 05:34:00,2026-02-01 05:34:00
W000028,W001461,1,7.410352,1,2026-03-04 03:39:00,2026-03-04 03:39:00
W000028,W001503,1,0.260702,1,2026-01-07 21:36:00,2026-01-07 21:36:00
W000028,W001561,1,8.516335,1,2026-01-26 09:44:00,2026-01-26 09:44:00
W000028,W001612,1,2.31225,1,2026-02-22 10:55:00,2026-02-22 10:55:00
W000028,W001613,1,0.198642,1,2026-02-04 05:20:00,2026-02-04 05:20:00
W000028,W001689,1,2.961167,1,2026-01-20 15:24:00,2026-01-20 15:24:00
W000028,W001930,1,2.612635,1,2026-04-25 15:13:00,2026-04-25 15:13:00
W000028,W001932,1,1.125329,1,2026-04-10 15:01:00,2026-04-10 15:01:00
W000028,W002048,1,8.168485,1,2026-04-19 02:52:00,2026-04-19 02:52:00
W000028,W002137,1,0.077674,1,2026-03-16 00:17:00,2026-03-16 00:17:00
W000028,W002247,1,2.256948,1,2026-05-14 18:54:00,2026-05-14 18:54:00
W000028,W002294,1,0.677445,1,2026-05-12 02:24:00,2026-05-12 02:24:00
W000028,W002305,1,7.257969,1,2026-04-26 05:12:00,2026-04-26 05:12:00
W000028,W002392,1,1.402307,1,2026-01-17 00:40:00,2026-01-17 00:40:00
W000028,W002427,1,0.171914,1,2026-03-13 09:11:00,2026-03-13 09:11:00
W000028,W002456,1,10.266714,1,2026-06-04 02:42:00,2026-06-04 02:42:00
W000029,W000005,1,2.677709,1,2026-06-20 20:40:00,2026-06-20 20:40:00
W000029,W000028,1,1.861443,1,2026-01-09 14:13:00,2026-01-09 14:13:00
W000029,W000048,1,3.283286,1,2026-05-28 21:46:00,2026-05-28 21:46:00
W000029,W000215,1,3.974992,1,2026-01-20 14:59:00,2026-01-20 14:59:00
W000029,W000272,1,5.260593,1,2026-02-11 23:52:00,2026-02-11 23:52:00
W000029,W000288,1,4.471651,1,2026-01-05 11:50:00,2026-01-05 11:50:00
W000029,W000371,1,9.916527,1,2026-04-05 22:41:00,2026-04-05 22:41:00
W000029,W000651,1,7.478684,1,2026-04-12 04:27:00,2026-04-12 04:27:00
W000029,W000775,1,6.951625,1,2026-06-22 11:52:00,2026-06-22 11:52:00
W000029,W000802,1,0.637861,1,2026-01-06 17:20:00,2026-01-06 17:20:00
W000029,W000926,1,2.63678,1,2026-04-21 03:44:00,2026-04-21 03:44:00
W000029,W001102,1,4.062219,1,2026-05-03 05:02:00,2026-05-03 05:02:00
W000029,W001133,1,9.667503,1,2026-01-15 23:25:00,2026-01-15 23:25:00
W000029,W001339,1,5.210053,1,2026-04-23 05:28:00,2026-04-23 05:28:00
W000029,W001975,1,0.239646,1,2026-06-13 09:39:00,2026-06-13 09:39:00
W000029,W002047,1,1.602978,1,2026-06-25 15:43:00,2026-06-25 15:43:00
W000029,W002201,1,0.681281,1,2026-05-18 15:28:00,2026-05-18 15:28:00
W000029,W002263,1,2.654611,1,2026-06-07 04:15:00,2026-06-07 04:15:00
W000029,W002264,1,0.863027,1,2026-06-12 09:33:00,2026-06-12 09:33:00
W000029,W002284,1,1.986584,1,2026-02-22 08:59:00,2026-02-22 08:59:00
W000029,W002317,1,2.004094,1,2026-05-27 16:16:00,2026-05-27 16:16:00
W000030,W000163,1,0.178968,1,2026-04-26 20:27:00,2026-04-26 20:27:00
W000030,W000329,1,1.760021,1,2026-03-07 23:42:00,2026-03-07 23:42:00
W000030,W000727,1,0.145729,1,2026-01-22 11:13:00,2026-01-22 11:13:00
W000030,W001001,1,1.20315,1,2026-03-12 05:20:00,2026-03-12 05:20:00
W000030,W001016,1,2.084391,1,2026-01-12 11:47:00,2026-01-12 11:47:00
W000030,W001451,1,0.276427,1,2026-06-05 15:01:00,2026-06-05 15:01:00
W000030,W001566,1,0.213575,1,2026-04-29 16:06:00,2026-04-29 16:06:00
W000030,W001812,1,1.62191,1,2026-01-23 08:00:00,2026-01-23 08:00:00
W000030,W001888,1,6.715901,1,2026-01-23 04:19:00,2026-01-23 04:19:00
W000030,W002021,1,4.852873,1,2026-03-22 21:38:00,2026-03-22 21:38:00
W000030,W002253,1,3.350099,1,2026-03-31 09:44:00,2026-03-31 09:44:00
W000030,W002361,1,1.080933,1,2026-02-28 03:47:00,2026-02-28 03:47:00
W000031,W000426,1,5.96134,1,2026-05-20 02:26:00,2026-05-20 02:26:00
W000031,W000513,1,3.701029,1,2026-02-17 06:04:00,2026-02-17 06:04:00
W000031,W000674,1,1.334338,1,2026-01-12 21:39:00,2026-01-12 21:39:00
W000031,W000702,1,0.349513,1,2026-06-08 03:10:00,2026-06-08 03:10:00
W000031,W000750,1,0.653415,1,2026-01-29 23:05:00,2026-01-29 23:05:00
W000031,W000757,1,7.119288,1,2026-03-28 14:57:00,2026-03-28 14:57:00
W000031,W000937,1,2.426608,1,2026-06-26 05:53:00,2026-06-26 05:53:00
W000031,W001059,1,2.868522,1,2026-05-17 06:13:00,2026-05-17 06:13:00
W000031,W001069,1,14.688751,1,2026-01-26 00:47:00,2026-01-26 00:47:00
W000031,W001130,1,2.623868,1,2026-02-28 14:50:00,2026-02-28 14:50:00
W000031,W001144,1,1.794354,1,2026-01-10 01:00:00,2026-01-10 01:00:00
W000031,W001225,1,0.136037,1,2026-01-31 11:53:00,2026-01-31 11:53:00
W000031,W001498,1,6.777557,1,2026-06-07 21:09:00,2026-06-07 21:09:00
W000031,W001897,1,4.796612,1,2026-05-23 09:18:00,2026-05-23 09:18:00
W000031,W001899,1,5.74721,1,2026-03-26 04:28:00,2026-03-26 04:28:00
W000031,W001934,1,5.020454,1,2026-03-17 13:30:00,2026-03-17 13:30:00
W000031,W001979,1,1.331548,1,2026-04-17 16:24:00,2026-04-17 16:24:00
W000031,W002050,1,2.383142,1,2026-05-28 17:29:00,2026-05-28 17:29:00
W000031,W002302,1,1.385801,1,2026-06-17 14:57:00,2026-06-17 14:57:00
W000031,W002359,1,1.203258,1,2026-04-23 00:11:00,2026-04-23 00:11:00
W000032,W000013,1,1.852809,1,2026-03-14 12:01:00,2026-03-14 12:01:00
W000032,W000149,1,5.181197,1,2026-04-27 19:11:00,2026-04-27 19:11:00
W000032,W000217,1,1.044446,1,2026-01-13 06:49:00,2026-01-13 06:49:00
W000032,W000236,1,5.874845,1,2026-05-30 14:16:00,2026-05-30 14:16:00
W000032,W000281,1,10.006779,1,2026-02-20 16:29:00,2026-02-20 16:29:00
W000032,W000308,1,5.440816,1,2026-06-22 23:33:00,2026-06-22 23:33:00
W000032,W000387,1,2.036255,1,2026-06-29 00:40:00,2026-06-29 00:40:00
W000032,W000467,1,9.726681,1,2026-05-22 06:38:00,2026-05-22 06:38:00
W000032,W000574,1,7.078463,1,2026-03-07 04:15:00,2026-03-07 04:15:00
W000032,W000881,1,0.73186,1,2026-04-21 03:27:00,2026-04-21 03:27:00
W000032,W000895,1,4.308911,1,2026-02-13 12:48:00,2026-02-13 12:48:00
W000032,W001327,1,3.826031,1,2026-01-15 22:48:00,2026-01-15 22:48:00
W000032,W001536,1,7.508437,1,2026-04-30 05:39:00,2026-04-30 05:39:00
W000032,W001559,1,0.319706,1,2026-06-10 03:25:00,2026-06-10 03:25:00
W000032,W001778,1,0.358784,1,2026-02-25 20:36:00,2026-02-25 20:36:00
W000032,W001792,1,0.327703,1,2026-03-22 04:50:00,2026-03-22 04:50:00
W000032,W002023,1,2.050169,1,2026-06-01 19:20:00,2026-06-01 19:20:00
W000032,W002256,1,0.664822,1,2026-02-22 01:02:00,2026-02-22 01:02:00
W000032,W002379,1,3.123781,1,2026-02-22 22:19:00,2026-02-22 22:19:00
W000032,W002419,1,0.117479,1,2026-04-15 12:36:00,2026-04-15 12:36:00
W000033,W000155,1,7.938727,1,2026-01-08 19:01:00,2026-01-08 19:01:00
W000033,W000246,1,0.500867,1,2026-03-29 19:33:00,2026-03-29 19:33:00
W000033,W000289,1,4.950408,1,2026-06-17 00:43:00,2026-06-17 00:43:00
W000033,W000434,1,4.301639,1,2026-04-05 10:35:00,2026-04-05 10:35:00
W000033,W000573,1,0.773822,1,2026-04-19 23:05:00,2026-04-19 23:05:00
W000033,W000574,1,14.820059,1,2026-01-26 20:41:00,2026-01-26 20:41:00
W000033,W000629,1,1.770992,1,2026-04-05 11:03:00,2026-04-05 11:03:00
W000033,W000764,1,0.339328,1,2026-05-03 03:45:00,2026-05-03 03:45:00
W000033,W000865,1,2.533652,1,2026-06-15 14:20:00,2026-06-15 14:20:00
W000033,W001152,1,1.828232,1,2026-06-19 05:02:00,2026-06-19 05:02:00
W000033,W001167,1,0.13983,1,2026-05-21 14:01:00,2026-05-21 14:01:00
W000033,W001253,1,15.49058,1,2026-03-28 00:35:00,2026-03-28 00:35:00
W000033,W001265,1,3.9847,1,2026-03-21 07:58:00,2026-03-21 07:58:00
W000033,W001402,1,4.913476,1,2026-04-22 20:20:00,2026-04-22 20:20:00
W000033,W001410,1,1.778854,1,2026-05-06 16:40:00,2026-05-06 16:40:00
W000033,W001442,1,7.557722,1,2026-02-27 06:33:00,2026-02-27 06:33:00
W000033,W001543,1,2.616888,1,2026-06-15 18:18:00,2026-06-15 18:18:00
W000033,W001757,1,0.623332,1,2026-06-16 01:45:00,2026-06-16 01:45:00
W000033,W001789,1,1.830285,1,2026-06-19 15:42:00,2026-06-19 15:42:00
W000033,W001806,1,2.941475,1,2026-06-27 12:15:00,2026-06-27 12:15:00
W000033,W002079,1,1.311717,1,2026-04-10 03:49:00,2026-04-10 03:49:00
W000033,W002154,1,3.433086,1,2026-01-23 17:09:00,2026-01-23 17:09:00
W000034,W000028,1,4.619446,1,2026-01-29 13:40:00,2026-01-29 13:40:00
W000034,W000054,1,0.178118,1,2026-02-27 13:31:00,2026-02-27 13:31:00
W000034,W000625,1,0.492143,1,2026-04-28 16:23:00,2026-04-28 16:23:00
W000034,W000638,1,6.018397,1,2026-02-17 23:12:00,2026-02-17 23:12:00
W000034,W000651,1,0.936546,1,2026-02-01 15:32:00,2026-02-01 15:32:00
W000034,W000671,1,4.204176,1,2026-01-09 07:08:00,2026-01-09 07:08:00
W000034,W000777,1,5.534234,1,2026-05-07 15:54:00,2026-05-07 15:54:00
W000034,W000823,1,0.458664,1,2026-01-24 06:30:00,2026-01-24 06:30:00
W000034,W000970,1,3.794489,1,2026-05-16 07:11:00,2026-05-16 07:11:00
W000034,W001065,1,0.843086,1,2026-03-17 22:35:00,2026-03-17 22:35:00
W000034,W001401,1,0.496286,1,2026-02-17 06:49:00,2026-02-17 06:49:00
W000034,W001460,1,1.484138,1,2026-04-10 19:25:00,2026-04-10 19:25:00
W000034,W001500,1,6.914995,1,2026-06-27 16:56:00,2026-06-27 16:56:00
W000034,W001707,1,10.63171,1,2026-05-28 18:39:00,2026-05-28 18:39:00
W000034,W001964,1,1.40731,1,2026-02-19 09:39:00,2026-02-19 09:39:00
W000034,W001986,1,0.590497,1,2026-05-10 08:22:00,2026-05-10 08:22:00
W000034,W002249,1,3.193913,1,2026-04-05 23:15:00,2026-04-05 23:15:00
W000035,W000008,1,1.189622,1,2026-05-10 07:19:00,2026-05-10 07:19:00
W000035,W000108,1,2.00725,1,2026-03-04 22:50:00,2026-03-04 22:50:00
W000035,W000160,1,2.485201,1,2026-06-23 08:58:00,2026-06-23 08:58:00
W000035,W000591,1,4.670842,1,2026-02-23 10:59:00,2026-02-23 10:59:00
W000035,W000833,1,4.333069,1,2026-05-26 04:55:00,2026-05-26 04:55:00
W000035,W000886,1,2.171257,1,2026-06-01 05:02:00,2026-06-01 05:02:00
W000035,W001136,1,2.776912,1,2026-04-21 17:41:00,2026-04-21 17:41:00
W000035,W001259,1,0.218521,1,2026-03-20 09:32:00,2026-03-20 09:32:00
W000035,W001455,1,3.033361,1,2026-06-05 13:47:00,2026-06-05 13:47:00
W000035,W001726,1,3.036183,1,2026-05-28 19:14:00,2026-05-28 19:14:00
W000035,W001832,1,5.827674,1,2026-05-04 13:45:00,2026-05-04 13:45:00
W000035,W001896,1,0.679771,1,2026-03-19 21:31:00,2026-03-19 21:31:00
W000035,W002076,1,1.524141,1,2026-01-04 14:03:00,2026-01-04 14:03:00
W000035,W002276,1,0.489169,1,2026-02-13 08:52:00,2026-02-13 08:52:00
W000035,W002309,1,16.414672,1,2026-04-17 07:47:00,2026-04-17 07:47:00
W000035,W002330,1,0.200732,1,2026-05-24 08:03:00,2026-05-24 08:03:00
W000035,W002405,1,17.476958,1,2026-03-11 13:38:00,2026-03-11 13:38:00
W000035,W002409,1,1.176265,1,2026-04-04 17:37:00,2026-04-04 17:37:00
W000036,W000117,1,0.346504,1,2026-02-22 12:58:00,2026-02-22 12:58:00
W000036,W000123,1,4.716964,1,2026-02-22 03:05:00,2026-02-22 03:05:00
W000036,W000234,1,2.214098,1,2026-02-01 17:29:00,2026-02-01 17:29:00
W000036,W000276,1,2.587041,1,2026-04-09 16:39:00,2026-04-09 16:39:00
W000036,W000528,1,0.296729,1,2026-01-02 15:28:00,2026-01-02 15:28:00
W000036,W000753,1,2.264189,1,2026-04-02 07:34:00,2026-04-02 07:34:00
W000036,W000991,1,1.514689,1,2026-01-05 11:10:00,2026-01-05 11:10:00
W000036,W001039,1,1.91391,1,2026-02-19 21:34:00,2026-02-19 21:34:00
W000036,W001520,1,4.977161,1,2026-02-19 23:40:00,2026-02-19 23:40:00
W000036,W001678,1,2.332413,1,2026-04-16 07:35:00,2026-04-16 07:35:00
W000036,W001758,1,0.097087,1,2026-03-24 15:48:00,2026-03-24 15:48:00
W000036,W002206,1,1.349111,1,2026-04-28 07:41:00,2026-04-28 07:41:00
W000036,W002228,1,2.288144,1,2026-03-22 14:44:00,2026-03-22 14:44:00
W000036,W002233,1,0.949949,1,2026-01-17 04:34:00,2026-01-17 04:34:00
W000036,W002262,1,1.548155,1,2026-03-23 17:36:00,2026-03-23 17:36:00
W000036,W002277,1,0.56913,1,2026-02-11 04:34:00,2026-02-11 04:34:00
W000036,W002418,1,10.104321,1,2026-05-04 20:46:00,2026-05-04 20:46:00
W000037,W000025,1,3.419415,1,2026-02-19 06:25:00,2026-02-19 06:25:00
W000037,W000305,1,4.666607,1,2026-05-05 11:22:00,2026-05-05 11:22:00
W000037,W000383,1,0.517159,1,2026-05-06 15:14:00,2026-05-06 15:14:00
W000037,W000395,1,2.025319,1,2026-04-27 11:52:00,2026-04-27 11:52:00
W000037,W000592,1,1.492892,1,2026-04-24 01:25:00,2026-04-24 01:25:00
W000037,W000619,1,6.885481,1,2026-02-26 05:53:00,2026-02-26 05:53:00
W000037,W000656,1,2.698022,1,2026-05-08 14:11:00,2026-05-08 14:11:00
W000037,W000663,1,3.342997,1,2026-04-06 14:05:00,2026-04-06 14:05:00
W000037,W001274,1,1.77708,1,2026-06-22 09:29:00,2026-06-22 09:29:00
W000037,W001664,1,9.33227,1,2026-05-23 06:25:00,2026-05-23 06:25:00
W000037,W001670,1,2.363824,1,2026-02-26 01:54:00,2026-02-26 01:54:00
W000037,W001680,1,8.513642,1,2026-06-12 15:14:00,2026-06-12 15:14:00
W000037,W001965,1,0.466266,1,2026-05-20 19:17:00,2026-05-20 19:17:00
W000037,W001970,1,0.491705,1,2026-05-24 08:37:00,2026-05-24 08:37:00
W000037,W002042,1,1.801882,1,2026-06-02 12:53:00,2026-06-02 12:53:00
W000037,W002189,1,0.49632,1,2026-06-16 08:28:00,2026-06-16 08:28:00
W000038,W000408,1,5.000783,1,2026-04-22 19:59:00,2026-04-22 19:59:00
W000038,W000425,1,3.419292,1,2026-01-18 22:40:00,2026-01-18 22:40:00
W000038,W000465,1,4.854271,1,2026-02-17 12:59:00,2026-02-17 12:59:00
W000038,W000497,1,1.972101,1,2026-05-03 16:16:00,2026-05-03 16:16:00
W000038,W000811,1,1.271684,1,2026-05-31 06:38:00,2026-05-31 06:38:00
W000038,W000826,1,0.450817,1,2026-05-20 04:32:00,2026-05-20 04:32:00
W000038,W000853,1,5.769071,1,2026-02-15 03:10:00,2026-02-15 03:10:00
W000038,W001216,1,1.922743,1,2026-06-22 02:07:00,2026-06-22 02:07:00
W000038,W001380,1,3.287087,1,2026-04-22 16:47:00,2026-04-22 16:47:00
W000038,W001739,1,0.503977,1,2026-05-04 22:32:00,2026-05-04 22:32:00
W000038,W001770,1,0.404017,1,2026-01-22 12:00:00,2026-01-22 12:00:00
W000038,W001855,1,1.586182,1,2026-03-02 21:48:00,2026-03-02 21:48:00
W000038,W001857,1,0.71806,1,2026-02-04 04:36:00,2026-02-04 04:36:00
W000038,W001900,1,0.228709,1,2026-06-19 18:46:00,2026-06-19 18:46:00
W000038,W002095,1,2.30036,1,2026-04-30 16:38:00,2026-04-30 16:38:00
W000038,W002320,1,6.013417,1,2026-03-25 10:07:00,2026-03-25 10:07:00
W000038,W002359,1,0.846705,1,2026-01-27 08:06:00,2026-01-27 08:06:00
W000038,W002390,1,9.176321,1,2026-05-26 07:57:00,2026-05-26 07:57:00
W000038,W002494,1,0.320192,1,2026-06-15 07:52:00,2026-06-15 07:52:00
W000039,W000002,1,3.622037,1,2026-01-31 00:05:00,2026-01-31 00:05:00
W000039,W000476,1,3.941514,1,2026-04-09 17:27:00,2026-04-09 17:27:00
W000039,W000611,1,2.375543,1,2026-03-03 19:00:00,2026-03-03 19:00:00
W000039,W001079,1,1.387056,1,2026-01-07 14:08:00,2026-01-07 14:08:00
W000039,W001544,1,1.089797,1,2026-02-06 07:55:00,2026-02-06 07:55:00
W000039,W001600,1,3.364684,1,2026-01-09 09:41:00,2026-01-09 09:41:00
W000039,W001697,1,0.443934,1,2026-03-10 09:25:00,2026-03-10 09:25:00
W000039,W001892,1,0.490104,1,2026-05-14 11:52:00,2026-05-14 11:52:00
W000039,W001975,1,3.857745,1,2026-06-11 22:53:00,2026-06-11 22:53:00
W000039,W002476,1,4.309652,1,2026-05-17 04:13:00,2026-05-17 04:13:00
W000040,W000153,1,2.143164,1,2026-04-18 09:28:00,2026-04-18 09:28:00
W000040,W000192,1,1.721572,1,2026-05-25 20:38:00,2026-05-25 20:38:00
W000040,W000233,1,4.992527,1,2026-05-26 07:12:00,2026-05-26 07:12:00
W000040,W000415,1,0.55842,1,2026-06-14 16:34:00,2026-06-14 16:34:00
W000040,W000671,1,2.96256,1,2026-05-26 14:14:00,2026-05-26 14:14:00
W000040,W000793,1,0.616356,1,2026-01-30 06:33:00,2026-01-30 06:33:00
W000040,W001088,1,0.917922,1,2026-05-26 09:53:00,2026-05-26 09:53:00
W000040,W001433,1,0.441906,1,2026-06-09 03:29:00,2026-06-09 03:29:00
W000040,W001498,1,1.021071,1,2026-03-27 16:04:00,2026-03-27 16:04:00
W000040,W001555,1,5.574213,1,2026-06-05 04:49:00,2026-06-05 04:49:00
W000040,W001834,1,1.559384,1,2026-03-09 01:50:00,2026-03-09 01:50:00
W000040,W001848,1,4.391758,1,2026-06-15 05:15:00,2026-06-15 05:15:00
W000040,W001995,1,6.366104,1,2026-04-06 04:48:00,2026-04-06 04:48:00
W000040,W002143,1,0.662892,1,2026-01-01 09:13:00,2026-01-01 09:13:00
W000040,W002155,1,3.587193,1,2026-04-07 03:17:00,2026-04-07 03:17:00
W000040,W002487,1,3.428407,1,2026-02-08 17:04:00,2026-02-08 17:04:00
W000041,W000046,1,1.889891,1,2026-02-20 23:41:00,2026-02-20 23:41:00
W000041,W000159,1,7.908909,1,2026-01-28 15:17:00,2026-01-28 15:17:00
W000041,W000250,1,8.525842,1,2026-01-19 13:49:00,2026-01-19 13:49:00
W000041,W000608,1,3.449243,1,2026-02-22 07:43:00,2026-02-22 07:43:00
W000041,W000659,1,4.182486,1,2026-02-02 21:23:00,2026-02-02 21:23:00
W000041,W000899,1,1.718309,1,2026-01-31 18:46:00,2026-01-31 18:46:00
W000041,W000904,1,11.430503,1,2026-05-10 06:28:00,2026-05-10 06:28:00
W000041,W000940,1,17.769458,1,2026-02-07 15:59:00,2026-02-07 15:59:00
W000041,W001365,1,3.476866,1,2026-06-03 04:41:00,2026-06-03 04:41:00
W000041,W001422,1,1.403819,1,2026-05-16 13:26:00,2026-05-16 13:26:00
W000041,W001636,1,12.200735,1,2026-06-21 20:02:00,2026-06-21 20:02:00
W000041,W001942,1,1.840328,1,2026-02-25 04:25:00,2026-02-25 04:25:00
W000041,W002222,1,18.000919,1,2026-02-23 03:58:00,2026-02-23 03:58:00
W000041,W002379,1,0.599734,1,2026-05-29 19:51:00,2026-05-29 19:51:00
W000041,W002450,1,2.855473,1,2026-03-19 02:30:00,2026-03-19 02:30:00
W000042,W000155,1,8.284671,1,2026-05-28 10:10:00,2026-05-28 10:10:00
W000042,W000259,1,1.462055,1,2026-03-22 20:29:00,2026-03-22 20:29:00
W000042,W000424,1,1.504479,1,2026-02-21 00:41:00,2026-02-21 00:41:00
W000042,W000588,1,0.651306,1,2026-01-10 05:02:00,2026-01-10 05:02:00
W000042,W000683,1,3.204169,1,2026-06-24 09:25:00,2026-06-24 09:25:00
W000042,W000687,1,1.107549,1,2026-04-14 13:21:00,2026-04-14 13:21:00
W000042,W000871,1,1.566683,1,2026-01-12 05:30:00,2026-01-12 05:30:00
W000042,W000872,1,4.169022,1,2026-01-18 23:41:00,2026-01-18 23:41:00
W000042,W001102,1,1.167377,1,2026-06-24 22:37:00,2026-06-24 22:37:00
W000042,W001160,1,0.646084,1,2026-01-11 05:38:00,2026-01-11 05:38:00
W000042,W001200,1,0.446231,1,2026-05-31 13:04:00,2026-05-31 13:04:00
W000042,W001412,1,0.75593,1,2026-02-07 20:05:00,2026-02-07 20:05:00
W000042,W001663,1,0.610941,1,2026-03-15 04:09:00,2026-03-15 04:09:00
W000042,W001774,1,7.164796,1,2026-05-19 23:58:00,2026-05-19 23:58:00
W000042,W001804,1,0.651698,1,2026-06-14 00:42:00,2026-06-14 00:42:00
W000042,W001823,1,0.63524,1,2026-04-24 09:51:00,2026-04-24 09:51:00
W000042,W001835,1,0.802935,1,2026-05-19 13:12:00,2026-05-19 13:12:00
W000042,W002120,1,2.832283,1,2026-06-10 10:53:00,2026-06-10 10:53:00
W000042,W002155,1,2.805361,1,2026-01-07 03:14:00,2026-01-07 03:14:00
W000042,W002197,1,1.772377,1,2026-02-24 19:37:00,2026-02-24 19:37:00
W000043,W000114,1,0.549156,1,2026-02-12 08:29:00,2026-02-12 08:29:00
W000043,W000223,1,5.069325,1,2026-02-24 18:19:00,2026-02-24 18:19:00
W000043,W000594,1,20.74578,1,2026-01-28 23:02:00,2026-01-28 23:02:00
W000043,W000648,1,2.930161,1,2026-03-17 20:32:00,2026-03-17 20:32:00
W000043,W000756,1,11.920648,1,2026-05-19 21:05:00,2026-05-19 21:05:00
W000043,W000877,1,3.12581,1,2026-01-07 07:01:00,2026-01-07 07:01:00
W000043,W000998,1,6.798323,1,2026-01-26 04:49:00,2026-01-26 04:49:00
W000043,W001018,1,8.366016,1,2026-05-01 13:59:00,2026-05-01 13:59:00
W000043,W001464,1,1.818899,1,2026-03-01 09:38:00,2026-03-01 09:38:00
W000043,W001641,1,0.123308,1,2026-05-05 03:53:00,2026-05-05 03:53:00
W000043,W002106,1,0.826333,1,2026-05-18 03:09:00,2026-05-18 03:09:00
W000044,W000240,1,3.192176,1,2026-02-04 20:05:00,2026-02-04 20:05:00
W000044,W000335,1,2.17629,1,2026-06-18 18:59:00,2026-06-18 18:59:00
W000044,W000553,1,1.899851,1,2026-01-21 03:08:00,2026-01-21 03:08:00
W000044,W000716,1,0.892526,1,2026-02-10 11:13:00,2026-02-10 11:13:00
W000044,W000896,1,3.641283,1,2026-02-07 07:10:00,2026-02-07 07:10:00
W000044,W001466,1,10.181369,1,2026-05-10 09:33:00,2026-05-10 09:33:00
W000044,W001475,1,9.03074,1,2026-04-24 19:40:00,2026-04-24 19:40:00
W000044,W001621,1,4.473976,1,2026-05-24 23:03:00,2026-05-24 23:03:00
W000044,W001727,1,2.503539,1,2026-06-27 09:56:00,2026-06-27 09:56:00
W000044,W002022,1,10.937254,1,2026-02-19 11:11:00,2026-02-19 11:11:00
W000044,W002306,1,0.571628,1,2026-05-02 07:15:00,2026-05-02 07:15:00
W000044,W002490,1,4.518907,1,2026-05-02 20:57:00,2026-05-02 20:57:00
W000045,W000175,1,10.556054,1,2026-03-16 01:14:00,2026-03-16 01:14:00
W000045,W000367,1,3.585163,1,2026-03-07 04:15:00,2026-03-07 04:15:00
W000045,W000448,1,2.248897,1,2026-04-23 17:18:00,2026-04-23 17:18:00
W000045,W000454,1,3.158359,1,2026-03-29 21:01:00,2026-03-29 21:01:00
W000045,W000480,1,8.121409,1,2026-03-27 17:08:00,2026-03-27 17:08:00
W000045,W000732,1,1.25516,1,2026-04-14 15:20:00,2026-04-14 15:20:00
W000045,W000759,1,0.348583,1,2026-05-02 06:12:00,2026-05-02 06:12:00
W000045,W000766,1,1.437577,1,2026-04-10 17:35:00,2026-04-10 17:35:00
W000045,W001138,1,4.384845,1,2026-05-26 09:04:00,2026-05-26 09:04:00
W000045,W001208,1,0.186754,1,2026-04-16 21:14:00,2026-04-16 21:14:00
W000045,W001221,1,0.63541,1,2026-06-27 06:37:00,2026-06-27 06:37:00
W000045,W001583,1,1.615143,1,2026-03-05 19:10:00,2026-03-05 19:10:00
W000045,W001690,1,0.446682,1,2026-05-03 02:30:00,2026-05-03 02:30:00
W000045,W002017,1,5.447213,1,2026-02-12 10:42:00,2026-02-12 10:42:00
W000045,W002205,1,5.344686,1,2026-02-28 16:10:00,2026-02-28 16:10:00
W000045,W002289,1,0.980659,1,2026-04-28 23:14:00,2026-04-28 23:14:00
W000046,W000057,1,7.908248,1,2026-04-23 06:59:00,2026-04-23 06:59:00
W000046,W000110,1,0.605339,1,2026-03-09 14:13:00,2026-03-09 14:13:00
W000046,W000125,1,0.372162,1,2026-02-03 19:11:00,2026-02-03 19:11:00
W000046,W000200,1,3.257894,1,2026-01-01 21:52:00,2026-01-01 21:52:00
W000046,W000377,1,2.473256,1,2026-05-16 21:37:00,2026-05-16 21:37:00
W000046,W000453,1,6.743494,1,2026-04-21 03:02:00,2026-04-21 03:02:00
W000046,W000820,1,2.810848,1,2026-02-17 08:02:00,2026-02-17 08:02:00
W000046,W001003,1,2.577832,1,2026-02-22 03:20:00,2026-02-22 03:20:00
W000046,W001099,1,3.733397,1,2026-03-06 16:36:00,2026-03-06 16:36:00
W000046,W001211,1,0.75752,1,2026-03-23 00:04:00,2026-03-23 00:04:00
W000046,W001242,1,2.286752,1,2026-01-06 07:09:00,2026-01-06 07:09:00
W000046,W001360,1,0.32275,1,2026-04-07 14:51:00,2026-04-07 14:51:00
W000046,W001671,1,5.592658,1,2026-06-11 04:38:00,2026-06-11 04:38:00
W000046,W001776,1,1.99835,1,2026-04-30 17:55:00,2026-04-30 17:55:00
W000046,W001869,1,7.130246,1,2026-02-25 14:13:00,2026-02-25 14:13:00
W000046,W001985,1,1.732524,1,2026-06-12 14:29:00,2026-06-12 14:29:00
W000046,W002080,1,2.693065,1,2026-01-05 04:34:00,2026-01-05 04:34:00
W000046,W002243,1,4.689761,1,2026-04-19 15:31:00,2026-04-19 15:31:00
W000047,W000163,1,1.790409,1,2026-04-09 09:25:00,2026-04-09 09:25:00
W000047,W000173,1,3.551613,1,2026-02-11 04:44:00,2026-02-11 04:44:00
W000047,W000254,1,9.05569,1,2026-02-13 21:40:00,2026-02-13 21:40:00
W000047,W000657,1,7.727628,1,2026-05-09 06:37:00,2026-05-09 06:37:00
W000047,W000668,1,3.353172,1,2026-05-15 09:34:00,2026-05-15 09:34:00
W000047,W001119,1,6.572221,1,2026-06-24 09:29:00,2026-06-24 09:29:00
W000047,W001187,1,4.666156,1,2026-01-25 00:06:00,2026-01-25 00:06:00
W000047,W001243,1,2.133012,1,2026-06-27 18:30:00,2026-06-27 18:30:00
W000047,W001316,1,2.778075,1,2026-06-16 23:02:00,2026-06-16 23:02:00
W000047,W001448,1,9.946667,1,2026-01-31 10:46:00,2026-01-31 10:46:00
W000047,W001616,1,3.478421,1,2026-02-02 00:28:00,2026-02-02 00:28:00
W000047,W001700,1,0.655282,1,2026-05-28 12:54:00,2026-05-28 12:54:00
W000047,W001714,1,0.810318,1,2026-01-24 18:02:00,2026-01-24 18:02:00
W000047,W001864,1,2.147096,1,2026-03-01 21:37:00,2026-03-01 21:37:00
W000047,W001910,1,0.245016,1,2026-05-14 13:48:00,2026-05-14 13:48:00
W000047,W001948,1,0.90358,1,2026-05-01 21:22:00,2026-05-01 21:22:00
W000047,W001978,1,1.256119,1,2026-02-02 07:44:00,2026-02-02 07:44:00
W000047,W002304,1,1.287169,1,2026-04-02 10:10:00,2026-04-02 10:10:00
W000048,W000029,1,3.248314,1,2026-02-11 20:36:00,2026-02-11 20:36:00
W000048,W000407,1,3.665097,1,2026-06-19 02:54:00,2026-06-19 02:54:00
W000048,W000541,1,0.464418,1,2026-03-06 19:33:00,2026-03-06 19:33:00
W000048,W000652,1,3.363204,1,2026-02-03 11:41:00,2026-02-03 11:41:00
W000048,W000773,1,1.622364,1,2026-02-23 07:26:00,2026-02-23 07:26:00
W000048,W000776,1,0.344366,1,2026-05-22 03:16:00,2026-05-22 03:16:00
W000048,W000905,1,0.198163,1,2026-01-09 07:51:00,2026-01-09 07:51:00
W000048,W000980,1,5.70795,1,2026-04-26 13:09:00,2026-04-26 13:09:00
W000048,W001180,1,0.611837,1,2026-01-31 03:39:00,2026-01-31 03:39:00
W000048,W001984,1,0.361335,1,2026-05-31 03:25:00,2026-05-31 03:25:00
W000048,W002034,1,1.167143,1,2026-01-01 14:52:00,2026-01-01 14:52:00
W000048,W002184,1,5.493047,1,2026-06-18 22:52:00,2026-06-18 22:52:00
W000048,W002483,1,6.859943,1,2026-05-22 13:24:00,2026-05-22 13:24:00
W000049,W000108,1,10.56682,1,2026-05-05 16:27:00,2026-05-05 16:27:00
W000049,W000189,1,0.745832,1,2026-01-18 10:19:00,2026-01-18 10:19:00
W000049,W000192,1,3.748595,1,2026-03-02 00:17:00,2026-03-02 00:17:00
W000049,W000205,1,0.860498,1,2026-06-18 20:43:00,2026-06-18 20:43:00
W000049,W000425,1,2.522942,1,2026-03-16 15:07:00,2026-03-16 15:07:00
W000049,W000468,1,4.268701,1,2026-01-13 08:32:00,2026-01-13 08:32:00
W000049,W000474,1,6.124271,1,2026-05-10 08:55:00,2026-05-10 08:55:00
W000049,W000770,1,0.555703,1,2026-03-02 03:19:00,2026-03-02 03:19:00
W000049,W000949,1,2.618637,1,2026-02-27 14:12:00,2026-02-27 14:12:00
W000049,W001015,1,1.736473,1,2026-05-08 23:54:00,2026-05-08 23:54:00
W000049,W001208,1,2.293561,1,2026-03-30 16:09:00,2026-03-30 16:09:00
W000049,W001243,1,1.065963,1,2026-04-10 04:01:00,2026-04-10 04:01:00
W000049,W001294,1,1.996592,1,2026-01-31 07:49:00,2026-01-31 07:49:00
W000049,W001397,1,6.283075,1,2026-04-18 01:03:00,2026-04-18 01:03:00
W000049,W001552,1,1.700099,1,2026-03-26 06:38:00,2026-03-26 06:38:00
W000049,W001569,1,9.480559,1,2026-05-19 18:19:00,2026-05-19 18:19:00
W000049,W001594,1,4.22729,1,2026-05-28 07:31:00,2026-05-28 07:31:00
W000049,W001623,1,0.671544,1,2026-04-07 23:17:00,2026-04-07 23:17:00
W000049,W001856,1,5.154241,1,2026-02-13 07:36:00,2026-02-13 07:36:00
W000049,W001949,1,1.686949,1,2026-02-24 18:16:00,2026-02-24 18:16:00
W000049,W001963,1,0.663459,1,2026-05-15 10:57:00,2026-05-15 10:57:00
W000049,W002003,1,5.466928,1,2026-06-07 12:39:00,2026-06-07 12:39:00
W000049,W002035,1,0.620866,1,2026-02-15 02:43:00,2026-02-15 02:43:00
W000049,W002328,1,1.087492,1,2026-04-24 12:47:00,2026-04-24 12:47:00
W000050,W000126,1,1.522131,1,2026-01-24 08:15:00,2026-01-24 08:15:00
W000050,W000321,1,5.166003,1,2026-06-23 23:42:00,2026-06-23 23:42:00
W000050,W000686,1,2.814113,1,2026-04-18 05:15:00,2026-04-18 05:15:00
W000050,W000812,1,5.315874,1,2026-04-09 14:29:00,2026-04-09 14:29:00
W000050,W001133,1,5.950301,1,2026-02-04 15:08:00,2026-02-04 15:08:00
W000050,W001167,1,3.134401,1,2026-05-11 04:58:00,2026-05-11 04:58:00
W000050,W001270,1,1.892272,1,2026-05-28 23:30:00,2026-05-28 23:30:00
W000050,W001533,1,4.148965,1,2026-04-03 02:07:00,2026-04-03 02:07:00
W000050,W001632,1,2.088684,1,2026-01-04 06:32:00,2026-01-04 06:32:00
W000050,W001729,1,1.387313,1,2026-02-17 23:49:00,2026-02-17 23:49:00
W000050,W001772,1,0.463644,1,2026-03-16 05:17:00,2026-03-16 05:17:00
W000050,W001781,1,5.310321,1,2026-01-01 10:15:00,2026-01-01 10:15:00
W000050,W001850,1,0.481317,1,2026-02-28 16:14:00,2026-02-28 16:14:00
W000050,W002087,1,5.393754,1,2026-04-09 08:53:00,2026-04-09 08:53:00
W000050,W002298,1,2.219722,1,2026-02-19 07:49:00,2026-02-19 07:49:00
W000051,W000002,1,0.222539,1,2026-03-08 03:56:00,2026-03-08 03:56:00
W000051,W000162,1,0.62203,1,2026-05-17 00:48:00,2026-05-17 00:48:00
W000051,W000505,1,2.354247,1,2026-05-19 15:28:00,2026-05-19 15:28:00
W000051,W001273,1,1.418207,1,2026-03-30 18:03:00,2026-03-30 18:03:00
W000052,W000094,1,0.364837,1,2026-06-23 03:36:00,2026-06-23 03:36:00
W000052,W000306,1,3.05274,1,2026-05-08 06:33:00,2026-05-08 06:33:00
W000052,W000318,1,0.348823,1,2026-02-07 00:08:00,2026-02-07 00:08:00
W000052,W000526,1,0.700294,1,2026-02-09 13:14:00,2026-02-09 13:14:00
W000052,W001431,1,0.801558,1,2026-05-23 21:19:00,2026-05-23 21:19:00
W000052,W002059,1,0.515033,1,2026-04-05 09:51:00,2026-04-05 09:51:00
W000052,W002263,1,1.666756,1,2026-02-07 02:31:00,2026-02-07 02:31:00
W000053,W002016,1,0.342148,1,2026-05-05 03:59:00,2026-05-05 03:59:00
W000054,W000063,1,0.446364,1,2026-03-14 01:34:00,2026-03-14 01:34:00
W000054,W000193,1,0.776856,1,2026-05-25 09:23:00,2026-05-25 09:23:00
W000054,W000486,1,0.534898,1,2026-04-18 15:08:00,2026-04-18 15:08:00
W000055,W000301,1,0.11406,1,2026-01-10 21:45:00,2026-01-10 21:45:00
W000055,W000385,1,0.919086,1,2026-05-24 21:59:00,2026-05-24 21:59:00
W000055,W000831,1,0.519107,1,2026-01-04 13:12:00,2026-01-04 13:12:00
W000055,W002061,1,0.184571,1,2026-03-21 08:53:00,2026-03-21 08:53:00
W000056,W000605,1,0.38977,1,2026-03-01 04:30:00,2026-03-01 04:30:00
W000056,W002033,1,0.551058,1,2026-03-26 04:46:00,2026-03-26 04:46:00
W000057,W000400,1,0.352441,1,2026-01-14 07:31:00,2026-01-14 07:31:00
W000057,W000912,1,0.22846,1,2026-01-28 12:52:00,2026-01-28 12:52:00
W000057,W001370,1,0.215426,1,2026-06-06 02:44:00,2026-06-06 02:44:00
W000057,W002497,1,0.550766,1,2026-03-24 01:39:00,2026-03-24 01:39:00
W000058,W001009,1,0.72852,1,2026-02-17 08:18:00,2026-02-17 08:18:00
W000058,W001234,1,0.79274,1,2026-01-19 13:17:00,2026-01-19 13:17:00
W000058,W002211,1,0.499678,1,2026-01-05 17:07:00,2026-01-05 17:07:00
W000059,W000056,1,1.307666,1,2026-01-19 04:16:00,2026-01-19 04:16:00
W000059,W000544,1,0.420347,1,2026-05-05 07:28:00,2026-05-05 07:28:00
W000059,W000965,1,0.9323,1,2026-05-28 14:48:00,2026-05-28 14:48:00
W000060,W000109,1,0.29647,1,2026-03-26 10:27:00,2026-03-26 10:27:00
W000060,W000552,1,0.335969,1,2026-05-18 23:10:00,2026-05-18 23:10:00
W000060,W001128,1,0.143161,1,2026-03-05 11:53:00,2026-03-05 11:53:00
W000060,W001768,1,0.195203,1,2026-05-01 14:07:00,2026-05-01 14:07:00
W000060,W001884,1,0.88307,1,2026-03-25 19:21:00,2026-03-25 19:21:00
W000061,W001265,1,0.080578,1,2026-04-15 12:13:00,2026-04-15 12:13:00
W000061,W001596,1,0.342057,1,2026-03-19 09:16:00,2026-03-19 09:16:00
W000061,W001808,1,1.259925,1,2026-06-13 01:24:00,2026-06-13 01:24:00
W000061,W002387,1,0.433936,1,2026-06-04 05:27:00,2026-06-04 05:27:00
W000062,W000535,1,0.46652,1,2026-02-02 10:56:00,2026-02-02 10:56:00
W000062,W001362,1,0.545088,1,2026-05-24 03:58:00,2026-05-24 03:58:00
W000062,W001599,1,0.651394,1,2026-01-30 17:43:00,2026-01-30 17:43:00
W000062,W002082,1,0.283415,1,2026-04-14 05:29:00,2026-04-14 05:29:00
W000063,W000374,1,0.935344,1,2026-01-19 22:14:00,2026-01-19 22:14:00
W000063,W000514,1,0.889677,1,2026-04-13 13:44:00,2026-04-13 13:44:00
W000063,W001752,1,0.120812,1,2026-05-04 08:06:00,2026-05-04 08:06:00
W000063,W001916,1,0.4507,1,2026-05-14 02:55:00,2026-05-14 02:55:00
W000064,W000552,1,0.895846,1,2026-04-24 22:59:00,2026-04-24 22:59:00
W000064,W000637,1,4.508951,1,2026-02-15 12:57:00,2026-02-15 12:57:00
W000064,W001016,1,0.300388,1,2026-01-22 06:53:00,2026-01-22 06:53:00
W000064,W001155,1,0.857678,1,2026-03-12 23:17:00,2026-03-12 23:17:00
W000064,W001897,1,0.353391,1,2026-05-21 05:02:00,2026-05-21 05:02:00
W000065,W000552,1,0.317537,1,2026-02-23 15:26:00,2026-02-23 15:26:00
W000065,W000914,1,0.702295,1,2026-01-10 15:30:00,2026-01-10 15:30:00
W000066,W002264,1,0.975543,1,2026-01-31 23:30:00,2026-01-31 23:30:00
W000067,W000210,1,0.574659,1,2026-02-01 18:14:00,2026-02-01 18:14:00
W000067,W000437,1,0.214631,1,2026-01-10 05:12:00,2026-01-10 05:12:00
W000067,W002483,1,0.626356,1,2026-04-25 19:38:00,2026-04-25 19:38:00
W000068,W001143,1,0.70428,1,2026-05-29 14:58:00,2026-05-29 14:58:00
W000068,W001501,1,0.256679,1,2026-06-04 05:13:00,2026-06-04 05:13:00
W000068,W002273,1,0.104055,1,2026-04-30 00:31:00,2026-04-30 00:31:00
W000069,W001413,1,0.317871,1,2026-04-27 15:31:00,2026-04-27 15:31:00
W000070,W000071,1,1.802757,1,2026-02-25 20:39:00,2026-02-25 20:39:00
W000070,W001519,1,1.590103,1,2026-02-21 15:27:00,2026-02-21 15:27:00
W000070,W002124,1,1.181855,1,2026-04-02 00:14:00,2026-04-02 00:14:00
W000070,W002387,1,0.489668,1,2026-02-14 12:53:00,2026-02-14 12:53:00
W000072,W000423,1,0.368214,1,2026-01-04 06:00:00,2026-01-04 06:00:00
W000072,W000753,1,0.731267,1,2026-03-11 19:59:00,2026-03-11 19:59:00
W000072,W001437,1,0.433556,1,2026-03-16 10:26:00,2026-03-16 10:26:00
W000072,W001594,1,0.28533,1,2026-03-30 07:46:00,2026-03-30 07:46:00
W000072,W001899,1,1.255529,1,2026-05-22 19:31:00,2026-05-22 19:31:00
W000073,W001221,1,1.068401,1,2026-01-01 10:01:00,2026-01-01 10:01:00
W000074,W001544,1,0.831708,1,2026-01-02 01:30:00,2026-01-02 01:30:00
W000074,W001973,1,0.329937,1,2026-02-27 22:30:00,2026-02-27 22:30:00
W000074,W002250,1,0.349563,1,2026-04-24 06:06:00,2026-04-24 06:06:00
W000075,W001254,1,0.365399,1,2026-06-06 15:41:00,2026-06-06 15:41:00
W000075,W001486,1,0.328434,1,2026-01-03 20:33:00,2026-01-03 20:33:00
W000075,W002328,1,1.091964,1,2026-05-31 18:01:00,2026-05-31 18:01:00
W000076,W000028,1,0.899413,1,2026-04-15 01:26:00,2026-04-15 01:26:00
W000076,W000199,1,0.658085,1,2026-04-18 12:38:00,2026-04-18 12:38:00
W000076,W001173,1,0.899574,1,2026-06-25 23:12:00,2026-06-25 23:12:00
W000076,W001518,1,0.286939,1,2026-05-20 16:50:00,2026-05-20 16:50:00
W000076,W001874,1,0.793694,1,2026-05-22 18:13:00,2026-05-22 18:13:00
W000076,W002088,1,0.299189,1,2026-02-16 20:43:00,2026-02-16 20:43:00
W000077,W000500,1,0.456606,1,2026-05-03 03:47:00,2026-05-03 03:47:00
W000077,W000867,1,0.887734,1,2026-01-13 18:52:00,2026-01-13 18:52:00
W000077,W001985,1,0.967208,1,2026-05-17 19:33:00,2026-05-17 19:33:00
W000078,W001301,1,0.346343,1,2026-01-23 05:17:00,2026-01-23 05:17:00
W000079,W000753,1,0.76585,1,2026-06-24 23:22:00,2026-06-24 23:22:00
W000079,W001519,1,0.194368,1,2026-02-21 19:14:00,2026-02-21 19:14:00
W000080,W000654,1,0.262192,1,2026-01-28 13:18:00,2026-01-28 13:18:00
W000080,W001268,1,0.662514,1,2026-03-24 16:13:00,2026-03-24 16:13:00
W000080,W001375,1,0.292144,1,2026-04-22 06:57:00,2026-04-22 06:57:00
W000080,W001489,1,0.773161,1,2026-06-28 22:47:00,2026-06-28 22:47:00
W000080,W002025,1,0.268376,1,2026-06-21 12:01:00,2026-06-21 12:01:00
W000080,W002278,1,0.210293,1,2026-04-22 13:09:00,2026-04-22 13:09:00
W000080,W002499,1,0.100682,1,2026-04-01 12:08:00,2026-04-01 12:08:00
W000081,W000505,1,0.398699,1,2026-03-28 08:38:00,2026-03-28 08:38:00
W000082,W002422,1,0.649361,1,2026-05-19 08:07:00,2026-05-19 08:07:00
W000083,W002374,1,0.340082,1,2026-02-18 22:14:00,2026-02-18 22:14:00
W000084,W002038,1,0.3156,1,2026-04-28 05:00:00,2026-04-28 05:00:00
W000085,W000124,1,0.350988,1,2026-02-25 12:48:00,2026-02-25 12:48:00
W000085,W002034,1,0.487328,1,2026-02-17 02:16:00,2026-02-17 02:16:00
W000086,W000341,1,0.216891,1,2026-01-27 17:05:00,2026-01-27 17:05:00
W000086,W001286,1,0.42816,1,2026-04-06 07:58:00,2026-04-06 07:58:00
W000086,W001530,1,0.542682,1,2026-01-06 18:25:00,2026-01-06 18:25:00
W000086,W002315,1,0.34063,1,2026-02-16 12:01:00,2026-02-16 12:01:00
W000087,W002400,1,0.526328,1,2026-01-17 23:27:00,2026-01-17 23:27:00
W000088,W000365,1,0.450277,1,2026-02-01 18:28:00,2026-02-01 18:28:00
W000088,W000377,1,0.690425,1,2026-02-19 18:59:00,2026-02-19 18:59:00
W000088,W002234,1,0.364788,1,2026-04-14 09:17:00,2026-04-14 09:17:00
W000089,W000838,1,0.354029,1,2026-03-15 21:42:00,2026-03-15 21:42:00
W000089,W001070,1,0.774689,1,2026-03-23 20:51:00,2026-03-23 20:51:00
W000089,W001716,1,1.087793,1,2026-05-08 23:04:00,2026-05-08 23:04:00
W000089,W002011,1,0.45576,1,2026-06-21 02:47:00,2026-06-21 02:47:00
W000089,W002232,1,0.432203,1,2026-01-03 19:58:00,2026-01-03 19:58:00
W000089,W002303,1,0.132316,1,2026-01-28 00:18:00,2026-01-28 00:18:00
W000090,W000284,1,0.453677,1,2026-01-26 01:50:00,2026-01-26 01:50:00
W000090,W001025,1,0.970673,1,2026-01-22 05:26:00,2026-01-22 05:26:00
W000090,W001104,1,0.266136,1,2026-04-24 10:05:00,2026-04-24 10:05:00
W000090,W001118,1,0.479819,1,2026-01-26 11:58:00,2026-01-26 11:58:00
W000090,W002121,1,0.121388,1,2026-06-28 06:34:00,2026-06-28 06:34:00
W000090,W002203,1,1.233297,1,2026-06-12 12:52:00,2026-06-12 12:52:00
W000091,W001172,1,0.287539,1,2026-01-02 04:55:00,2026-01-02 04:55:00
W000091,W001340,1,0.246874,1,2026-03-07 16:09:00,2026-03-07 16:09:00
W000091,W001885,1,0.485252,1,2026-04-04 13:11:00,2026-04-04 13:11:00
W000092,W000176,1,0.378053,1,2026-05-25 10:24:00,2026-05-25 10:24:00
W000092,W001425,1,0.263238,1,2026-01-08 05:21:00,2026-01-08 05:21:00
W000092,W001494,1,0.51939,1,2026-04-01 03:24:00,2026-04-01 03:24:00
W000092,W002141,1,0.168411,1,2026-06-09 04:17:00,2026-06-09 04:17:00
W000093,W000579,1,2.106768,1,2026-06-25 19:16:00,2026-06-25 19:16:00
W000093,W001320,1,0.721819,1,2026-03-31 18:52:00,2026-03-31 18:52:00
W000093,W001501,1,0.170608,1,2026-02-16 15:35:00,2026-02-16 15:35:00
W000095,W001785,1,0.35151,1,2026-03-01 19:08:00,2026-03-01 19:08:00
W000095,W001871,1,0.1046,1,2026-06-12 03:32:00,2026-06-12 03:32:00
W000095,W002154,1,0.361679,1,2026-03-27 08:16:00,2026-03-27 08:16:00
W000095,W002301,1,0.751441,1,2026-05-11 15:26:00,2026-05-11 15:26:00
W000096,W001595,1,0.66904,1,2026-01-17 18:46:00,2026-01-17 18:46:00
W000096,W001625,1,0.572658,1,2026-01-23 13:18:00,2026-01-23 13:18:00
W000096,W002118,1,0.223497,1,2026-06-04 11:24:00,2026-06-04 11:24:00
W000097,W000598,1,0.478276,1,2026-06-08 11:58:00,2026-06-08 11:58:00
W000097,W000654,1,0.282726,1,2026-05-14 13:26:00,2026-05-14 13:26:00
W000097,W000832,1,3.680261,1,2026-06-28 02:58:00,2026-06-28 02:58:00
W000097,W000851,1,0.328832,1,2026-05-03 21:08:00,2026-05-03 21:08:00
W000097,W001314,1,0.214326,1,2026-02-18 14:59:00,2026-02-18 14:59:00
W000097,W001808,1,0.14419,1,2026-02-24 06:21:00,2026-02-24 06:21:00
W000097,W002400,1,0.772134,1,2026-05-26 16:22:00,2026-05-26 16:22:00
W000098,W000696,1,0.168765,1,2026-05-28 03:56:00,2026-05-28 03:56:00
W000098,W001138,1,0.361652,1,2026-01-01 14:00:00,2026-01-01 14:00:00
W000098,W002239,1,0.315033,1,2026-05-22 08:55:00,2026-05-22 08:55:00
W000098,W002483,1,0.870123,1,2026-01-17 06:56:00,2026-01-17 06:56:00
W000099,W000102,1,0.308236,1,2026-03-23 15:52:00,2026-03-23 15:52:00
W000099,W000311,1,0.465709,1,2026-02-05 22:46:00,2026-02-05 22:46:00
W000099,W000912,1,1.582932,1,2026-02-16 06:07:00,2026-02-16 06:07:00
W000099,W001898,1,0.237804,1,2026-06-24 23:57:00,2026-06-24 23:57:00
W000099,W002069,1,0.275439,1,2026-04-08 11:46:00,2026-04-08 11:46:00
W000099,W002136,1,0.284024,1,2026-02-13 13:31:00,2026-02-13 13:31:00
W000100,W000221,1,0.497442,1,2026-02-25 10:19:00,2026-02-25 10:19:00
W000100,W000608,1,0.394924,1,2026-05-04 13:26:00,2026-05-04 13:26:00
W000100,W000685,1,1.51713,1,2026-02-20 08:14:00,2026-02-20 08:14:00
W000100,W002162,1,0.081736,1,2026-03-04 09:08:00,2026-03-04 09:08:00
W000101,W000740,1,0.476645,1,2026-01-29 18:23:00,2026-01-29 18:23:00
W000101,W000899,1,0.549455,1,2026-03-29 01:23:00,2026-03-29 01:23:00
W000101,W001764,1,0.352691,1,2026-01-16 18:20:00,2026-01-16 18:20:00
W000101,W002067,1,0.356653,1,2026-06-13 15:55:00,2026-06-13 15:55:00
W000102,W000096,1,0.588772,1,2026-01-27 20:10:00,2026-01-27 20:10:00
W000102,W000493,1,0.819317,1,2026-04-23 13:07:00,2026-04-23 13:07:00
W000102,W000744,1,0.582688,1,2026-01-13 18:03:00,2026-01-13 18:03:00
W000102,W001357,1,0.130386,1,2026-02-27 14:39:00,2026-02-27 14:39:00
W000102,W001621,1,0.387112,1,2026-02-12 07:54:00,2026-02-12 07:54:00
W000102,W001780,1,0.159106,1,2026-02-02 17:07:00,2026-02-02 17:07:00
W000102,W002414,1,0.163388,1,2026-01-06 05:00:00,2026-01-06 05:00:00
W000103,W000750,1,0.394398,1,2026-03-08 09:02:00,2026-03-08 09:02:00
W000103,W001243,1,0.622681,1,2026-01-25 02:02:00,2026-01-25 02:02:00
W000104,W000590,1,3.64897,1,2026-02-21 10:51:00,2026-02-21 10:51:00
W000104,W000965,1,1.164868,1,2026-06-15 18:51:00,2026-06-15 18:51:00
W000104,W002170,1,0.388274,1,2026-05-01 02:08:00,2026-05-01 02:08:00
W000104,W002485,1,0.405403,1,2026-04-20 16:50:00,2026-04-20 16:50:00
W000107,W000073,1,0.407088,1,2026-06-17 21:38:00,2026-06-17 21:38:00
W000107,W000385,1,0.391586,1,2026-03-10 17:39:00,2026-03-10 17:39:00
W000107,W000541,1,0.394944,1,2026-03-02 06:44:00,2026-03-02 06:44:00
W000107,W000958,1,0.349863,1,2026-05-28 13:40:00,2026-05-28 13:40:00
W000107,W001942,1,0.438591,1,2026-05-11 07:44:00,2026-05-11 07:44:00
W000107,W002433,1,0.913169,1,2026-02-19 07:41:00,2026-02-19 07:41:00
W000108,W000363,1,1.215226,1,2026-04-22 08:18:00,2026-04-22 08:18:00
W000108,W001508,1,0.514986,1,2026-04-03 14:56:00,2026-04-03 14:56:00
W000108,W002111,1,0.721863,1,2026-01-16 08:03:00,2026-01-16 08:03:00
W000109,W000224,1,1.026595,1,2026-05-28 19:36:00,2026-05-28 19:36:00
W000109,W000290,1,0.550413,1,2026-01-25 01:21:00,2026-01-25 01:21:00
W000109,W000576,1,0.340187,1,2026-03-28 20:09:00,2026-03-28 20:09:00
W000109,W002421,1,1.245963,1,2026-05-15 23:32:00,2026-05-15 23:32:00
W000110,W000623,1,0.337207,1,2026-01-04 07:59:00,2026-01-04 07:59:00
W000110,W001194,1,0.378502,1,2026-05-12 05:36:00,2026-05-12 05:36:00
W000110,W001616,1,0.488271,1,2026-02-12 11:15:00,2026-02-12 11:15:00
W000111,W001365,1,0.797707,1,2026-05-24 06:55:00,2026-05-24 06:55:00
W000111,W002426,1,0.511521,1,2026-01-02 04:01:00,2026-01-02 04:01:00
W000112,W001075,1,0.211355,1,2026-01-13 03:51:00,2026-01-13 03:51:00
W000113,W000204,1,1.151105,1,2026-05-13 07:59:00,2026-05-13 07:59:00
W000113,W000668,1,0.775906,1,2026-05-23 10:18:00,2026-05-23 10:18:00
W000113,W000848,1,1.063795,1,2026-06-03 07:14:00,2026-06-03 07:14:00
W000114,W000821,1,0.555677,1,2026-05-13 07:12:00,2026-05-13 07:12:00
W000115,W000538,1,0.161328,1,2026-04-20 21:37:00,2026-04-20 21:37:00
W000115,W000650,1,0.566129,1,2026-06-22 02:21:00,2026-06-22 02:21:00
W000115,W000844,1,0.993896,1,2026-04-26 12:13:00,2026-04-26 12:13:00
W000115,W001144,1,0.311064,1,2026-04-22 00:02:00,2026-04-22 00:02:00
W000115,W001145,1,0.756185,1,2026-01-19 14:47:00,2026-01-19 14:47:00
W000116,W000346,1,0.335183,1,2026-01-24 23:24:00,2026-01-24 23:24:00
W000116,W001682,1,0.799061,1,2026-04-14 02:35:00,2026-04-14 02:35:00
W000116,W001759,1,0.385912,1,2026-03-23 08:55:00,2026-03-23 08:55:00
W000116,W001828,1,0.401894,1,2026-02-07 18:10:00,2026-02-07 18:10:00
W000117,W000571,1,0.379311,1,2026-02-16 02:19:00,2026-02-16 02:19:00
W000117,W000784,1,0.639261,1,2026-04-02 00:35:00,2026-04-02 00:35:00
W000117,W000822,1,0.444854,1,2026-03-29 10:48:00,2026-03-29 10:48:00
W000118,W000212,1,1.009094,1,2026-03-23 00:19:00,2026-03-23 00:19:00
W000118,W000217,1,1.168665,1,2026-01-12 14:17:00,2026-01-12 14:17:00
W000118,W000649,1,1.259764,1,2026-05-05 17:55:00,2026-05-05 17:55:00
W000118,W000656,1,0.750456,1,2026-01-18 04:52:00,2026-01-18 04:52:00
W000118,W000781,1,0.387012,1,2026-03-26 15:39:00,2026-03-26 15:39:00
W000118,W001275,1,0.936165,1,2026-06-29 10:58:00,2026-06-29 10:58:00
W000119,W001288,1,0.731205,1,2026-02-16 17:20:00,2026-02-16 17:20:00
W000119,W001618,1,0.594803,1,2026-06-20 17:34:00,2026-06-20 17:34:00
W000119,W002072,1,0.185349,1,2026-04-09 01:19:00,2026-04-09 01:19:00
W000119,W002225,1,0.316342,1,2026-05-16 10:43:00,2026-05-16 10:43:00
W000119,W002456,1,1.102092,1,2026-01-07 21:43:00,2026-01-07 21:43:00
W000119,W002484,1,0.740423,1,2026-05-22 03:39:00,2026-05-22 03:39:00
W000120,W001324,1,0.169105,1,2026-06-19 17:11:00,2026-06-19 17:11:00
W000121,W000666,1,1.097579,1,2026-02-19 08:01:00,2026-02-19 08:01:00
W000121,W000696,1,0.057555,1,2026-04-29 05:09:00,2026-04-29 05:09:00
W000121,W001380,1,0.390735,1,2026-04-14 07:08:00,2026-04-14 07:08:00
W000122,W000844,1,0.251565,1,2026-06-06 18:05:00,2026-06-06 18:05:00
W000122,W001250,1,0.472145,1,2026-01-23 23:38:00,2026-01-23 23:38:00
W000122,W001405,1,0.305512,1,2026-04-03 19:41:00,2026-04-03 19:41:00
W000122,W002316,1,0.815813,1,2026-03-08 10:31:00,2026-03-08 10:31:00
W000123,W000899,1,20.8248,1,2026-02-25 04:41:00,2026-02-25 04:41:00
W000123,W001237,1,1.632316,1,2026-03-18 20:03:00,2026-03-18 20:03:00
W000123,W001409,1,0.230583,1,2026-06-02 02:20:00,2026-06-02 02:20:00
W000123,W001521,1,0.428809,1,2026-01-27 15:42:00,2026-01-27 15:42:00
W000123,W002081,1,0.249499,1,2026-05-24 04:20:00,2026-05-24 04:20:00
W000123,W002227,1,0.300889,1,2026-05-19 15:09:00,2026-05-19 15:09:00
W000123,W002276,1,0.647422,1,2026-06-04 06:46:00,2026-06-04 06:46:00
W000124,W000170,1,0.440243,1,2026-01-27 06:21:00,2026-01-27 06:21:00
W000124,W000687,1,0.302179,1,2026-05-14 21:26:00,2026-05-14 21:26:00
W000124,W000727,1,2.165179,1,2026-05-21 12:49:00,2026-05-21 12:49:00
W000124,W001603,1,0.471499,1,2026-03-10 11:17:00,2026-03-10 11:17:00
W000124,W002147,1,0.382295,1,2026-02-06 12:19:00,2026-02-06 12:19:00
W000125,W000261,1,1.325556,1,2026-02-15 04:52:00,2026-02-15 04:52:00
W000125,W001197,1,0.282382,1,2026-03-19 03:01:00,2026-03-19 03:01:00
W000125,W001773,1,0.533631,1,2026-01-01 19:26:00,2026-01-01 19:26:00
W000126,W000284,1,0.164634,1,2026-04-26 11:57:00,2026-04-26 11:57:00
W000126,W000320,1,0.928758,1,2026-01-19 18:25:00,2026-01-19 18:25:00
W000126,W000353,1,0.961512,1,2026-06-19 12:11:00,2026-06-19 12:11:00
W000126,W001243,1,0.508227,1,2026-04-05 18:35:00,2026-04-05 18:35:00
W000126,W001618,1,0.916485,1,2026-03-18 10:56:00,2026-03-18 10:56:00
W000126,W001771,1,0.971645,1,2026-01-18 11:20:00,2026-01-18 11:20:00
W000128,W002081,1,0.738636,1,2026-02-14 14:37:00,2026-02-14 14:37:00
W000129,W000523,2,2.5907839999999998,2,2026-02-12 14:44:00,2026-04-03 10:29:00
W000130,W002472,1,0.202636,1,2026-04-28 03:40:00,2026-04-28 03:40:00
W000131,W000194,1,0.282241,1,2026-04-15 13:03:00,2026-04-15 13:03:00
W000131,W000946,1,0.339082,1,2026-01-19 08:26:00,2026-01-19 08:26:00
W000131,W001175,1,0.145833,1,2026-02-06 01:29:00,2026-02-06 01:29:00
W000131,W001528,1,0.382049,1,2026-02-26 12:11:00,2026-02-26 12:11:00
W000132,W000020,1,0.922908,1,2026-05-01 09:24:00,2026-05-01 09:24:00
W000132,W002385,1,0.62804,1,2026-02-18 15:04:00,2026-02-18 15:04:00
W000133,W000354,1,0.09741,1,2026-06-03 11:08:00,2026-06-03 11:08:00
W000133,W000519,1,0.198792,1,2026-01-04 19:31:00,2026-01-04 19:31:00
W000133,W000769,1,0.351907,1,2026-04-15 11:29:00,2026-04-15 11:29:00
W000133,W001470,1,0.214314,1,2026-04-25 00:56:00,2026-04-25 00:56:00
W000133,W001541,1,0.456118,1,2026-03-03 05:54:00,2026-03-03 05:54:00
W000133,W001843,1,1.578389,1,2026-02-05 13:04:00,2026-02-05 13:04:00
W000134,W000396,1,0.684874,1,2026-01-05 20:07:00,2026-01-05 20:07:00
W000134,W001724,1,0.782069,1,2026-06-05 09:21:00,2026-06-05 09:21:00
W000135,W000280,1,0.257846,1,2026-05-30 19:47:00,2026-05-30 19:47:00
W000135,W001551,1,0.186123,1,2026-04-20 00:23:00,2026-04-20 00:23:00
W000136,W000163,1,0.565154,1,2026-04-02 17:28:00,2026-04-02 17:28:00
W000136,W000236,1,0.141438,1,2026-04-17 00:03:00,2026-04-17 00:03:00
W000136,W000521,1,0.357852,1,2026-04-16 05:32:00,2026-04-16 05:32:00
W000136,W000703,1,0.46395,1,2026-06-11 01:58:00,2026-06-11 01:58:00
W000136,W001758,1,0.794901,1,2026-03-04 20:04:00,2026-03-04 20:04:00
W000136,W001793,1,0.193633,1,2026-06-01 13:48:00,2026-06-01 13:48:00
W000136,W001821,1,0.736638,1,2026-05-27 07:05:00,2026-05-27 07:05:00
W000136,W002259,1,0.186165,1,2026-06-06 02:11:00,2026-06-06 02:11:00
W000136,W002414,1,0.233714,1,2026-03-21 02:05:00,2026-03-21 02:05:00
W000136,W002441,1,0.280771,1,2026-02-18 21:23:00,2026-02-18 21:23:00
W000137,W000100,1,1.441668,1,2026-03-22 21:18:00,2026-03-22 21:18:00
W000137,W000107,1,0.534508,1,2026-04-06 20:43:00,2026-04-06 20:43:00
W000137,W000407,1,0.279194,1,2026-05-20 09:23:00,2026-05-20 09:23:00
W000137,W000996,1,1.040824,1,2026-04-23 20:13:00,2026-04-23 20:13:00
W000137,W001003,1,1.035194,1,2026-05-07 00:01:00,2026-05-07 00:01:00
W000138,W000358,1,0.213796,1,2026-04-24 00:06:00,2026-04-24 00:06:00
W000138,W001813,1,0.192378,1,2026-06-09 03:33:00,2026-06-09 03:33:00
W000138,W002435,1,0.099399,1,2026-01-12 15:24:00,2026-01-12 15:24:00
W000139,W002011,1,0.303441,1,2026-02-09 18:23:00,2026-02-09 18:23:00
W000140,W000354,1,0.367336,1,2026-03-01 09:41:00,2026-03-01 09:41:00
W000140,W001474,1,1.001809,1,2026-01-23 00:31:00,2026-01-23 00:31:00
W000140,W001755,1,1.781698,1,2026-01-16 18:29:00,2026-01-16 18:29:00
W000140,W002097,1,0.456522,1,2026-01-18 05:06:00,2026-01-18 05:06:00
W000140,W002158,1,0.196837,1,2026-01-03 07:28:00,2026-01-03 07:28:00
W000141,W000524,1,0.458073,1,2026-05-17 11:43:00,2026-05-17 11:43:00
W000141,W000650,1,0.449724,1,2026-03-21 18:27:00,2026-03-21 18:27:00
W000141,W001530,1,0.379941,1,2026-06-12 20:45:00,2026-06-12 20:45:00
W000142,W001887,1,1.130623,1,2026-03-12 22:32:00,2026-03-12 22:32:00
W000143,W001145,1,0.340257,1,2026-03-10 02:12:00,2026-03-10 02:12:00
W000144,W000182,1,0.3247,1,2026-01-13 01:28:00,2026-01-13 01:28:00
W000144,W001582,1,0.95448,1,2026-06-11 02:56:00,2026-06-11 02:56:00
W000145,W000265,1,0.400607,1,2026-02-13 18:55:00,2026-02-13 18:55:00
W000145,W000715,1,0.643827,1,2026-02-16 08:28:00,2026-02-16 08:28:00
W000145,W001225,1,0.422478,1,2026-04-04 18:39:00,2026-04-04 18:39:00
W000145,W002384,1,0.322334,1,2026-01-11 19:32:00,2026-01-11 19:32:00
W000145,W002481,1,0.54512,1,2026-02-12 02:59:00,2026-02-12 02:59:00
W000146,W000802,1,0.753164,1,2026-03-09 09:04:00,2026-03-09 09:04:00
W000146,W002233,1,1.428993,1,2026-02-26 01:50:00,2026-02-26 01:50:00
W000147,W000349,1,0.2739,1,2026-03-18 02:33:00,2026-03-18 02:33:00
W000147,W000475,1,2.216521,1,2026-05-18 21:26:00,2026-05-18 21:26:00
W000147,W000569,1,0.843014,1,2026-01-13 21:53:00,2026-01-13 21:53:00
W000147,W000591,1,0.124827,1,2026-04-02 20:51:00,2026-04-02 20:51:00
W000147,W001974,1,0.953345,1,2026-06-18 04:02:00,2026-06-18 04:02:00
W000147,W002231,1,0.249268,1,2026-03-21 12:54:00,2026-03-21 12:54:00
W000148,W002010,1,0.477027,1,2026-06-14 18:52:00,2026-06-14 18:52:00
W000149,W000484,1,0.454098,1,2026-03-12 14:00:00,2026-03-12 14:00:00
W000149,W000951,1,1.612233,1,2026-06-12 20:58:00,2026-06-12 20:58:00
W000149,W000984,1,2.750353,1,2026-04-15 13:33:00,2026-04-15 13:33:00
W000150,W001570,1,0.42626,1,2026-03-23 22:48:00,2026-03-23 22:48:00
W000150,W002423,1,0.574031,1,2026-02-17 00:46:00,2026-02-17 00:46:00
W000151,W000359,1,0.188351,1,2026-04-18 07:43:00,2026-04-18 07:43:00
W000151,W000720,1,0.227964,1,2026-03-07 18:43:00,2026-03-07 18:43:00
W000151,W001790,1,0.216894,1,2026-03-08 02:16:00,2026-03-08 02:16:00
W000152,W001717,1,0.427387,1,2026-03-16 08:55:00,2026-03-16 08:55:00
W000152,W001859,1,0.468066,1,2026-04-30 22:24:00,2026-04-30 22:24:00
W000152,W001886,1,0.313345,1,2026-04-04 19:02:00,2026-04-04 19:02:00
W000152,W002149,1,0.084366,1,2026-04-17 04:49:00,2026-04-17 04:49:00
W000152,W002363,1,0.487572,1,2026-02-03 11:19:00,2026-02-03 11:19:00
W000153,W000438,1,0.866684,1,2026-06-07 06:02:00,2026-06-07 06:02:00
W000153,W000930,1,0.099187,1,2026-04-26 17:50:00,2026-04-26 17:50:00
W000153,W001112,1,0.322523,1,2026-03-29 00:56:00,2026-03-29 00:56:00
W000153,W001192,1,0.457054,1,2026-03-29 16:51:00,2026-03-29 16:51:00
W000153,W001345,1,0.366342,1,2026-01-16 05:46:00,2026-01-16 05:46:00
W000153,W001699,1,9.964059,1,2026-02-11 08:16:00,2026-02-11 08:16:00
W000153,W001985,1,2.216972,1,2026-04-28 04:15:00,2026-04-28 04:15:00
W000153,W002027,1,0.140194,1,2026-03-11 16:27:00,2026-03-11 16:27:00
W000153,W002456,1,0.179751,1,2026-05-03 22:27:00,2026-05-03 22:27:00
W000154,W000327,1,1.198131,1,2026-03-21 16:03:00,2026-03-21 16:03:00
W000154,W000549,1,0.112081,1,2026-04-09 09:27:00,2026-04-09 09:27:00
W000154,W000572,1,0.420668,1,2026-05-02 18:57:00,2026-05-02 18:57:00
W000154,W000897,1,0.305877,1,2026-03-30 23:41:00,2026-03-30 23:41:00
W000154,W000985,1,0.533917,1,2026-03-25 02:32:00,2026-03-25 02:32:00
W000154,W001315,1,0.357519,1,2026-05-21 03:04:00,2026-05-21 03:04:00
W000154,W001727,1,1.334129,1,2026-06-09 02:05:00,2026-06-09 02:05:00
W000154,W001732,1,1.250591,1,2026-03-02 09:07:00,2026-03-02 09:07:00
W000154,W002495,1,0.274877,1,2026-03-03 16:52:00,2026-03-03 16:52:00
W000155,W001069,1,0.463751,1,2026-03-21 15:19:00,2026-03-21 15:19:00
W000155,W002083,1,0.381075,1,2026-05-13 06:24:00,2026-05-13 06:24:00
W000156,W000566,1,0.513809,1,2026-01-16 21:05:00,2026-01-16 21:05:00
W000156,W000776,1,0.545134,1,2026-04-18 17:06:00,2026-04-18 17:06:00
W000156,W001422,1,0.296581,1,2026-03-05 03:39:00,2026-03-05 03:39:00
W000157,W000511,1,0.121534,1,2026-04-06 17:06:00,2026-04-06 17:06:00
W000157,W000624,1,1.490023,1,2026-02-03 00:38:00,2026-02-03 00:38:00
W000157,W000765,1,0.292158,1,2026-06-27 19:30:00,2026-06-27 19:30:00
W000157,W000794,1,0.836279,1,2026-02-19 02:08:00,2026-02-19 02:08:00
W000157,W001352,1,1.242421,1,2026-04-03 13:04:00,2026-04-03 13:04:00
W000157,W001972,1,0.858485,1,2026-03-31 16:37:00,2026-03-31 16:37:00
W000157,W002024,1,0.549574,1,2026-05-09 11:53:00,2026-05-09 11:53:00
W000157,W002422,1,0.484017,1,2026-03-08 12:39:00,2026-03-08 12:39:00
W000158,W000181,1,0.657027,1,2026-04-11 15:53:00,2026-04-11 15:53:00
W000158,W001005,1,0.112512,1,2026-05-01 06:58:00,2026-05-01 06:58:00
W000158,W001781,1,1.392141,1,2026-04-09 08:30:00,2026-04-09 08:30:00
W000158,W001874,1,0.52095,1,2026-04-21 18:42:00,2026-04-21 18:42:00
W000158,W002232,1,0.290145,1,2026-04-28 04:15:00,2026-04-28 04:15:00
W000158,W002252,1,0.730977,1,2026-02-17 01:47:00,2026-02-17 01:47:00
W000159,W000396,1,1.979986,1,2026-06-08 22:42:00,2026-06-08 22:42:00
W000159,W001091,1,0.666874,1,2026-02-03 00:39:00,2026-02-03 00:39:00
W000159,W001143,1,0.340751,1,2026-06-21 01:15:00,2026-06-21 01:15:00
W000159,W001358,1,0.202989,1,2026-01-30 12:11:00,2026-01-30 12:11:00
W000159,W001970,1,0.357647,1,2026-06-14 05:53:00,2026-06-14 05:53:00
W000160,W000381,1,0.301141,1,2026-04-08 23:07:00,2026-04-08 23:07:00
W000160,W000627,1,0.16275,1,2026-04-07 09:42:00,2026-04-07 09:42:00
W000160,W001498,1,0.926778,1,2026-05-19 08:35:00,2026-05-19 08:35:00
W000160,W001952,1,0.469751,1,2026-02-16 19:22:00,2026-02-16 19:22:00
W000161,W000218,1,0.148351,1,2026-06-09 02:36:00,2026-06-09 02:36:00
W000161,W001668,1,0.486099,1,2026-02-26 10:09:00,2026-02-26 10:09:00
W000162,W000844,1,0.182597,1,2026-06-03 22:43:00,2026-06-03 22:43:00
W000162,W000945,1,0.398417,1,2026-02-13 14:58:00,2026-02-13 14:58:00
W000162,W001172,1,1.169531,1,2026-05-31 07:54:00,2026-05-31 07:54:00
W000162,W002152,1,0.782828,1,2026-05-19 04:09:00,2026-05-19 04:09:00
W000163,W000555,1,0.392141,1,2026-02-17 23:33:00,2026-02-17 23:33:00
W000163,W002425,1,0.602209,1,2026-01-18 22:49:00,2026-01-18 22:49:00
W000164,W000903,1,0.580834,1,2026-05-23 23:24:00,2026-05-23 23:24:00
W000164,W001187,1,0.455409,1,2026-04-12 05:43:00,2026-04-12 05:43:00
W000164,W001427,1,4.025149,1,2026-06-29 23:07:00,2026-06-29 23:07:00
W000164,W002188,1,0.316896,1,2026-04-12 17:44:00,2026-04-12 17:44:00
W000164,W002298,1,0.882822,1,2026-06-16 14:18:00,2026-06-16 14:18:00
W000165,W000100,1,0.488742,1,2026-06-10 07:55:00,2026-06-10 07:55:00
W000165,W000497,1,0.972729,1,2026-03-08 23:38:00,2026-03-08 23:38:00
W000165,W001659,1,0.387418,1,2026-04-01 18:59:00,2026-04-01 18:59:00
W000165,W001706,1,0.298043,1,2026-05-01 14:40:00,2026-05-01 14:40:00
W000165,W001819,1,0.559127,1,2026-04-02 06:55:00,2026-04-02 06:55:00
W000166,W000254,1,0.776817,1,2026-05-17 23:59:00,2026-05-17 23:59:00
W000166,W000388,1,1.307391,1,2026-03-06 23:33:00,2026-03-06 23:33:00
W000166,W001143,1,4.904614,1,2026-04-11 19:36:00,2026-04-11 19:36:00
W000166,W001248,1,1.17368,1,2026-06-26 15:43:00,2026-06-26 15:43:00
W000166,W001340,1,0.105604,1,2026-01-08 19:27:00,2026-01-08 19:27:00
W000167,W000051,1,0.380032,1,2026-05-10 00:24:00,2026-05-10 00:24:00
W000167,W000286,1,0.278217,1,2026-01-28 19:08:00,2026-01-28 19:08:00
W000167,W000630,1,0.630272,1,2026-01-27 14:02:00,2026-01-27 14:02:00
W000167,W001167,1,1.322366,1,2026-01-06 07:37:00,2026-01-06 07:37:00
W000167,W002102,1,0.32643,1,2026-06-03 05:21:00,2026-06-03 05:21:00
W000168,W000389,1,0.207832,1,2026-01-01 18:13:00,2026-01-01 18:13:00
W000168,W000602,1,5.022517,1,2026-03-02 17:45:00,2026-03-02 17:45:00
W000168,W000717,1,0.647245,1,2026-03-15 22:41:00,2026-03-15 22:41:00
W000168,W001934,1,0.236687,1,2026-03-24 15:27:00,2026-03-24 15:27:00
W000169,W000205,1,0.323194,1,2026-04-27 22:32:00,2026-04-27 22:32:00
W000169,W000207,1,0.391682,1,2026-04-17 06:42:00,2026-04-17 06:42:00
W000169,W000394,1,0.186901,1,2026-02-17 20:10:00,2026-02-17 20:10:00
W000169,W000594,1,0.636487,1,2026-01-17 15:43:00,2026-01-17 15:43:00
W000169,W001105,1,0.674388,1,2026-04-25 05:59:00,2026-04-25 05:59:00
W000169,W001377,1,0.494214,1,2026-02-10 14:34:00,2026-02-10 14:34:00
W000169,W001654,1,0.940386,1,2026-01-05 10:44:00,2026-01-05 10:44:00
W000169,W002126,1,0.278105,1,2026-06-07 04:48:00,2026-06-07 04:48:00
W000169,W002321,1,0.24276,1,2026-01-04 12:08:00,2026-01-04 12:08:00
W000170,W000813,1,0.525409,1,2026-06-28 17:38:00,2026-06-28 17:38:00
W000170,W001297,1,0.125562,1,2026-03-19 18:33:00,2026-03-19 18:33:00
W000170,W001384,1,0.508072,1,2026-06-06 20:44:00,2026-06-06 20:44:00
W000170,W001539,1,0.633304,1,2026-04-08 00:23:00,2026-04-08 00:23:00
W000170,W001936,1,0.712576,1,2026-04-03 14:21:00,2026-04-03 14:21:00
W000170,W002093,1,0.162686,1,2026-03-31 05:22:00,2026-03-31 05:22:00
W000171,W001617,1,0.330887,1,2026-05-21 06:11:00,2026-05-21 06:11:00
W000171,W001648,1,0.425615,1,2026-02-21 10:15:00,2026-02-21 10:15:00
W000171,W002258,1,0.406663,1,2026-03-24 19:35:00,2026-03-24 19:35:00
W000172,W000776,1,0.689096,1,2026-03-05 03:31:00,2026-03-05 03:31:00
W000172,W001242,1,0.622623,1,2026-02-09 01:25:00,2026-02-09 01:25:00
W000172,W001621,1,0.186473,1,2026-04-19 16:20:00,2026-04-19 16:20:00
W000172,W002215,1,0.552234,1,2026-03-23 02:48:00,2026-03-23 02:48:00
W000173,W000841,1,0.363069,1,2026-03-19 18:21:00,2026-03-19 18:21:00
W000174,W001329,1,0.464473,1,2026-04-12 02:09:00,2026-04-12 02:09:00
W000174,W001361,1,6.036509,1,2026-01-23 11:59:00,2026-01-23 11:59:00
W000174,W002333,1,0.168191,1,2026-05-07 02:02:00,2026-05-07 02:02:00
W000175,W002098,1,0.699,1,2026-04-13 20:53:00,2026-04-13 20:53:00
W000175,W002106,1,1.005218,1,2026-02-27 15:38:00,2026-02-27 15:38:00
W000175,W002120,1,0.31751,1,2026-03-21 02:07:00,2026-03-21 02:07:00
W000176,W001222,1,0.387135,1,2026-03-22 08:26:00,2026-03-22 08:26:00
W000176,W001830,1,0.924853,1,2026-05-04 19:46:00,2026-05-04 19:46:00
W000176,W001897,1,0.320455,1,2026-03-22 23:26:00,2026-03-22 23:26:00
W000177,W000116,1,0.618481,1,2026-02-18 12:01:00,2026-02-18 12:01:00
W000177,W000444,1,0.721791,1,2026-04-27 05:05:00,2026-04-27 05:05:00
W000177,W000491,1,0.934854,1,2026-05-27 01:20:00,2026-05-27 01:20:00
W000178,W000437,1,0.206266,1,2026-01-08 16:06:00,2026-01-08 16:06:00
W000178,W001017,1,0.579311,1,2026-01-22 17:16:00,2026-01-22 17:16:00
W000178,W001615,1,0.402006,1,2026-03-06 01:34:00,2026-03-06 01:34:00
W000178,W002062,1,0.182171,1,2026-01-14 19:35:00,2026-01-14 19:35:00
W000178,W002082,1,0.190136,1,2026-05-21 08:00:00,2026-05-21 08:00:00
W000179,W000158,1,0.2288,1,2026-03-13 22:14:00,2026-03-13 22:14:00
W000179,W000368,1,0.11123,1,2026-02-01 07:00:00,2026-02-01 07:00:00
W000179,W001048,1,0.103665,1,2026-03-28 16:08:00,2026-03-28 16:08:00
W000179,W001183,1,0.588466,1,2026-05-23 08:14:00,2026-05-23 08:14:00
W000179,W001594,1,0.13013,1,2026-02-22 02:39:00,2026-02-22 02:39:00
W000179,W001733,1,0.730021,1,2026-01-20 02:35:00,2026-01-20 02:35:00
W000179,W002075,1,0.348668,1,2026-05-15 03:46:00,2026-05-15 03:46:00
W000180,W000723,1,0.320127,1,2026-06-20 14:38:00,2026-06-20 14:38:00
W000180,W000881,1,0.232574,1,2026-04-30 22:34:00,2026-04-30 22:34:00
W000180,W001334,1,0.543024,1,2026-03-29 06:55:00,2026-03-29 06:55:00
W000180,W001683,1,0.707936,1,2026-03-03 06:09:00,2026-03-03 06:09:00
W000180,W001997,1,1.556809,1,2026-05-11 13:02:00,2026-05-11 13:02:00
W000181,W000652,1,0.844901,1,2026-03-25 18:41:00,2026-03-25 18:41:00
W000181,W000996,1,0.301468,1,2026-01-23 16:25:00,2026-01-23 16:25:00
W000181,W001563,1,0.524616,1,2026-06-29 18:37:00,2026-06-29 18:37:00
W000181,W001670,1,0.284382,1,2026-05-21 17:05:00,2026-05-21 17:05:00
W000181,W002077,1,2.24994,1,2026-03-27 07:42:00,2026-03-27 07:42:00
W000182,W001547,1,0.581006,1,2026-01-25 03:31:00,2026-01-25 03:31:00
W000182,W001683,1,0.162733,1,2026-06-25 10:31:00,2026-06-25 10:31:00
W000182,W001845,1,0.183456,1,2026-03-27 23:57:00,2026-03-27 23:57:00
W000182,W002179,1,0.39807,1,2026-06-08 23:38:00,2026-06-08 23:38:00
W000183,W000171,1,0.222309,1,2026-06-21 05:12:00,2026-06-21 05:12:00
W000183,W000585,1,0.292327,1,2026-02-06 21:34:00,2026-02-06 21:34:00
W000183,W001068,1,0.500604,1,2026-03-30 12:11:00,2026-03-30 12:11:00
W000183,W001172,1,0.191949,1,2026-01-21 08:21:00,2026-01-21 08:21:00
W000183,W001284,1,0.199971,1,2026-01-31 18:47:00,2026-01-31 18:47:00
W000183,W001678,1,0.777547,1,2026-03-13 12:12:00,2026-03-13 12:12:00
W000183,W002030,1,0.313601,1,2026-06-02 20:23:00,2026-06-02 20:23:00
W000183,W002253,1,0.729657,1,2026-01-15 20:29:00,2026-01-15 20:29:00
W000184,W001068,1,0.561369,1,2026-04-07 08:20:00,2026-04-07 08:20:00
W000184,W001144,1,0.851612,1,2026-04-23 13:01:00,2026-04-23 13:01:00
W000184,W001153,1,0.390717,1,2026-01-01 10:07:00,2026-01-01 10:07:00
W000184,W002013,1,1.06919,1,2026-05-11 05:16:00,2026-05-11 05:16:00
W000184,W002231,1,1.567377,1,2026-05-11 17:07:00,2026-05-11 17:07:00
W000185,W000930,1,0.281308,1,2026-04-26 11:59:00,2026-04-26 11:59:00
W000185,W001228,1,0.311793,1,2026-05-18 23:11:00,2026-05-18 23:11:00
W000185,W001791,1,0.200708,1,2026-05-21 12:32:00,2026-05-21 12:32:00
W000185,W001826,1,0.554,1,2026-03-05 04:39:00,2026-03-05 04:39:00
W000185,W002356,1,0.354117,1,2026-05-27 08:10:00,2026-05-27 08:10:00
W000185,W002384,1,0.552346,1,2026-01-21 22:35:00,2026-01-21 22:35:00
W000186,W000386,1,0.579626,1,2026-05-11 17:07:00,2026-05-11 17:07:00
W000186,W001119,1,0.507146,1,2026-04-05 04:19:00,2026-04-05 04:19:00
W000186,W002283,1,0.632889,1,2026-04-28 12:53:00,2026-04-28 12:53:00
W000186,W002430,1,0.457513,1,2026-05-28 10:16:00,2026-05-28 10:16:00
W000187,W000080,1,0.401495,1,2026-04-13 22:02:00,2026-04-13 22:02:00
W000187,W000154,1,0.290541,1,2026-02-09 14:37:00,2026-02-09 14:37:00
W000187,W002258,1,0.459162,1,2026-05-27 21:46:00,2026-05-27 21:46:00
W000187,W002500,1,0.609956,1,2026-03-09 05:15:00,2026-03-09 05:15:00
W000188,W000368,1,0.415017,1,2026-02-18 20:28:00,2026-02-18 20:28:00
W000188,W000671,1,0.701227,1,2026-05-22 12:44:00,2026-05-22 12:44:00
W000188,W001863,1,0.190621,1,2026-05-15 11:27:00,2026-05-15 11:27:00
W000188,W002145,1,0.222723,1,2026-03-11 07:59:00,2026-03-11 07:59:00
W000189,W000259,1,0.274917,1,2026-05-26 09:39:00,2026-05-26 09:39:00
W000189,W000735,1,1.142697,1,2026-02-06 19:41:00,2026-02-06 19:41:00
W000189,W001206,1,1.5245,1,2026-03-09 16:30:00,2026-03-09 16:30:00
W000189,W001875,1,0.69416,1,2026-06-01 16:15:00,2026-06-01 16:15:00
W000189,W002066,1,0.918246,1,2026-01-23 04:39:00,2026-01-23 04:39:00
W000189,W002261,1,0.298118,1,2026-01-06 02:56:00,2026-01-06 02:56:00
W000190,W000290,1,0.391931,1,2026-05-04 23:16:00,2026-05-04 23:16:00
W000190,W002126,1,0.271039,1,2026-05-30 00:48:00,2026-05-30 00:48:00
W000190,W002215,1,0.902595,1,2026-01-10 05:23:00,2026-01-10 05:23:00
W000191,W000457,1,0.895871,1,2026-02-12 15:24:00,2026-02-12 15:24:00
W000191,W001497,1,0.662769,1,2026-04-21 19:52:00,2026-04-21 19:52:00
W000191,W001815,1,0.336881,1,2026-01-29 23:16:00,2026-01-29 23:16:00
W000191,W002007,1,0.109601,1,2026-06-16 23:01:00,2026-06-16 23:01:00
W000192,W001170,1,0.269178,1,2026-06-22 04:02:00,2026-06-22 04:02:00
W000192,W001241,1,0.470684,1,2026-02-03 19:22:00,2026-02-03 19:22:00
W000192,W001503,1,0.820607,1,2026-06-05 00:16:00,2026-06-05 00:16:00
W000192,W001617,1,0.625304,1,2026-03-11 07:53:00,2026-03-11 07:53:00
W000193,W000394,1,1.382154,1,2026-04-04 03:18:00,2026-04-04 03:18:00
W000193,W000564,1,0.368217,1,2026-06-21 15:03:00,2026-06-21 15:03:00
W000193,W001587,1,0.391835,1,2026-05-21 15:03:00,2026-05-21 15:03:00
W000194,W000429,1,0.694946,1,2026-05-22 11:02:00,2026-05-22 11:02:00
W000194,W000610,1,0.943785,1,2026-02-19 04:32:00,2026-02-19 04:32:00
W000195,W000609,1,0.241722,1,2026-01-02 01:53:00,2026-01-02 01:53:00
W000196,W000193,1,0.315649,1,2026-01-09 02:55:00,2026-01-09 02:55:00
W000196,W000740,1,1.156791,1,2026-06-06 08:54:00,2026-06-06 08:54:00
W000196,W001165,1,0.074117,1,2026-01-24 15:21:00,2026-01-24 15:21:00
W000197,W000172,1,0.665123,1,2026-05-02 20:03:00,2026-05-02 20:03:00
W000197,W000814,1,0.885375,1,2026-05-09 08:53:00,2026-05-09 08:53:00
W000197,W001779,1,0.654566,1,2026-03-20 18:31:00,2026-03-20 18:31:00
W000197,W002452,1,1.856589,1,2026-05-29 04:05:00,2026-05-29 04:05:00
W000198,W000410,1,0.168434,1,2026-02-16 21:53:00,2026-02-16 21:53:00
W000198,W000445,1,0.991214,1,2026-03-17 10:58:00,2026-03-17 10:58:00
W000199,W000726,1,0.462787,1,2026-06-11 21:04:00,2026-06-11 21:04:00
W000199,W002099,1,0.97714,1,2026-06-09 02:44:00,2026-06-09 02:44:00
W000200,W001096,1,0.634309,1,2026-06-16 21:23:00,2026-06-16 21:23:00
W000200,W001152,1,1.122753,1,2026-01-20 04:37:00,2026-01-20 04:37:00
W000200,W001487,1,0.689002,1,2026-06-28 21:25:00,2026-06-28 21:25:00
W000200,W001774,1,0.214709,1,2026-06-26 18:51:00,2026-06-26 18:51:00
W000200,W002391,1,0.69303,1,2026-01-20 07:12:00,2026-01-20 07:12:00
W000201,W000147,1,0.457512,1,2026-05-21 16:13:00,2026-05-21 16:13:00
W000201,W000418,1,0.191238,1,2026-01-31 21:21:00,2026-01-31 21:21:00
W000202,W000007,1,0.454041,1,2026-04-01 21:35:00,2026-04-01 21:35:00
W000202,W000665,1,0.538125,1,2026-01-10 00:34:00,2026-01-10 00:34:00
W000202,W000880,1,0.120652,1,2026-03-07 10:49:00,2026-03-07 10:49:00
W000202,W002471,1,0.770236,1,2026-03-29 08:13:00,2026-03-29 08:13:00
W000203,W000401,1,1.348308,1,2026-04-07 08:45:00,2026-04-07 08:45:00
W000203,W001020,1,0.508099,1,2026-04-18 11:44:00,2026-04-18 11:44:00
W000204,W001130,1,0.119057,1,2026-06-03 07:59:00,2026-06-03 07:59:00
W000204,W001296,1,0.2517,1,2026-06-10 04:41:00,2026-06-10 04:41:00
W000204,W001400,1,0.237362,1,2026-06-23 03:10:00,2026-06-23 03:10:00
W000204,W001891,1,0.459652,1,2026-01-14 15:24:00,2026-01-14 15:24:00
W000205,W000356,1,0.903548,1,2026-06-11 23:08:00,2026-06-11 23:08:00
W000205,W000434,1,0.325592,1,2026-05-21 05:22:00,2026-05-21 05:22:00
W000205,W000617,1,0.360388,1,2026-01-18 11:41:00,2026-01-18 11:41:00
W000205,W002274,1,0.897134,1,2026-02-07 12:38:00,2026-02-07 12:38:00
W000206,W000855,1,0.048352,1,2026-06-15 18:00:00,2026-06-15 18:00:00
W000206,W000962,1,0.199601,1,2026-03-29 04:50:00,2026-03-29 04:50:00
W000206,W001010,1,1.067759,1,2026-04-16 10:59:00,2026-04-16 10:59:00
W000206,W001170,1,0.877758,1,2026-04-01 22:25:00,2026-04-01 22:25:00
W000206,W001187,1,1.484516,1,2026-06-20 03:59:00,2026-06-20 03:59:00
W000206,W002229,1,0.848001,1,2026-02-19 12:49:00,2026-02-19 12:49:00
W000206,W002378,1,0.364623,1,2026-05-06 02:45:00,2026-05-06 02:45:00
W000207,W000974,1,0.526207,1,2026-01-05 13:01:00,2026-01-05 13:01:00
W000207,W001787,1,0.88351,1,2026-04-03 10:56:00,2026-04-03 10:56:00
W000208,W000220,1,0.236287,1,2026-03-04 22:12:00,2026-03-04 22:12:00
W000208,W000568,1,0.921794,1,2026-02-22 07:44:00,2026-02-22 07:44:00
W000208,W001006,1,8.641875,1,2026-04-09 05:07:00,2026-04-09 05:07:00
W000208,W001498,1,0.407893,1,2026-01-01 23:35:00,2026-01-01 23:35:00
W000208,W001683,1,0.374817,1,2026-06-10 01:01:00,2026-06-10 01:01:00
W000209,W000374,1,0.100081,1,2026-06-25 09:27:00,2026-06-25 09:27:00
W000209,W002409,1,0.070886,1,2026-04-14 08:58:00,2026-04-14 08:58:00
W000210,W000381,1,0.32135,1,2026-01-17 10:05:00,2026-01-17 10:05:00
W000210,W001545,1,1.934953,1,2026-05-27 09:24:00,2026-05-27 09:24:00
W000210,W002053,1,1.532822,1,2026-01-05 11:07:00,2026-01-05 11:07:00
W000210,W002174,1,0.474889,1,2026-02-20 02:28:00,2026-02-20 02:28:00
W000211,W000069,1,0.27227,1,2026-03-01 02:41:00,2026-03-01 02:41:00
W000211,W000437,1,0.269413,1,2026-02-27 20:05:00,2026-02-27 20:05:00
W000211,W000505,1,0.44248,1,2026-01-08 18:34:00,2026-01-08 18:34:00
W000211,W001002,1,0.254569,1,2026-06-25 15:46:00,2026-06-25 15:46:00
W000211,W001305,1,0.242906,1,2026-05-12 05:43:00,2026-05-12 05:43:00
W000211,W001689,1,0.615086,1,2026-02-08 11:55:00,2026-02-08 11:55:00
W000211,W001803,1,0.4551,1,2026-01-05 05:40:00,2026-01-05 05:40:00
W000212,W002421,1,1.450729,1,2026-02-05 22:05:00,2026-02-05 22:05:00
W000213,W000357,1,0.905204,1,2026-01-14 19:20:00,2026-01-14 19:20:00
W000213,W001322,1,0.358764,1,2026-02-24 00:40:00,2026-02-24 00:40:00
W000214,W000112,1,0.369099,1,2026-02-20 17:20:00,2026-02-20 17:20:00
W000214,W000708,1,0.337388,1,2026-06-21 06:37:00,2026-06-21 06:37:00
W000214,W000713,1,0.257444,1,2026-06-14 09:06:00,2026-06-14 09:06:00
W000214,W001288,1,0.217977,1,2026-04-12 09:38:00,2026-04-12 09:38:00
W000214,W001536,1,0.482176,1,2026-04-28 10:05:00,2026-04-28 10:05:00
W000214,W002455,1,0.266083,1,2026-03-21 18:14:00,2026-03-21 18:14:00
W000215,W000264,1,0.22515,1,2026-03-19 23:16:00,2026-03-19 23:16:00
W000215,W001074,1,0.406123,1,2026-05-11 18:41:00,2026-05-11 18:41:00
W000215,W001195,1,0.218065,1,2026-04-04 14:15:00,2026-04-04 14:15:00
W000215,W001331,1,1.803298,1,2026-02-23 07:32:00,2026-02-23 07:32:00
W000215,W001851,1,0.232274,1,2026-01-05 20:36:00,2026-01-05 20:36:00
W000216,W000551,1,0.320156,1,2026-06-27 11:18:00,2026-06-27 11:18:00
W000216,W000621,1,0.869714,1,2026-04-14 09:30:00,2026-04-14 09:30:00
W000216,W000955,1,0.498501,1,2026-05-01 21:53:00,2026-05-01 21:53:00
W000216,W001327,1,0.487573,1,2026-02-28 23:15:00,2026-02-28 23:15:00
W000216,W001588,1,0.578896,1,2026-05-31 11:43:00,2026-05-31 11:43:00
W000216,W002247,1,1.067466,1,2026-01-19 22:20:00,2026-01-19 22:20:00
W000218,W000023,1,0.47739,1,2026-04-18 21:51:00,2026-04-18 21:51:00
W000218,W000242,1,0.524297,1,2026-05-22 00:31:00,2026-05-22 00:31:00
W000218,W000411,1,0.786283,1,2026-01-16 11:52:00,2026-01-16 11:52:00
W000218,W000547,1,1.098883,1,2026-03-08 19:42:00,2026-03-08 19:42:00
W000218,W000843,1,0.422119,1,2026-01-03 06:31:00,2026-01-03 06:31:00
W000218,W000872,1,0.365508,1,2026-05-21 09:10:00,2026-05-21 09:10:00
W000218,W001076,1,2.244402,1,2026-02-08 03:59:00,2026-02-08 03:59:00
W000218,W001254,1,0.487004,1,2026-02-28 19:33:00,2026-02-28 19:33:00
W000218,W001722,1,2.814172,1,2026-01-17 07:46:00,2026-01-17 07:46:00
W000218,W001998,1,0.867412,1,2026-02-19 16:37:00,2026-02-19 16:37:00
W000218,W002302,1,0.295468,1,2026-03-07 22:25:00,2026-03-07 22:25:00
W000219,W000747,1,0.245047,1,2026-04-01 16:26:00,2026-04-01 16:26:00
W000219,W000775,1,0.618082,1,2026-03-03 18:12:00,2026-03-03 18:12:00
W000219,W000934,1,0.252438,1,2026-05-28 09:52:00,2026-05-28 09:52:00
W000219,W000939,1,0.464553,1,2026-02-28 19:21:00,2026-02-28 19:21:00
W000219,W001075,1,0.567713,1,2026-01-06 16:04:00,2026-01-06 16:04:00
W000220,W000501,1,0.704828,1,2026-01-13 05:26:00,2026-01-13 05:26:00
W000220,W000531,1,0.459553,1,2026-06-15 13:25:00,2026-06-15 13:25:00
W000220,W001047,1,0.851175,1,2026-06-05 09:29:00,2026-06-05 09:29:00
W000220,W001284,1,1.146632,1,2026-02-21 21:59:00,2026-02-21 21:59:00
W000220,W001793,1,0.663783,1,2026-03-01 00:34:00,2026-03-01 00:34:00
W000220,W002149,1,0.208472,1,2026-06-17 21:13:00,2026-06-17 21:13:00
W000220,W002486,1,0.570544,1,2026-06-11 01:31:00,2026-06-11 01:31:00
W000221,W000030,1,0.422681,1,2026-01-19 18:28:00,2026-01-19 18:28:00
W000221,W000685,1,0.262664,1,2026-03-28 22:05:00,2026-03-28 22:05:00
W000221,W000955,1,0.619998,1,2026-04-28 19:23:00,2026-04-28 19:23:00
W000221,W001807,1,0.433048,1,2026-05-18 13:54:00,2026-05-18 13:54:00
W000222,W001064,1,0.209703,1,2026-02-24 18:34:00,2026-02-24 18:34:00
W000222,W001805,1,0.344284,1,2026-06-19 09:03:00,2026-06-19 09:03:00
W000222,W002091,1,0.686835,1,2026-01-14 16:34:00,2026-01-14 16:34:00
W000222,W002147,1,0.335186,1,2026-06-05 18:47:00,2026-06-05 18:47:00
W000222,W002354,1,1.5134,1,2026-05-04 02:12:00,2026-05-04 02:12:00
W000222,W002409,1,0.608169,1,2026-05-08 23:45:00,2026-05-08 23:45:00
W000223,W000159,1,0.312542,1,2026-05-07 11:27:00,2026-05-07 11:27:00
W000223,W000320,1,1.099084,1,2026-06-23 11:36:00,2026-06-23 11:36:00
W000223,W001053,1,0.799896,1,2026-01-10 14:29:00,2026-01-10 14:29:00
W000223,W002471,1,0.734963,1,2026-05-24 16:45:00,2026-05-24 16:45:00
W000224,W000448,1,0.675318,1,2026-03-21 16:59:00,2026-03-21 16:59:00
W000224,W000773,1,3.520623,1,2026-01-28 09:34:00,2026-01-28 09:34:00
W000224,W001820,1,0.713906,1,2026-03-07 16:17:00,2026-03-07 16:17:00
W000224,W002138,1,0.209389,1,2026-01-11 03:42:00,2026-01-11 03:42:00
W000225,W000124,1,0.231394,1,2026-05-26 09:59:00,2026-05-26 09:59:00
W000225,W000250,1,0.429374,1,2026-03-18 06:44:00,2026-03-18 06:44:00
W000225,W000292,1,0.415734,1,2026-02-17 09:22:00,2026-02-17 09:22:00
W000225,W000342,1,0.275181,1,2026-06-06 04:21:00,2026-06-06 04:21:00
W000225,W001810,1,0.731032,1,2026-02-23 09:56:00,2026-02-23 09:56:00
W000225,W002483,1,0.595782,1,2026-06-21 12:40:00,2026-06-21 12:40:00
W000225,W002496,1,0.303624,1,2026-06-28 20:56:00,2026-06-28 20:56:00
W000226,W000313,1,0.228984,1,2026-04-04 23:24:00,2026-04-04 23:24:00
W000226,W000900,1,0.243157,1,2026-01-13 03:18:00,2026-01-13 03:18:00
W000226,W001191,1,0.366992,1,2026-03-16 06:59:00,2026-03-16 06:59:00
W000226,W001393,1,0.381153,1,2026-03-02 11:33:00,2026-03-02 11:33:00
W000226,W001762,1,0.378744,1,2026-05-03 04:50:00,2026-05-03 04:50:00
W000227,W001029,1,0.26642,1,2026-06-27 13:11:00,2026-06-27 13:11:00
W000227,W001352,1,1.259116,1,2026-02-26 08:20:00,2026-02-26 08:20:00
W000227,W002084,1,0.235065,1,2026-02-02 10:31:00,2026-02-02 10:31:00
W000228,W000731,1,0.158087,1,2026-04-01 10:22:00,2026-04-01 10:22:00
W000228,W000866,1,0.606643,1,2026-03-12 02:15:00,2026-03-12 02:15:00
W000228,W001359,1,0.515887,1,2026-05-02 14:29:00,2026-05-02 14:29:00
W000228,W001716,1,0.267388,1,2026-05-02 12:37:00,2026-05-02 12:37:00
W000228,W002129,1,0.636091,1,2026-01-09 09:53:00,2026-01-09 09:53:00
W000228,W002172,1,1.357951,1,2026-01-13 20:25:00,2026-01-13 20:25:00
W000229,W000433,1,1.059738,1,2026-02-25 12:12:00,2026-02-25 12:12:00
W000229,W000875,1,0.045168,1,2026-03-25 09:29:00,2026-03-25 09:29:00
W000229,W000999,1,1.218886,1,2026-02-02 21:56:00,2026-02-02 21:56:00
W000229,W002064,1,0.338675,1,2026-01-23 14:36:00,2026-01-23 14:36:00
W000230,W000995,1,0.351161,1,2026-03-10 14:08:00,2026-03-10 14:08:00
W000230,W001266,1,0.628681,1,2026-02-07 22:42:00,2026-02-07 22:42:00
W000230,W001639,1,0.558144,1,2026-01-15 21:17:00,2026-01-15 21:17:00
W000231,W000030,1,0.684346,1,2026-05-18 12:47:00,2026-05-18 12:47:00
W000231,W000062,1,0.624114,1,2026-05-19 05:58:00,2026-05-19 05:58:00
W000231,W000978,1,0.355738,1,2026-05-21 02:51:00,2026-05-21 02:51:00
W000231,W001054,1,0.626337,1,2026-04-25 14:25:00,2026-04-25 14:25:00
W000231,W001286,1,0.24353,1,2026-01-07 13:13:00,2026-01-07 13:13:00
W000231,W001351,1,0.203237,1,2026-06-04 05:14:00,2026-06-04 05:14:00
W000231,W002239,1,0.109309,1,2026-01-31 17:14:00,2026-01-31 17:14:00
W000231,W002306,1,0.242202,1,2026-05-07 02:17:00,2026-05-07 02:17:00
W000232,W000101,1,0.338986,1,2026-06-29 06:35:00,2026-06-29 06:35:00
W000232,W000776,1,0.593461,1,2026-01-21 20:15:00,2026-01-21 20:15:00
W000232,W001584,1,0.329368,1,2026-02-17 18:06:00,2026-02-17 18:06:00
W000233,W000529,1,0.361188,1,2026-02-04 18:13:00,2026-02-04 18:13:00
W000233,W001318,1,0.542483,1,2026-03-23 06:46:00,2026-03-23 06:46:00
W000233,W001330,1,0.346762,1,2026-02-15 16:54:00,2026-02-15 16:54:00
W000233,W001665,1,0.591837,1,2026-05-02 23:27:00,2026-05-02 23:27:00
W000234,W000127,1,0.775751,1,2026-02-25 12:47:00,2026-02-25 12:47:00
W000234,W000380,1,1.127848,1,2026-02-18 19:44:00,2026-02-18 19:44:00
W000234,W000381,1,0.083813,1,2026-06-29 14:33:00,2026-06-29 14:33:00
W000234,W001196,1,0.443448,1,2026-01-01 09:55:00,2026-01-01 09:55:00
W000234,W001833,1,0.347754,1,2026-04-15 20:44:00,2026-04-15 20:44:00
W000235,W000461,1,0.566108,1,2026-05-15 05:46:00,2026-05-15 05:46:00
W000235,W000762,1,0.24624,1,2026-05-13 04:00:00,2026-05-13 04:00:00
W000235,W002226,1,0.504194,1,2026-03-24 20:53:00,2026-03-24 20:53:00
W000235,W002349,1,1.505504,1,2026-05-01 20:14:00,2026-05-01 20:14:00
W000236,W000714,1,0.887414,1,2026-02-18 02:36:00,2026-02-18 02:36:00
W000236,W000883,1,0.277125,1,2026-01-21 21:11:00,2026-01-21 21:11:00
W000236,W001086,1,1.153947,1,2026-01-25 01:57:00,2026-01-25 01:57:00
W000236,W001590,1,0.131348,1,2026-03-24 07:24:00,2026-03-24 07:24:00
W000237,W000263,1,0.544579,1,2026-06-26 03:12:00,2026-06-26 03:12:00
W000237,W000300,1,0.403981,1,2026-01-11 00:06:00,2026-01-11 00:06:00
W000237,W001050,1,0.535251,1,2026-01-18 00:46:00,2026-01-18 00:46:00
W000237,W001550,1,1.694956,1,2026-02-03 19:11:00,2026-02-03 19:11:00
W000237,W001973,1,1.056154,1,2026-05-02 14:17:00,2026-05-02 14:17:00
W000237,W002049,1,0.279605,1,2026-03-04 02:54:00,2026-03-04 02:54:00
W000237,W002253,1,0.456622,1,2026-06-14 04:15:00,2026-06-14 04:15:00
W000237,W002255,1,0.693612,1,2026-02-02 22:13:00,2026-02-02 22:13:00
W000237,W002427,1,0.085649,1,2026-04-21 21:41:00,2026-04-21 21:41:00
W000238,W000810,1,0.688322,1,2026-06-19 14:35:00,2026-06-19 14:35:00
W000238,W001313,1,0.804757,1,2026-03-17 12:18:00,2026-03-17 12:18:00
W000239,W000614,1,0.517216,1,2026-01-17 05:49:00,2026-01-17 05:49:00
W000239,W000893,1,0.217143,1,2026-02-10 04:45:00,2026-02-10 04:45:00
W000239,W000946,1,1.284147,1,2026-06-05 04:42:00,2026-06-05 04:42:00
W000239,W001000,1,0.2546,1,2026-03-19 16:32:00,2026-03-19 16:32:00
W000239,W001894,1,0.893523,1,2026-02-20 08:28:00,2026-02-20 08:28:00
W000239,W002248,1,0.367994,1,2026-05-14 11:09:00,2026-05-14 11:09:00
W000240,W000571,1,1.079526,1,2026-06-04 21:21:00,2026-06-04 21:21:00
W000240,W001479,1,0.613234,1,2026-03-29 18:47:00,2026-03-29 18:47:00
W000240,W001626,1,1.002458,1,2026-02-12 01:54:00,2026-02-12 01:54:00
W000240,W001862,1,0.054322,1,2026-02-16 07:17:00,2026-02-16 07:17:00
W000240,W002005,1,0.181692,1,2026-05-10 05:37:00,2026-05-10 05:37:00
W000241,W000034,1,0.861812,1,2026-03-13 16:06:00,2026-03-13 16:06:00
W000241,W000139,1,0.424662,1,2026-01-24 17:26:00,2026-01-24 17:26:00
W000241,W000855,1,0.184134,1,2026-05-25 10:35:00,2026-05-25 10:35:00
W000241,W002096,1,0.538172,1,2026-01-15 02:13:00,2026-01-15 02:13:00
W000241,W002226,1,0.80561,1,2026-06-07 06:56:00,2026-06-07 06:56:00
W000242,W000136,1,0.538273,1,2026-02-14 16:17:00,2026-02-14 16:17:00
W000242,W001254,1,1.579888,1,2026-04-25 22:21:00,2026-04-25 22:21:00
W000242,W001401,1,0.318013,1,2026-01-09 02:05:00,2026-01-09 02:05:00
W000242,W002082,1,0.542111,1,2026-04-28 07:57:00,2026-04-28 07:57:00
W000243,W000538,1,0.385016,1,2026-05-28 17:19:00,2026-05-28 17:19:00
W000243,W000602,1,0.437184,1,2026-06-21 21:16:00,2026-06-21 21:16:00
W000243,W000708,1,0.425337,1,2026-05-18 08:37:00,2026-05-18 08:37:00
W000243,W001124,1,0.599242,1,2026-05-08 03:01:00,2026-05-08 03:01:00
W000243,W001314,1,1.327976,1,2026-01-13 10:45:00,2026-01-13 10:45:00
W000244,W000063,1,3.606014,1,2026-01-28 11:38:00,2026-01-28 11:38:00
W000244,W001056,1,0.254746,1,2026-06-20 18:06:00,2026-06-20 18:06:00
W000244,W001657,1,0.342346,1,2026-04-18 13:37:00,2026-04-18 13:37:00
W000244,W001935,1,0.180343,1,2026-03-06 21:48:00,2026-03-06 21:48:00
W000245,W001220,1,0.461108,1,2026-06-12 00:31:00,2026-06-12 00:31:00
W000245,W001360,1,0.543838,1,2026-06-16 13:19:00,2026-06-16 13:19:00
W000245,W002287,1,0.340353,1,2026-04-29 23:44:00,2026-04-29 23:44:00
W000245,W002358,1,0.414816,1,2026-01-19 19:22:00,2026-01-19 19:22:00
W000246,W000223,1,0.396478,1,2026-05-18 20:03:00,2026-05-18 20:03:00
W000246,W000636,1,0.189701,1,2026-02-20 08:41:00,2026-02-20 08:41:00
W000246,W000819,1,3.90476,1,2026-06-30 00:56:00,2026-06-30 00:56:00
W000247,W000393,1,0.984959,1,2026-04-24 18:32:00,2026-04-24 18:32:00
W000247,W000595,1,1.522299,1,2026-06-23 23:49:00,2026-06-23 23:49:00
W000247,W001327,1,0.670672,1,2026-04-14 17:27:00,2026-04-14 17:27:00
W000247,W001928,1,0.405548,1,2026-05-01 21:09:00,2026-05-01 21:09:00
W000247,W002110,1,0.940842,1,2026-02-13 03:50:00,2026-02-13 03:50:00
W000247,W002259,1,0.355405,1,2026-01-23 16:21:00,2026-01-23 16:21:00
W000248,W000450,1,0.220389,1,2026-05-23 11:29:00,2026-05-23 11:29:00
W000248,W000700,1,0.574913,1,2026-05-15 05:54:00,2026-05-15 05:54:00
W000248,W001018,1,0.765963,1,2026-06-07 10:49:00,2026-06-07 10:49:00
W000248,W001227,1,0.155566,1,2026-05-13 21:07:00,2026-05-13 21:07:00
W000248,W001371,1,0.870595,1,2026-04-29 12:54:00,2026-04-29 12:54:00
W000248,W001383,1,0.751453,1,2026-03-02 19:05:00,2026-03-02 19:05:00
W000248,W001645,1,0.270316,1,2026-01-03 23:00:00,2026-01-03 23:00:00
W000248,W002012,1,0.305807,1,2026-02-26 22:08:00,2026-02-26 22:08:00
W000249,W000191,1,0.161712,1,2026-06-25 02:04:00,2026-06-25 02:04:00
W000249,W001740,1,0.575956,1,2026-03-04 09:01:00,2026-03-04 09:01:00
W000249,W002333,1,5.457412,1,2026-04-21 00:52:00,2026-04-21 00:52:00
W000250,W000831,1,0.442306,1,2026-01-05 20:53:00,2026-01-05 20:53:00
W000250,W001158,1,0.359688,1,2026-04-01 00:50:00,2026-04-01 00:50:00
W000250,W001264,1,0.288086,1,2026-06-10 01:36:00,2026-06-10 01:36:00
W000250,W001393,1,0.231068,1,2026-05-08 22:04:00,2026-05-08 22:04:00
W000250,W001558,1,0.342866,1,2026-05-10 02:12:00,2026-05-10 02:12:00
W000251,W000804,1,0.309169,1,2026-03-26 00:08:00,2026-03-26 00:08:00
W000251,W001398,1,0.132854,1,2026-03-14 07:31:00,2026-03-14 07:31:00
W000251,W001531,1,0.511485,1,2026-03-21 17:20:00,2026-03-21 17:20:00
W000251,W002203,1,0.611011,1,2026-01-20 05:55:00,2026-01-20 05:55:00
W000252,W000852,1,0.623734,1,2026-06-13 14:45:00,2026-06-13 14:45:00
W000252,W000883,1,1.293359,1,2026-02-04 08:10:00,2026-02-04 08:10:00
W000253,W000278,1,0.664395,1,2026-05-19 18:26:00,2026-05-19 18:26:00
W000253,W001254,1,0.537662,1,2026-02-07 06:25:00,2026-02-07 06:25:00
W000253,W001665,1,0.363141,1,2026-03-23 12:25:00,2026-03-23 12:25:00
W000253,W002237,1,1.150971,1,2026-04-24 03:51:00,2026-04-24 03:51:00
W000254,W001672,1,0.220505,1,2026-03-23 04:27:00,2026-03-23 04:27:00
W000254,W001755,1,0.383464,1,2026-06-12 10:03:00,2026-06-12 10:03:00
W000255,W002145,1,1.635591,1,2026-05-30 21:38:00,2026-05-30 21:38:00
W000255,W002180,1,0.370484,1,2026-05-20 12:50:00,2026-05-20 12:50:00
W000255,W002348,1,0.13734,1,2026-04-02 00:14:00,2026-04-02 00:14:00
W000256,W000222,1,0.458559,1,2026-01-29 07:00:00,2026-01-29 07:00:00
W000256,W001780,1,0.303011,1,2026-02-19 15:32:00,2026-02-19 15:32:00
W000256,W002109,1,0.35159,1,2026-05-21 02:51:00,2026-05-21 02:51:00
W000257,W000291,1,0.57685,1,2026-03-25 22:59:00,2026-03-25 22:59:00
W000257,W000856,1,0.706089,1,2026-01-01 15:06:00,2026-01-01 15:06:00
W000258,W000818,1,0.373505,1,2026-05-10 17:43:00,2026-05-10 17:43:00
W000258,W001030,1,1.248933,1,2026-02-14 00:47:00,2026-02-14 00:47:00
W000258,W001611,1,0.265839,1,2026-03-28 00:58:00,2026-03-28 00:58:00
W000258,W001676,1,0.336337,1,2026-02-13 23:52:00,2026-02-13 23:52:00
W000258,W001764,1,0.502901,1,2026-04-27 18:54:00,2026-04-27 18:54:00
W000258,W001878,1,0.27435,1,2026-01-28 11:08:00,2026-01-28 11:08:00
W000259,W000501,1,0.547301,1,2026-06-01 00:08:00,2026-06-01 00:08:00
W000259,W001074,1,0.560067,1,2026-03-02 05:44:00,2026-03-02 05:44:00
W000259,W001134,1,0.445673,1,2026-05-29 18:22:00,2026-05-29 18:22:00
W000259,W001307,1,2.454675,1,2026-05-31 23:58:00,2026-05-31 23:58:00
W000259,W001639,1,0.248534,1,2026-01-30 02:45:00,2026-01-30 02:45:00
W000259,W001671,1,0.200509,1,2026-02-25 09:19:00,2026-02-25 09:19:00
W000260,W000209,1,0.842851,1,2026-04-14 09:15:00,2026-04-14 09:15:00
W000260,W000573,1,0.279259,1,2026-06-09 15:24:00,2026-06-09 15:24:00
W000260,W001000,1,0.642458,1,2026-06-02 10:58:00,2026-06-02 10:58:00
W000260,W001511,1,0.607727,1,2026-06-18 10:42:00,2026-06-18 10:42:00
W000260,W002285,1,0.245524,1,2026-04-06 21:28:00,2026-04-06 21:28:00
W000260,W002371,1,1.0786,1,2026-05-16 13:20:00,2026-05-16 13:20:00
W000261,W000160,1,0.441427,1,2026-05-25 09:53:00,2026-05-25 09:53:00
W000261,W000206,1,0.437425,1,2026-02-24 20:13:00,2026-02-24 20:13:00
W000261,W000633,1,0.088636,1,2026-03-08 05:19:00,2026-03-08 05:19:00
W000263,W000538,1,0.325851,1,2026-04-11 23:51:00,2026-04-11 23:51:00
W000263,W000583,1,0.544278,1,2026-06-12 04:11:00,2026-06-12 04:11:00
W000263,W000670,1,0.731971,1,2026-04-16 21:19:00,2026-04-16 21:19:00
W000263,W001187,1,0.739501,1,2026-01-22 06:44:00,2026-01-22 06:44:00
W000263,W001355,1,0.957056,1,2026-06-07 09:49:00,2026-06-07 09:49:00
W000264,W001393,1,0.876776,1,2026-04-01 04:00:00,2026-04-01 04:00:00
W000264,W002028,1,0.494727,1,2026-03-20 08:15:00,2026-03-20 08:15:00
W000264,W002144,1,0.344478,1,2026-03-12 04:01:00,2026-03-12 04:01:00
W000265,W000984,1,0.298274,1,2026-01-08 14:43:00,2026-01-08 14:43:00
W000265,W001413,1,0.352685,1,2026-01-19 06:40:00,2026-01-19 06:40:00
W000265,W001551,1,0.228795,1,2026-02-04 04:48:00,2026-02-04 04:48:00
W000265,W001975,1,0.879915,1,2026-05-11 05:44:00,2026-05-11 05:44:00
W000265,W002307,1,0.122429,1,2026-04-16 10:33:00,2026-04-16 10:33:00
W000266,W002390,1,0.145785,1,2026-04-30 13:04:00,2026-04-30 13:04:00
W000267,W000094,1,2.673727,1,2026-05-12 20:15:00,2026-05-12 20:15:00
W000267,W000768,1,3.010341,1,2026-02-06 00:57:00,2026-02-06 00:57:00
W000268,W000354,1,0.519134,1,2026-06-06 19:20:00,2026-06-06 19:20:00
W000268,W000410,1,0.87147,1,2026-03-04 22:47:00,2026-03-04 22:47:00
W000268,W001461,1,0.216383,1,2026-05-23 18:30:00,2026-05-23 18:30:00
W000268,W001536,1,0.406278,1,2026-05-05 15:57:00,2026-05-05 15:57:00
W000268,W001827,1,0.112835,1,2026-05-14 15:36:00,2026-05-14 15:36:00
W000268,W001929,1,0.382312,1,2026-06-08 21:44:00,2026-06-08 21:44:00
W000269,W000943,1,0.615117,1,2026-01-13 10:21:00,2026-01-13 10:21:00
W000269,W001952,1,0.372189,1,2026-01-13 01:53:00,2026-01-13 01:53:00
W000270,W000415,1,0.332126,1,2026-03-14 03:07:00,2026-03-14 03:07:00
W000270,W001897,1,0.236281,1,2026-06-26 03:39:00,2026-06-26 03:39:00
W000271,W001137,1,0.17854,1,2026-01-31 07:54:00,2026-01-31 07:54:00
W000271,W001423,1,0.216876,1,2026-01-24 17:53:00,2026-01-24 17:53:00
W000271,W001473,1,0.338369,1,2026-02-20 01:05:00,2026-02-20 01:05:00
W000272,W000049,1,0.302056,1,2026-04-13 18:57:00,2026-04-13 18:57:00
W000272,W000519,1,0.248072,1,2026-01-20 11:41:00,2026-01-20 11:41:00
W000272,W000574,1,0.443728,1,2026-06-03 02:06:00,2026-06-03 02:06:00
W000272,W000852,1,0.237202,1,2026-03-19 04:10:00,2026-03-19 04:10:00
W000273,W000319,1,0.356213,1,2026-02-10 15:10:00,2026-02-10 15:10:00
W000273,W000903,1,0.195019,1,2026-02-06 03:38:00,2026-02-06 03:38:00
W000273,W001530,1,0.431143,1,2026-05-17 15:18:00,2026-05-17 15:18:00
W000273,W001951,1,1.815553,1,2026-05-09 08:06:00,2026-05-09 08:06:00
W000273,W002231,1,4.47989,1,2026-05-23 15:36:00,2026-05-23 15:36:00
W000273,W002376,1,0.428544,1,2026-04-13 01:08:00,2026-04-13 01:08:00
W000274,W001011,1,0.115454,1,2026-05-21 15:38:00,2026-05-21 15:38:00
W000274,W001243,1,0.383942,1,2026-02-18 05:51:00,2026-02-18 05:51:00
W000274,W002317,1,0.305741,1,2026-05-04 12:28:00,2026-05-04 12:28:00
W000275,W000230,1,0.158464,1,2026-05-02 12:49:00,2026-05-02 12:49:00
W000275,W000351,1,0.539271,1,2026-04-03 08:08:00,2026-04-03 08:08:00
W000275,W000451,1,0.29045,1,2026-03-17 00:00:00,2026-03-17 00:00:00
W000275,W000671,1,0.412081,1,2026-06-19 04:27:00,2026-06-19 04:27:00
W000275,W001413,1,0.362801,1,2026-02-13 03:19:00,2026-02-13 03:19:00
W000275,W001674,1,1.358212,1,2026-02-19 22:01:00,2026-02-19 22:01:00
W000276,W000473,1,0.44409,1,2026-04-14 23:50:00,2026-04-14 23:50:00
W000276,W002112,1,0.250092,1,2026-02-24 19:11:00,2026-02-24 19:11:00
W000277,W000476,1,0.377938,1,2026-06-21 10:29:00,2026-06-21 10:29:00
W000277,W000628,1,0.390267,1,2026-01-29 11:18:00,2026-01-29 11:18:00
W000277,W000708,1,0.314615,1,2026-02-22 03:08:00,2026-02-22 03:08:00
W000277,W000974,1,2.045113,1,2026-02-03 23:39:00,2026-02-03 23:39:00
W000277,W001551,1,0.505411,1,2026-05-04 06:28:00,2026-05-04 06:28:00
W000279,W000778,1,0.346847,1,2026-04-23 14:21:00,2026-04-23 14:21:00
W000279,W001717,1,1.410011,1,2026-01-08 10:47:00,2026-01-08 10:47:00
W000280,W000139,1,0.192805,1,2026-05-22 05:04:00,2026-05-22 05:04:00
W000280,W000214,1,0.586505,1,2026-03-06 08:26:00,2026-03-06 08:26:00
W000280,W000508,1,0.561201,1,2026-02-11 02:04:00,2026-02-11 02:04:00
W000280,W000912,1,0.608153,1,2026-06-25 23:24:00,2026-06-25 23:24:00
W000280,W001054,1,0.412521,1,2026-02-06 16:16:00,2026-02-06 16:16:00
W000280,W001180,1,0.493349,1,2026-04-26 05:32:00,2026-04-26 05:32:00
W000280,W002405,1,0.681608,1,2026-05-19 10:04:00,2026-05-19 10:04:00
W000281,W000200,1,3.012326,1,2026-02-25 11:10:00,2026-02-25 11:10:00
W000281,W000466,1,0.124151,1,2026-01-21 20:16:00,2026-01-21 20:16:00
W000281,W000796,1,0.568846,1,2026-05-08 16:07:00,2026-05-08 16:07:00
W000281,W000850,1,0.183741,1,2026-01-02 20:03:00,2026-01-02 20:03:00
W000281,W001107,1,0.37008,1,2026-03-11 01:03:00,2026-03-11 01:03:00
W000281,W001153,1,0.139427,1,2026-05-11 09:39:00,2026-05-11 09:39:00
W000281,W002490,1,0.268097,1,2026-05-10 16:18:00,2026-05-10 16:18:00
W000282,W000124,1,0.684069,1,2026-01-14 01:05:00,2026-01-14 01:05:00
W000282,W001648,1,0.433101,1,2026-01-27 12:36:00,2026-01-27 12:36:00
W000282,W001715,1,0.182804,1,2026-05-14 14:53:00,2026-05-14 14:53:00
W000283,W001145,1,0.213587,1,2026-01-01 15:39:00,2026-01-01 15:39:00
W000283,W001388,1,1.756191,1,2026-03-24 05:22:00,2026-03-24 05:22:00
W000283,W002231,1,0.977592,1,2026-03-15 11:04:00,2026-03-15 11:04:00
W000283,W002295,1,0.829549,1,2026-01-11 07:00:00,2026-01-11 07:00:00
W000283,W002319,1,1.495901,1,2026-03-08 00:33:00,2026-03-08 00:33:00
W000284,W000607,1,2.392729,1,2026-03-11 05:51:00,2026-03-11 05:51:00
W000284,W000615,1,1.057685,1,2026-05-21 04:35:00,2026-05-21 04:35:00
W000284,W001162,1,1.980942,1,2026-03-02 13:30:00,2026-03-02 13:30:00
W000284,W002006,1,5.24191,1,2026-02-22 01:31:00,2026-02-22 01:31:00
W000284,W002047,1,0.211187,1,2026-03-16 06:52:00,2026-03-16 06:52:00
W000284,W002280,1,0.540117,1,2026-06-05 14:07:00,2026-06-05 14:07:00
W000285,W000254,1,0.448745,1,2026-04-15 11:25:00,2026-04-15 11:25:00
W000285,W000314,1,0.659878,1,2026-04-03 18:05:00,2026-04-03 18:05:00
W000285,W000527,1,0.426413,1,2026-01-24 03:02:00,2026-01-24 03:02:00
W000285,W001114,1,0.208363,1,2026-05-24 04:13:00,2026-05-24 04:13:00
W000285,W001663,1,0.19776,1,2026-03-23 19:17:00,2026-03-23 19:17:00
W000285,W001857,1,0.521336,1,2026-06-17 00:44:00,2026-06-17 00:44:00
W000285,W002208,1,4.4769,1,2026-04-27 23:32:00,2026-04-27 23:32:00
W000286,W000531,1,0.170476,1,2026-03-29 06:10:00,2026-03-29 06:10:00
W000286,W000552,1,6.978576,1,2026-04-30 22:48:00,2026-04-30 22:48:00
W000286,W000995,1,9.788442,1,2026-03-10 11:56:00,2026-03-10 11:56:00
W000286,W001814,1,0.286249,1,2026-01-11 15:40:00,2026-01-11 15:40:00
W000287,W000375,1,0.185876,1,2026-01-04 07:27:00,2026-01-04 07:27:00
W000287,W000796,1,0.979854,1,2026-06-02 16:28:00,2026-06-02 16:28:00
W000287,W001544,1,0.621723,1,2026-01-15 22:55:00,2026-01-15 22:55:00
W000287,W002174,1,0.840199,1,2026-02-08 23:17:00,2026-02-08 23:17:00
W000287,W002239,1,0.493079,1,2026-05-01 05:53:00,2026-05-01 05:53:00
W000287,W002432,1,0.795815,1,2026-02-22 00:12:00,2026-02-22 00:12:00
W000287,W002441,1,0.40755,1,2026-01-03 04:28:00,2026-01-03 04:28:00
W000288,W001746,1,1.20023,1,2026-01-11 15:08:00,2026-01-11 15:08:00
W000288,W001896,1,0.216142,1,2026-04-08 23:09:00,2026-04-08 23:09:00
W000289,W000111,1,6.986115,1,2026-01-04 23:28:00,2026-01-04 23:28:00
W000289,W001128,1,1.165574,1,2026-05-13 02:27:00,2026-05-13 02:27:00
W000289,W001657,1,0.976893,1,2026-02-25 02:56:00,2026-02-25 02:56:00
W000289,W001841,1,1.454025,1,2026-06-02 03:26:00,2026-06-02 03:26:00
W000290,W000465,1,0.489874,1,2026-02-17 18:06:00,2026-02-17 18:06:00
W000290,W001190,1,0.444663,1,2026-01-17 12:31:00,2026-01-17 12:31:00
W000290,W002069,1,0.679259,1,2026-03-01 10:23:00,2026-03-01 10:23:00
W000290,W002104,1,0.293498,1,2026-01-13 09:29:00,2026-01-13 09:29:00
W000291,W000804,1,0.232352,1,2026-05-14 05:01:00,2026-05-14 05:01:00
W000291,W001531,1,0.252157,1,2026-02-21 09:09:00,2026-02-21 09:09:00
W000291,W001886,1,0.1426,1,2026-02-04 09:42:00,2026-02-04 09:42:00
W000292,W000129,1,0.231412,1,2026-03-14 07:45:00,2026-03-14 07:45:00
W000292,W000987,1,0.763358,1,2026-01-04 00:02:00,2026-01-04 00:02:00
W000292,W001924,1,0.920658,1,2026-04-16 14:11:00,2026-04-16 14:11:00
W000292,W001951,1,0.458034,1,2026-05-30 12:24:00,2026-05-30 12:24:00
W000293,W000763,1,2.050579,1,2026-03-31 05:31:00,2026-03-31 05:31:00
W000293,W001268,1,0.555462,1,2026-06-14 17:24:00,2026-06-14 17:24:00
W000293,W002318,1,1.450012,1,2026-05-22 17:12:00,2026-05-22 17:12:00
W000294,W000822,1,0.229403,1,2026-05-20 16:46:00,2026-05-20 16:46:00
W000294,W000837,1,0.640668,1,2026-02-09 21:14:00,2026-02-09 21:14:00
W000294,W001084,1,0.248886,1,2026-05-05 09:59:00,2026-05-05 09:59:00
W000294,W002030,1,0.826373,1,2026-03-17 13:58:00,2026-03-17 13:58:00
W000295,W000272,1,2.159796,1,2026-05-06 13:29:00,2026-05-06 13:29:00
W000295,W000696,1,0.525372,1,2026-01-10 11:06:00,2026-01-10 11:06:00
W000295,W000824,1,0.736865,1,2026-04-03 06:24:00,2026-04-03 06:24:00
W000295,W001030,1,0.999443,1,2026-06-21 21:15:00,2026-06-21 21:15:00
W000295,W001391,1,0.241596,1,2026-03-26 03:48:00,2026-03-26 03:48:00
W000296,W001265,1,0.358138,1,2026-06-27 18:42:00,2026-06-27 18:42:00
W000296,W001675,1,0.324911,1,2026-04-04 09:51:00,2026-04-04 09:51:00
W000296,W002465,1,0.374661,1,2026-05-04 06:16:00,2026-05-04 06:16:00
W000297,W000180,1,0.913128,1,2026-04-18 22:11:00,2026-04-18 22:11:00
W000297,W000231,1,0.973342,1,2026-03-22 11:37:00,2026-03-22 11:37:00
W000297,W000395,1,1.079812,1,2026-05-18 05:21:00,2026-05-18 05:21:00
W000297,W000410,1,0.132728,1,2026-03-14 01:17:00,2026-03-14 01:17:00
W000297,W000753,1,0.985709,1,2026-02-17 05:12:00,2026-02-17 05:12:00
W000297,W000840,1,1.786904,1,2026-06-28 08:55:00,2026-06-28 08:55:00
W000297,W001138,1,0.474978,1,2026-06-20 23:54:00,2026-06-20 23:54:00
W000297,W001139,1,0.285789,1,2026-01-17 12:54:00,2026-01-17 12:54:00
W000297,W001463,1,0.478715,1,2026-03-31 07:25:00,2026-03-31 07:25:00
W000297,W002423,1,0.243471,1,2026-02-19 19:41:00,2026-02-19 19:41:00
W000298,W000202,1,1.087397,1,2026-03-07 18:33:00,2026-03-07 18:33:00
W000298,W001920,1,0.412324,1,2026-04-18 18:41:00,2026-04-18 18:41:00
W000299,W000537,1,0.780986,1,2026-02-05 00:09:00,2026-02-05 00:09:00
W000299,W000847,1,0.251022,1,2026-03-22 02:49:00,2026-03-22 02:49:00
W000299,W001254,1,0.188255,1,2026-02-22 21:26:00,2026-02-22 21:26:00
W000299,W002067,1,2.649002,1,2026-04-04 08:46:00,2026-04-04 08:46:00
W000300,W000794,1,0.938757,1,2026-05-21 11:04:00,2026-05-21 11:04:00
W000300,W001348,1,0.304775,1,2026-06-03 14:13:00,2026-06-03 14:13:00
W000300,W001362,1,2.769694,1,2026-01-12 11:08:00,2026-01-12 11:08:00
W000301,W000471,1,0.164487,1,2026-03-08 19:21:00,2026-03-08 19:21:00
W000301,W000554,1,0.579428,1,2026-03-23 01:04:00,2026-03-23 01:04:00
W000301,W000807,1,0.230662,1,2026-04-25 11:46:00,2026-04-25 11:46:00
W000301,W001089,1,0.376378,1,2026-02-28 23:10:00,2026-02-28 23:10:00
W000301,W001182,1,0.361811,1,2026-01-09 13:27:00,2026-01-09 13:27:00
W000301,W001200,1,0.121932,1,2026-02-24 02:49:00,2026-02-24 02:49:00
W000302,W000725,1,0.437937,1,2026-06-05 18:56:00,2026-06-05 18:56:00
W000302,W001823,1,0.195375,1,2026-06-29 18:28:00,2026-06-29 18:28:00
W000302,W001898,1,0.736207,1,2026-02-27 22:48:00,2026-02-27 22:48:00
W000303,W001123,1,0.502311,1,2026-01-30 07:24:00,2026-01-30 07:24:00
W000303,W001295,1,0.7742,1,2026-06-01 02:41:00,2026-06-01 02:41:00
W000303,W001660,1,0.207746,1,2026-01-02 18:25:00,2026-01-02 18:25:00
W000303,W001694,1,1.704987,1,2026-05-06 09:52:00,2026-05-06 09:52:00
W000304,W000137,1,0.203454,1,2026-04-26 18:50:00,2026-04-26 18:50:00
W000304,W000261,1,0.587163,1,2026-04-02 00:43:00,2026-04-02 00:43:00
W000304,W001485,1,0.183311,1,2026-04-11 19:43:00,2026-04-11 19:43:00
W000304,W001513,1,0.600095,1,2026-01-04 22:18:00,2026-01-04 22:18:00
W000304,W001810,1,1.11667,1,2026-05-18 07:02:00,2026-05-18 07:02:00
W000305,W000213,1,0.612842,1,2026-04-14 13:17:00,2026-04-14 13:17:00
W000305,W000491,1,0.319251,1,2026-03-18 12:51:00,2026-03-18 12:51:00
W000305,W001553,1,0.258024,1,2026-01-09 03:56:00,2026-01-09 03:56:00
W000305,W002288,1,1.440527,1,2026-04-21 10:31:00,2026-04-21 10:31:00
W000306,W000167,1,0.772159,1,2026-02-17 13:07:00,2026-02-17 13:07:00
W000306,W000198,1,1.099887,1,2026-02-13 11:21:00,2026-02-13 11:21:00
W000306,W001292,1,0.356879,1,2026-05-18 18:41:00,2026-05-18 18:41:00
W000306,W001483,1,0.827385,1,2026-04-27 06:26:00,2026-04-27 06:26:00
W000306,W001767,1,0.2527,1,2026-05-08 12:06:00,2026-05-08 12:06:00
W000306,W002465,1,1.054541,1,2026-01-19 04:46:00,2026-01-19 04:46:00
W000307,W001517,1,0.135124,1,2026-05-27 12:33:00,2026-05-27 12:33:00
W000307,W001864,1,0.671684,1,2026-02-04 19:29:00,2026-02-04 19:29:00
W000307,W002500,1,0.785146,1,2026-03-06 07:22:00,2026-03-06 07:22:00
W000308,W000434,1,0.33918,1,2026-03-21 14:54:00,2026-03-21 14:54:00
W000308,W000490,1,0.307187,1,2026-04-28 20:02:00,2026-04-28 20:02:00
W000308,W001952,1,0.256214,1,2026-05-05 21:52:00,2026-05-05 21:52:00
W000309,W000510,1,0.276867,1,2026-06-09 17:02:00,2026-06-09 17:02:00
W000309,W000823,1,0.233943,1,2026-04-04 16:57:00,2026-04-04 16:57:00
W000309,W001157,1,0.218245,1,2026-01-22 14:48:00,2026-01-22 14:48:00
W000309,W001215,1,0.328101,1,2026-03-25 17:15:00,2026-03-25 17:15:00
W000309,W001614,1,0.550733,1,2026-02-12 06:17:00,2026-02-12 06:17:00
W000309,W001617,1,0.591013,1,2026-06-28 16:50:00,2026-06-28 16:50:00
W000309,W002277,1,0.805715,1,2026-06-03 19:36:00,2026-06-03 19:36:00
W000310,W000377,1,0.32435,1,2026-06-21 04:53:00,2026-06-21 04:53:00
W000310,W001064,1,0.323013,1,2026-01-23 11:23:00,2026-01-23 11:23:00
W000311,W000726,1,0.275883,1,2026-04-22 18:00:00,2026-04-22 18:00:00
W000311,W002010,1,0.410993,1,2026-05-24 15:59:00,2026-05-24 15:59:00
W000312,W000242,1,0.207897,1,2026-02-23 00:07:00,2026-02-23 00:07:00
W000312,W000737,1,0.136041,1,2026-06-01 14:08:00,2026-06-01 14:08:00
W000312,W000755,1,0.384603,1,2026-04-30 02:15:00,2026-04-30 02:15:00
W000312,W002138,1,0.104274,1,2026-05-30 15:29:00,2026-05-30 15:29:00
W000312,W002498,1,0.43559,1,2026-03-04 06:27:00,2026-03-04 06:27:00
W000313,W001692,1,1.005142,1,2026-04-20 12:17:00,2026-04-20 12:17:00
W000313,W001766,1,0.216649,1,2026-06-17 18:31:00,2026-06-17 18:31:00
W000314,W000216,1,1.527519,1,2026-06-28 05:42:00,2026-06-28 05:42:00
W000314,W000758,1,0.306637,1,2026-05-16 12:54:00,2026-05-16 12:54:00
W000314,W001174,1,0.189539,1,2026-05-15 05:41:00,2026-05-15 05:41:00
W000315,W000232,1,0.685454,1,2026-04-02 12:18:00,2026-04-02 12:18:00
W000315,W000316,1,0.687351,1,2026-06-11 15:33:00,2026-06-11 15:33:00
W000315,W000501,1,1.153729,1,2026-03-06 20:54:00,2026-03-06 20:54:00
W000316,W000100,1,0.218339,1,2026-04-10 14:03:00,2026-04-10 14:03:00
W000316,W000996,1,0.579616,1,2026-04-28 05:27:00,2026-04-28 05:27:00
W000316,W001878,1,0.266661,1,2026-05-08 17:38:00,2026-05-08 17:38:00
W000316,W002212,1,0.437537,1,2026-01-24 06:28:00,2026-01-24 06:28:00
W000316,W002316,1,0.363702,1,2026-06-15 01:31:00,2026-06-15 01:31:00
W000317,W000409,1,0.704066,1,2026-02-13 18:02:00,2026-02-13 18:02:00
W000317,W001410,1,1.472527,1,2026-05-26 18:51:00,2026-05-26 18:51:00
W000317,W001757,1,0.347399,1,2026-01-06 01:18:00,2026-01-06 01:18:00
W000318,W000398,1,0.72173,1,2026-03-18 10:36:00,2026-03-18 10:36:00
W000318,W000983,1,0.138438,1,2026-01-15 17:47:00,2026-01-15 17:47:00
W000318,W001589,1,1.490627,1,2026-01-18 01:31:00,2026-01-18 01:31:00
W000318,W002402,1,0.151725,1,2026-05-07 19:38:00,2026-05-07 19:38:00
W000319,W000052,1,0.564827,1,2026-04-07 17:42:00,2026-04-07 17:42:00
W000319,W001176,1,0.39354,1,2026-02-21 21:42:00,2026-02-21 21:42:00
W000320,W000490,1,0.673095,1,2026-02-09 10:22:00,2026-02-09 10:22:00
W000320,W000669,1,0.342987,1,2026-02-15 17:35:00,2026-02-15 17:35:00
W000320,W001490,1,0.134302,1,2026-05-15 15:55:00,2026-05-15 15:55:00
W000320,W002034,1,1.463571,1,2026-04-12 23:04:00,2026-04-12 23:04:00
W000321,W000891,1,0.250886,1,2026-03-27 19:11:00,2026-03-27 19:11:00
W000321,W001030,1,0.25781,1,2026-05-20 17:09:00,2026-05-20 17:09:00
W000321,W001046,1,0.300759,1,2026-05-16 20:12:00,2026-05-16 20:12:00
W000321,W001229,1,1.015742,1,2026-06-18 19:41:00,2026-06-18 19:41:00
W000321,W002347,1,0.177968,1,2026-05-29 02:12:00,2026-05-29 02:12:00
W000322,W000064,1,0.238942,1,2026-03-15 16:43:00,2026-03-15 16:43:00
W000322,W000471,1,0.697563,1,2026-04-06 14:30:00,2026-04-06 14:30:00
W000322,W001869,1,0.15628,1,2026-05-08 20:33:00,2026-05-08 20:33:00
W000322,W002164,1,0.189087,1,2026-06-14 18:25:00,2026-06-14 18:25:00
W000323,W000765,1,0.334867,1,2026-05-19 02:19:00,2026-05-19 02:19:00
W000323,W000839,1,0.296223,1,2026-03-14 10:55:00,2026-03-14 10:55:00
W000323,W001986,1,0.336074,1,2026-03-23 09:00:00,2026-03-23 09:00:00
W000324,W000673,1,0.594959,1,2026-05-18 23:34:00,2026-05-18 23:34:00
W000324,W001002,1,0.244627,1,2026-01-22 13:17:00,2026-01-22 13:17:00
W000324,W001234,1,0.480715,1,2026-01-20 10:40:00,2026-01-20 10:40:00
W000324,W002218,1,1.145921,1,2026-03-14 09:43:00,2026-03-14 09:43:00
W000325,W000044,1,0.7089,1,2026-01-10 17:17:00,2026-01-10 17:17:00
W000325,W000782,1,0.318357,1,2026-05-30 22:19:00,2026-05-30 22:19:00
W000325,W001967,1,0.421502,1,2026-06-17 07:14:00,2026-06-17 07:14:00
W000326,W000355,1,0.400688,1,2026-02-05 19:48:00,2026-02-05 19:48:00
W000326,W001317,1,1.564162,1,2026-01-13 00:02:00,2026-01-13 00:02:00
W000327,W000060,1,0.864387,1,2026-03-28 19:04:00,2026-03-28 19:04:00
W000327,W000224,1,0.789008,1,2026-06-17 00:51:00,2026-06-17 00:51:00
W000327,W000602,1,0.603768,1,2026-02-23 08:51:00,2026-02-23 08:51:00
W000327,W001003,1,0.686034,1,2026-05-18 22:21:00,2026-05-18 22:21:00
W000327,W001281,1,0.349703,1,2026-05-12 17:39:00,2026-05-12 17:39:00
W000327,W001329,1,2.24327,1,2026-06-02 17:38:00,2026-06-02 17:38:00
W000327,W001679,1,0.592473,1,2026-04-22 06:29:00,2026-04-22 06:29:00
W000328,W000859,1,0.358197,1,2026-01-12 13:51:00,2026-01-12 13:51:00
W000328,W002343,1,0.489935,1,2026-04-10 07:07:00,2026-04-10 07:07:00
W000329,W000508,1,1.001856,1,2026-01-07 13:43:00,2026-01-07 13:43:00
W000329,W001925,1,0.240851,1,2026-03-31 20:25:00,2026-03-31 20:25:00
W000330,W000345,1,0.881948,1,2026-05-09 01:21:00,2026-05-09 01:21:00
W000330,W000658,1,0.295539,1,2026-03-31 21:03:00,2026-03-31 21:03:00
W000330,W001465,1,0.332148,1,2026-04-27 14:57:00,2026-04-27 14:57:00
W000331,W001231,1,0.407186,1,2026-01-03 00:47:00,2026-01-03 00:47:00
W000331,W001431,1,1.058126,1,2026-02-05 18:08:00,2026-02-05 18:08:00
W000331,W002040,1,0.427765,1,2026-04-02 14:24:00,2026-04-02 14:24:00
W000332,W001190,1,5.88639,1,2026-05-12 06:31:00,2026-05-12 06:31:00
W000333,W002377,1,0.705493,1,2026-01-10 03:48:00,2026-01-10 03:48:00
W000334,W000916,1,0.258137,1,2026-02-10 08:11:00,2026-02-10 08:11:00
W000335,W000314,1,0.792035,1,2026-01-31 15:58:00,2026-01-31 15:58:00
W000335,W001075,1,1.067553,1,2026-01-13 10:48:00,2026-01-13 10:48:00
W000335,W002336,1,0.375357,1,2026-05-20 09:29:00,2026-05-20 09:29:00
W000335,W002414,1,0.550964,1,2026-02-17 20:54:00,2026-02-17 20:54:00
W000336,W001217,1,0.241551,1,2026-05-11 14:05:00,2026-05-11 14:05:00
W000337,W001769,1,11.131529,1,2026-02-16 01:48:00,2026-02-16 01:48:00
W000337,W002348,1,0.562162,1,2026-01-19 14:42:00,2026-01-19 14:42:00
W000338,W000199,1,0.062064,1,2026-01-30 02:04:00,2026-01-30 02:04:00
W000338,W000327,1,0.235563,1,2026-06-09 23:22:00,2026-06-09 23:22:00
W000338,W000397,1,0.68824,1,2026-01-23 20:45:00,2026-01-23 20:45:00
W000339,W000017,1,0.475757,1,2026-02-08 19:44:00,2026-02-08 19:44:00
W000339,W001142,1,0.55563,1,2026-06-22 02:33:00,2026-06-22 02:33:00
W000339,W002387,1,0.461964,1,2026-04-03 00:54:00,2026-04-03 00:54:00
W000340,W000382,1,0.996475,1,2026-02-14 03:13:00,2026-02-14 03:13:00
W000340,W000489,1,0.837866,1,2026-01-21 06:43:00,2026-01-21 06:43:00
W000340,W000496,1,0.349312,1,2026-05-28 05:08:00,2026-05-28 05:08:00
W000340,W000841,1,0.247255,1,2026-04-02 22:11:00,2026-04-02 22:11:00
W000340,W001651,1,0.077925,1,2026-04-16 07:25:00,2026-04-16 07:25:00
W000340,W002499,1,0.387316,1,2026-03-15 17:36:00,2026-03-15 17:36:00
W000341,W000318,1,0.761342,1,2026-04-13 11:50:00,2026-04-13 11:50:00
W000341,W001097,1,0.396588,1,2026-05-06 03:08:00,2026-05-06 03:08:00
W000341,W001895,1,0.217232,1,2026-06-07 19:37:00,2026-06-07 19:37:00
W000342,W000386,1,0.558049,1,2026-06-25 09:46:00,2026-06-25 09:46:00
W000342,W001739,1,0.348445,1,2026-05-07 03:46:00,2026-05-07 03:46:00
W000343,W000699,1,0.433976,1,2026-05-01 17:46:00,2026-05-01 17:46:00
W000343,W000798,1,0.133239,1,2026-02-06 12:56:00,2026-02-06 12:56:00
W000343,W000822,1,0.211628,1,2026-05-21 13:52:00,2026-05-21 13:52:00
W000344,W000540,1,0.233323,1,2026-01-30 13:27:00,2026-01-30 13:27:00
W000344,W001531,1,0.30057,1,2026-02-07 19:53:00,2026-02-07 19:53:00
W000344,W002388,1,0.130969,1,2026-05-20 02:47:00,2026-05-20 02:47:00
W000345,W000346,1,0.447059,1,2026-06-25 14:51:00,2026-06-25 14:51:00
W000345,W000384,1,0.49944,1,2026-05-27 11:31:00,2026-05-27 11:31:00
W000345,W001105,1,0.308147,1,2026-04-17 05:41:00,2026-04-17 05:41:00
W000345,W001694,1,0.540648,1,2026-04-20 00:32:00,2026-04-20 00:32:00
W000345,W001812,1,0.320971,1,2026-06-19 07:26:00,2026-06-19 07:26:00
W000345,W002492,1,0.257947,1,2026-05-27 13:53:00,2026-05-27 13:53:00
W000346,W000115,1,0.460492,1,2026-06-19 06:10:00,2026-06-19 06:10:00
W000346,W000265,1,0.114537,1,2026-06-23 23:40:00,2026-06-23 23:40:00
W000346,W001138,1,0.345758,1,2026-04-29 01:24:00,2026-04-29 01:24:00
W000346,W001501,1,0.179298,1,2026-03-01 03:28:00,2026-03-01 03:28:00
W000346,W002293,1,0.213809,1,2026-06-19 23:12:00,2026-06-19 23:12:00
W000347,W000458,1,0.315879,1,2026-06-11 10:35:00,2026-06-11 10:35:00
W000347,W001505,1,0.791328,1,2026-06-04 14:05:00,2026-06-04 14:05:00
W000347,W001990,1,0.185037,1,2026-04-06 01:42:00,2026-04-06 01:42:00
W000348,W000255,1,0.141227,1,2026-06-15 16:17:00,2026-06-15 16:17:00
W000348,W000769,1,0.457343,1,2026-02-18 10:05:00,2026-02-18 10:05:00
W000348,W002121,1,0.200938,1,2026-01-04 07:04:00,2026-01-04 07:04:00
W000349,W000229,1,8.029354,1,2026-05-17 08:29:00,2026-05-17 08:29:00
W000349,W000525,1,0.273663,1,2026-03-09 04:02:00,2026-03-09 04:02:00
W000349,W000829,1,0.835139,1,2026-06-28 19:15:00,2026-06-28 19:15:00
W000349,W000995,1,2.593335,1,2026-04-11 21:33:00,2026-04-11 21:33:00
W000349,W001565,1,0.378238,1,2026-04-29 09:20:00,2026-04-29 09:20:00
W000349,W001697,1,0.400276,1,2026-02-01 22:59:00,2026-02-01 22:59:00
W000350,W000590,1,0.401044,1,2026-05-17 18:51:00,2026-05-17 18:51:00
W000350,W002347,1,0.298362,1,2026-03-13 02:54:00,2026-03-13 02:54:00
W000351,W000794,1,4.479117,1,2026-03-26 22:07:00,2026-03-26 22:07:00
W000351,W000929,1,0.64845,1,2026-04-20 09:28:00,2026-04-20 09:28:00
W000352,W000281,1,5.106392,1,2026-05-14 06:28:00,2026-05-14 06:28:00
W000352,W000820,1,0.823738,1,2026-02-11 19:33:00,2026-02-11 19:33:00
W000352,W000957,1,0.189354,1,2026-02-11 23:25:00,2026-02-11 23:25:00
W000352,W001105,1,1.128858,1,2026-06-04 05:39:00,2026-06-04 05:39:00
W000352,W001139,1,0.977321,1,2026-06-03 20:07:00,2026-06-03 20:07:00
W000352,W001721,1,0.468161,1,2026-05-21 00:27:00,2026-05-21 00:27:00
W000353,W000487,1,0.115243,1,2026-06-26 15:27:00,2026-06-26 15:27:00
W000353,W001587,1,0.582858,1,2026-03-12 22:29:00,2026-03-12 22:29:00
W000353,W002069,1,0.785729,1,2026-06-18 22:17:00,2026-06-18 22:17:00
W000353,W002453,1,0.754116,1,2026-04-26 03:08:00,2026-04-26 03:08:00
W000354,W000050,1,0.506868,1,2026-03-28 10:59:00,2026-03-28 10:59:00
W000354,W000257,1,0.298265,1,2026-03-24 17:42:00,2026-03-24 17:42:00
W000354,W000532,1,0.538767,1,2026-06-10 04:08:00,2026-06-10 04:08:00
W000354,W000641,1,0.298236,1,2026-03-16 00:33:00,2026-03-16 00:33:00
W000354,W001774,1,0.72878,1,2026-01-07 06:31:00,2026-01-07 06:31:00
W000355,W000169,1,0.338008,1,2026-05-04 05:43:00,2026-05-04 05:43:00
W000355,W000866,1,0.177308,1,2026-03-10 08:58:00,2026-03-10 08:58:00
W000355,W000914,1,3.069452,1,2026-02-17 21:01:00,2026-02-17 21:01:00
W000356,W000217,1,0.659201,1,2026-04-28 23:34:00,2026-04-28 23:34:00
W000356,W001874,1,0.705479,1,2026-01-10 03:48:00,2026-01-10 03:48:00
W000357,W000538,1,2.581252,1,2026-06-20 00:41:00,2026-06-20 00:41:00
W000357,W000810,1,0.852866,1,2026-01-13 16:59:00,2026-01-13 16:59:00
W000357,W000968,1,0.194865,1,2026-01-15 21:21:00,2026-01-15 21:21:00
W000357,W001093,1,0.567085,1,2026-06-07 09:16:00,2026-06-07 09:16:00
W000357,W002490,1,0.236852,1,2026-01-21 04:08:00,2026-01-21 04:08:00
W000358,W002140,1,0.177129,1,2026-02-12 10:53:00,2026-02-12 10:53:00
W000358,W002220,1,0.272392,1,2026-02-23 16:30:00,2026-02-23 16:30:00
W000359,W001989,1,5.458199,1,2026-02-14 01:10:00,2026-02-14 01:10:00
W000359,W002185,1,0.840747,1,2026-03-24 16:22:00,2026-03-24 16:22:00
W000359,W002321,1,0.098611,1,2026-01-12 20:08:00,2026-01-12 20:08:00
W000360,W000287,1,0.313109,1,2026-06-20 17:20:00,2026-06-20 17:20:00
W000360,W001140,1,0.223316,1,2026-03-06 22:25:00,2026-03-06 22:25:00
W000360,W001168,1,0.168572,1,2026-01-11 00:05:00,2026-01-11 00:05:00
W000361,W001121,1,1.852966,1,2026-01-07 11:05:00,2026-01-07 11:05:00
W000361,W001147,1,7.886888,1,2026-01-18 01:45:00,2026-01-18 01:45:00
W000361,W002289,1,0.275859,1,2026-05-20 20:24:00,2026-05-20 20:24:00
W000362,W000137,1,0.16526,1,2026-03-29 04:06:00,2026-03-29 04:06:00
W000362,W000359,1,0.352983,1,2026-06-11 03:02:00,2026-06-11 03:02:00
W000362,W001669,1,0.121805,1,2026-04-28 23:52:00,2026-04-28 23:52:00
W000362,W002111,1,0.329281,1,2026-03-20 22:05:00,2026-03-20 22:05:00
W000363,W000621,1,0.321955,1,2026-06-18 02:49:00,2026-06-18 02:49:00
W000363,W001077,1,0.06089,1,2026-01-11 04:59:00,2026-01-11 04:59:00
W000363,W001302,1,0.413315,1,2026-03-16 21:15:00,2026-03-16 21:15:00
W000363,W001681,1,0.199583,1,2026-04-05 00:07:00,2026-04-05 00:07:00
W000363,W001771,1,0.369163,1,2026-03-30 15:01:00,2026-03-30 15:01:00
W000363,W002360,1,0.354597,1,2026-03-17 04:30:00,2026-03-17 04:30:00
W000364,W000866,1,0.258503,1,2026-04-04 17:03:00,2026-04-04 17:03:00
W000364,W002433,1,0.077152,1,2026-01-01 14:39:00,2026-01-01 14:39:00
W000365,W001018,1,0.633143,1,2026-06-13 20:27:00,2026-06-13 20:27:00
W000365,W001811,1,0.562461,1,2026-06-27 21:14:00,2026-06-27 21:14:00
W000365,W002286,1,0.460877,1,2026-02-02 23:21:00,2026-02-02 23:21:00
W000366,W000048,1,1.301283,1,2026-01-04 08:46:00,2026-01-04 08:46:00
W000366,W000790,1,0.236593,1,2026-06-07 05:13:00,2026-06-07 05:13:00
W000366,W000836,1,0.65354,1,2026-03-05 12:15:00,2026-03-05 12:15:00
W000366,W002348,1,0.465512,1,2026-06-25 21:07:00,2026-06-25 21:07:00
W000367,W000180,1,0.185359,1,2026-01-24 02:00:00,2026-01-24 02:00:00
W000367,W000445,1,0.293978,1,2026-03-28 20:14:00,2026-03-28 20:14:00
W000367,W000494,1,0.175142,1,2026-02-14 17:02:00,2026-02-14 17:02:00
W000368,W000197,1,0.891036,1,2026-05-08 19:58:00,2026-05-08 19:58:00
W000368,W000213,1,0.3431,1,2026-03-25 07:56:00,2026-03-25 07:56:00
W000368,W000336,1,0.287936,1,2026-02-28 20:58:00,2026-02-28 20:58:00
W000368,W000430,1,0.970127,1,2026-03-20 23:02:00,2026-03-20 23:02:00
W000368,W001423,1,0.353664,1,2026-03-04 04:38:00,2026-03-04 04:38:00
W000368,W002240,1,1.065159,1,2026-03-08 17:40:00,2026-03-08 17:40:00
W000369,W001177,1,0.620401,1,2026-01-13 14:21:00,2026-01-13 14:21:00
W000369,W001637,1,0.509465,1,2026-06-20 23:49:00,2026-06-20 23:49:00
W000369,W002368,1,0.854803,1,2026-01-31 02:33:00,2026-01-31 02:33:00
W000370,W000084,1,0.268475,1,2026-04-14 00:54:00,2026-04-14 00:54:00
W000370,W000440,1,0.128302,1,2026-06-09 09:19:00,2026-06-09 09:19:00
W000370,W000563,1,0.28316,1,2026-06-06 04:26:00,2026-06-06 04:26:00
W000370,W001144,1,0.472419,1,2026-03-01 21:05:00,2026-03-01 21:05:00
W000370,W001242,1,1.019233,1,2026-06-14 03:35:00,2026-06-14 03:35:00
W000371,W000966,1,1.879711,1,2026-02-23 16:31:00,2026-02-23 16:31:00
W000371,W002148,1,0.272184,1,2026-02-16 23:58:00,2026-02-16 23:58:00
W000371,W002443,1,0.646903,1,2026-01-03 06:31:00,2026-01-03 06:31:00
W000372,W000273,1,0.525227,1,2026-02-10 17:43:00,2026-02-10 17:43:00
W000372,W000616,1,0.557322,1,2026-05-14 20:21:00,2026-05-14 20:21:00
W000372,W000737,1,0.990249,1,2026-04-24 15:01:00,2026-04-24 15:01:00
W000373,W000143,1,1.740519,1,2026-05-28 13:55:00,2026-05-28 13:55:00
W000373,W000152,1,0.624084,1,2026-05-05 01:30:00,2026-05-05 01:30:00
W000373,W001242,1,1.261638,1,2026-02-21 23:36:00,2026-02-21 23:36:00
W000373,W001353,1,0.811773,1,2026-02-26 21:01:00,2026-02-26 21:01:00
W000373,W001599,1,0.226948,1,2026-06-26 00:39:00,2026-06-26 00:39:00
W000373,W001989,1,0.835895,1,2026-05-30 20:56:00,2026-05-30 20:56:00
W000374,W001361,1,0.920534,1,2026-05-09 03:12:00,2026-05-09 03:12:00
W000374,W001693,1,0.995577,1,2026-01-25 02:19:00,2026-01-25 02:19:00
W000375,W000025,1,0.610556,1,2026-04-03 22:27:00,2026-04-03 22:27:00
W000375,W000455,1,1.789564,1,2026-03-08 08:11:00,2026-03-08 08:11:00
W000375,W000529,1,0.229948,1,2026-05-19 10:57:00,2026-05-19 10:57:00
W000375,W001596,1,0.664156,1,2026-02-25 08:31:00,2026-02-25 08:31:00
W000375,W001780,1,0.620478,1,2026-05-21 10:38:00,2026-05-21 10:38:00
W000376,W000023,1,0.301109,1,2026-03-03 15:31:00,2026-03-03 15:31:00
W000376,W000059,1,0.705128,1,2026-04-02 11:59:00,2026-04-02 11:59:00
W000376,W000407,1,0.423216,1,2026-01-18 12:27:00,2026-01-18 12:27:00
W000376,W002409,1,1.257729,1,2026-06-10 02:53:00,2026-06-10 02:53:00
W000377,W000949,1,0.398862,1,2026-04-19 04:51:00,2026-04-19 04:51:00
W000377,W001443,1,0.926078,1,2026-03-30 19:41:00,2026-03-30 19:41:00
W000377,W002186,1,0.102394,1,2026-06-12 20:28:00,2026-06-12 20:28:00
W000378,W001420,1,0.162102,1,2026-06-01 05:45:00,2026-06-01 05:45:00
W000378,W001551,1,0.264783,1,2026-03-01 10:17:00,2026-03-01 10:17:00
W000378,W001821,1,0.809667,1,2026-01-12 04:48:00,2026-01-12 04:48:00
W000378,W002332,1,0.230717,1,2026-04-25 13:57:00,2026-04-25 13:57:00
W000379,W000006,1,0.371485,1,2026-04-06 10:11:00,2026-04-06 10:11:00
W000379,W000868,1,0.309238,1,2026-06-12 12:03:00,2026-06-12 12:03:00
W000379,W000899,1,0.542317,1,2026-04-25 08:32:00,2026-04-25 08:32:00
W000380,W000191,1,0.378557,1,2026-01-17 07:34:00,2026-01-17 07:34:00
W000380,W000650,1,1.283771,1,2026-05-23 02:13:00,2026-05-23 02:13:00
W000380,W001904,1,1.594978,1,2026-04-22 02:17:00,2026-04-22 02:17:00
W000380,W002060,1,0.163419,1,2026-03-25 03:59:00,2026-03-25 03:59:00
W000380,W002156,1,0.258564,1,2026-05-03 10:22:00,2026-05-03 10:22:00
W000380,W002183,1,0.662425,1,2026-04-15 17:53:00,2026-04-15 17:53:00
W000381,W000530,1,3.28443,1,2026-03-13 15:41:00,2026-03-13 15:41:00
W000381,W000725,1,1.320859,1,2026-03-14 02:56:00,2026-03-14 02:56:00
W000381,W000942,1,0.349839,1,2026-02-10 05:14:00,2026-02-10 05:14:00
W000381,W001358,1,0.663616,1,2026-01-27 23:52:00,2026-01-27 23:52:00
W000381,W001550,1,0.261581,1,2026-03-03 07:41:00,2026-03-03 07:41:00
W000382,W000506,1,0.291707,1,2026-02-01 19:48:00,2026-02-01 19:48:00
W000382,W000568,1,0.298973,1,2026-03-27 09:52:00,2026-03-27 09:52:00
W000382,W002219,1,0.64344,1,2026-03-01 02:34:00,2026-03-01 02:34:00
W000383,W000493,1,0.847506,1,2026-03-30 20:27:00,2026-03-30 20:27:00
W000383,W000830,1,0.282882,1,2026-03-09 21:03:00,2026-03-09 21:03:00
W000383,W000845,1,0.62209,1,2026-05-16 06:41:00,2026-05-16 06:41:00
W000383,W001379,1,1.634591,1,2026-02-11 02:09:00,2026-02-11 02:09:00
W000383,W001807,1,2.417506,1,2026-02-14 20:34:00,2026-02-14 20:34:00
W000384,W000293,1,1.385878,1,2026-06-21 16:36:00,2026-06-21 16:36:00
W000384,W001413,1,0.896364,1,2026-05-19 10:29:00,2026-05-19 10:29:00
W000384,W001559,1,0.273865,1,2026-02-27 16:44:00,2026-02-27 16:44:00
W000384,W002034,1,0.6187,1,2026-01-30 04:52:00,2026-01-30 04:52:00
W000385,W001862,1,1.55447,1,2026-04-20 21:05:00,2026-04-20 21:05:00
W000386,W000668,1,0.624257,1,2026-05-15 06:35:00,2026-05-15 06:35:00
W000386,W000895,1,0.619178,1,2026-04-23 21:38:00,2026-04-23 21:38:00
W000386,W001138,1,0.244695,1,2026-06-11 15:57:00,2026-06-11 15:57:00
W000386,W001285,1,0.799327,1,2026-05-30 17:28:00,2026-05-30 17:28:00
W000386,W001700,1,0.27301,1,2026-01-09 14:03:00,2026-01-09 14:03:00
W000387,W000819,1,0.210495,1,2026-06-07 16:34:00,2026-06-07 16:34:00
W000387,W001347,1,0.71835,1,2026-01-01 22:32:00,2026-01-01 22:32:00
W000387,W001496,1,1.467863,1,2026-05-20 01:57:00,2026-05-20 01:57:00
W000387,W001974,1,0.130663,1,2026-02-17 18:21:00,2026-02-17 18:21:00
W000388,W001176,1,0.807554,1,2026-01-30 12:07:00,2026-01-30 12:07:00
W000388,W001491,1,0.833086,1,2026-03-13 05:05:00,2026-03-13 05:05:00
W000388,W002110,1,0.113676,1,2026-02-11 11:22:00,2026-02-11 11:22:00
W000389,W000257,1,0.656902,1,2026-06-25 01:08:00,2026-06-25 01:08:00
W000389,W001466,1,0.241582,1,2026-02-22 11:36:00,2026-02-22 11:36:00
W000390,W000745,1,0.096566,1,2026-05-03 17:31:00,2026-05-03 17:31:00
W000390,W001723,1,0.425564,1,2026-06-11 09:13:00,2026-06-11 09:13:00
W000390,W002027,1,0.705189,1,2026-02-03 22:19:00,2026-02-03 22:19:00
W000390,W002427,1,0.401496,1,2026-03-22 18:48:00,2026-03-22 18:48:00
W000391,W000411,1,0.446456,1,2026-02-23 03:55:00,2026-02-23 03:55:00
W000391,W000930,1,0.578275,1,2026-03-05 08:58:00,2026-03-05 08:58:00
W000391,W002301,1,0.279177,1,2026-04-23 06:30:00,2026-04-23 06:30:00
W000392,W000704,1,0.351365,1,2026-06-09 09:49:00,2026-06-09 09:49:00
W000392,W000864,1,0.22285,1,2026-01-14 23:38:00,2026-01-14 23:38:00
W000392,W000904,1,2.040808,1,2026-03-11 11:00:00,2026-03-11 11:00:00
W000392,W001175,1,0.622939,1,2026-06-11 01:47:00,2026-06-11 01:47:00
W000393,W000435,1,0.49562,1,2026-04-27 14:01:00,2026-04-27 14:01:00
W000393,W001499,1,0.314452,1,2026-02-02 11:10:00,2026-02-02 11:10:00
W000394,W000523,1,0.697638,1,2026-02-24 00:22:00,2026-02-24 00:22:00
W000394,W002132,1,0.454226,1,2026-05-10 09:54:00,2026-05-10 09:54:00
W000395,W000052,1,0.734161,1,2026-04-23 13:07:00,2026-04-23 13:07:00
W000395,W000153,1,0.303405,1,2026-03-21 14:19:00,2026-03-21 14:19:00
W000395,W000866,1,0.507753,1,2026-03-10 07:55:00,2026-03-10 07:55:00
W000395,W001416,1,0.4742,1,2026-06-17 11:50:00,2026-06-17 11:50:00
W000396,W000288,1,0.17097,1,2026-06-16 06:09:00,2026-06-16 06:09:00
W000396,W000791,1,0.249667,1,2026-03-17 02:47:00,2026-03-17 02:47:00
W000396,W000883,1,0.7259,1,2026-05-23 22:24:00,2026-05-23 22:24:00
W000396,W001669,1,1.159306,1,2026-05-22 11:47:00,2026-05-22 11:47:00
W000396,W002365,1,0.673235,1,2026-01-19 14:33:00,2026-01-19 14:33:00
W000397,W001137,1,0.643649,1,2026-02-28 06:40:00,2026-02-28 06:40:00
W000397,W001168,1,0.30438,1,2026-04-08 17:37:00,2026-04-08 17:37:00
W000397,W001315,1,1.310609,1,2026-05-23 07:27:00,2026-05-23 07:27:00
W000397,W001422,1,3.141846,1,2026-03-26 20:54:00,2026-03-26 20:54:00
W000397,W001634,1,0.329662,1,2026-02-28 04:34:00,2026-02-28 04:34:00
W000397,W001892,1,0.535626,1,2026-05-29 23:52:00,2026-05-29 23:52:00
W000397,W002299,1,0.665417,1,2026-01-30 02:19:00,2026-01-30 02:19:00
W000397,W002434,1,0.512452,1,2026-04-01 02:26:00,2026-04-01 02:26:00
W000398,W000515,1,0.322994,1,2026-02-08 23:49:00,2026-02-08 23:49:00
W000398,W002062,1,0.695878,1,2026-02-04 04:45:00,2026-02-04 04:45:00
W000398,W002235,1,0.383218,1,2026-03-01 17:56:00,2026-03-01 17:56:00
W000399,W001293,1,0.921911,1,2026-02-24 04:20:00,2026-02-24 04:20:00
W000399,W002358,1,0.951529,1,2026-03-31 20:07:00,2026-03-31 20:07:00
W000400,W000648,1,0.262523,1,2026-03-11 20:12:00,2026-03-11 20:12:00
W000400,W000962,1,0.492818,1,2026-03-10 18:54:00,2026-03-10 18:54:00
W000400,W001216,1,0.300913,1,2026-02-12 09:15:00,2026-02-12 09:15:00
W000400,W001659,1,0.300289,1,2026-03-24 05:15:00,2026-03-24 05:15:00
W000400,W001705,1,0.494692,1,2026-05-26 06:39:00,2026-05-26 06:39:00
W000400,W002253,1,0.236162,1,2026-02-16 18:56:00,2026-02-16 18:56:00
W000400,W002323,1,0.465394,1,2026-02-06 06:16:00,2026-02-06 06:16:00
W000400,W002416,1,0.164617,1,2026-01-03 16:38:00,2026-01-03 16:38:00
W000401,W000182,1,0.348426,1,2026-05-27 17:56:00,2026-05-27 17:56:00
W000401,W000906,1,0.580469,1,2026-05-03 12:36:00,2026-05-03 12:36:00
W000401,W001731,1,1.646715,1,2026-02-08 23:03:00,2026-02-08 23:03:00
W000401,W002025,1,0.27514,1,2026-02-03 18:34:00,2026-02-03 18:34:00
W000401,W002112,1,1.036964,1,2026-02-15 23:00:00,2026-02-15 23:00:00
W000401,W002319,1,0.153663,1,2026-03-28 20:24:00,2026-03-28 20:24:00
W000402,W000804,1,0.3466,1,2026-05-19 18:43:00,2026-05-19 18:43:00
W000402,W000957,1,0.198672,1,2026-06-27 02:14:00,2026-06-27 02:14:00
W000402,W001152,1,0.244838,1,2026-05-02 07:24:00,2026-05-02 07:24:00
W000402,W001199,1,0.638028,1,2026-01-02 09:17:00,2026-01-02 09:17:00
W000402,W001344,1,0.758543,1,2026-03-16 09:55:00,2026-03-16 09:55:00
W000402,W001405,1,2.028947,1,2026-03-20 02:48:00,2026-03-20 02:48:00
W000402,W001910,1,0.813223,1,2026-04-23 20:13:00,2026-04-23 20:13:00
W000403,W000098,1,0.511198,1,2026-04-26 18:45:00,2026-04-26 18:45:00
W000403,W000179,1,0.923259,1,2026-06-09 07:34:00,2026-06-09 07:34:00
W000403,W001123,1,0.594634,1,2026-06-26 15:52:00,2026-06-26 15:52:00
W000403,W001566,1,0.152201,1,2026-06-26 21:07:00,2026-06-26 21:07:00
W000404,W000314,1,4.63984,1,2026-05-02 22:55:00,2026-05-02 22:55:00
W000404,W000428,1,0.166165,1,2026-03-22 22:53:00,2026-03-22 22:53:00
W000405,W000189,1,0.457667,1,2026-04-04 06:08:00,2026-04-04 06:08:00
W000405,W000465,1,0.379895,1,2026-06-22 17:45:00,2026-06-22 17:45:00
W000405,W000964,1,0.237024,1,2026-04-21 22:40:00,2026-04-21 22:40:00
W000405,W001423,1,0.472258,1,2026-01-17 09:10:00,2026-01-17 09:10:00
W000405,W001714,1,0.716218,1,2026-03-10 12:12:00,2026-03-10 12:12:00
W000405,W001969,1,0.779973,1,2026-02-09 03:56:00,2026-02-09 03:56:00
W000406,W001334,1,1.100825,1,2026-05-25 10:19:00,2026-05-25 10:19:00
W000406,W001928,1,0.572017,1,2026-05-21 02:28:00,2026-05-21 02:28:00
W000407,W000048,1,0.624297,1,2026-05-29 13:49:00,2026-05-29 13:49:00
W000407,W001949,1,0.900363,1,2026-01-15 16:22:00,2026-01-15 16:22:00
W000407,W002446,1,1.711061,1,2026-01-30 14:47:00,2026-01-30 14:47:00
W000408,W000618,1,0.325033,1,2026-05-31 06:24:00,2026-05-31 06:24:00
W000408,W001347,1,0.295946,1,2026-05-12 14:09:00,2026-05-12 14:09:00
W000408,W002088,1,0.511268,1,2026-05-11 23:15:00,2026-05-11 23:15:00
W000409,W000595,1,0.370934,1,2026-03-30 12:54:00,2026-03-30 12:54:00
W000409,W001473,1,1.533142,1,2026-02-06 13:46:00,2026-02-06 13:46:00
W000409,W002302,1,1.341979,1,2026-06-16 14:00:00,2026-06-16 14:00:00
W000410,W001499,1,1.029791,1,2026-05-31 20:46:00,2026-05-31 20:46:00
W000410,W001628,1,2.616027,1,2026-02-10 15:01:00,2026-02-10 15:01:00
W000410,W001940,1,0.819227,1,2026-06-16 15:15:00,2026-06-16 15:15:00
W000410,W002397,1,0.418427,1,2026-01-25 06:30:00,2026-01-25 06:30:00
W000411,W000148,1,0.30087,1,2026-04-13 07:35:00,2026-04-13 07:35:00
W000411,W000397,1,0.434755,1,2026-03-11 17:04:00,2026-03-11 17:04:00
W000411,W001082,1,1.727978,1,2026-03-05 11:13:00,2026-03-05 11:13:00
W000411,W002144,1,0.538134,1,2026-04-25 13:52:00,2026-04-25 13:52:00
W000411,W002215,1,0.224607,1,2026-01-17 06:30:00,2026-01-17 06:30:00
W000412,W000181,1,0.619664,1,2026-05-23 04:41:00,2026-05-23 04:41:00
W000412,W001413,1,0.512813,1,2026-06-08 15:26:00,2026-06-08 15:26:00
W000412,W002272,1,0.316786,1,2026-03-09 22:32:00,2026-03-09 22:32:00
W000412,W002425,1,0.646954,1,2026-01-16 09:34:00,2026-01-16 09:34:00
W000413,W000120,1,2.62034,1,2026-04-24 21:13:00,2026-04-24 21:13:00
W000413,W001065,1,0.493612,1,2026-05-27 09:30:00,2026-05-27 09:30:00
W000413,W002455,1,0.381867,1,2026-05-27 16:01:00,2026-05-27 16:01:00
W000414,W000535,1,4.35383,1,2026-06-08 09:11:00,2026-06-08 09:11:00
W000414,W001685,1,0.717776,1,2026-04-19 04:23:00,2026-04-19 04:23:00
W000415,W000560,1,34.667172,1,2026-03-11 01:16:00,2026-03-11 01:16:00
W000415,W001565,1,0.27228,1,2026-03-21 00:25:00,2026-03-21 00:25:00
W000415,W001648,1,0.583806,1,2026-01-27 04:13:00,2026-01-27 04:13:00
W000415,W002322,1,0.376308,1,2026-06-14 12:50:00,2026-06-14 12:50:00
W000416,W000135,1,1.741314,1,2026-03-14 07:23:00,2026-03-14 07:23:00
W000416,W000301,1,0.20834,1,2026-01-02 03:43:00,2026-01-02 03:43:00
W000416,W001697,1,1.989573,1,2026-01-21 03:12:00,2026-01-21 03:12:00
W000417,W002246,1,0.683294,1,2026-06-12 02:40:00,2026-06-12 02:40:00
W000417,W002350,1,0.378034,1,2026-02-16 02:11:00,2026-02-16 02:11:00
W000418,W001092,1,0.120657,1,2026-04-04 23:49:00,2026-04-04 23:49:00
W000418,W001094,1,0.461796,1,2026-05-15 05:04:00,2026-05-15 05:04:00
W000418,W001385,1,0.576927,1,2026-06-10 16:25:00,2026-06-10 16:25:00
W000419,W001343,1,0.834564,1,2026-01-26 15:13:00,2026-01-26 15:13:00
W000419,W001363,1,0.536838,1,2026-06-25 23:20:00,2026-06-25 23:20:00
W000420,W000474,1,1.285357,1,2026-03-11 23:26:00,2026-03-11 23:26:00
W000420,W001561,1,0.831448,1,2026-05-27 07:50:00,2026-05-27 07:50:00
W000420,W001898,1,0.273737,1,2026-06-27 18:45:00,2026-06-27 18:45:00
W000420,W002024,1,0.268776,1,2026-04-25 22:51:00,2026-04-25 22:51:00
W000421,W000668,1,0.127461,1,2026-03-01 09:10:00,2026-03-01 09:10:00
W000421,W000991,1,0.134778,1,2026-04-02 22:02:00,2026-04-02 22:02:00
W000421,W001352,1,0.293565,1,2026-05-06 10:44:00,2026-05-06 10:44:00
W000421,W001508,1,0.301219,1,2026-05-02 16:08:00,2026-05-02 16:08:00
W000421,W001705,1,0.394192,1,2026-04-25 08:38:00,2026-04-25 08:38:00
W000421,W001832,1,0.177788,1,2026-04-07 09:34:00,2026-04-07 09:34:00
W000421,W001936,1,0.201479,1,2026-01-25 09:36:00,2026-01-25 09:36:00
W000422,W001080,1,0.684931,1,2026-01-01 17:53:00,2026-01-01 17:53:00
W000422,W001502,1,0.34066,1,2026-06-20 15:14:00,2026-06-20 15:14:00
W000422,W001686,1,0.221092,1,2026-02-21 03:02:00,2026-02-21 03:02:00
W000422,W002225,1,0.101177,1,2026-05-22 04:15:00,2026-05-22 04:15:00
W000422,W002347,1,0.558962,1,2026-06-06 23:59:00,2026-06-06 23:59:00
W000423,W000034,1,0.218142,1,2026-02-14 22:47:00,2026-02-14 22:47:00
W000423,W000981,1,0.502669,1,2026-02-06 19:07:00,2026-02-06 19:07:00
W000423,W001853,1,1.054707,1,2026-02-26 20:41:00,2026-02-26 20:41:00
W000424,W000998,1,1.590249,1,2026-03-26 11:49:00,2026-03-26 11:49:00
W000425,W000091,1,0.578293,1,2026-02-24 19:38:00,2026-02-24 19:38:00
W000425,W000586,1,0.493655,1,2026-02-13 07:26:00,2026-02-13 07:26:00
W000425,W001820,1,0.154567,1,2026-01-26 05:44:00,2026-01-26 05:44:00
W000426,W001443,1,0.698988,1,2026-02-24 10:40:00,2026-02-24 10:40:00
W000426,W001610,1,0.345932,1,2026-04-26 05:22:00,2026-04-26 05:22:00
W000426,W002276,1,1.996399,1,2026-01-30 03:15:00,2026-01-30 03:15:00
W000427,W000154,1,0.33557,1,2026-02-15 09:08:00,2026-02-15 09:08:00
W000427,W000921,1,0.259277,1,2026-02-10 06:46:00,2026-02-10 06:46:00
W000427,W001265,1,0.366664,1,2026-03-02 09:33:00,2026-03-02 09:33:00
W000427,W001804,1,0.845385,1,2026-06-27 13:30:00,2026-06-27 13:30:00
W000427,W001960,1,0.310113,1,2026-05-09 04:10:00,2026-05-09 04:10:00
W000428,W000140,1,0.389137,1,2026-03-28 17:58:00,2026-03-28 17:58:00
W000428,W000652,1,0.266542,1,2026-03-06 20:55:00,2026-03-06 20:55:00
W000429,W000501,1,1.923,1,2026-06-26 09:31:00,2026-06-26 09:31:00
W000429,W001741,1,0.250298,1,2026-02-17 00:08:00,2026-02-17 00:08:00
W000430,W000501,1,0.657432,1,2026-04-18 12:06:00,2026-04-18 12:06:00
W000430,W001385,1,0.456902,1,2026-04-12 12:55:00,2026-04-12 12:55:00
W000431,W000472,1,1.162256,1,2026-06-16 19:56:00,2026-06-16 19:56:00
W000431,W000552,1,5.314575,1,2026-06-26 03:08:00,2026-06-26 03:08:00
W000431,W000653,1,0.444797,1,2026-01-11 05:05:00,2026-01-11 05:05:00
W000431,W002260,1,3.633679,1,2026-02-20 11:44:00,2026-02-20 11:44:00
W000432,W000752,1,2.981424,1,2026-04-14 09:20:00,2026-04-14 09:20:00
W000432,W001772,1,0.359849,1,2026-05-04 12:24:00,2026-05-04 12:24:00
W000433,W000290,1,0.371851,1,2026-03-01 07:57:00,2026-03-01 07:57:00
W000433,W001095,1,0.991326,1,2026-05-29 04:25:00,2026-05-29 04:25:00
W000433,W001533,1,0.415145,1,2026-02-01 09:35:00,2026-02-01 09:35:00
W000433,W001702,1,0.310977,1,2026-06-24 01:54:00,2026-06-24 01:54:00
W000433,W002294,1,0.219678,1,2026-04-29 20:37:00,2026-04-29 20:37:00
W000434,W000037,1,0.744932,1,2026-06-28 04:23:00,2026-06-28 04:23:00
W000434,W000640,1,1.220597,1,2026-01-17 17:53:00,2026-01-17 17:53:00
W000434,W002101,1,0.256117,1,2026-05-05 11:45:00,2026-05-05 11:45:00
W000435,W000750,1,4.879524,1,2026-01-27 08:22:00,2026-01-27 08:22:00
W000435,W000772,1,1.653831,1,2026-06-12 13:15:00,2026-06-12 13:15:00
W000435,W000929,1,0.441756,1,2026-05-27 23:22:00,2026-05-27 23:22:00
W000435,W002142,1,0.411487,1,2026-04-30 20:08:00,2026-04-30 20:08:00
W000435,W002332,1,0.329101,1,2026-02-11 17:41:00,2026-02-11 17:41:00
W000435,W002371,1,1.369504,1,2026-03-31 08:03:00,2026-03-31 08:03:00
W000436,W000005,1,1.121331,1,2026-03-26 13:51:00,2026-03-26 13:51:00
W000436,W000011,1,0.42001,1,2026-06-20 01:19:00,2026-06-20 01:19:00
W000436,W000883,1,0.7743,1,2026-02-07 13:07:00,2026-02-07 13:07:00
W000436,W001881,1,0.394315,1,2026-06-21 16:00:00,2026-06-21 16:00:00
W000437,W000464,1,0.229399,1,2026-03-16 22:49:00,2026-03-16 22:49:00
W000437,W001604,1,0.873327,1,2026-01-31 05:13:00,2026-01-31 05:13:00
W000437,W001795,1,0.212557,1,2026-06-05 18:58:00,2026-06-05 18:58:00
W000437,W002384,1,0.184126,1,2026-06-20 23:31:00,2026-06-20 23:31:00
W000437,W002417,1,0.652964,1,2026-02-21 11:52:00,2026-02-21 11:52:00
W000437,W002449,1,0.544987,1,2026-06-01 05:07:00,2026-06-01 05:07:00
W000438,W000401,1,0.951512,1,2026-06-21 11:35:00,2026-06-21 11:35:00
W000438,W001042,1,1.15707,1,2026-04-17 14:34:00,2026-04-17 14:34:00
W000438,W001907,1,0.301586,1,2026-05-25 10:41:00,2026-05-25 10:41:00
W000438,W002101,1,0.590211,1,2026-06-01 13:37:00,2026-06-01 13:37:00
W000439,W000080,1,0.18502,1,2026-04-23 19:01:00,2026-04-23 19:01:00
W000439,W000893,1,0.432676,1,2026-03-18 20:44:00,2026-03-18 20:44:00
W000439,W001447,1,0.170552,1,2026-03-11 17:00:00,2026-03-11 17:00:00
W000439,W002134,1,1.816372,1,2026-05-16 08:46:00,2026-05-16 08:46:00
W000440,W000573,1,0.369353,1,2026-02-25 20:20:00,2026-02-25 20:20:00
W000440,W000781,1,0.665071,1,2026-03-03 21:02:00,2026-03-03 21:02:00
W000440,W001309,1,1.572155,1,2026-03-29 16:54:00,2026-03-29 16:54:00
W000440,W002181,1,0.42188,1,2026-01-24 01:07:00,2026-01-24 01:07:00
W000441,W000774,1,0.242782,1,2026-06-27 07:07:00,2026-06-27 07:07:00
W000441,W001637,1,0.256987,1,2026-01-25 08:12:00,2026-01-25 08:12:00
W000442,W000255,1,0.311626,1,2026-05-19 12:58:00,2026-05-19 12:58:00
W000442,W001086,1,0.091017,1,2026-02-02 11:08:00,2026-02-02 11:08:00
W000442,W001144,1,1.085211,1,2026-01-22 10:47:00,2026-01-22 10:47:00
W000442,W001201,1,0.348959,1,2026-04-09 10:37:00,2026-04-09 10:37:00
W000442,W001254,1,0.116248,1,2026-05-17 17:00:00,2026-05-17 17:00:00
W000442,W001319,1,0.711595,1,2026-06-14 22:54:00,2026-06-14 22:54:00
W000442,W001444,1,0.174344,1,2026-04-27 05:56:00,2026-04-27 05:56:00
W000442,W001581,1,0.345538,1,2026-02-12 07:52:00,2026-02-12 07:52:00
W000443,W001299,1,0.224567,1,2026-03-24 05:47:00,2026-03-24 05:47:00
W000443,W001465,1,2.077749,1,2026-04-25 15:05:00,2026-04-25 15:05:00
W000443,W001698,1,1.58117,1,2026-06-19 01:15:00,2026-06-19 01:15:00
W000444,W000080,1,0.165237,1,2026-02-18 16:59:00,2026-02-18 16:59:00
W000444,W000761,1,0.356208,1,2026-05-02 12:30:00,2026-05-02 12:30:00
W000444,W001079,1,0.175041,1,2026-04-30 03:41:00,2026-04-30 03:41:00
W000444,W001616,1,0.357023,1,2026-05-14 07:45:00,2026-05-14 07:45:00
W000444,W001628,1,0.195463,1,2026-05-14 08:44:00,2026-05-14 08:44:00
W000445,W000335,1,1.261217,1,2026-05-05 07:58:00,2026-05-05 07:58:00
W000445,W001696,1,0.246131,1,2026-01-28 10:56:00,2026-01-28 10:56:00
W000446,W000176,1,0.324688,1,2026-01-10 22:01:00,2026-01-10 22:01:00
W000446,W000552,1,0.273777,1,2026-06-04 01:33:00,2026-06-04 01:33:00
W000446,W000974,1,0.8905,1,2026-05-16 11:41:00,2026-05-16 11:41:00
W000446,W000999,1,0.661739,1,2026-01-06 21:56:00,2026-01-06 21:56:00
W000446,W001782,1,0.337249,1,2026-03-23 22:31:00,2026-03-23 22:31:00
W000446,W002081,1,0.615944,1,2026-03-05 14:16:00,2026-03-05 14:16:00
W000447,W000217,1,0.217307,1,2026-03-30 19:40:00,2026-03-30 19:40:00
W000447,W000350,1,0.230037,1,2026-04-05 21:44:00,2026-04-05 21:44:00
W000447,W000567,1,0.726538,1,2026-01-07 13:23:00,2026-01-07 13:23:00
W000447,W000814,1,0.236764,1,2026-05-26 19:31:00,2026-05-26 19:31:00
W000447,W001428,1,1.321422,1,2026-04-09 12:52:00,2026-04-09 12:52:00
W000447,W001431,1,0.147355,1,2026-06-07 08:13:00,2026-06-07 08:13:00
W000447,W002104,1,0.507054,1,2026-05-18 15:11:00,2026-05-18 15:11:00
W000448,W000869,1,0.225138,1,2026-04-27 02:39:00,2026-04-27 02:39:00
W000449,W000266,1,0.355045,1,2026-06-13 17:17:00,2026-06-13 17:17:00
W000449,W000604,1,3.210065,1,2026-03-26 16:42:00,2026-03-26 16:42:00
W000449,W001092,1,0.423829,1,2026-05-20 15:14:00,2026-05-20 15:14:00
W000449,W001438,1,1.263328,1,2026-01-11 20:19:00,2026-01-11 20:19:00
W000449,W002050,1,0.767494,1,2026-02-09 22:29:00,2026-02-09 22:29:00
W000449,W002311,1,1.767868,1,2026-02-04 10:03:00,2026-02-04 10:03:00
W000450,W000162,1,0.153625,1,2026-05-29 20:32:00,2026-05-29 20:32:00
W000450,W000378,1,0.864086,1,2026-02-05 08:57:00,2026-02-05 08:57:00
W000450,W001010,1,0.399394,1,2026-03-03 18:12:00,2026-03-03 18:12:00
W000450,W001413,1,1.213847,1,2026-01-18 06:40:00,2026-01-18 06:40:00
W000450,W001582,1,0.143508,1,2026-03-20 22:04:00,2026-03-20 22:04:00
W000450,W001893,1,0.588008,1,2026-03-23 12:17:00,2026-03-23 12:17:00
W000450,W002082,1,1.461848,1,2026-04-16 21:13:00,2026-04-16 21:13:00
W000451,W000838,1,1.580059,1,2026-03-30 20:54:00,2026-03-30 20:54:00
W000451,W001890,1,0.069956,1,2026-01-19 04:38:00,2026-01-19 04:38:00
W000452,W000014,1,0.354154,1,2026-03-09 02:09:00,2026-03-09 02:09:00
W000452,W000922,1,0.26272,1,2026-05-13 21:00:00,2026-05-13 21:00:00
W000452,W001332,1,0.234457,1,2026-05-10 02:48:00,2026-05-10 02:48:00
W000453,W000032,1,0.186525,1,2026-02-22 18:49:00,2026-02-22 18:49:00
W000453,W001100,1,1.944751,1,2026-01-17 23:39:00,2026-01-17 23:39:00
W000453,W002462,1,1.65402,1,2026-02-17 11:27:00,2026-02-17 11:27:00
W000454,W000491,1,0.167987,1,2026-05-07 04:14:00,2026-05-07 04:14:00
W000454,W002209,1,1.624298,1,2026-01-18 17:29:00,2026-01-18 17:29:00
W000454,W002241,1,0.29985,1,2026-01-12 08:55:00,2026-01-12 08:55:00
W000454,W002393,1,0.457959,1,2026-06-09 10:43:00,2026-06-09 10:43:00
W000455,W000109,1,0.523529,1,2026-03-15 01:40:00,2026-03-15 01:40:00
W000455,W000606,1,0.176862,1,2026-04-16 00:19:00,2026-04-16 00:19:00
W000455,W001897,1,0.622372,1,2026-03-28 01:13:00,2026-03-28 01:13:00
W000455,W002047,1,0.255324,1,2026-06-07 00:17:00,2026-06-07 00:17:00
W000456,W000030,1,0.298958,1,2026-02-05 20:32:00,2026-02-05 20:32:00
W000456,W000998,1,0.310657,1,2026-06-11 19:19:00,2026-06-11 19:19:00
W000456,W001424,1,0.432527,1,2026-03-17 09:59:00,2026-03-17 09:59:00
W000456,W001859,1,3.856092,1,2026-05-27 07:52:00,2026-05-27 07:52:00
W000457,W000634,1,0.619521,1,2026-03-03 19:29:00,2026-03-03 19:29:00
W000457,W001615,1,0.561148,1,2026-03-30 22:23:00,2026-03-30 22:23:00
W000457,W001818,1,0.243074,1,2026-06-10 10:40:00,2026-06-10 10:40:00
W000457,W002038,1,0.519807,1,2026-04-09 15:09:00,2026-04-09 15:09:00
W000457,W002207,1,1.545538,1,2026-06-04 04:58:00,2026-06-04 04:58:00
W000458,W001056,1,0.238922,1,2026-05-30 21:52:00,2026-05-30 21:52:00
W000458,W001475,1,0.721019,1,2026-03-05 10:58:00,2026-03-05 10:58:00
W000458,W002494,1,0.575169,1,2026-02-03 01:33:00,2026-02-03 01:33:00
W000459,W000269,1,0.204121,1,2026-06-06 03:09:00,2026-06-06 03:09:00
W000459,W000270,1,0.253113,1,2026-05-08 15:47:00,2026-05-08 15:47:00
W000459,W000403,1,0.335942,1,2026-03-05 01:42:00,2026-03-05 01:42:00
W000460,W001008,1,0.218525,1,2026-01-17 06:42:00,2026-01-17 06:42:00
W000460,W001220,1,1.657355,1,2026-06-28 23:59:00,2026-06-28 23:59:00
W000460,W002381,1,0.171614,1,2026-04-10 04:07:00,2026-04-10 04:07:00
W000461,W000433,1,0.472445,1,2026-04-23 18:28:00,2026-04-23 18:28:00
W000461,W000623,1,0.341524,1,2026-03-17 19:36:00,2026-03-17 19:36:00
W000461,W000784,1,0.417877,1,2026-04-09 20:18:00,2026-04-09 20:18:00
W000461,W001101,1,6.232786,1,2026-04-11 21:05:00,2026-04-11 21:05:00
W000462,W000078,1,0.088112,1,2026-01-08 04:31:00,2026-01-08 04:31:00
W000462,W000251,1,0.217672,1,2026-03-30 19:59:00,2026-03-30 19:59:00
W000462,W000427,1,0.400997,1,2026-05-24 09:27:00,2026-05-24 09:27:00
W000462,W001274,1,0.13149,1,2026-06-29 16:05:00,2026-06-29 16:05:00
W000462,W002240,1,0.585307,1,2026-03-25 05:32:00,2026-03-25 05:32:00
W000462,W002464,1,0.322054,1,2026-06-03 21:49:00,2026-06-03 21:49:00
W000463,W000525,1,0.258279,1,2026-06-03 09:26:00,2026-06-03 09:26:00
W000463,W000609,1,0.767196,1,2026-02-18 08:13:00,2026-02-18 08:13:00
W000463,W000634,1,0.750102,1,2026-04-01 07:23:00,2026-04-01 07:23:00
W000463,W000791,1,0.732624,1,2026-04-30 21:37:00,2026-04-30 21:37:00
W000463,W001032,1,0.474011,1,2026-02-20 22:47:00,2026-02-20 22:47:00
W000463,W001092,1,0.688839,1,2026-06-02 14:03:00,2026-06-02 14:03:00
W000463,W001257,1,0.165619,1,2026-04-06 23:47:00,2026-04-06 23:47:00
W000463,W001466,1,2.08578,1,2026-04-12 04:17:00,2026-04-12 04:17:00
W000463,W001521,1,0.98405,1,2026-01-06 06:18:00,2026-01-06 06:18:00
W000464,W000095,1,0.074829,1,2026-05-15 11:42:00,2026-05-15 11:42:00
W000464,W000409,1,0.429963,1,2026-05-16 23:52:00,2026-05-16 23:52:00
W000464,W001021,1,1.329548,1,2026-01-20 08:20:00,2026-01-20 08:20:00
W000464,W001935,1,0.424361,1,2026-05-05 08:29:00,2026-05-05 08:29:00
W000465,W001125,1,0.20541,1,2026-02-16 12:35:00,2026-02-16 12:35:00
W000465,W001922,1,0.18408,1,2026-05-12 20:47:00,2026-05-12 20:47:00
W000465,W001955,1,0.296417,1,2026-04-23 12:53:00,2026-04-23 12:53:00
W000466,W000323,1,0.376302,1,2026-01-19 05:27:00,2026-01-19 05:27:00
W000466,W000623,1,0.274217,1,2026-06-20 06:56:00,2026-06-20 06:56:00
W000466,W001866,1,0.511834,1,2026-02-05 15:13:00,2026-02-05 15:13:00
W000466,W002358,1,0.858605,1,2026-04-08 16:08:00,2026-04-08 16:08:00
W000467,W000064,1,0.347344,1,2026-01-23 12:25:00,2026-01-23 12:25:00
W000467,W000736,1,0.397674,1,2026-05-11 11:10:00,2026-05-11 11:10:00
W000467,W001837,1,0.851291,1,2026-02-17 12:52:00,2026-02-17 12:52:00
W000467,W002143,1,0.181662,1,2026-01-12 16:41:00,2026-01-12 16:41:00
W000467,W002329,1,0.52941,1,2026-06-07 14:36:00,2026-06-07 14:36:00
W000468,W000894,1,0.117835,1,2026-03-17 09:50:00,2026-03-17 09:50:00
W000468,W001594,1,0.536005,1,2026-06-24 08:30:00,2026-06-24 08:30:00
W000468,W001616,1,0.370063,1,2026-02-03 07:52:00,2026-02-03 07:52:00
W000468,W001933,1,0.36332,1,2026-05-17 00:08:00,2026-05-17 00:08:00
W000469,W000007,1,0.111166,1,2026-01-05 11:05:00,2026-01-05 11:05:00
W000469,W002105,1,0.130922,1,2026-05-20 13:02:00,2026-05-20 13:02:00
W000470,W002355,1,0.328027,1,2026-04-14 19:34:00,2026-04-14 19:34:00
W000471,W000153,1,0.751362,1,2026-02-04 07:41:00,2026-02-04 07:41:00
W000471,W000576,1,0.520982,1,2026-06-11 20:08:00,2026-06-11 20:08:00
W000471,W001270,1,0.180285,1,2026-04-11 16:07:00,2026-04-11 16:07:00
W000472,W001006,1,0.2118,1,2026-05-27 18:25:00,2026-05-27 18:25:00
W000472,W001625,1,0.386245,1,2026-02-21 10:30:00,2026-02-21 10:30:00
W000472,W002438,1,0.43181,1,2026-03-30 17:33:00,2026-03-30 17:33:00
W000473,W000656,1,0.9966,1,2026-03-02 18:16:00,2026-03-02 18:16:00
W000473,W000728,1,0.315046,1,2026-03-04 06:07:00,2026-03-04 06:07:00
W000473,W001445,1,0.24786,1,2026-04-23 00:52:00,2026-04-23 00:52:00
W000473,W001667,1,0.57367,1,2026-04-10 11:15:00,2026-04-10 11:15:00
W000474,W000862,1,1.099537,1,2026-05-05 18:40:00,2026-05-05 18:40:00
W000474,W001389,1,0.667814,1,2026-04-09 20:50:00,2026-04-09 20:50:00
W000475,W000012,1,0.870416,1,2026-06-18 03:05:00,2026-06-18 03:05:00
W000475,W001043,1,0.201008,1,2026-01-21 23:32:00,2026-01-21 23:32:00
W000475,W001138,1,0.306021,1,2026-05-03 17:19:00,2026-05-03 17:19:00
W000475,W001449,1,0.286612,1,2026-06-02 01:56:00,2026-06-02 01:56:00
W000475,W001994,1,0.245652,1,2026-02-03 12:53:00,2026-02-03 12:53:00
W000475,W002466,1,0.393397,1,2026-04-25 03:34:00,2026-04-25 03:34:00
W000476,W000163,1,1.328577,1,2026-02-16 12:31:00,2026-02-16 12:31:00
W000476,W000634,1,0.330652,1,2026-05-06 00:03:00,2026-05-06 00:03:00
W000476,W002013,1,0.422826,1,2026-01-15 19:01:00,2026-01-15 19:01:00
W000476,W002061,1,0.698291,1,2026-03-08 22:06:00,2026-03-08 22:06:00
W000476,W002216,1,0.343792,1,2026-06-21 13:25:00,2026-06-21 13:25:00
W000477,W000305,1,0.317685,1,2026-06-18 20:43:00,2026-06-18 20:43:00
W000477,W000372,1,0.348175,1,2026-01-22 22:04:00,2026-01-22 22:04:00
W000477,W000612,1,1.435701,1,2026-02-26 13:04:00,2026-02-26 13:04:00
W000477,W001251,1,0.38884,1,2026-05-22 04:05:00,2026-05-22 04:05:00
W000477,W001682,1,0.153251,1,2026-06-13 22:24:00,2026-06-13 22:24:00
W000477,W001733,1,0.238156,1,2026-06-16 23:37:00,2026-06-16 23:37:00
W000478,W000098,1,0.697296,1,2026-06-16 01:56:00,2026-06-16 01:56:00
W000478,W000204,1,0.56707,1,2026-01-23 20:12:00,2026-01-23 20:12:00
W000479,W000059,1,0.095932,1,2026-06-12 08:35:00,2026-06-12 08:35:00
W000479,W000226,1,0.439045,1,2026-02-07 11:42:00,2026-02-07 11:42:00
W000479,W001514,1,0.433559,1,2026-02-04 15:24:00,2026-02-04 15:24:00
W000480,W001509,1,1.595152,1,2026-06-10 17:20:00,2026-06-10 17:20:00
W000480,W001961,1,0.238639,1,2026-03-01 02:57:00,2026-03-01 02:57:00
W000480,W001999,1,1.727865,1,2026-05-23 09:31:00,2026-05-23 09:31:00
W000480,W002486,1,0.284167,1,2026-01-19 11:53:00,2026-01-19 11:53:00
W000481,W001516,1,0.456549,1,2026-01-29 21:05:00,2026-01-29 21:05:00
W000481,W002299,1,0.534895,1,2026-03-25 10:29:00,2026-03-25 10:29:00
W000482,W000190,1,1.036713,1,2026-04-01 13:40:00,2026-04-01 13:40:00
W000482,W000199,1,0.154949,1,2026-05-21 08:05:00,2026-05-21 08:05:00
W000483,W000382,1,0.832461,1,2026-06-19 14:43:00,2026-06-19 14:43:00
W000483,W002093,1,1.232293,1,2026-04-17 17:38:00,2026-04-17 17:38:00
W000484,W001408,1,1.232067,1,2026-04-05 00:35:00,2026-04-05 00:35:00
W000484,W001800,1,0.207614,1,2026-06-17 09:06:00,2026-06-17 09:06:00
W000484,W002499,1,0.319685,1,2026-06-03 05:04:00,2026-06-03 05:04:00
W000485,W000794,1,0.287394,1,2026-04-16 06:00:00,2026-04-16 06:00:00
W000485,W000861,1,0.291121,1,2026-03-06 13:52:00,2026-03-06 13:52:00
W000485,W001118,1,0.343519,1,2026-02-05 08:45:00,2026-02-05 08:45:00
W000485,W001319,1,0.683591,1,2026-03-26 05:06:00,2026-03-26 05:06:00
W000485,W002139,1,0.279706,1,2026-03-31 12:21:00,2026-03-31 12:21:00
W000486,W001117,1,0.691395,1,2026-02-25 10:45:00,2026-02-25 10:45:00
W000486,W001124,1,2.086279,1,2026-03-12 17:40:00,2026-03-12 17:40:00
W000486,W001363,1,3.122998,1,2026-01-22 19:01:00,2026-01-22 19:01:00
W000486,W001471,1,0.381023,1,2026-03-03 04:09:00,2026-03-03 04:09:00
W000487,W000201,1,2.065626,1,2026-06-21 05:18:00,2026-06-21 05:18:00
W000487,W000261,1,0.76921,1,2026-02-17 10:49:00,2026-02-17 10:49:00
W000487,W002415,1,0.065369,1,2026-01-01 23:48:00,2026-01-01 23:48:00
W000488,W000073,1,7.125285,1,2026-05-25 21:10:00,2026-05-25 21:10:00
W000488,W000468,1,0.538172,1,2026-01-21 21:58:00,2026-01-21 21:58:00
W000488,W001451,1,0.453837,1,2026-05-04 23:57:00,2026-05-04 23:57:00
W000489,W000942,1,0.610476,1,2026-01-15 17:38:00,2026-01-15 17:38:00
W000490,W000260,1,0.326612,1,2026-06-08 01:01:00,2026-06-08 01:01:00
W000490,W000805,1,0.146884,1,2026-01-25 01:33:00,2026-01-25 01:33:00
W000490,W001217,1,0.434222,1,2026-02-08 02:53:00,2026-02-08 02:53:00
W000490,W001624,1,1.440541,1,2026-04-18 08:31:00,2026-04-18 08:31:00
W000491,W000044,1,0.51723,1,2026-03-09 19:49:00,2026-03-09 19:49:00
W000491,W002041,1,0.326574,1,2026-01-22 06:25:00,2026-01-22 06:25:00
W000492,W000922,1,0.14653,1,2026-05-15 00:13:00,2026-05-15 00:13:00
W000493,W002074,1,0.404701,1,2026-05-30 17:16:00,2026-05-30 17:16:00
W000493,W002101,1,0.473716,1,2026-03-27 14:10:00,2026-03-27 14:10:00
W000494,W000050,1,0.261213,1,2026-05-13 14:22:00,2026-05-13 14:22:00
W000494,W001160,1,0.28571,1,2026-06-30 04:39:00,2026-06-30 04:39:00
W000494,W001710,1,0.632623,1,2026-02-02 09:48:00,2026-02-02 09:48:00
W000494,W002225,1,0.186802,1,2026-04-04 16:51:00,2026-04-04 16:51:00
W000495,W000392,1,0.485526,1,2026-04-12 02:13:00,2026-04-12 02:13:00
W000495,W000691,1,0.479751,1,2026-02-22 19:25:00,2026-02-22 19:25:00
W000495,W001643,1,0.229367,1,2026-02-14 04:10:00,2026-02-14 04:10:00
W000495,W001931,1,0.583688,1,2026-01-28 16:22:00,2026-01-28 16:22:00
W000495,W002080,1,0.255192,1,2026-04-09 16:13:00,2026-04-09 16:13:00
W000495,W002189,1,0.722192,1,2026-02-21 13:33:00,2026-02-21 13:33:00
W000496,W000257,1,0.248386,1,2026-04-28 14:37:00,2026-04-28 14:37:00
W000496,W000541,1,0.490447,1,2026-05-19 17:03:00,2026-05-19 17:03:00
W000496,W000573,1,1.026201,1,2026-02-20 18:16:00,2026-02-20 18:16:00
W000496,W000711,1,0.895089,1,2026-04-28 00:43:00,2026-04-28 00:43:00
W000496,W001023,1,0.580991,1,2026-02-03 18:33:00,2026-02-03 18:33:00
W000496,W001133,1,0.692688,1,2026-02-16 09:08:00,2026-02-16 09:08:00
W000496,W002110,1,0.20025,1,2026-06-30 07:29:00,2026-06-30 07:29:00
W000497,W001205,1,0.399337,1,2026-06-27 00:44:00,2026-06-27 00:44:00
W000497,W001287,1,0.797018,1,2026-01-16 03:44:00,2026-01-16 03:44:00
W000497,W001650,1,0.32561,1,2026-06-10 10:45:00,2026-06-10 10:45:00
W000497,W002231,1,0.544283,1,2026-05-09 21:55:00,2026-05-09 21:55:00
W000498,W000462,1,1.803965,1,2026-01-15 23:05:00,2026-01-15 23:05:00
W000498,W000613,1,0.512883,1,2026-04-18 18:05:00,2026-04-18 18:05:00
W000498,W000660,1,0.145377,1,2026-03-08 05:01:00,2026-03-08 05:01:00
W000498,W000780,1,0.644158,1,2026-01-01 08:21:00,2026-01-01 08:21:00
W000498,W000863,1,3.236301,1,2026-02-15 22:45:00,2026-02-15 22:45:00
W000498,W001240,1,0.244844,1,2026-04-06 04:21:00,2026-04-06 04:21:00
W000498,W001384,1,1.088998,1,2026-06-23 10:54:00,2026-06-23 10:54:00
W000498,W002018,1,0.610075,1,2026-03-15 16:37:00,2026-03-15 16:37:00
W000498,W002064,1,2.498492,1,2026-02-09 10:01:00,2026-02-09 10:01:00
W000498,W002427,1,0.264146,1,2026-03-24 04:48:00,2026-03-24 04:48:00
W000499,W000090,1,1.307239,1,2026-06-17 20:18:00,2026-06-17 20:18:00
W000499,W000503,1,0.460064,1,2026-05-13 02:46:00,2026-05-13 02:46:00
W000499,W001798,1,1.304695,1,2026-05-18 15:47:00,2026-05-18 15:47:00
W000499,W002065,1,0.356231,1,2026-02-09 03:18:00,2026-02-09 03:18:00
W000500,W000708,1,0.079956,1,2026-04-02 04:58:00,2026-04-02 04:58:00
W000500,W000834,1,0.573924,1,2026-04-05 02:01:00,2026-04-05 02:01:00
W000500,W001070,1,3.840373,1,2026-05-20 04:55:00,2026-05-20 04:55:00
W000500,W001882,1,0.152588,1,2026-03-25 08:31:00,2026-03-25 08:31:00
W000501,W000114,1,0.479071,1,2026-05-21 09:36:00,2026-05-21 09:36:00
W000501,W000686,1,0.366286,1,2026-01-25 11:43:00,2026-01-25 11:43:00
W000502,W000955,1,0.428542,1,2026-06-26 08:36:00,2026-06-26 08:36:00
W000502,W001206,1,0.185652,1,2026-05-01 15:51:00,2026-05-01 15:51:00
W000502,W001265,1,4.818603,1,2026-01-06 23:01:00,2026-01-06 23:01:00
W000502,W002010,1,0.499639,1,2026-05-04 02:20:00,2026-05-04 02:20:00
W000502,W002229,1,0.087028,1,2026-01-24 07:55:00,2026-01-24 07:55:00
W000503,W000469,1,0.319296,1,2026-05-06 00:45:00,2026-05-06 00:45:00
W000503,W000620,1,0.39057,1,2026-02-16 00:00:00,2026-02-16 00:00:00
W000503,W001031,1,0.199019,1,2026-03-30 13:30:00,2026-03-30 13:30:00
W000503,W001440,1,0.293003,1,2026-06-28 02:36:00,2026-06-28 02:36:00
W000503,W002119,1,0.34654,1,2026-06-22 19:30:00,2026-06-22 19:30:00
W000504,W000490,1,0.66243,1,2026-04-21 08:12:00,2026-04-21 08:12:00
W000505,W000097,1,0.372532,1,2026-04-19 13:51:00,2026-04-19 13:51:00
W000505,W000547,1,0.113729,1,2026-01-02 10:19:00,2026-01-02 10:19:00
W000505,W001407,1,0.67247,1,2026-06-28 17:12:00,2026-06-28 17:12:00
W000505,W002120,1,0.200209,1,2026-05-11 22:15:00,2026-05-11 22:15:00
W000505,W002265,1,0.238839,1,2026-03-04 21:55:00,2026-03-04 21:55:00
W000506,W000867,1,10.904286,1,2026-05-01 02:01:00,2026-05-01 02:01:00
W000507,W000024,1,0.565377,1,2026-01-31 22:48:00,2026-01-31 22:48:00
W000507,W000235,1,0.564214,1,2026-06-02 01:42:00,2026-06-02 01:42:00
W000507,W000468,1,1.386736,1,2026-04-07 10:41:00,2026-04-07 10:41:00
W000507,W000939,1,0.430171,1,2026-04-27 17:33:00,2026-04-27 17:33:00
W000508,W000502,1,0.921486,1,2026-01-27 15:17:00,2026-01-27 15:17:00
W000508,W000509,1,0.560244,1,2026-01-18 14:21:00,2026-01-18 14:21:00
W000508,W001142,1,0.388961,1,2026-04-29 09:34:00,2026-04-29 09:34:00
W000509,W000159,1,0.585779,1,2026-03-14 15:59:00,2026-03-14 15:59:00
W000509,W000380,1,1.539133,1,2026-01-16 01:01:00,2026-01-16 01:01:00
W000509,W002034,1,0.154248,1,2026-05-07 04:42:00,2026-05-07 04:42:00
W000510,W001363,1,1.108002,1,2026-02-06 22:38:00,2026-02-06 22:38:00
W000510,W001738,1,0.141057,1,2026-04-07 22:15:00,2026-04-07 22:15:00
W000510,W001748,1,0.582183,1,2026-05-13 08:01:00,2026-05-13 08:01:00
W000511,W000799,1,0.448584,1,2026-05-02 16:36:00,2026-05-02 16:36:00
W000511,W001190,1,0.151454,1,2026-03-08 23:26:00,2026-03-08 23:26:00
W000511,W002323,1,0.821423,1,2026-06-18 22:37:00,2026-06-18 22:37:00
W000512,W000729,1,0.352668,1,2026-04-16 07:09:00,2026-04-16 07:09:00
W000512,W001041,1,0.656044,1,2026-04-29 18:53:00,2026-04-29 18:53:00
W000512,W001163,1,0.357785,1,2026-02-10 18:30:00,2026-02-10 18:30:00
W000512,W001724,1,0.795885,1,2026-06-19 11:41:00,2026-06-19 11:41:00
W000512,W002046,1,1.484835,1,2026-03-09 08:00:00,2026-03-09 08:00:00
W000513,W000218,1,0.940449,1,2026-05-08 00:31:00,2026-05-08 00:31:00
W000513,W000224,1,1.127685,1,2026-02-03 09:35:00,2026-02-03 09:35:00
W000513,W000314,1,0.875946,1,2026-01-16 21:21:00,2026-01-16 21:21:00
W000513,W001581,1,0.496892,1,2026-01-13 15:55:00,2026-01-13 15:55:00
W000513,W002067,1,0.370695,1,2026-02-14 04:27:00,2026-02-14 04:27:00
W000514,W000149,1,0.154738,1,2026-02-14 04:32:00,2026-02-14 04:32:00
W000514,W000358,1,0.142066,1,2026-01-26 00:15:00,2026-01-26 00:15:00
W000514,W000729,1,0.301247,1,2026-06-05 16:12:00,2026-06-05 16:12:00
W000514,W000787,1,0.403923,1,2026-05-28 04:01:00,2026-05-28 04:01:00
W000514,W001133,1,0.419465,1,2026-05-14 05:58:00,2026-05-14 05:58:00
W000514,W002139,1,0.6634,1,2026-06-08 07:55:00,2026-06-08 07:55:00
W000514,W002382,1,1.185896,1,2026-02-16 09:15:00,2026-02-16 09:15:00
W000515,W000174,1,0.609428,1,2026-03-20 11:13:00,2026-03-20 11:13:00
W000515,W000713,1,0.405895,1,2026-04-01 08:24:00,2026-04-01 08:24:00
W000515,W000766,1,0.669901,1,2026-01-12 11:55:00,2026-01-12 11:55:00
W000515,W001214,1,0.183825,1,2026-05-28 20:02:00,2026-05-28 20:02:00
W000515,W001500,1,0.366864,1,2026-05-17 11:50:00,2026-05-17 11:50:00
W000515,W002035,1,1.123182,1,2026-02-07 16:42:00,2026-02-07 16:42:00
W000515,W002105,1,0.200483,1,2026-06-18 01:09:00,2026-06-18 01:09:00
W000516,W000432,1,1.793839,1,2026-03-17 12:35:00,2026-03-17 12:35:00
W000516,W000710,1,0.397475,1,2026-05-06 15:25:00,2026-05-06 15:25:00
W000516,W001346,1,0.164895,1,2026-04-26 22:12:00,2026-04-26 22:12:00
W000516,W002419,1,0.807267,1,2026-02-27 07:33:00,2026-02-27 07:33:00
W000517,W000380,1,0.694865,1,2026-01-30 00:33:00,2026-01-30 00:33:00
W000517,W000638,1,0.357652,1,2026-06-09 22:10:00,2026-06-09 22:10:00
W000517,W000742,1,0.817451,1,2026-04-10 08:44:00,2026-04-10 08:44:00
W000517,W000782,1,0.506015,1,2026-02-22 07:04:00,2026-02-22 07:04:00
W000517,W002137,1,0.257198,1,2026-02-24 17:08:00,2026-02-24 17:08:00
W000518,W000147,1,0.197477,1,2026-02-20 20:17:00,2026-02-20 20:17:00
W000518,W001071,1,0.397616,1,2026-03-31 10:05:00,2026-03-31 10:05:00
W000518,W002086,1,1.088179,1,2026-01-10 00:58:00,2026-01-10 00:58:00
W000519,W000062,1,0.153634,1,2026-04-26 16:21:00,2026-04-26 16:21:00
W000519,W000076,1,0.142276,1,2026-04-11 01:18:00,2026-04-11 01:18:00
W000519,W000106,1,0.306647,1,2026-04-14 02:49:00,2026-04-14 02:49:00
W000520,W000136,1,0.223415,1,2026-04-25 12:41:00,2026-04-25 12:41:00
W000520,W000229,1,0.658753,1,2026-03-28 11:59:00,2026-03-28 11:59:00
W000520,W000261,1,0.230035,1,2026-02-03 23:50:00,2026-02-03 23:50:00
W000520,W000364,1,1.884739,1,2026-03-22 06:31:00,2026-03-22 06:31:00
W000520,W000629,1,0.131965,1,2026-06-15 18:39:00,2026-06-15 18:39:00
W000520,W000740,1,0.345406,1,2026-04-14 13:31:00,2026-04-14 13:31:00
W000520,W001942,1,0.423951,1,2026-03-04 15:04:00,2026-03-04 15:04:00
W000520,W002267,1,0.7394,1,2026-05-25 20:26:00,2026-05-25 20:26:00
W000521,W000005,1,0.434656,1,2026-03-05 17:38:00,2026-03-05 17:38:00
W000521,W000740,1,0.20699,1,2026-03-17 21:11:00,2026-03-17 21:11:00
W000521,W001617,1,0.277415,1,2026-04-22 01:12:00,2026-04-22 01:12:00
W000521,W001734,1,0.578649,1,2026-05-28 15:27:00,2026-05-28 15:27:00
W000522,W000829,1,0.809002,1,2026-04-16 05:28:00,2026-04-16 05:28:00
W000522,W001608,1,0.437593,1,2026-03-10 15:11:00,2026-03-10 15:11:00
W000522,W001820,1,1.844348,1,2026-01-29 10:29:00,2026-01-29 10:29:00
W000522,W001825,1,0.133083,1,2026-02-03 06:04:00,2026-02-03 06:04:00
W000522,W001835,1,0.2734,1,2026-01-16 14:44:00,2026-01-16 14:44:00
W000522,W002251,1,1.024771,1,2026-03-13 09:00:00,2026-03-13 09:00:00
W000522,W002257,1,0.860509,1,2026-03-25 10:48:00,2026-03-25 10:48:00
W000523,W000314,1,0.542594,1,2026-05-22 17:14:00,2026-05-22 17:14:00
W000523,W000333,1,0.584691,1,2026-05-08 12:55:00,2026-05-08 12:55:00
W000523,W000520,1,0.760584,1,2026-01-08 10:43:00,2026-01-08 10:43:00
W000523,W000842,1,0.612633,1,2026-01-06 23:17:00,2026-01-06 23:17:00
W000523,W002301,1,0.606227,1,2026-03-10 10:16:00,2026-03-10 10:16:00
W000524,W001144,1,1.528245,1,2026-01-17 10:11:00,2026-01-17 10:11:00
W000524,W001504,1,0.246573,1,2026-02-15 18:23:00,2026-02-15 18:23:00
W000524,W001543,1,0.426498,1,2026-03-23 23:52:00,2026-03-23 23:52:00
W000524,W001957,1,0.429503,1,2026-03-25 18:59:00,2026-03-25 18:59:00
W000525,W000192,1,0.723891,1,2026-01-23 02:49:00,2026-01-23 02:49:00
W000525,W000268,1,0.195677,1,2026-04-17 23:11:00,2026-04-17 23:11:00
W000525,W001497,1,0.43227,1,2026-04-13 17:59:00,2026-04-13 17:59:00
W000525,W001542,1,1.073301,1,2026-02-21 23:15:00,2026-02-21 23:15:00
W000525,W002448,1,1.528026,1,2026-01-08 11:17:00,2026-01-08 11:17:00
W000526,W001069,1,0.181563,1,2026-01-16 20:59:00,2026-01-16 20:59:00
W000526,W001330,1,0.185965,1,2026-04-16 19:21:00,2026-04-16 19:21:00
W000526,W001696,1,0.168014,1,2026-02-13 11:58:00,2026-02-13 11:58:00
W000527,W000206,1,0.320631,1,2026-04-08 06:53:00,2026-04-08 06:53:00
W000527,W000706,1,1.194529,1,2026-02-15 04:11:00,2026-02-15 04:11:00
W000527,W000895,1,0.198556,1,2026-05-09 04:10:00,2026-05-09 04:10:00
W000527,W001515,1,0.555295,1,2026-02-11 16:22:00,2026-02-11 16:22:00
W000527,W002122,1,0.458863,1,2026-02-09 03:42:00,2026-02-09 03:42:00
W000527,W002226,1,0.708253,1,2026-01-16 07:05:00,2026-01-16 07:05:00
W000528,W000211,1,0.623399,1,2026-02-17 00:10:00,2026-02-17 00:10:00
W000528,W000700,1,0.168866,1,2026-01-03 12:50:00,2026-01-03 12:50:00
W000528,W000842,1,0.246512,1,2026-03-27 06:43:00,2026-03-27 06:43:00
W000528,W001338,1,1.611346,1,2026-03-05 06:47:00,2026-03-05 06:47:00
W000528,W002377,1,0.995402,1,2026-04-23 20:51:00,2026-04-23 20:51:00
W000529,W000665,1,0.817005,1,2026-03-12 22:07:00,2026-03-12 22:07:00
W000529,W001296,1,0.925008,1,2026-04-25 13:37:00,2026-04-25 13:37:00
W000529,W001798,1,0.289934,1,2026-04-09 16:25:00,2026-04-09 16:25:00
W000530,W000075,1,0.194988,1,2026-03-12 14:10:00,2026-03-12 14:10:00
W000530,W000243,1,0.300528,1,2026-06-05 18:54:00,2026-06-05 18:54:00
W000530,W000505,1,0.134476,1,2026-04-09 18:34:00,2026-04-09 18:34:00
W000530,W000524,1,0.408319,1,2026-03-31 12:28:00,2026-03-31 12:28:00
W000530,W001892,1,0.58304,1,2026-03-29 14:13:00,2026-03-29 14:13:00
W000530,W002287,1,0.277106,1,2026-01-03 18:59:00,2026-01-03 18:59:00
W000531,W000055,1,1.353508,1,2026-01-07 08:18:00,2026-01-07 08:18:00
W000531,W000380,1,0.216626,1,2026-05-17 06:37:00,2026-05-17 06:37:00
W000531,W001878,1,0.276771,1,2026-04-02 18:25:00,2026-04-02 18:25:00
W000531,W002027,1,0.458605,1,2026-06-15 16:18:00,2026-06-15 16:18:00
W000532,W000235,1,0.588106,1,2026-05-18 09:18:00,2026-05-18 09:18:00
W000532,W001719,1,0.415895,1,2026-04-17 19:40:00,2026-04-17 19:40:00
W000532,W002320,1,0.295236,1,2026-05-28 01:04:00,2026-05-28 01:04:00
W000533,W000115,1,0.2742,1,2026-01-25 17:05:00,2026-01-25 17:05:00
W000533,W000302,1,0.331437,1,2026-06-03 01:04:00,2026-06-03 01:04:00
W000533,W000438,1,0.808622,1,2026-03-05 06:27:00,2026-03-05 06:27:00
W000533,W000503,1,0.082211,1,2026-06-15 15:49:00,2026-06-15 15:49:00
W000533,W000546,1,0.948354,1,2026-05-09 06:32:00,2026-05-09 06:32:00
W000533,W000931,1,0.973493,1,2026-05-15 06:14:00,2026-05-15 06:14:00
W000533,W001057,1,0.204045,1,2026-06-23 19:34:00,2026-06-23 19:34:00
W000533,W001923,1,0.09039,1,2026-03-13 02:24:00,2026-03-13 02:24:00
W000533,W002110,1,0.190803,1,2026-05-03 17:54:00,2026-05-03 17:54:00
W000534,W000495,1,0.601222,1,2026-05-28 15:49:00,2026-05-28 15:49:00
W000534,W000730,1,0.542312,1,2026-03-30 05:31:00,2026-03-30 05:31:00
W000534,W000893,1,0.525464,1,2026-02-10 09:03:00,2026-02-10 09:03:00
W000534,W001198,1,5.225846,1,2026-03-03 11:54:00,2026-03-03 11:54:00
W000534,W001466,1,0.908505,1,2026-03-26 13:16:00,2026-03-26 13:16:00
W000534,W001818,1,0.166723,1,2026-05-28 09:34:00,2026-05-28 09:34:00
W000535,W000127,1,0.925951,1,2026-03-28 05:03:00,2026-03-28 05:03:00
W000535,W000378,1,0.21577,1,2026-04-29 15:40:00,2026-04-29 15:40:00
W000535,W000635,1,0.217289,1,2026-02-24 06:59:00,2026-02-24 06:59:00
W000535,W001348,1,0.214057,1,2026-05-16 02:07:00,2026-05-16 02:07:00
W000535,W002104,1,1.819236,1,2026-05-13 01:32:00,2026-05-13 01:32:00
W000536,W000173,1,0.373349,1,2026-01-26 14:51:00,2026-01-26 14:51:00
W000536,W000710,1,0.287946,1,2026-05-18 20:48:00,2026-05-18 20:48:00
W000536,W000801,1,0.162347,1,2026-06-15 17:03:00,2026-06-15 17:03:00
W000536,W000805,1,0.927579,1,2026-04-08 12:34:00,2026-04-08 12:34:00
W000536,W001117,1,0.591536,1,2026-02-17 07:28:00,2026-02-17 07:28:00
W000537,W001845,1,0.174843,1,2026-01-03 06:01:00,2026-01-03 06:01:00
W000537,W002429,1,0.386486,1,2026-05-31 11:03:00,2026-05-31 11:03:00
W000538,W000224,1,0.915132,1,2026-02-07 16:21:00,2026-02-07 16:21:00
W000538,W001965,1,1.020402,1,2026-03-23 08:54:00,2026-03-23 08:54:00
W000538,W002267,1,0.76228,1,2026-05-17 05:32:00,2026-05-17 05:32:00
W000539,W000225,1,0.616344,1,2026-02-10 00:48:00,2026-02-10 00:48:00
W000539,W000684,1,0.887931,1,2026-03-29 05:23:00,2026-03-29 05:23:00
W000539,W000705,1,0.230829,1,2026-04-06 07:36:00,2026-04-06 07:36:00
W000539,W001149,1,2.703292,1,2026-03-13 16:26:00,2026-03-13 16:26:00
W000539,W001340,1,1.165453,1,2026-05-10 12:13:00,2026-05-10 12:13:00
W000539,W001607,1,0.217311,1,2026-02-10 10:33:00,2026-02-10 10:33:00
W000540,W001813,1,0.427853,1,2026-05-17 14:23:00,2026-05-17 14:23:00
W000540,W002354,1,0.321368,1,2026-01-21 15:42:00,2026-01-21 15:42:00
W000541,W000099,1,0.149441,1,2026-01-24 23:27:00,2026-01-24 23:27:00
W000541,W000317,1,0.923092,1,2026-04-07 13:38:00,2026-04-07 13:38:00
W000541,W001631,1,0.269182,1,2026-04-03 11:07:00,2026-04-03 11:07:00
W000543,W001844,1,0.164757,1,2026-06-04 10:11:00,2026-06-04 10:11:00
W000543,W002462,1,0.65586,1,2026-04-20 18:12:00,2026-04-20 18:12:00
W000544,W000743,1,1.157532,1,2026-05-05 09:57:00,2026-05-05 09:57:00
W000544,W001523,1,0.154353,1,2026-06-15 22:53:00,2026-06-15 22:53:00
W000544,W002095,1,0.2477,1,2026-02-14 00:37:00,2026-02-14 00:37:00
W000545,W000874,1,1.240852,1,2026-04-27 18:50:00,2026-04-27 18:50:00
W000545,W001432,1,0.21453,1,2026-06-22 16:07:00,2026-06-22 16:07:00
W000545,W001616,1,3.519126,1,2026-02-28 16:32:00,2026-02-28 16:32:00
W000545,W002319,1,0.221714,1,2026-04-14 11:04:00,2026-04-14 11:04:00
W000546,W001648,1,1.289785,1,2026-03-29 20:58:00,2026-03-29 20:58:00
W000546,W002101,1,0.149354,1,2026-03-22 07:38:00,2026-03-22 07:38:00
W000546,W002308,1,0.443216,1,2026-03-11 18:44:00,2026-03-11 18:44:00
W000546,W002441,1,0.882605,1,2026-01-24 09:44:00,2026-01-24 09:44:00
W000547,W000152,1,0.939726,1,2026-06-14 23:05:00,2026-06-14 23:05:00
W000547,W001063,1,0.504463,1,2026-06-01 17:14:00,2026-06-01 17:14:00
W000547,W001486,1,0.719531,1,2026-06-16 07:30:00,2026-06-16 07:30:00
W000548,W000422,1,0.255701,1,2026-01-01 20:12:00,2026-01-01 20:12:00
W000548,W001114,1,0.209375,1,2026-01-13 08:56:00,2026-01-13 08:56:00
W000548,W001514,1,0.470992,1,2026-05-13 11:06:00,2026-05-13 11:06:00
W000548,W002033,1,0.310765,1,2026-04-10 20:58:00,2026-04-10 20:58:00
W000549,W000990,1,0.711011,1,2026-03-15 17:24:00,2026-03-15 17:24:00
W000549,W002029,1,0.18798,1,2026-06-09 08:51:00,2026-06-09 08:51:00
W000549,W002421,1,0.203826,1,2026-02-25 01:06:00,2026-02-25 01:06:00
W000550,W000154,1,1.056842,1,2026-05-07 04:57:00,2026-05-07 04:57:00
W000550,W000248,1,0.520671,1,2026-05-29 20:58:00,2026-05-29 20:58:00
W000550,W000303,1,0.791167,1,2026-03-11 23:03:00,2026-03-11 23:03:00
W000550,W000494,1,0.304782,1,2026-03-09 20:11:00,2026-03-09 20:11:00
W000550,W000872,1,0.517863,1,2026-03-24 20:51:00,2026-03-24 20:51:00
W000550,W001885,1,0.296146,1,2026-05-10 00:56:00,2026-05-10 00:56:00
W000551,W001500,1,0.922016,1,2026-06-26 04:51:00,2026-06-26 04:51:00
W000551,W001794,1,0.421104,1,2026-05-28 16:27:00,2026-05-28 16:27:00
W000552,W001371,1,0.301548,1,2026-01-25 12:17:00,2026-01-25 12:17:00
W000552,W001618,1,2.274037,1,2026-04-07 17:40:00,2026-04-07 17:40:00
W000552,W002326,1,0.207336,1,2026-05-21 20:43:00,2026-05-21 20:43:00
W000554,W000126,1,0.294568,1,2026-02-11 14:28:00,2026-02-11 14:28:00
W000554,W000145,1,0.627166,1,2026-01-17 13:56:00,2026-01-17 13:56:00
W000554,W000667,1,0.683849,1,2026-02-23 14:20:00,2026-02-23 14:20:00
W000554,W000702,1,0.213944,1,2026-06-10 16:28:00,2026-06-10 16:28:00
W000554,W001861,1,0.397812,1,2026-04-02 23:54:00,2026-04-02 23:54:00
W000554,W001952,1,0.892968,1,2026-05-29 06:14:00,2026-05-29 06:14:00
W000555,W001170,1,0.903061,1,2026-05-22 03:22:00,2026-05-22 03:22:00
W000555,W001758,1,0.314909,1,2026-06-17 17:54:00,2026-06-17 17:54:00
W000556,W001165,1,0.504529,1,2026-04-03 20:51:00,2026-04-03 20:51:00
W000556,W001660,1,0.238261,1,2026-01-04 16:49:00,2026-01-04 16:49:00
W000556,W001835,1,0.165168,1,2026-01-08 11:16:00,2026-01-08 11:16:00
W000556,W001838,1,0.173614,1,2026-06-06 09:02:00,2026-06-06 09:02:00
W000556,W002337,1,0.5733,1,2026-01-27 05:27:00,2026-01-27 05:27:00
W000556,W002493,1,0.35779,1,2026-03-06 17:43:00,2026-03-06 17:43:00
W000557,W000512,1,0.485069,1,2026-03-23 18:13:00,2026-03-23 18:13:00
W000557,W002081,1,0.609057,1,2026-02-03 20:13:00,2026-02-03 20:13:00
W000558,W000563,1,0.31601,1,2026-01-25 21:43:00,2026-01-25 21:43:00
W000558,W001126,1,0.380279,1,2026-05-22 00:49:00,2026-05-22 00:49:00
W000558,W001916,1,0.922672,1,2026-01-22 16:01:00,2026-01-22 16:01:00
W000558,W002024,1,0.506085,1,2026-05-04 19:04:00,2026-05-04 19:04:00
W000558,W002464,1,1.389176,1,2026-05-17 03:44:00,2026-05-17 03:44:00
W000559,W000162,1,0.759937,1,2026-02-19 22:18:00,2026-02-19 22:18:00
W000559,W001593,1,0.483166,1,2026-01-17 12:03:00,2026-01-17 12:03:00
W000559,W002025,1,0.290164,1,2026-05-24 08:39:00,2026-05-24 08:39:00
W000560,W000289,1,0.575544,1,2026-03-29 01:24:00,2026-03-29 01:24:00
W000560,W001646,1,0.589018,1,2026-03-16 19:29:00,2026-03-16 19:29:00
W000560,W001757,1,0.701217,1,2026-05-06 04:31:00,2026-05-06 04:31:00
W000560,W002188,1,1.013311,1,2026-06-22 00:50:00,2026-06-22 00:50:00
W000560,W002262,1,0.317328,1,2026-01-27 01:35:00,2026-01-27 01:35:00
W000561,W000870,1,0.182902,1,2026-04-23 04:12:00,2026-04-23 04:12:00
W000562,W000059,1,0.961741,1,2026-03-04 15:36:00,2026-03-04 15:36:00
W000562,W000320,1,0.38559,1,2026-04-30 07:26:00,2026-04-30 07:26:00
W000562,W001105,1,1.456706,1,2026-04-21 04:24:00,2026-04-21 04:24:00
W000562,W001326,1,0.157867,1,2026-06-27 16:09:00,2026-06-27 16:09:00
W000562,W001855,1,0.213829,1,2026-04-04 09:04:00,2026-04-04 09:04:00
W000562,W001960,1,0.429527,1,2026-02-02 20:23:00,2026-02-02 20:23:00
W000562,W002180,1,0.09948,1,2026-04-05 10:20:00,2026-04-05 10:20:00
W000562,W002354,1,0.600829,1,2026-01-05 05:01:00,2026-01-05 05:01:00
W000563,W000073,1,0.372597,1,2026-01-16 22:12:00,2026-01-16 22:12:00
W000563,W000075,1,0.539362,1,2026-04-19 18:08:00,2026-04-19 18:08:00
W000563,W000200,1,0.475185,1,2026-03-28 18:40:00,2026-03-28 18:40:00
W000563,W000534,1,1.389166,1,2026-06-01 05:23:00,2026-06-01 05:23:00
W000563,W001590,1,2.495652,1,2026-02-21 13:07:00,2026-02-21 13:07:00
W000564,W001691,1,0.128646,1,2026-05-16 15:30:00,2026-05-16 15:30:00
W000565,W000681,1,0.81889,1,2026-05-02 16:22:00,2026-05-02 16:22:00
W000565,W001411,1,0.20202,1,2026-05-01 01:47:00,2026-05-01 01:47:00
W000565,W001635,1,0.241447,1,2026-01-12 18:07:00,2026-01-12 18:07:00
W000565,W001736,1,0.861835,1,2026-06-04 17:50:00,2026-06-04 17:50:00
W000566,W000033,1,0.387176,1,2026-03-03 15:26:00,2026-03-03 15:26:00
W000566,W000446,1,0.729994,1,2026-02-28 10:35:00,2026-02-28 10:35:00
W000566,W000901,1,0.897708,1,2026-05-14 23:31:00,2026-05-14 23:31:00
W000566,W002027,1,0.304124,1,2026-05-04 08:37:00,2026-05-04 08:37:00
W000566,W002196,1,0.237823,1,2026-04-26 06:34:00,2026-04-26 06:34:00
W000566,W002274,1,11.856264,1,2026-05-30 02:51:00,2026-05-30 02:51:00
W000567,W000048,1,0.21586,1,2026-02-03 17:46:00,2026-02-03 17:46:00
W000567,W000698,1,0.347144,1,2026-04-16 23:44:00,2026-04-16 23:44:00
W000567,W000854,1,1.324157,1,2026-02-25 03:58:00,2026-02-25 03:58:00
W000567,W000957,1,0.754681,1,2026-01-15 07:57:00,2026-01-15 07:57:00
W000567,W000972,1,1.02759,1,2026-02-28 18:31:00,2026-02-28 18:31:00
W000568,W000487,1,6.389478,1,2026-04-09 23:27:00,2026-04-09 23:27:00
W000568,W000633,1,1.122254,1,2026-05-26 23:55:00,2026-05-26 23:55:00
W000568,W000681,1,0.602898,1,2026-05-22 07:41:00,2026-05-22 07:41:00
W000568,W001396,1,0.501684,1,2026-03-26 04:51:00,2026-03-26 04:51:00
W000569,W000258,1,0.261522,1,2026-04-17 04:59:00,2026-04-17 04:59:00
W000569,W000412,1,1.179243,1,2026-05-30 15:48:00,2026-05-30 15:48:00
W000569,W000800,1,0.581325,1,2026-02-03 02:55:00,2026-02-03 02:55:00
W000569,W001121,1,0.535405,1,2026-01-19 08:19:00,2026-01-19 08:19:00
W000569,W001239,1,0.849595,1,2026-03-25 22:39:00,2026-03-25 22:39:00
W000569,W002023,1,0.902987,1,2026-05-03 14:56:00,2026-05-03 14:56:00
W000570,W000273,1,0.585348,1,2026-03-11 00:07:00,2026-03-11 00:07:00
W000570,W002324,1,0.41485,1,2026-06-18 14:13:00,2026-06-18 14:13:00
W000570,W002359,1,4.341128,1,2026-01-21 01:14:00,2026-01-21 01:14:00
W000571,W000369,1,0.317101,1,2026-06-21 23:33:00,2026-06-21 23:33:00
W000571,W001489,1,0.247988,1,2026-01-22 09:16:00,2026-01-22 09:16:00
W000571,W002148,1,0.746658,1,2026-02-02 13:59:00,2026-02-02 13:59:00
W000572,W000115,1,2.435908,1,2026-01-16 12:31:00,2026-01-16 12:31:00
W000572,W000353,1,0.651392,1,2026-06-14 11:46:00,2026-06-14 11:46:00
W000572,W000520,1,1.409497,1,2026-01-06 19:18:00,2026-01-06 19:18:00
W000572,W000917,1,0.601709,1,2026-04-12 23:16:00,2026-04-12 23:16:00
W000572,W000920,1,0.422063,1,2026-05-14 05:15:00,2026-05-14 05:15:00
W000572,W001042,1,0.668996,1,2026-06-19 20:12:00,2026-06-19 20:12:00
W000572,W001295,1,0.369689,1,2026-03-07 05:41:00,2026-03-07 05:41:00
W000572,W001418,1,0.735001,1,2026-04-14 02:28:00,2026-04-14 02:28:00
W000572,W002464,1,0.935513,1,2026-06-18 19:15:00,2026-06-18 19:15:00
W000573,W000682,1,0.998519,1,2026-02-07 10:24:00,2026-02-07 10:24:00
W000573,W000710,1,0.611449,1,2026-04-17 11:02:00,2026-04-17 11:02:00
W000573,W001013,1,0.346804,1,2026-01-01 23:48:00,2026-01-01 23:48:00
W000574,W001927,1,0.352297,1,2026-06-16 15:47:00,2026-06-16 15:47:00
W000575,W001169,1,0.17224,1,2026-05-01 20:48:00,2026-05-01 20:48:00
W000575,W001774,1,0.796338,1,2026-01-29 19:20:00,2026-01-29 19:20:00
W000575,W002050,1,0.639432,1,2026-06-15 04:50:00,2026-06-15 04:50:00
W000575,W002468,1,1.198709,1,2026-02-06 22:21:00,2026-02-06 22:21:00
W000576,W000901,1,0.891236,1,2026-03-10 15:27:00,2026-03-10 15:27:00
W000576,W001305,1,0.875729,1,2026-03-03 12:08:00,2026-03-03 12:08:00
W000576,W001894,1,0.173539,1,2026-05-14 20:43:00,2026-05-14 20:43:00
W000577,W000829,1,0.537182,1,2026-06-12 13:32:00,2026-06-12 13:32:00
W000577,W001237,1,0.535151,1,2026-03-20 23:20:00,2026-03-20 23:20:00
W000577,W002219,1,0.28709,1,2026-06-02 22:39:00,2026-06-02 22:39:00
W000577,W002334,1,0.452561,1,2026-02-15 12:22:00,2026-02-15 12:22:00
W000578,W001999,1,0.692156,1,2026-02-16 17:35:00,2026-02-16 17:35:00
W000578,W002200,1,0.309428,1,2026-05-11 22:15:00,2026-05-11 22:15:00
W000579,W000499,1,4.375919,1,2026-01-10 02:16:00,2026-01-10 02:16:00
W000579,W001175,1,0.295333,1,2026-02-18 05:31:00,2026-02-18 05:31:00
W000579,W002160,1,0.331767,1,2026-05-12 01:16:00,2026-05-12 01:16:00
W000580,W000918,1,0.204798,1,2026-02-06 11:11:00,2026-02-06 11:11:00
W000580,W001700,1,11.147195,1,2026-01-02 01:31:00,2026-01-02 01:31:00
W000580,W002417,1,0.08303,1,2026-06-13 11:16:00,2026-06-13 11:16:00
W000581,W000064,1,0.447952,1,2026-06-06 05:39:00,2026-06-06 05:39:00
W000581,W001703,1,0.103408,1,2026-05-14 10:47:00,2026-05-14 10:47:00
W000581,W002015,1,0.111911,1,2026-03-07 05:51:00,2026-03-07 05:51:00
W000581,W002231,1,0.551861,1,2026-01-04 15:25:00,2026-01-04 15:25:00
W000582,W000514,1,0.149736,1,2026-02-14 02:35:00,2026-02-14 02:35:00
W000582,W001110,1,3.844639,1,2026-04-04 01:13:00,2026-04-04 01:13:00
W000582,W001876,1,1.516073,1,2026-05-22 02:55:00,2026-05-22 02:55:00
W000582,W001976,1,0.3756,1,2026-04-07 07:12:00,2026-04-07 07:12:00
W000583,W000001,1,1.088152,1,2026-04-03 20:41:00,2026-04-03 20:41:00
W000583,W000750,1,0.638023,1,2026-03-05 14:04:00,2026-03-05 14:04:00
W000583,W002402,1,0.697948,1,2026-03-27 17:56:00,2026-03-27 17:56:00
W000584,W000304,1,0.453993,1,2026-03-24 01:23:00,2026-03-24 01:23:00
W000584,W000730,1,0.44524,1,2026-03-23 01:52:00,2026-03-23 01:52:00
W000584,W001380,1,0.27259,1,2026-06-26 21:48:00,2026-06-26 21:48:00
W000585,W000092,1,1.010359,1,2026-04-16 01:00:00,2026-04-16 01:00:00
W000585,W000566,1,0.38652,1,2026-04-19 18:17:00,2026-04-19 18:17:00
W000585,W001715,1,3.637897,1,2026-01-22 17:08:00,2026-01-22 17:08:00
W000585,W001752,1,0.255855,1,2026-01-02 06:21:00,2026-01-02 06:21:00
W000585,W001909,1,0.507749,1,2026-04-19 17:00:00,2026-04-19 17:00:00
W000586,W000405,1,0.541985,1,2026-04-19 01:14:00,2026-04-19 01:14:00
W000586,W000968,1,0.336443,1,2026-04-15 03:20:00,2026-04-15 03:20:00
W000586,W001174,1,0.375867,1,2026-05-24 19:22:00,2026-05-24 19:22:00
W000587,W000308,1,0.181626,1,2026-05-05 13:34:00,2026-05-05 13:34:00
W000587,W000658,1,1.558838,1,2026-01-31 03:36:00,2026-01-31 03:36:00
W000587,W001312,1,0.363302,1,2026-03-26 14:52:00,2026-03-26 14:52:00
W000587,W001723,1,1.101839,1,2026-03-23 01:57:00,2026-03-23 01:57:00
W000587,W002309,1,0.681658,1,2026-02-18 13:06:00,2026-02-18 13:06:00
W000587,W002498,1,1.051698,1,2026-01-10 17:46:00,2026-01-10 17:46:00
W000588,W000253,1,0.415525,1,2026-02-04 23:50:00,2026-02-04 23:50:00
W000588,W000994,1,1.104988,1,2026-04-18 17:22:00,2026-04-18 17:22:00
W000589,W000592,1,0.249423,1,2026-03-31 04:41:00,2026-03-31 04:41:00
W000589,W000638,1,0.984461,1,2026-06-24 23:04:00,2026-06-24 23:04:00
W000589,W000877,1,0.152393,1,2026-04-06 23:54:00,2026-04-06 23:54:00
W000589,W000941,1,0.508146,1,2026-02-18 07:06:00,2026-02-18 07:06:00
W000590,W000271,1,0.255385,1,2026-04-04 01:40:00,2026-04-04 01:40:00
W000590,W000823,1,1.769262,1,2026-03-30 00:57:00,2026-03-30 00:57:00
W000591,W000057,1,0.173665,1,2026-03-26 06:05:00,2026-03-26 06:05:00
W000591,W000606,1,0.297198,1,2026-05-30 20:50:00,2026-05-30 20:50:00
W000591,W002019,1,0.752157,1,2026-05-09 17:51:00,2026-05-09 17:51:00
W000592,W000493,1,0.414874,1,2026-05-07 13:11:00,2026-05-07 13:11:00
W000592,W001867,1,0.274602,1,2026-04-27 02:15:00,2026-04-27 02:15:00
W000592,W002372,1,0.572985,1,2026-02-12 07:17:00,2026-02-12 07:17:00
W000593,W000634,1,0.274067,1,2026-05-22 17:25:00,2026-05-22 17:25:00
W000594,W001118,1,0.446846,1,2026-01-26 18:49:00,2026-01-26 18:49:00
W000595,W000455,1,0.50448,1,2026-03-05 14:14:00,2026-03-05 14:14:00
W000595,W000733,1,1.012049,1,2026-02-11 16:57:00,2026-02-11 16:57:00
W000595,W001142,1,0.149101,1,2026-06-02 23:48:00,2026-06-02 23:48:00
W000595,W001764,1,0.55603,1,2026-05-23 23:20:00,2026-05-23 23:20:00
W000595,W002249,1,0.518833,1,2026-03-08 18:34:00,2026-03-08 18:34:00
W000595,W002497,1,0.336886,1,2026-06-27 07:40:00,2026-06-27 07:40:00
W000596,W000013,1,0.670036,1,2026-06-01 03:06:00,2026-06-01 03:06:00
W000596,W000895,1,0.133118,1,2026-01-18 20:06:00,2026-01-18 20:06:00
W000596,W000920,1,0.602568,1,2026-05-22 18:16:00,2026-05-22 18:16:00
W000596,W001676,1,0.336781,1,2026-02-24 05:26:00,2026-02-24 05:26:00
W000596,W001708,1,0.168232,1,2026-03-05 06:27:00,2026-03-05 06:27:00
W000596,W002253,1,0.598579,1,2026-02-27 00:16:00,2026-02-27 00:16:00
W000597,W000048,1,0.504077,1,2026-02-11 07:24:00,2026-02-11 07:24:00
W000597,W000250,1,0.715678,1,2026-01-31 21:57:00,2026-01-31 21:57:00
W000597,W000276,1,0.62505,1,2026-05-09 01:55:00,2026-05-09 01:55:00
W000597,W000501,1,0.337091,1,2026-04-23 03:51:00,2026-04-23 03:51:00
W000597,W000606,1,0.925817,1,2026-02-24 05:16:00,2026-02-24 05:16:00
W000597,W001308,1,0.208842,1,2026-01-15 11:45:00,2026-01-15 11:45:00
W000598,W000256,1,0.289611,1,2026-03-03 04:44:00,2026-03-03 04:44:00
W000598,W000333,1,0.577087,1,2026-06-14 17:27:00,2026-06-14 17:27:00
W000598,W001872,1,4.906584,1,2026-01-28 00:53:00,2026-01-28 00:53:00
W000598,W002069,1,0.431021,1,2026-04-01 21:20:00,2026-04-01 21:20:00
W000599,W002049,1,0.484162,1,2026-01-14 11:06:00,2026-01-14 11:06:00
W000600,W000515,1,0.265809,1,2026-06-13 17:30:00,2026-06-13 17:30:00
W000600,W001517,1,0.594166,1,2026-01-16 11:40:00,2026-01-16 11:40:00
W000600,W001866,1,0.302042,1,2026-01-06 22:57:00,2026-01-06 22:57:00
W000600,W002267,1,0.217708,1,2026-03-22 10:47:00,2026-03-22 10:47:00
W000601,W000726,1,0.107381,1,2026-02-03 02:23:00,2026-02-03 02:23:00
W000601,W000920,1,0.270007,1,2026-01-13 13:29:00,2026-01-13 13:29:00
W000601,W000972,1,0.245883,1,2026-03-22 07:05:00,2026-03-22 07:05:00
W000601,W002429,1,0.555715,1,2026-06-17 06:47:00,2026-06-17 06:47:00
W000602,W000242,1,0.266336,1,2026-06-13 21:30:00,2026-06-13 21:30:00
W000602,W001222,1,1.085987,1,2026-03-12 14:10:00,2026-03-12 14:10:00
W000602,W001403,1,0.363942,1,2026-05-27 04:50:00,2026-05-27 04:50:00
W000602,W001509,1,0.582216,1,2026-05-12 22:22:00,2026-05-12 22:22:00
W000602,W001567,1,1.865231,1,2026-03-07 10:11:00,2026-03-07 10:11:00
W000602,W001915,1,0.594235,1,2026-01-04 00:59:00,2026-01-04 00:59:00
W000603,W000177,1,1.315606,1,2026-04-18 19:33:00,2026-04-18 19:33:00
W000603,W000187,1,0.717649,1,2026-04-13 21:13:00,2026-04-13 21:13:00
W000603,W001229,1,0.610665,1,2026-04-20 04:56:00,2026-04-20 04:56:00
W000603,W001836,1,0.140455,1,2026-01-17 07:50:00,2026-01-17 07:50:00
W000604,W000152,1,0.431739,1,2026-06-13 19:20:00,2026-06-13 19:20:00
W000604,W000904,1,0.405604,1,2026-02-02 09:53:00,2026-02-02 09:53:00
W000604,W001972,1,1.453451,1,2026-04-09 21:39:00,2026-04-09 21:39:00
W000605,W000017,1,0.345079,1,2026-01-19 18:33:00,2026-01-19 18:33:00
W000606,W001135,1,0.307271,1,2026-04-24 07:11:00,2026-04-24 07:11:00
W000606,W001139,1,0.693158,1,2026-04-16 19:22:00,2026-04-16 19:22:00
W000606,W001446,1,0.690774,1,2026-03-31 10:28:00,2026-03-31 10:28:00
W000606,W001578,1,0.341933,1,2026-05-22 01:45:00,2026-05-22 01:45:00
W000606,W001776,1,0.345626,1,2026-04-11 03:47:00,2026-04-11 03:47:00
W000607,W000021,1,0.680907,1,2026-03-31 11:57:00,2026-03-31 11:57:00
W000607,W000348,1,0.681063,1,2026-01-04 08:56:00,2026-01-04 08:56:00
W000607,W000744,1,0.640762,1,2026-03-30 11:19:00,2026-03-30 11:19:00
W000607,W002024,1,0.258504,1,2026-02-23 19:12:00,2026-02-23 19:12:00
W000608,W000955,1,1.101348,1,2026-04-08 18:26:00,2026-04-08 18:26:00
W000608,W002041,1,0.135811,1,2026-04-14 02:29:00,2026-04-14 02:29:00
W000609,W000257,1,0.422518,1,2026-01-27 10:24:00,2026-01-27 10:24:00
W000609,W001193,1,0.53309,1,2026-06-26 20:03:00,2026-06-26 20:03:00
W000609,W001724,1,0.428086,1,2026-06-12 08:41:00,2026-06-12 08:41:00
W000609,W002449,1,0.426676,1,2026-03-30 22:37:00,2026-03-30 22:37:00
W000610,W000474,1,1.418052,1,2026-04-16 01:53:00,2026-04-16 01:53:00
W000610,W000908,1,0.906723,1,2026-05-31 04:31:00,2026-05-31 04:31:00
W000610,W001733,1,0.191045,1,2026-04-05 22:14:00,2026-04-05 22:14:00
W000610,W001791,1,0.421702,1,2026-05-16 11:49:00,2026-05-16 11:49:00
W000610,W001799,1,0.390039,1,2026-02-27 12:30:00,2026-02-27 12:30:00
W000612,W000286,1,0.472712,1,2026-05-30 01:58:00,2026-05-30 01:58:00
W000612,W000542,1,1.266978,1,2026-06-14 10:14:00,2026-06-14 10:14:00
W000612,W001307,1,0.78029,1,2026-04-25 01:26:00,2026-04-25 01:26:00
W000612,W001841,1,16.877978,1,2026-06-21 13:17:00,2026-06-21 13:17:00
W000612,W001922,1,0.942553,1,2026-03-07 18:36:00,2026-03-07 18:36:00
W000612,W002162,1,0.535061,1,2026-01-15 10:41:00,2026-01-15 10:41:00
W000612,W002335,1,0.09749,1,2026-05-22 10:46:00,2026-05-22 10:46:00
W000612,W002495,1,0.170903,1,2026-01-10 02:56:00,2026-01-10 02:56:00
W000613,W001410,1,0.266664,1,2026-03-06 07:39:00,2026-03-06 07:39:00
W000613,W001471,1,2.53479,1,2026-01-03 07:34:00,2026-01-03 07:34:00
W000613,W002213,1,0.337639,1,2026-04-26 07:02:00,2026-04-26 07:02:00
W000613,W002500,1,1.788588,1,2026-01-18 07:17:00,2026-01-18 07:17:00
W000614,W000159,1,1.756823,1,2026-05-15 16:36:00,2026-05-15 16:36:00
W000614,W001540,1,0.139934,1,2026-05-26 14:51:00,2026-05-26 14:51:00
W000614,W002091,1,0.122303,1,2026-04-21 19:53:00,2026-04-21 19:53:00
W000615,W000031,1,0.42638,1,2026-01-25 18:04:00,2026-01-25 18:04:00
W000615,W000048,1,0.314894,1,2026-03-27 19:36:00,2026-03-27 19:36:00
W000615,W000386,1,0.203496,1,2026-02-22 06:17:00,2026-02-22 06:17:00
W000615,W000787,1,0.804226,1,2026-03-27 18:17:00,2026-03-27 18:17:00
W000615,W001646,1,0.748223,1,2026-06-27 17:55:00,2026-06-27 17:55:00
W000615,W002135,1,0.596369,1,2026-04-03 05:37:00,2026-04-03 05:37:00
W000615,W002302,1,0.595497,1,2026-03-14 09:38:00,2026-03-14 09:38:00
W000616,W000508,1,0.522412,1,2026-05-14 13:15:00,2026-05-14 13:15:00
W000616,W000513,1,1.251961,1,2026-02-13 10:35:00,2026-02-13 10:35:00
W000616,W002258,1,1.147246,1,2026-04-20 10:07:00,2026-04-20 10:07:00
W000617,W001322,1,0.150543,1,2026-06-14 00:43:00,2026-06-14 00:43:00
W000617,W001728,1,0.172504,1,2026-03-31 23:54:00,2026-03-31 23:54:00
W000617,W001906,1,0.774942,1,2026-06-17 20:07:00,2026-06-17 20:07:00
W000618,W000385,1,0.294076,1,2026-06-13 18:22:00,2026-06-13 18:22:00
W000618,W000805,1,1.177405,1,2026-01-17 09:37:00,2026-01-17 09:37:00
W000618,W002166,1,7.702856,1,2026-04-20 13:19:00,2026-04-20 13:19:00
W000618,W002202,1,1.210832,1,2026-02-24 04:11:00,2026-02-24 04:11:00
W000618,W002272,1,1.088732,1,2026-01-05 09:10:00,2026-01-05 09:10:00
W000619,W000312,1,0.227263,1,2026-02-07 01:38:00,2026-02-07 01:38:00
W000619,W000766,1,4.550721,1,2026-04-27 03:35:00,2026-04-27 03:35:00
W000619,W000900,1,0.380451,1,2026-04-11 10:04:00,2026-04-11 10:04:00
W000619,W001561,1,0.509382,1,2026-02-03 02:13:00,2026-02-03 02:13:00
W000619,W002304,1,0.718683,1,2026-02-02 09:31:00,2026-02-02 09:31:00
W000620,W000543,1,1.209522,1,2026-05-19 14:06:00,2026-05-19 14:06:00
W000620,W000994,1,0.275973,1,2026-01-09 14:40:00,2026-01-09 14:40:00
W000620,W001102,1,0.525449,1,2026-06-12 01:42:00,2026-06-12 01:42:00
W000620,W001448,1,2.218483,1,2026-05-02 08:19:00,2026-05-02 08:19:00
W000621,W000560,1,0.690281,1,2026-03-12 08:02:00,2026-03-12 08:02:00
W000621,W000676,1,2.341617,1,2026-02-17 10:02:00,2026-02-17 10:02:00
W000621,W001939,1,0.280745,1,2026-03-21 11:37:00,2026-03-21 11:37:00
W000621,W002425,1,0.911929,1,2026-04-07 00:42:00,2026-04-07 00:42:00
W000622,W000207,1,0.21602,1,2026-05-13 23:29:00,2026-05-13 23:29:00
W000622,W000237,1,0.277373,1,2026-03-22 05:10:00,2026-03-22 05:10:00
W000622,W000519,1,0.350969,1,2026-01-12 12:33:00,2026-01-12 12:33:00
W000622,W002343,1,1.266071,1,2026-02-24 11:16:00,2026-02-24 11:16:00
W000623,W001304,1,0.15272,1,2026-03-02 15:55:00,2026-03-02 15:55:00
W000623,W001584,1,0.409602,1,2026-05-07 07:00:00,2026-05-07 07:00:00
W000623,W001648,1,0.181608,1,2026-03-16 14:22:00,2026-03-16 14:22:00
W000624,W000171,1,0.441099,1,2026-06-04 21:17:00,2026-06-04 21:17:00
W000624,W000957,1,0.469901,1,2026-04-10 05:47:00,2026-04-10 05:47:00
W000624,W001631,1,3.421356,1,2026-06-11 18:22:00,2026-06-11 18:22:00
W000624,W001649,1,0.231213,1,2026-06-15 23:27:00,2026-06-15 23:27:00
W000625,W000001,1,0.261967,1,2026-04-28 00:15:00,2026-04-28 00:15:00
W000625,W000806,1,0.35865,1,2026-02-27 05:22:00,2026-02-27 05:22:00
W000625,W001659,1,0.116056,1,2026-04-29 06:25:00,2026-04-29 06:25:00
W000625,W002438,1,13.596075,1,2026-03-29 20:27:00,2026-03-29 20:27:00
W000626,W000133,1,0.245289,1,2026-03-19 04:02:00,2026-03-19 04:02:00
W000626,W000430,1,0.610006,1,2026-04-09 09:01:00,2026-04-09 09:01:00
W000626,W000621,1,1.171804,1,2026-02-06 04:45:00,2026-02-06 04:45:00
W000626,W001059,1,1.085764,1,2026-01-07 22:22:00,2026-01-07 22:22:00
W000626,W001286,1,0.308316,1,2026-06-15 07:25:00,2026-06-15 07:25:00
W000626,W001338,1,0.394603,1,2026-06-06 01:31:00,2026-06-06 01:31:00
W000626,W001645,1,0.755105,1,2026-01-19 00:05:00,2026-01-19 00:05:00
W000626,W002080,1,0.431926,1,2026-01-16 18:47:00,2026-01-16 18:47:00
W000627,W000727,1,0.792116,1,2026-03-05 06:30:00,2026-03-05 06:30:00
W000628,W000517,1,0.255292,1,2026-06-26 16:48:00,2026-06-26 16:48:00
W000628,W001727,1,1.01557,1,2026-03-22 22:32:00,2026-03-22 22:32:00
W000628,W002194,1,0.248225,1,2026-01-23 02:10:00,2026-01-23 02:10:00
W000628,W002450,1,0.395774,1,2026-03-14 13:28:00,2026-03-14 13:28:00
W000629,W001229,1,0.112373,1,2026-01-14 22:17:00,2026-01-14 22:17:00
W000630,W000752,1,1.016881,1,2026-04-24 22:07:00,2026-04-24 22:07:00
W000630,W001119,1,0.189307,1,2026-05-16 17:35:00,2026-05-16 17:35:00
W000630,W001214,1,0.573542,1,2026-06-10 17:07:00,2026-06-10 17:07:00
W000630,W002426,1,0.495643,1,2026-02-07 19:01:00,2026-02-07 19:01:00
W000631,W000181,1,2.299277,1,2026-04-10 04:48:00,2026-04-10 04:48:00
W000631,W000414,1,0.48968,1,2026-03-08 18:04:00,2026-03-08 18:04:00
W000631,W001525,1,0.39932,1,2026-05-10 08:47:00,2026-05-10 08:47:00
W000631,W001991,1,0.57021,1,2026-01-25 21:20:00,2026-01-25 21:20:00
W000631,W002450,1,0.208345,1,2026-05-23 13:37:00,2026-05-23 13:37:00
W000632,W000221,1,0.383909,1,2026-04-20 01:12:00,2026-04-20 01:12:00
W000632,W000230,1,0.701455,1,2026-03-28 12:57:00,2026-03-28 12:57:00
W000632,W000347,1,0.291106,1,2026-06-22 22:24:00,2026-06-22 22:24:00
W000632,W001500,1,0.835404,1,2026-04-14 13:08:00,2026-04-14 13:08:00
W000632,W001580,1,0.450726,1,2026-01-21 04:56:00,2026-01-21 04:56:00
W000632,W002398,1,0.281508,1,2026-04-15 03:33:00,2026-04-15 03:33:00
W000633,W000685,1,0.621018,1,2026-05-24 02:12:00,2026-05-24 02:12:00
W000633,W000946,1,0.594759,1,2026-05-09 00:09:00,2026-05-09 00:09:00
W000633,W002496,1,0.435347,1,2026-06-07 21:56:00,2026-06-07 21:56:00
W000634,W000541,1,0.709405,1,2026-04-22 09:23:00,2026-04-22 09:23:00
W000635,W000838,1,0.20103,1,2026-06-07 07:11:00,2026-06-07 07:11:00
W000635,W001354,1,0.662036,1,2026-02-11 18:57:00,2026-02-11 18:57:00
W000635,W002107,1,0.178333,1,2026-06-15 00:44:00,2026-06-15 00:44:00
W000635,W002239,1,0.457339,1,2026-01-08 07:26:00,2026-01-08 07:26:00
W000636,W000513,1,0.631122,1,2026-01-08 07:32:00,2026-01-08 07:32:00
W000636,W000878,1,0.124544,1,2026-05-11 06:48:00,2026-05-11 06:48:00
W000636,W000891,1,0.195025,1,2026-04-14 20:17:00,2026-04-14 20:17:00
W000636,W001928,1,0.723522,1,2026-03-12 00:49:00,2026-03-12 00:49:00
W000636,W001959,1,0.122728,1,2026-05-03 13:59:00,2026-05-03 13:59:00
W000637,W001169,1,0.246711,1,2026-02-15 08:07:00,2026-02-15 08:07:00
W000637,W001726,1,0.556771,1,2026-03-27 05:32:00,2026-03-27 05:32:00
W000637,W001917,1,2.859201,1,2026-01-29 08:12:00,2026-01-29 08:12:00
W000637,W001957,1,1.444946,1,2026-03-15 09:28:00,2026-03-15 09:28:00
W000637,W002390,1,0.240132,1,2026-02-08 04:17:00,2026-02-08 04:17:00
W000638,W000626,1,0.296561,1,2026-02-24 03:14:00,2026-02-24 03:14:00
W000638,W001742,1,0.250987,1,2026-06-01 14:42:00,2026-06-01 14:42:00
W000638,W002294,1,0.355777,1,2026-05-10 13:50:00,2026-05-10 13:50:00
W000638,W002471,1,0.794475,1,2026-05-27 11:54:00,2026-05-27 11:54:00
W000639,W000886,1,1.250773,1,2026-06-07 10:22:00,2026-06-07 10:22:00
W000639,W001405,1,6.312776,1,2026-01-20 21:28:00,2026-01-20 21:28:00
W000639,W001771,1,0.364884,1,2026-04-22 11:24:00,2026-04-22 11:24:00
W000639,W002236,1,0.364801,1,2026-01-22 10:40:00,2026-01-22 10:40:00
W000640,W000747,1,0.488816,1,2026-04-18 20:36:00,2026-04-18 20:36:00
W000640,W002028,1,0.855772,1,2026-06-07 09:53:00,2026-06-07 09:53:00
W000641,W001015,1,0.815287,1,2026-05-04 16:20:00,2026-05-04 16:20:00
W000641,W001730,1,1.657491,1,2026-05-22 22:53:00,2026-05-22 22:53:00
W000641,W002357,1,0.281523,1,2026-04-17 11:05:00,2026-04-17 11:05:00
W000642,W001400,1,0.560014,1,2026-03-03 01:42:00,2026-03-03 01:42:00
W000643,W000872,1,0.286182,1,2026-04-19 01:12:00,2026-04-19 01:12:00
W000643,W000906,1,0.914763,1,2026-06-02 09:36:00,2026-06-02 09:36:00
W000644,W002015,1,1.732902,1,2026-02-02 11:56:00,2026-02-02 11:56:00
W000645,W000583,1,0.154347,1,2026-04-14 22:46:00,2026-04-14 22:46:00
W000645,W001927,1,0.345036,1,2026-03-27 23:09:00,2026-03-27 23:09:00
W000645,W002189,1,0.876474,1,2026-05-03 03:16:00,2026-05-03 03:16:00
W000646,W001651,1,0.881497,1,2026-05-19 04:24:00,2026-05-19 04:24:00
W000647,W000084,1,0.218781,1,2026-01-31 09:48:00,2026-01-31 09:48:00
W000647,W001076,1,0.230485,1,2026-02-09 17:40:00,2026-02-09 17:40:00
W000647,W001324,1,0.726595,1,2026-05-03 01:57:00,2026-05-03 01:57:00
W000647,W001779,1,0.516191,1,2026-05-28 03:24:00,2026-05-28 03:24:00
W000647,W002321,1,0.345958,1,2026-01-02 01:16:00,2026-01-02 01:16:00
W000648,W000143,1,0.38321,1,2026-01-01 15:19:00,2026-01-01 15:19:00
W000648,W000475,1,2.708934,1,2026-03-03 08:43:00,2026-03-03 08:43:00
W000648,W000936,1,0.332986,1,2026-01-11 08:35:00,2026-01-11 08:35:00
W000648,W002090,1,0.297737,1,2026-06-19 11:50:00,2026-06-19 11:50:00
W000648,W002226,1,0.268534,1,2026-02-06 00:44:00,2026-02-06 00:44:00
W000648,W002363,1,0.462458,1,2026-05-25 03:42:00,2026-05-25 03:42:00
W000649,W001070,1,0.18804,1,2026-02-20 07:08:00,2026-02-20 07:08:00
W000649,W001732,1,0.531066,1,2026-06-07 00:55:00,2026-06-07 00:55:00
W000649,W002276,1,1.094976,1,2026-02-25 02:00:00,2026-02-25 02:00:00
W000650,W000789,1,0.833397,1,2026-03-15 05:17:00,2026-03-15 05:17:00
W000650,W001371,1,0.216132,1,2026-05-30 21:40:00,2026-05-30 21:40:00
W000650,W002037,1,2.033622,1,2026-05-29 13:59:00,2026-05-29 13:59:00
W000650,W002084,1,0.386608,1,2026-05-04 17:59:00,2026-05-04 17:59:00
W000651,W001127,1,0.157947,1,2026-02-16 13:25:00,2026-02-16 13:25:00
W000651,W001266,1,0.475745,1,2026-01-06 07:08:00,2026-01-06 07:08:00
W000651,W001426,1,0.160403,1,2026-04-07 21:22:00,2026-04-07 21:22:00
W000651,W002063,1,0.329377,1,2026-01-22 05:07:00,2026-01-22 05:07:00
W000651,W002490,1,0.945334,1,2026-03-18 08:59:00,2026-03-18 08:59:00
W000653,W000164,1,0.616714,1,2026-01-01 22:59:00,2026-01-01 22:59:00
W000653,W001312,1,1.119483,1,2026-03-18 16:13:00,2026-03-18 16:13:00
W000653,W001316,1,1.332588,1,2026-04-30 21:16:00,2026-04-30 21:16:00
W000653,W001360,1,0.422434,1,2026-04-24 01:29:00,2026-04-24 01:29:00
W000654,W000505,1,4.164979,1,2026-06-12 09:20:00,2026-06-12 09:20:00
W000654,W001414,1,0.57837,1,2026-02-25 23:52:00,2026-02-25 23:52:00
W000655,W001070,1,0.180217,1,2026-01-12 12:15:00,2026-01-12 12:15:00
W000655,W001543,1,0.578363,1,2026-05-28 07:00:00,2026-05-28 07:00:00
W000656,W000027,1,0.417644,1,2026-06-13 22:26:00,2026-06-13 22:26:00
W000656,W000197,1,0.769775,1,2026-03-21 05:54:00,2026-03-21 05:54:00
W000656,W000763,1,0.335277,1,2026-04-19 14:27:00,2026-04-19 14:27:00
W000656,W001572,1,0.816006,1,2026-03-04 20:41:00,2026-03-04 20:41:00
W000656,W001949,1,0.266491,1,2026-02-28 07:08:00,2026-02-28 07:08:00
W000656,W002268,1,0.336671,1,2026-04-20 22:20:00,2026-04-20 22:20:00
W000656,W002289,1,0.425136,1,2026-02-06 22:16:00,2026-02-06 22:16:00
W000657,W000025,1,0.204387,1,2026-05-04 16:45:00,2026-05-04 16:45:00
W000657,W000151,1,0.370306,1,2026-06-11 06:14:00,2026-06-11 06:14:00
W000657,W000757,1,0.905607,1,2026-02-02 08:37:00,2026-02-02 08:37:00
W000657,W000945,1,0.161958,1,2026-02-11 13:36:00,2026-02-11 13:36:00
W000657,W001410,1,0.17776,1,2026-02-24 04:55:00,2026-02-24 04:55:00
W000658,W000018,1,0.170577,1,2026-03-19 10:59:00,2026-03-19 10:59:00
W000658,W000228,1,1.465697,1,2026-04-06 18:55:00,2026-04-06 18:55:00
W000658,W000501,1,0.646188,1,2026-04-27 01:48:00,2026-04-27 01:48:00
W000658,W001076,1,0.285501,1,2026-04-05 08:55:00,2026-04-05 08:55:00
W000658,W002436,1,1.697884,1,2026-02-07 14:16:00,2026-02-07 14:16:00
W000659,W000218,1,0.520967,1,2026-02-20 00:00:00,2026-02-20 00:00:00
W000659,W000887,1,0.31939,1,2026-04-10 16:42:00,2026-04-10 16:42:00
W000659,W001320,1,4.058168,1,2026-03-12 07:27:00,2026-03-12 07:27:00
W000659,W001601,1,0.395255,1,2026-03-23 14:21:00,2026-03-23 14:21:00
W000659,W001644,1,0.530153,1,2026-05-28 11:16:00,2026-05-28 11:16:00
W000659,W001656,1,0.283932,1,2026-04-07 20:58:00,2026-04-07 20:58:00
W000659,W002207,1,0.182684,1,2026-01-22 08:41:00,2026-01-22 08:41:00
W000660,W000077,1,1.05634,1,2026-01-10 18:09:00,2026-01-10 18:09:00
W000660,W000750,1,0.280273,1,2026-03-09 03:51:00,2026-03-09 03:51:00
W000660,W000899,1,0.453855,1,2026-05-09 17:20:00,2026-05-09 17:20:00
W000660,W000909,1,0.848521,1,2026-03-06 04:49:00,2026-03-06 04:49:00
W000660,W000935,1,0.207803,1,2026-01-16 04:53:00,2026-01-16 04:53:00
W000661,W000364,1,0.964097,1,2026-05-26 02:34:00,2026-05-26 02:34:00
W000661,W001205,1,0.185461,1,2026-02-05 22:26:00,2026-02-05 22:26:00
W000661,W001469,1,0.808238,1,2026-02-09 09:35:00,2026-02-09 09:35:00
W000661,W002065,1,0.773048,1,2026-05-23 15:14:00,2026-05-23 15:14:00
W000661,W002269,1,0.341095,1,2026-01-06 16:10:00,2026-01-06 16:10:00
W000662,W000699,1,0.601462,1,2026-01-02 02:43:00,2026-01-02 02:43:00
W000662,W001199,1,1.001944,1,2026-02-05 09:13:00,2026-02-05 09:13:00
W000663,W000068,1,0.448687,1,2026-05-06 08:37:00,2026-05-06 08:37:00
W000663,W000350,1,0.40108,1,2026-05-24 16:04:00,2026-05-24 16:04:00
W000663,W002410,1,0.228652,1,2026-03-03 22:40:00,2026-03-03 22:40:00
W000664,W000314,1,0.305655,1,2026-01-15 22:12:00,2026-01-15 22:12:00
W000664,W001338,1,0.666495,1,2026-02-28 14:54:00,2026-02-28 14:54:00
W000664,W001724,1,0.267981,1,2026-04-02 10:06:00,2026-04-02 10:06:00
W000665,W000227,1,0.093073,1,2026-03-28 11:12:00,2026-03-28 11:12:00
W000665,W000524,1,0.992509,1,2026-02-06 01:51:00,2026-02-06 01:51:00
W000665,W002094,1,0.276724,1,2026-05-12 11:51:00,2026-05-12 11:51:00
W000666,W000613,1,0.541785,1,2026-03-27 03:32:00,2026-03-27 03:32:00
W000667,W000212,1,0.632311,1,2026-05-21 16:29:00,2026-05-21 16:29:00
W000667,W000481,1,0.183678,1,2026-03-29 01:49:00,2026-03-29 01:49:00
W000667,W000488,1,0.504033,1,2026-01-20 01:12:00,2026-01-20 01:12:00
W000667,W001133,1,0.262108,1,2026-04-19 20:36:00,2026-04-19 20:36:00
W000667,W002328,1,0.738062,1,2026-02-01 19:49:00,2026-02-01 19:49:00
W000668,W000214,1,0.68568,1,2026-03-19 19:28:00,2026-03-19 19:28:00
W000668,W001791,1,0.712848,1,2026-01-05 01:05:00,2026-01-05 01:05:00
W000669,W000111,1,1.266936,1,2026-03-30 16:06:00,2026-03-30 16:06:00
W000669,W000424,1,1.008825,1,2026-03-10 11:56:00,2026-03-10 11:56:00
W000669,W000796,1,0.204115,1,2026-01-21 03:33:00,2026-01-21 03:33:00
W000669,W001003,1,0.405664,1,2026-04-18 04:55:00,2026-04-18 04:55:00
W000669,W001758,1,0.631796,1,2026-06-19 02:27:00,2026-06-19 02:27:00
W000669,W002222,1,0.198524,1,2026-05-06 03:40:00,2026-05-06 03:40:00
W000670,W000750,1,0.307765,1,2026-02-17 19:00:00,2026-02-17 19:00:00
W000670,W001078,1,0.342978,1,2026-01-29 10:47:00,2026-01-29 10:47:00
W000670,W001504,1,1.23674,1,2026-04-25 03:58:00,2026-04-25 03:58:00
W000671,W001205,1,0.789973,1,2026-05-16 00:18:00,2026-05-16 00:18:00
W000671,W002338,1,0.123241,1,2026-03-27 22:50:00,2026-03-27 22:50:00
W000671,W002459,1,0.627389,1,2026-02-13 03:27:00,2026-02-13 03:27:00
W000672,W000862,1,0.314211,1,2026-01-25 19:28:00,2026-01-25 19:28:00
W000672,W000978,1,0.674307,1,2026-04-27 03:47:00,2026-04-27 03:47:00
W000672,W001858,1,0.311975,1,2026-05-11 04:10:00,2026-05-11 04:10:00
W000672,W001972,1,1.992045,1,2026-04-17 15:06:00,2026-04-17 15:06:00
W000673,W001634,1,0.289205,1,2026-03-24 09:40:00,2026-03-24 09:40:00
W000673,W001985,1,0.277447,1,2026-01-27 09:55:00,2026-01-27 09:55:00
W000674,W000404,1,0.559218,1,2026-02-06 01:21:00,2026-02-06 01:21:00
W000674,W001760,1,0.127091,1,2026-04-30 23:25:00,2026-04-30 23:25:00
W000674,W001831,1,1.404482,1,2026-06-24 18:34:00,2026-06-24 18:34:00
W000674,W001911,1,0.300466,1,2026-04-13 12:03:00,2026-04-13 12:03:00
W000674,W002302,1,0.48474,1,2026-03-24 18:56:00,2026-03-24 18:56:00
W000675,W001876,1,0.370184,1,2026-04-07 10:03:00,2026-04-07 10:03:00
W000675,W002286,1,0.163888,1,2026-01-28 09:47:00,2026-01-28 09:47:00
W000676,W000136,1,0.258928,1,2026-05-07 15:40:00,2026-05-07 15:40:00
W000676,W000270,1,1.041735,1,2026-05-14 11:09:00,2026-05-14 11:09:00
W000676,W001239,1,0.290304,1,2026-04-08 18:17:00,2026-04-08 18:17:00
W000676,W001528,1,0.404278,1,2026-03-17 18:50:00,2026-03-17 18:50:00
W000676,W001584,1,0.862701,1,2026-01-15 09:21:00,2026-01-15 09:21:00
W000677,W000009,1,0.484683,1,2026-05-01 10:23:00,2026-05-01 10:23:00
W000677,W000421,1,0.42005,1,2026-03-09 10:44:00,2026-03-09 10:44:00
W000677,W000971,1,0.462833,1,2026-02-15 18:13:00,2026-02-15 18:13:00
W000677,W001372,1,0.192187,1,2026-04-01 09:15:00,2026-04-01 09:15:00
W000678,W000224,1,0.53247,1,2026-03-05 20:20:00,2026-03-05 20:20:00
W000678,W000235,1,1.093557,1,2026-06-27 19:50:00,2026-06-27 19:50:00
W000678,W001072,1,0.969558,1,2026-04-17 00:46:00,2026-04-17 00:46:00
W000678,W001357,1,0.261131,1,2026-06-20 18:01:00,2026-06-20 18:01:00
W000678,W002024,1,1.572084,1,2026-05-10 15:13:00,2026-05-10 15:13:00
W000678,W002031,1,0.473266,1,2026-04-18 01:54:00,2026-04-18 01:54:00
W000679,W000435,1,0.656407,1,2026-04-21 07:41:00,2026-04-21 07:41:00
W000679,W001194,1,0.354003,1,2026-02-19 13:03:00,2026-02-19 13:03:00
W000679,W001740,1,1.421306,1,2026-04-20 07:20:00,2026-04-20 07:20:00
W000680,W000404,1,0.427145,1,2026-03-19 06:51:00,2026-03-19 06:51:00
W000680,W000407,1,0.751515,1,2026-03-07 22:34:00,2026-03-07 22:34:00
W000680,W001190,1,0.160579,1,2026-06-04 04:59:00,2026-06-04 04:59:00
W000680,W001884,1,1.349363,1,2026-05-08 20:15:00,2026-05-08 20:15:00
W000681,W000693,1,0.405586,1,2026-05-05 18:19:00,2026-05-05 18:19:00
W000681,W001367,1,0.865069,1,2026-05-13 06:42:00,2026-05-13 06:42:00
W000681,W002383,1,0.52909,1,2026-01-23 20:18:00,2026-01-23 20:18:00
W000682,W000190,1,0.181464,1,2026-01-02 08:52:00,2026-01-02 08:52:00
W000682,W001257,1,0.58283,1,2026-05-09 08:53:00,2026-05-09 08:53:00
W000682,W002081,1,0.212642,1,2026-06-24 13:56:00,2026-06-24 13:56:00
W000682,W002107,1,0.262269,1,2026-06-24 06:14:00,2026-06-24 06:14:00
W000683,W002146,1,0.572122,1,2026-03-08 22:26:00,2026-03-08 22:26:00
W000683,W002475,1,0.539095,1,2026-05-12 16:40:00,2026-05-12 16:40:00
W000684,W000318,1,0.339978,1,2026-02-05 18:20:00,2026-02-05 18:20:00
W000684,W000650,1,0.03628,1,2026-05-23 20:43:00,2026-05-23 20:43:00
W000684,W001864,1,0.581067,1,2026-04-22 05:20:00,2026-04-22 05:20:00
W000685,W000454,1,1.09534,1,2026-03-03 20:16:00,2026-03-03 20:16:00
W000685,W001347,1,0.224892,1,2026-06-19 04:33:00,2026-06-19 04:33:00
W000685,W001751,1,0.28797,1,2026-05-12 01:50:00,2026-05-12 01:50:00
W000686,W000018,1,0.636759,1,2026-06-27 04:52:00,2026-06-27 04:52:00
W000686,W000715,1,0.147355,1,2026-01-08 17:53:00,2026-01-08 17:53:00
W000686,W001621,1,2.525077,1,2026-06-24 14:59:00,2026-06-24 14:59:00
W000686,W001693,1,0.888505,1,2026-06-07 18:54:00,2026-06-07 18:54:00
W000686,W001705,1,0.528478,1,2026-04-18 13:31:00,2026-04-18 13:31:00
W000686,W001831,1,0.311031,1,2026-01-23 21:42:00,2026-01-23 21:42:00
W000686,W001989,1,0.69846,1,2026-03-16 08:04:00,2026-03-16 08:04:00
W000686,W002230,1,0.384174,1,2026-03-20 08:18:00,2026-03-20 08:18:00
W000687,W002171,1,0.672193,1,2026-03-01 11:40:00,2026-03-01 11:40:00
W000688,W000674,1,0.333816,1,2026-05-20 16:41:00,2026-05-20 16:41:00
W000688,W000725,1,0.372631,1,2026-02-05 21:34:00,2026-02-05 21:34:00
W000688,W002152,1,0.347937,1,2026-03-01 18:08:00,2026-03-01 18:08:00
W000689,W000206,1,0.2946,1,2026-04-21 07:38:00,2026-04-21 07:38:00
W000689,W000467,1,0.39466,1,2026-03-20 20:53:00,2026-03-20 20:53:00
W000689,W000798,1,1.071003,1,2026-03-05 11:57:00,2026-03-05 11:57:00
W000689,W001674,1,0.185234,1,2026-03-03 11:27:00,2026-03-03 11:27:00
W000690,W002321,1,0.280407,1,2026-05-16 04:19:00,2026-05-16 04:19:00
W000691,W001598,1,0.253398,1,2026-01-11 20:46:00,2026-01-11 20:46:00
W000691,W001755,1,0.119451,1,2026-05-25 07:09:00,2026-05-25 07:09:00
W000691,W002010,1,0.474693,1,2026-06-05 04:34:00,2026-06-05 04:34:00
W000691,W002493,1,0.630858,1,2026-03-16 12:40:00,2026-03-16 12:40:00
W000692,W001117,1,1.132957,1,2026-01-17 02:07:00,2026-01-17 02:07:00
W000692,W001214,1,1.399829,1,2026-06-23 08:48:00,2026-06-23 08:48:00
W000692,W001258,1,0.537635,1,2026-01-09 20:51:00,2026-01-09 20:51:00
W000692,W001735,1,1.854392,1,2026-04-14 14:25:00,2026-04-14 14:25:00
W000693,W000243,1,0.36289,1,2026-03-13 05:54:00,2026-03-13 05:54:00
W000693,W001581,1,0.136926,1,2026-06-13 08:05:00,2026-06-13 08:05:00
W000693,W001774,1,0.719101,1,2026-04-18 23:48:00,2026-04-18 23:48:00
W000693,W002259,1,0.46626,1,2026-05-25 01:47:00,2026-05-25 01:47:00
W000694,W000715,1,0.312602,1,2026-02-17 07:07:00,2026-02-17 07:07:00
W000694,W000814,1,0.356726,1,2026-03-18 16:33:00,2026-03-18 16:33:00
W000695,W000650,1,0.775528,1,2026-03-09 19:42:00,2026-03-09 19:42:00
W000695,W000956,1,0.414453,1,2026-05-08 04:13:00,2026-05-08 04:13:00
W000695,W000961,1,0.586315,1,2026-01-15 19:33:00,2026-01-15 19:33:00
W000695,W001591,1,0.210497,1,2026-03-04 16:19:00,2026-03-04 16:19:00
W000695,W002397,1,0.190226,1,2026-03-28 16:09:00,2026-03-28 16:09:00
W000696,W000035,1,5.835704,1,2026-03-15 07:01:00,2026-03-15 07:01:00
W000696,W000039,1,1.402993,1,2026-04-03 23:54:00,2026-04-03 23:54:00
W000696,W000787,1,1.375072,1,2026-04-21 19:37:00,2026-04-21 19:37:00
W000696,W000801,1,1.436823,1,2026-06-29 13:44:00,2026-06-29 13:44:00
W000696,W001638,1,0.298481,1,2026-04-04 07:00:00,2026-04-04 07:00:00
W000696,W002005,1,0.161326,1,2026-06-27 09:28:00,2026-06-27 09:28:00
W000696,W002481,1,0.979627,1,2026-04-25 02:15:00,2026-04-25 02:15:00
W000697,W000436,1,0.19662,1,2026-03-29 16:56:00,2026-03-29 16:56:00
W000697,W000763,1,0.3498,1,2026-05-30 16:49:00,2026-05-30 16:49:00
W000697,W000768,1,0.183079,1,2026-03-16 15:34:00,2026-03-16 15:34:00
W000697,W001755,1,0.363718,1,2026-06-14 19:40:00,2026-06-14 19:40:00
W000698,W000369,1,0.854448,1,2026-06-05 05:49:00,2026-06-05 05:49:00
W000698,W000944,1,1.657221,1,2026-01-25 17:19:00,2026-01-25 17:19:00
W000698,W001324,1,0.697001,1,2026-01-30 19:15:00,2026-01-30 19:15:00
W000698,W001505,1,0.201563,1,2026-05-05 06:53:00,2026-05-05 06:53:00
W000698,W002337,1,0.613015,1,2026-02-11 23:07:00,2026-02-11 23:07:00
W000699,W000593,1,0.159815,1,2026-03-04 16:48:00,2026-03-04 16:48:00
W000699,W002009,1,0.343183,1,2026-03-17 23:35:00,2026-03-17 23:35:00
W000700,W000097,1,0.354983,1,2026-04-27 07:59:00,2026-04-27 07:59:00
W000700,W000845,1,0.684862,1,2026-02-07 18:52:00,2026-02-07 18:52:00
W000700,W002210,1,2.575735,1,2026-01-21 19:17:00,2026-01-21 19:17:00
W000701,W000105,1,0.375068,1,2026-02-06 21:56:00,2026-02-06 21:56:00
W000701,W000667,1,0.134716,1,2026-05-23 08:15:00,2026-05-23 08:15:00
W000701,W001220,1,0.742996,1,2026-06-03 02:32:00,2026-06-03 02:32:00
W000701,W002362,1,0.831279,1,2026-01-10 12:40:00,2026-01-10 12:40:00
W000702,W000114,1,0.742375,1,2026-01-05 12:10:00,2026-01-05 12:10:00
W000702,W001214,1,0.285347,1,2026-01-14 04:09:00,2026-01-14 04:09:00
W000702,W001598,1,1.366426,1,2026-06-26 07:06:00,2026-06-26 07:06:00
W000703,W000152,1,0.162606,1,2026-05-25 10:38:00,2026-05-25 10:38:00
W000703,W002301,1,0.488104,1,2026-05-13 00:32:00,2026-05-13 00:32:00
W000704,W000618,1,0.995593,1,2026-06-18 04:59:00,2026-06-18 04:59:00
W000704,W001732,1,0.85788,1,2026-05-17 22:38:00,2026-05-17 22:38:00
W000704,W002111,1,21.448949,1,2026-02-01 21:53:00,2026-02-01 21:53:00
W000705,W001564,1,0.185265,1,2026-05-19 19:55:00,2026-05-19 19:55:00
W000705,W001673,1,0.313818,1,2026-04-12 23:14:00,2026-04-12 23:14:00
W000705,W002450,1,0.138749,1,2026-03-23 09:47:00,2026-03-23 09:47:00
W000706,W000413,1,1.248276,1,2026-06-16 13:57:00,2026-06-16 13:57:00
W000706,W002093,1,0.493644,1,2026-04-28 19:39:00,2026-04-28 19:39:00
W000706,W002269,1,0.198922,1,2026-02-20 11:16:00,2026-02-20 11:16:00
W000707,W000368,1,0.590736,1,2026-03-10 20:53:00,2026-03-10 20:53:00
W000707,W000406,1,0.20835,1,2026-06-03 10:38:00,2026-06-03 10:38:00
W000707,W001027,1,0.432692,1,2026-02-08 01:25:00,2026-02-08 01:25:00
W000707,W001419,1,0.524368,1,2026-06-27 21:03:00,2026-06-27 21:03:00
W000708,W000321,1,0.187402,1,2026-06-18 16:05:00,2026-06-18 16:05:00
W000708,W000523,1,0.269574,1,2026-03-11 19:30:00,2026-03-11 19:30:00
W000708,W000736,1,0.244646,1,2026-01-09 06:14:00,2026-01-09 06:14:00
W000708,W001556,1,0.369833,1,2026-01-06 22:18:00,2026-01-06 22:18:00
W000708,W002124,1,0.549319,1,2026-02-21 02:48:00,2026-02-21 02:48:00
W000708,W002270,1,0.844351,1,2026-06-18 23:33:00,2026-06-18 23:33:00
W000709,W000156,1,0.335215,1,2026-04-26 10:12:00,2026-04-26 10:12:00
W000709,W000452,1,0.413434,1,2026-01-14 23:06:00,2026-01-14 23:06:00
W000709,W000470,1,1.024576,1,2026-02-21 18:57:00,2026-02-21 18:57:00
W000709,W000915,1,0.151574,1,2026-05-01 21:23:00,2026-05-01 21:23:00
W000709,W001037,1,0.329346,1,2026-06-28 08:21:00,2026-06-28 08:21:00
W000709,W001153,1,3.55021,1,2026-03-16 18:39:00,2026-03-16 18:39:00
W000709,W001992,1,1.634058,1,2026-05-15 05:22:00,2026-05-15 05:22:00
W000709,W002177,1,0.357726,1,2026-06-25 16:17:00,2026-06-25 16:17:00
W000710,W002062,1,0.290439,1,2026-02-13 18:36:00,2026-02-13 18:36:00
W000710,W002494,1,0.273078,1,2026-03-25 06:14:00,2026-03-25 06:14:00
W000711,W000020,1,0.345489,1,2026-03-29 13:26:00,2026-03-29 13:26:00
W000711,W001099,1,0.15547,1,2026-02-04 09:36:00,2026-02-04 09:36:00
W000711,W001213,1,0.156444,1,2026-02-09 02:06:00,2026-02-09 02:06:00
W000711,W002017,1,0.314919,1,2026-06-17 05:41:00,2026-06-17 05:41:00
W000712,W000209,1,0.065155,1,2026-05-04 14:04:00,2026-05-04 14:04:00
W000712,W001372,1,0.25761,1,2026-03-07 20:39:00,2026-03-07 20:39:00
W000713,W000403,1,0.24117,1,2026-06-17 22:49:00,2026-06-17 22:49:00
W000713,W001638,1,5.258767,1,2026-05-04 13:15:00,2026-05-04 13:15:00
W000714,W000954,1,0.392507,1,2026-04-08 19:18:00,2026-04-08 19:18:00
W000714,W001387,1,0.81883,1,2026-04-10 11:12:00,2026-04-10 11:12:00
W000714,W001779,1,0.529813,1,2026-06-29 22:08:00,2026-06-29 22:08:00
W000714,W002112,1,0.289535,1,2026-05-15 17:32:00,2026-05-15 17:32:00
W000715,W000582,1,0.404158,1,2026-02-12 21:22:00,2026-02-12 21:22:00
W000715,W000599,1,0.521322,1,2026-01-17 11:11:00,2026-01-17 11:11:00
W000715,W000804,1,0.235478,1,2026-03-20 07:05:00,2026-03-20 07:05:00
W000715,W001030,1,0.625134,1,2026-02-19 06:38:00,2026-02-19 06:38:00
W000715,W002231,1,0.272286,1,2026-05-27 07:15:00,2026-05-27 07:15:00
W000716,W002153,1,0.335207,1,2026-02-22 20:07:00,2026-02-22 20:07:00
W000717,W000822,1,0.229686,1,2026-06-01 20:39:00,2026-06-01 20:39:00
W000717,W001115,1,0.148636,1,2026-05-29 00:46:00,2026-05-29 00:46:00
W000718,W000095,1,0.125036,1,2026-01-20 22:39:00,2026-01-20 22:39:00
W000718,W001417,1,0.256987,1,2026-01-03 12:31:00,2026-01-03 12:31:00
W000718,W001595,1,0.36964,1,2026-06-24 08:37:00,2026-06-24 08:37:00
W000718,W001614,1,0.391214,1,2026-04-07 00:58:00,2026-04-07 00:58:00
W000718,W001768,1,0.5586,1,2026-03-27 23:56:00,2026-03-27 23:56:00
W000718,W002000,1,0.086083,1,2026-06-06 20:30:00,2026-06-06 20:30:00
W000718,W002228,1,0.896098,1,2026-01-01 18:26:00,2026-01-01 18:26:00
W000719,W000413,1,0.288862,1,2026-04-02 10:40:00,2026-04-02 10:40:00
W000719,W001828,1,0.83301,1,2026-02-25 06:36:00,2026-02-25 06:36:00
W000719,W002377,1,0.361855,1,2026-01-02 15:45:00,2026-01-02 15:45:00
W000720,W000144,1,0.170836,1,2026-01-31 10:36:00,2026-01-31 10:36:00
W000720,W001465,1,0.800052,1,2026-03-25 09:48:00,2026-03-25 09:48:00
W000720,W001761,1,1.587755,1,2026-01-23 19:37:00,2026-01-23 19:37:00
W000720,W001792,1,0.347887,1,2026-03-28 02:37:00,2026-03-28 02:37:00
W000720,W001912,1,0.449036,1,2026-04-13 22:38:00,2026-04-13 22:38:00
W000721,W000699,1,0.368249,1,2026-05-02 21:27:00,2026-05-02 21:27:00
W000721,W001403,1,0.354767,1,2026-05-16 00:53:00,2026-05-16 00:53:00
W000721,W001481,1,0.598865,1,2026-01-30 02:22:00,2026-01-30 02:22:00
W000721,W001547,1,0.46355,1,2026-02-19 04:54:00,2026-02-19 04:54:00
W000721,W001769,1,1.683991,1,2026-02-14 14:10:00,2026-02-14 14:10:00
W000721,W001821,1,0.45022,1,2026-02-28 11:03:00,2026-02-28 11:03:00
W000721,W001920,1,0.670158,1,2026-03-08 20:38:00,2026-03-08 20:38:00
W000722,W000075,1,0.3669,1,2026-02-24 12:58:00,2026-02-24 12:58:00
W000722,W000923,1,0.289748,1,2026-03-28 21:05:00,2026-03-28 21:05:00
W000722,W001895,1,0.921602,1,2026-06-17 23:42:00,2026-06-17 23:42:00
W000722,W001973,1,0.660813,1,2026-05-08 02:44:00,2026-05-08 02:44:00
W000723,W000386,1,0.30983,1,2026-02-20 17:46:00,2026-02-20 17:46:00
W000723,W000546,1,0.975203,1,2026-05-24 18:01:00,2026-05-24 18:01:00
W000724,W000802,1,0.513931,1,2026-02-08 20:07:00,2026-02-08 20:07:00
W000724,W001642,1,0.464533,1,2026-03-27 18:29:00,2026-03-27 18:29:00
W000724,W002000,1,0.684207,1,2026-01-07 17:30:00,2026-01-07 17:30:00
W000725,W000170,1,0.939042,1,2026-02-07 01:03:00,2026-02-07 01:03:00
W000725,W000515,1,0.277342,1,2026-01-17 20:14:00,2026-01-17 20:14:00
W000725,W000547,1,0.450017,1,2026-03-01 13:27:00,2026-03-01 13:27:00
W000725,W000838,1,0.54577,1,2026-03-06 00:08:00,2026-03-06 00:08:00
W000725,W001352,1,0.723651,1,2026-06-09 14:48:00,2026-06-09 14:48:00
W000725,W002113,1,0.407305,1,2026-05-23 04:55:00,2026-05-23 04:55:00
W000725,W002334,1,0.536942,1,2026-04-15 07:42:00,2026-04-15 07:42:00
W000725,W002438,1,0.125875,1,2026-04-03 11:46:00,2026-04-03 11:46:00
W000726,W000121,1,0.17386,1,2026-05-01 01:34:00,2026-05-01 01:34:00
W000726,W001702,1,0.707111,1,2026-01-11 04:47:00,2026-01-11 04:47:00
W000726,W002220,1,0.159158,1,2026-05-06 21:42:00,2026-05-06 21:42:00
W000727,W000460,1,0.425213,1,2026-04-18 01:56:00,2026-04-18 01:56:00
W000727,W001203,1,0.137588,1,2026-01-11 15:13:00,2026-01-11 15:13:00
W000727,W002127,1,0.683284,1,2026-02-20 15:43:00,2026-02-20 15:43:00
W000728,W001166,1,0.404747,1,2026-04-30 22:56:00,2026-04-30 22:56:00
W000728,W001681,1,0.347797,1,2026-02-05 11:41:00,2026-02-05 11:41:00
W000728,W002390,1,0.73424,1,2026-04-25 04:05:00,2026-04-25 04:05:00
W000729,W001135,1,2.375048,1,2026-01-01 17:26:00,2026-01-01 17:26:00
W000729,W001786,1,0.795154,1,2026-04-15 15:39:00,2026-04-15 15:39:00
W000729,W001981,1,0.540419,1,2026-04-05 18:00:00,2026-04-05 18:00:00
W000729,W002465,1,0.326478,1,2026-03-06 07:43:00,2026-03-06 07:43:00
W000730,W000119,1,0.496676,1,2026-01-09 20:30:00,2026-01-09 20:30:00
W000730,W000290,1,0.089151,1,2026-05-10 08:45:00,2026-05-10 08:45:00
W000730,W000510,1,1.402354,1,2026-04-16 07:06:00,2026-04-16 07:06:00
W000730,W001592,1,0.533192,1,2026-05-30 20:26:00,2026-05-30 20:26:00
W000730,W002009,1,0.291865,1,2026-02-21 14:09:00,2026-02-21 14:09:00
W000730,W002307,1,0.163699,1,2026-05-12 14:30:00,2026-05-12 14:30:00
W000731,W001395,1,0.696046,1,2026-04-26 21:00:00,2026-04-26 21:00:00
W000731,W002067,1,0.193147,1,2026-03-25 12:32:00,2026-03-25 12:32:00
W000731,W002292,1,0.40578,1,2026-04-09 12:57:00,2026-04-09 12:57:00
W000732,W000153,1,0.719637,1,2026-02-04 13:57:00,2026-02-04 13:57:00
W000732,W001161,1,0.372796,1,2026-02-14 21:54:00,2026-02-14 21:54:00
W000732,W002023,1,0.363323,1,2026-06-24 04:39:00,2026-06-24 04:39:00
W000733,W000036,1,0.382595,1,2026-05-14 13:32:00,2026-05-14 13:32:00
W000733,W000912,1,0.172864,1,2026-03-22 00:30:00,2026-03-22 00:30:00
W000733,W000963,1,0.225843,1,2026-01-13 21:12:00,2026-01-13 21:12:00
W000733,W001829,1,0.72095,1,2026-05-28 05:04:00,2026-05-28 05:04:00
W000734,W000353,1,1.214949,1,2026-05-30 00:19:00,2026-05-30 00:19:00
W000735,W000514,1,0.604968,1,2026-05-22 13:44:00,2026-05-22 13:44:00
W000735,W001029,1,0.461058,1,2026-06-22 13:40:00,2026-06-22 13:40:00
W000735,W002279,1,1.381713,1,2026-06-06 22:25:00,2026-06-06 22:25:00
W000736,W001152,1,0.325249,1,2026-01-19 06:05:00,2026-01-19 06:05:00
W000737,W000320,1,0.499707,1,2026-01-25 03:11:00,2026-01-25 03:11:00
W000737,W001508,1,0.265045,1,2026-06-19 16:10:00,2026-06-19 16:10:00
W000738,W000408,1,0.474954,1,2026-03-02 16:13:00,2026-03-02 16:13:00
W000738,W002031,1,2.269349,1,2026-01-28 13:22:00,2026-01-28 13:22:00
W000738,W002358,1,0.268959,1,2026-02-20 12:32:00,2026-02-20 12:32:00
W000739,W000049,1,0.52008,1,2026-01-05 10:32:00,2026-01-05 10:32:00
W000739,W000870,1,0.427175,1,2026-01-24 21:14:00,2026-01-24 21:14:00
W000739,W001405,1,1.03658,1,2026-04-26 16:04:00,2026-04-26 16:04:00
W000739,W001508,1,6.657815,1,2026-02-07 18:21:00,2026-02-07 18:21:00
W000740,W000068,1,1.123104,1,2026-03-19 01:40:00,2026-03-19 01:40:00
W000740,W000091,1,0.381897,1,2026-05-07 13:28:00,2026-05-07 13:28:00
W000740,W000495,1,0.736289,1,2026-04-11 23:08:00,2026-04-11 23:08:00
W000740,W001281,1,0.946426,1,2026-04-07 13:13:00,2026-04-07 13:13:00
W000740,W001575,1,0.695664,1,2026-06-28 20:25:00,2026-06-28 20:25:00
W000740,W001694,1,0.194248,1,2026-05-05 19:41:00,2026-05-05 19:41:00
W000740,W002182,1,0.996028,1,2026-05-11 14:26:00,2026-05-11 14:26:00
W000740,W002487,1,0.728406,1,2026-02-01 01:47:00,2026-02-01 01:47:00
W000741,W000075,1,0.571199,1,2026-02-22 00:35:00,2026-02-22 00:35:00
W000741,W001341,1,0.316319,1,2026-02-01 12:08:00,2026-02-01 12:08:00
W000743,W000675,1,0.49821,1,2026-04-26 05:04:00,2026-04-26 05:04:00
W000743,W002062,1,0.235488,1,2026-05-20 08:18:00,2026-05-20 08:18:00
W000744,W000521,1,0.20735,1,2026-02-24 20:13:00,2026-02-24 20:13:00
W000744,W000755,1,1.717873,1,2026-03-04 21:44:00,2026-03-04 21:44:00
W000744,W000771,1,0.550008,1,2026-06-06 07:31:00,2026-06-06 07:31:00
W000744,W001512,1,2.538997,1,2026-03-10 15:20:00,2026-03-10 15:20:00
W000744,W002038,1,0.32907,1,2026-03-30 03:47:00,2026-03-30 03:47:00
W000745,W000439,1,0.381765,1,2026-06-03 12:07:00,2026-06-03 12:07:00
W000745,W001400,1,0.340202,1,2026-06-05 22:34:00,2026-06-05 22:34:00
W000746,W001907,1,0.265195,1,2026-04-20 00:42:00,2026-04-20 00:42:00
W000746,W002403,1,0.675977,1,2026-01-15 05:02:00,2026-01-15 05:02:00
W000747,W000057,1,0.104227,1,2026-03-04 15:34:00,2026-03-04 15:34:00
W000747,W000487,1,0.495459,1,2026-05-30 09:43:00,2026-05-30 09:43:00
W000747,W001834,1,0.409761,1,2026-04-29 17:38:00,2026-04-29 17:38:00
W000748,W000005,1,0.225787,1,2026-05-17 13:22:00,2026-05-17 13:22:00
W000748,W000551,1,0.31871,1,2026-06-02 15:36:00,2026-06-02 15:36:00
W000748,W001706,1,1.14362,1,2026-03-04 11:55:00,2026-03-04 11:55:00
W000749,W000656,1,0.134478,1,2026-05-11 06:42:00,2026-05-11 06:42:00
W000749,W000817,1,0.71763,1,2026-05-25 16:33:00,2026-05-25 16:33:00
W000749,W002026,1,0.260543,1,2026-05-25 03:24:00,2026-05-25 03:24:00
W000749,W002137,1,0.271618,1,2026-06-26 06:52:00,2026-06-26 06:52:00
W000749,W002390,1,0.592996,1,2026-02-13 16:18:00,2026-02-13 16:18:00
W000749,W002450,1,0.474488,1,2026-04-18 13:25:00,2026-04-18 13:25:00
W000750,W000644,1,0.194402,1,2026-05-18 11:27:00,2026-05-18 11:27:00
W000750,W001197,1,0.520686,1,2026-04-09 22:29:00,2026-04-09 22:29:00
W000751,W000033,1,0.347464,1,2026-04-25 21:38:00,2026-04-25 21:38:00
W000751,W001078,1,1.03928,1,2026-04-17 00:01:00,2026-04-17 00:01:00
W000751,W001217,1,0.334829,1,2026-01-09 22:52:00,2026-01-09 22:52:00
W000751,W001494,1,0.282003,1,2026-04-28 19:01:00,2026-04-28 19:01:00
W000751,W001619,1,0.972574,1,2026-01-09 12:22:00,2026-01-09 12:22:00
W000753,W000068,1,0.533483,1,2026-02-07 16:35:00,2026-02-07 16:35:00
W000753,W000696,1,0.2336,1,2026-06-10 14:48:00,2026-06-10 14:48:00
W000753,W001413,1,0.616326,1,2026-04-01 08:37:00,2026-04-01 08:37:00
W000753,W001903,1,0.2258,1,2026-02-24 15:08:00,2026-02-24 15:08:00
W000753,W002263,1,0.549104,1,2026-01-15 12:02:00,2026-01-15 12:02:00
W000754,W000104,1,0.479763,1,2026-05-29 10:29:00,2026-05-29 10:29:00
W000754,W001605,1,0.61146,1,2026-03-31 08:04:00,2026-03-31 08:04:00
W000755,W000608,1,0.589733,1,2026-01-30 08:25:00,2026-01-30 08:25:00
W000755,W001037,1,1.870268,1,2026-01-18 18:04:00,2026-01-18 18:04:00
W000755,W001401,1,0.700785,1,2026-05-28 08:57:00,2026-05-28 08:57:00
W000755,W001796,1,0.414435,1,2026-03-09 16:48:00,2026-03-09 16:48:00
W000756,W000403,1,0.306972,1,2026-03-23 05:38:00,2026-03-23 05:38:00
W000756,W001354,1,0.607951,1,2026-03-05 06:14:00,2026-03-05 06:14:00
W000756,W002254,1,0.165689,1,2026-01-04 06:19:00,2026-01-04 06:19:00
W000757,W000287,1,0.690239,1,2026-03-20 22:12:00,2026-03-20 22:12:00
W000757,W000731,1,1.00773,1,2026-03-29 12:42:00,2026-03-29 12:42:00
W000757,W002169,1,0.146487,1,2026-01-17 10:49:00,2026-01-17 10:49:00
W000758,W000357,1,0.673066,1,2026-01-21 01:36:00,2026-01-21 01:36:00
W000758,W000463,1,0.387879,1,2026-02-17 14:23:00,2026-02-17 14:23:00
W000758,W000638,1,0.476409,1,2026-06-05 10:21:00,2026-06-05 10:21:00
W000758,W001840,1,0.750574,1,2026-05-27 10:56:00,2026-05-27 10:56:00
W000758,W002272,1,0.873537,1,2026-03-02 22:30:00,2026-03-02 22:30:00
W000759,W002163,1,0.637455,1,2026-04-26 21:51:00,2026-04-26 21:51:00
W000759,W002294,1,0.612676,1,2026-03-17 04:08:00,2026-03-17 04:08:00
W000760,W000480,1,0.229825,1,2026-02-27 16:58:00,2026-02-27 16:58:00
W000760,W000938,1,0.892925,1,2026-01-21 16:52:00,2026-01-21 16:52:00
W000761,W000959,1,0.432704,1,2026-02-21 21:36:00,2026-02-21 21:36:00
W000761,W001378,1,0.234742,1,2026-06-14 05:34:00,2026-06-14 05:34:00
W000761,W002210,1,0.429199,1,2026-03-10 17:37:00,2026-03-10 17:37:00
W000762,W001481,1,0.701261,1,2026-02-05 20:02:00,2026-02-05 20:02:00
W000762,W001853,1,1.490766,1,2026-05-06 14:57:00,2026-05-06 14:57:00
W000762,W002171,1,0.552996,1,2026-05-28 14:50:00,2026-05-28 14:50:00
W000762,W002242,1,0.579935,1,2026-05-30 13:20:00,2026-05-30 13:20:00
W000763,W001325,1,0.337516,1,2026-01-28 14:55:00,2026-01-28 14:55:00
W000763,W001603,1,0.372755,1,2026-02-08 21:43:00,2026-02-08 21:43:00
W000764,W000406,1,1.096206,1,2026-06-15 05:50:00,2026-06-15 05:50:00
W000764,W001420,1,0.289427,1,2026-05-15 09:36:00,2026-05-15 09:36:00
W000765,W000033,1,0.464038,1,2026-04-19 14:18:00,2026-04-19 14:18:00
W000765,W000751,1,0.259344,1,2026-03-07 14:05:00,2026-03-07 14:05:00
W000765,W001073,1,0.17146,1,2026-03-04 03:59:00,2026-03-04 03:59:00
W000765,W002372,1,0.669714,1,2026-06-16 00:45:00,2026-06-16 00:45:00
W000766,W000094,1,0.320833,1,2026-04-13 04:16:00,2026-04-13 04:16:00
W000766,W001843,1,0.341633,1,2026-04-23 08:36:00,2026-04-23 08:36:00
W000766,W002057,1,0.206519,1,2026-04-14 15:54:00,2026-04-14 15:54:00
W000766,W002117,1,1.010941,1,2026-05-10 01:32:00,2026-05-10 01:32:00
W000766,W002156,1,0.269311,1,2026-05-23 12:47:00,2026-05-23 12:47:00
W000766,W002353,1,2.206804,1,2026-04-14 05:25:00,2026-04-14 05:25:00
W000767,W000212,1,0.502365,1,2026-06-18 11:55:00,2026-06-18 11:55:00
W000767,W000928,1,0.388625,1,2026-05-20 21:46:00,2026-05-20 21:46:00
W000767,W001538,1,0.257702,1,2026-04-02 05:36:00,2026-04-02 05:36:00
W000767,W002255,1,1.23824,1,2026-05-15 00:55:00,2026-05-15 00:55:00
W000768,W000095,1,0.339324,1,2026-05-27 08:02:00,2026-05-27 08:02:00
W000768,W000292,1,0.284111,1,2026-04-12 18:36:00,2026-04-12 18:36:00
W000768,W000351,1,0.096521,1,2026-06-04 00:44:00,2026-06-04 00:44:00
W000768,W000362,1,0.618809,1,2026-06-17 14:39:00,2026-06-17 14:39:00
W000768,W000418,1,0.294064,1,2026-01-06 09:16:00,2026-01-06 09:16:00
W000768,W001147,1,0.611509,1,2026-06-13 11:02:00,2026-06-13 11:02:00
W000768,W001940,1,0.148672,1,2026-03-05 21:28:00,2026-03-05 21:28:00
W000769,W000282,1,0.391172,1,2026-06-14 07:31:00,2026-06-14 07:31:00
W000769,W001561,1,1.090855,1,2026-06-01 00:39:00,2026-06-01 00:39:00
W000770,W001838,1,0.507597,1,2026-01-23 01:15:00,2026-01-23 01:15:00
W000770,W002109,1,0.671079,1,2026-01-04 09:37:00,2026-01-04 09:37:00
W000771,W000976,1,0.65578,1,2026-04-03 15:10:00,2026-04-03 15:10:00
W000771,W001127,1,0.539761,1,2026-03-23 03:11:00,2026-03-23 03:11:00
W000771,W001468,1,0.329972,1,2026-02-04 19:45:00,2026-02-04 19:45:00
W000771,W002347,1,0.423981,1,2026-06-02 14:34:00,2026-06-02 14:34:00
W000771,W002430,1,0.422518,1,2026-02-15 23:36:00,2026-02-15 23:36:00
W000772,W000081,1,0.372558,1,2026-02-17 12:58:00,2026-02-17 12:58:00
W000772,W000989,1,0.266714,1,2026-05-23 10:40:00,2026-05-23 10:40:00
W000772,W001213,1,0.222494,1,2026-01-31 15:46:00,2026-01-31 15:46:00
W000772,W001230,1,0.262378,1,2026-05-21 22:03:00,2026-05-21 22:03:00
W000772,W001766,1,0.571899,1,2026-03-26 06:53:00,2026-03-26 06:53:00
W000773,W000038,1,0.488085,1,2026-05-07 06:49:00,2026-05-07 06:49:00
W000773,W000096,1,0.504029,1,2026-06-29 18:27:00,2026-06-29 18:27:00
W000773,W000572,1,0.377117,1,2026-03-10 20:24:00,2026-03-10 20:24:00
W000773,W001164,1,0.310489,1,2026-04-30 06:23:00,2026-04-30 06:23:00
W000773,W001703,1,0.656726,1,2026-03-26 17:15:00,2026-03-26 17:15:00
W000774,W000050,1,0.486465,1,2026-05-06 12:06:00,2026-05-06 12:06:00
W000774,W000603,1,0.710057,1,2026-03-22 14:37:00,2026-03-22 14:37:00
W000774,W001201,1,0.905845,1,2026-06-27 10:03:00,2026-06-27 10:03:00
W000774,W002362,1,0.471368,1,2026-06-09 12:22:00,2026-06-09 12:22:00
W000775,W000097,1,0.760921,1,2026-06-16 03:16:00,2026-06-16 03:16:00
W000775,W000778,1,0.465776,1,2026-06-23 10:26:00,2026-06-23 10:26:00
W000775,W001006,1,0.303337,1,2026-04-30 07:46:00,2026-04-30 07:46:00
W000775,W001322,1,0.220726,1,2026-01-12 21:42:00,2026-01-12 21:42:00
W000775,W001492,1,1.007973,1,2026-03-31 21:28:00,2026-03-31 21:28:00
W000775,W001961,1,1.787198,1,2026-06-28 22:32:00,2026-06-28 22:32:00
W000775,W002314,1,0.457777,1,2026-06-16 01:01:00,2026-06-16 01:01:00
W000775,W002393,1,0.109361,1,2026-06-17 05:45:00,2026-06-17 05:45:00
W000776,W000165,1,0.457796,1,2026-05-11 14:59:00,2026-05-11 14:59:00
W000776,W000174,1,0.488711,1,2026-04-29 01:38:00,2026-04-29 01:38:00
W000776,W000319,1,1.307439,1,2026-05-24 08:52:00,2026-05-24 08:52:00
W000776,W001301,1,0.180431,1,2026-05-14 12:47:00,2026-05-14 12:47:00
W000776,W001567,1,0.832469,1,2026-02-21 05:55:00,2026-02-21 05:55:00
W000776,W002189,1,0.234531,1,2026-03-14 23:14:00,2026-03-14 23:14:00
W000776,W002267,1,0.471719,1,2026-03-13 23:12:00,2026-03-13 23:12:00
W000777,W000128,1,0.334071,1,2026-01-27 16:42:00,2026-01-27 16:42:00
W000777,W001339,1,0.400774,1,2026-06-08 10:27:00,2026-06-08 10:27:00
W000777,W001542,1,0.136297,1,2026-05-16 23:56:00,2026-05-16 23:56:00
W000777,W001866,1,0.648311,1,2026-04-27 22:29:00,2026-04-27 22:29:00
W000777,W001871,1,0.3387,1,2026-06-09 06:35:00,2026-06-09 06:35:00
W000777,W001954,1,0.426478,1,2026-05-18 03:09:00,2026-05-18 03:09:00
W000778,W002333,1,0.531969,1,2026-04-04 13:27:00,2026-04-04 13:27:00
W000779,W000134,1,0.536641,1,2026-01-21 23:50:00,2026-01-21 23:50:00
W000779,W000956,1,0.534306,1,2026-04-11 00:13:00,2026-04-11 00:13:00
W000779,W001117,1,0.489211,1,2026-03-03 14:26:00,2026-03-03 14:26:00
W000779,W001162,1,1.403345,1,2026-06-15 13:47:00,2026-06-15 13:47:00
W000779,W001585,1,0.131496,1,2026-04-24 06:10:00,2026-04-24 06:10:00
W000779,W002478,1,0.245294,1,2026-05-06 10:35:00,2026-05-06 10:35:00
W000780,W000213,1,0.424608,1,2026-01-20 23:20:00,2026-01-20 23:20:00
W000780,W000520,1,1.160602,1,2026-04-30 07:00:00,2026-04-30 07:00:00
W000780,W001041,1,0.527784,1,2026-03-04 08:49:00,2026-03-04 08:49:00
W000780,W001707,1,0.658605,1,2026-04-08 08:53:00,2026-04-08 08:53:00
W000781,W000524,1,0.360388,1,2026-04-28 00:30:00,2026-04-28 00:30:00
W000781,W000763,1,0.445199,1,2026-03-19 00:04:00,2026-03-19 00:04:00
W000781,W001129,1,1.35398,1,2026-05-22 01:21:00,2026-05-22 01:21:00
W000781,W001254,1,0.243292,1,2026-06-15 10:42:00,2026-06-15 10:42:00
W000782,W000218,1,0.554974,1,2026-02-27 21:24:00,2026-02-27 21:24:00
W000782,W001983,1,0.233554,1,2026-03-23 03:13:00,2026-03-23 03:13:00
W000782,W002072,1,0.461111,1,2026-04-23 06:08:00,2026-04-23 06:08:00
W000782,W002431,1,0.303725,1,2026-01-26 19:20:00,2026-01-26 19:20:00
W000783,W000007,1,0.089082,1,2026-03-01 18:41:00,2026-03-01 18:41:00
W000783,W000497,1,0.970869,1,2026-02-11 20:24:00,2026-02-11 20:24:00
W000783,W000955,1,0.273485,1,2026-02-15 23:13:00,2026-02-15 23:13:00
W000783,W001670,1,0.318655,1,2026-06-23 15:44:00,2026-06-23 15:44:00
W000783,W001702,1,0.503553,1,2026-06-10 13:03:00,2026-06-10 13:03:00
W000783,W002466,1,0.668592,1,2026-02-12 22:54:00,2026-02-12 22:54:00
W000784,W000774,1,0.378308,1,2026-04-07 02:33:00,2026-04-07 02:33:00
W000784,W001862,1,1.503825,1,2026-06-03 11:49:00,2026-06-03 11:49:00
W000785,W000356,1,0.496323,1,2026-02-09 00:09:00,2026-02-09 00:09:00
W000785,W001077,1,0.615591,1,2026-06-19 19:55:00,2026-06-19 19:55:00
W000785,W001169,1,0.460957,1,2026-03-13 11:20:00,2026-03-13 11:20:00
W000785,W002003,1,1.028368,1,2026-04-22 23:49:00,2026-04-22 23:49:00
W000785,W002105,1,0.843321,1,2026-02-14 08:15:00,2026-02-14 08:15:00
W000785,W002418,1,0.352438,1,2026-01-21 13:15:00,2026-01-21 13:15:00
W000786,W001640,1,0.756015,1,2026-03-26 22:43:00,2026-03-26 22:43:00
W000786,W002233,1,0.893223,1,2026-04-18 07:13:00,2026-04-18 07:13:00
W000786,W002488,1,0.544452,1,2026-01-30 07:44:00,2026-01-30 07:44:00
W000787,W000070,1,0.220087,1,2026-06-08 13:02:00,2026-06-08 13:02:00
W000787,W000142,1,0.700937,1,2026-03-31 05:18:00,2026-03-31 05:18:00
W000787,W000831,1,2.860608,1,2026-05-10 11:02:00,2026-05-10 11:02:00
W000787,W001199,1,0.507636,1,2026-06-29 12:18:00,2026-06-29 12:18:00
W000787,W001703,1,0.23376,1,2026-06-10 14:57:00,2026-06-10 14:57:00
W000787,W002276,1,2.385043,1,2026-06-24 04:31:00,2026-06-24 04:31:00
W000788,W000441,1,0.659907,1,2026-04-16 17:33:00,2026-04-16 17:33:00
W000788,W000805,1,0.177551,1,2026-02-02 23:57:00,2026-02-02 23:57:00
W000788,W001470,1,0.594162,1,2026-04-22 06:48:00,2026-04-22 06:48:00
W000788,W002129,1,0.424818,1,2026-06-04 13:38:00,2026-06-04 13:38:00
W000788,W002494,1,0.344811,1,2026-02-20 09:58:00,2026-02-20 09:58:00
W000789,W000384,1,0.242118,1,2026-04-05 21:31:00,2026-04-05 21:31:00
W000789,W002108,1,0.578658,1,2026-06-19 10:35:00,2026-06-19 10:35:00
W000789,W002264,1,0.667305,1,2026-04-11 05:26:00,2026-04-11 05:26:00
W000789,W002384,1,0.492484,1,2026-04-06 19:37:00,2026-04-06 19:37:00
W000790,W001260,1,0.129013,1,2026-05-21 04:05:00,2026-05-21 04:05:00
W000790,W002230,1,0.312878,1,2026-02-03 11:48:00,2026-02-03 11:48:00
W000791,W000748,1,0.895061,1,2026-01-07 06:35:00,2026-01-07 06:35:00
W000791,W000767,1,0.723274,1,2026-05-08 22:32:00,2026-05-08 22:32:00
W000791,W001510,1,1.442118,1,2026-02-10 04:56:00,2026-02-10 04:56:00
W000791,W001797,1,0.337597,1,2026-05-12 01:48:00,2026-05-12 01:48:00
W000791,W002407,1,0.080271,1,2026-03-14 10:18:00,2026-03-14 10:18:00
W000791,W002431,1,0.13481,1,2026-03-20 00:29:00,2026-03-20 00:29:00
W000792,W000061,1,0.240312,1,2026-03-04 03:19:00,2026-03-04 03:19:00
W000792,W000243,1,0.612844,1,2026-02-10 04:32:00,2026-02-10 04:32:00
W000792,W000901,1,2.4465,1,2026-03-06 15:19:00,2026-03-06 15:19:00
W000792,W001081,1,0.69829,1,2026-03-23 12:00:00,2026-03-23 12:00:00
W000792,W001607,1,0.385055,1,2026-03-23 01:55:00,2026-03-23 01:55:00
W000792,W001632,1,0.908768,1,2026-01-05 08:59:00,2026-01-05 08:59:00
W000792,W002199,1,0.601265,1,2026-03-21 09:49:00,2026-03-21 09:49:00
W000792,W002358,1,1.280836,1,2026-03-06 06:54:00,2026-03-06 06:54:00
W000793,W000286,1,0.082136,1,2026-06-25 15:28:00,2026-06-25 15:28:00
W000793,W000445,1,0.701165,1,2026-01-30 12:50:00,2026-01-30 12:50:00
W000793,W000713,1,0.225409,1,2026-01-09 09:19:00,2026-01-09 09:19:00
W000793,W001127,1,0.240246,1,2026-06-23 11:05:00,2026-06-23 11:05:00
W000793,W001882,1,0.327955,1,2026-06-26 12:39:00,2026-06-26 12:39:00
W000793,W002150,1,2.532653,1,2026-01-25 23:53:00,2026-01-25 23:53:00
W000794,W000667,1,0.201708,1,2026-06-22 23:31:00,2026-06-22 23:31:00
W000794,W000685,1,0.312009,1,2026-02-19 14:41:00,2026-02-19 14:41:00
W000794,W001335,1,0.287502,1,2026-02-18 05:46:00,2026-02-18 05:46:00
W000794,W001422,1,0.223184,1,2026-06-22 22:33:00,2026-06-22 22:33:00
W000794,W001730,1,0.229175,1,2026-03-01 15:50:00,2026-03-01 15:50:00
W000794,W001878,1,0.538939,1,2026-04-22 17:40:00,2026-04-22 17:40:00
W000794,W002465,1,0.291406,1,2026-03-25 08:26:00,2026-03-25 08:26:00
W000795,W001500,1,0.348443,1,2026-06-17 05:03:00,2026-06-17 05:03:00
W000795,W001860,1,0.227388,1,2026-04-13 02:42:00,2026-04-13 02:42:00
W000795,W001923,1,0.488382,1,2026-05-31 19:41:00,2026-05-31 19:41:00
W000795,W002190,1,0.918511,1,2026-03-22 22:47:00,2026-03-22 22:47:00
W000795,W002417,1,0.254211,1,2026-06-23 17:40:00,2026-06-23 17:40:00
W000796,W000054,1,0.481964,1,2026-03-25 07:59:00,2026-03-25 07:59:00
W000796,W000239,1,0.458427,1,2026-02-24 21:11:00,2026-02-24 21:11:00
W000796,W001939,1,1.027293,1,2026-06-22 10:52:00,2026-06-22 10:52:00
W000796,W002270,1,0.497885,1,2026-04-21 10:50:00,2026-04-21 10:50:00
W000797,W002252,1,2.149197,1,2026-06-12 04:18:00,2026-06-12 04:18:00
W000798,W000322,1,0.405657,1,2026-01-03 14:59:00,2026-01-03 14:59:00
W000798,W000488,1,0.250777,1,2026-04-02 13:35:00,2026-04-02 13:35:00
W000798,W000881,1,0.315256,1,2026-01-02 18:04:00,2026-01-02 18:04:00
W000798,W002009,1,0.692345,1,2026-06-27 15:55:00,2026-06-27 15:55:00
W000798,W002022,1,0.707652,1,2026-03-06 18:14:00,2026-03-06 18:14:00
W000799,W001220,1,0.124667,1,2026-06-12 09:36:00,2026-06-12 09:36:00
W000799,W001933,1,0.351589,1,2026-01-25 15:34:00,2026-01-25 15:34:00
W000799,W002368,1,0.227284,1,2026-06-23 07:28:00,2026-06-23 07:28:00
W000800,W001477,1,1.071565,1,2026-04-17 07:39:00,2026-04-17 07:39:00
W000800,W001552,1,0.660958,1,2026-06-21 10:23:00,2026-06-21 10:23:00
W000800,W001843,1,0.236633,1,2026-01-29 22:30:00,2026-01-29 22:30:00
W000800,W002306,1,0.213039,1,2026-06-22 00:27:00,2026-06-22 00:27:00
W000800,W002493,1,0.50066,1,2026-01-11 21:00:00,2026-01-11 21:00:00
W000801,W000548,1,0.584837,1,2026-02-02 12:21:00,2026-02-02 12:21:00
W000801,W000675,1,0.247147,1,2026-04-30 03:36:00,2026-04-30 03:36:00
W000801,W000734,1,0.504605,1,2026-04-20 01:12:00,2026-04-20 01:12:00
W000801,W001899,1,0.14355,1,2026-02-27 03:36:00,2026-02-27 03:36:00
W000801,W002278,1,0.585419,1,2026-02-17 17:21:00,2026-02-17 17:21:00
W000802,W000214,1,0.155167,1,2026-04-24 02:16:00,2026-04-24 02:16:00
W000802,W001935,2,0.779895,2,2026-06-17 18:51:00,2026-06-27 00:56:00
W000803,W000349,1,0.153789,1,2026-03-13 13:30:00,2026-03-13 13:30:00
W000803,W001466,1,1.418453,1,2026-03-31 12:58:00,2026-03-31 12:58:00
W000803,W001560,1,0.159945,1,2026-06-27 11:30:00,2026-06-27 11:30:00
W000803,W001690,1,0.315319,1,2026-02-13 02:25:00,2026-02-13 02:25:00
W000803,W001919,1,0.844046,1,2026-03-27 08:29:00,2026-03-27 08:29:00
W000803,W001934,1,0.36762,1,2026-04-28 20:03:00,2026-04-28 20:03:00
W000803,W002219,1,1.120483,1,2026-06-11 01:20:00,2026-06-11 01:20:00
W000804,W000159,1,0.216607,1,2026-05-11 22:32:00,2026-05-11 22:32:00
W000804,W000315,1,0.490796,1,2026-01-14 18:54:00,2026-01-14 18:54:00
W000804,W000620,1,0.975348,1,2026-04-15 14:28:00,2026-04-15 14:28:00
W000804,W000959,1,0.73827,1,2026-06-13 10:52:00,2026-06-13 10:52:00
W000804,W001589,1,0.628846,1,2026-05-04 02:43:00,2026-05-04 02:43:00
W000805,W000131,1,0.451137,1,2026-06-04 16:26:00,2026-06-04 16:26:00
W000805,W000134,1,0.320096,1,2026-03-09 16:03:00,2026-03-09 16:03:00
W000805,W000761,1,0.712468,1,2026-01-27 13:17:00,2026-01-27 13:17:00
W000806,W001709,1,3.190614,1,2026-04-26 13:05:00,2026-04-26 13:05:00
W000806,W001824,1,0.214338,1,2026-04-08 08:30:00,2026-04-08 08:30:00
W000806,W002328,1,0.316564,1,2026-06-19 15:00:00,2026-06-19 15:00:00
W000807,W000296,1,0.206226,1,2026-03-12 00:36:00,2026-03-12 00:36:00
W000807,W001414,1,0.649204,1,2026-06-10 10:00:00,2026-06-10 10:00:00
W000807,W002429,1,0.533291,1,2026-04-09 10:07:00,2026-04-09 10:07:00
W000808,W000662,1,1.150607,1,2026-02-09 18:12:00,2026-02-09 18:12:00
W000808,W001200,1,1.501587,1,2026-04-09 12:52:00,2026-04-09 12:52:00
W000808,W001301,1,1.201172,1,2026-06-13 08:42:00,2026-06-13 08:42:00
W000808,W001844,1,0.920417,1,2026-02-16 21:40:00,2026-02-16 21:40:00
W000808,W002338,1,0.100109,1,2026-04-23 15:44:00,2026-04-23 15:44:00
W000809,W000080,1,0.14498,1,2026-03-31 12:30:00,2026-03-31 12:30:00
W000809,W000268,1,0.22396,1,2026-03-13 12:52:00,2026-03-13 12:52:00
W000809,W000530,1,0.380308,1,2026-06-25 05:53:00,2026-06-25 05:53:00
W000809,W001863,1,0.773279,1,2026-03-14 16:02:00,2026-03-14 16:02:00
W000809,W002020,1,0.337672,1,2026-02-07 00:55:00,2026-02-07 00:55:00
W000809,W002181,1,0.785563,1,2026-04-10 07:20:00,2026-04-10 07:20:00
W000809,W002255,1,1.161464,1,2026-02-28 00:12:00,2026-02-28 00:12:00
W000810,W000026,1,0.322407,1,2026-03-05 08:44:00,2026-03-05 08:44:00
W000810,W002266,1,0.306169,1,2026-06-01 02:08:00,2026-06-01 02:08:00
W000810,W002366,1,0.512526,1,2026-02-05 05:58:00,2026-02-05 05:58:00
W000810,W002444,1,0.361051,1,2026-06-18 18:51:00,2026-06-18 18:51:00
W000811,W000919,1,0.630074,1,2026-05-08 21:12:00,2026-05-08 21:12:00
W000811,W001614,1,0.086459,1,2026-04-19 01:49:00,2026-04-19 01:49:00
W000811,W001875,1,1.626085,1,2026-03-03 00:16:00,2026-03-03 00:16:00
W000812,W000828,1,0.519962,1,2026-05-25 17:35:00,2026-05-25 17:35:00
W000812,W001098,1,0.394919,1,2026-03-10 02:12:00,2026-03-10 02:12:00
W000812,W001517,1,0.503166,1,2026-04-08 02:56:00,2026-04-08 02:56:00
W000813,W000334,1,0.617619,1,2026-04-19 04:44:00,2026-04-19 04:44:00
W000813,W001132,1,0.438298,1,2026-01-22 13:15:00,2026-01-22 13:15:00
W000813,W001434,1,0.259856,1,2026-06-01 23:46:00,2026-06-01 23:46:00
W000814,W000197,1,1.173921,1,2026-06-01 05:57:00,2026-06-01 05:57:00
W000814,W000393,1,0.410729,1,2026-05-29 08:01:00,2026-05-29 08:01:00
W000814,W000597,1,0.457627,1,2026-04-11 18:08:00,2026-04-11 18:08:00
W000814,W000801,1,1.440744,1,2026-01-08 09:27:00,2026-01-08 09:27:00
W000815,W000158,1,1.201003,1,2026-01-04 09:42:00,2026-01-04 09:42:00
W000815,W000231,1,0.156218,1,2026-05-14 08:16:00,2026-05-14 08:16:00
W000815,W000283,1,0.25222,1,2026-06-16 15:29:00,2026-06-16 15:29:00
W000815,W000759,1,1.204995,1,2026-02-23 02:35:00,2026-02-23 02:35:00
W000816,W001144,1,0.62456,1,2026-06-04 16:51:00,2026-06-04 16:51:00
W000817,W000178,1,0.530545,1,2026-06-26 17:09:00,2026-06-26 17:09:00
W000817,W000544,1,0.363188,1,2026-02-28 18:10:00,2026-02-28 18:10:00
W000817,W000793,1,0.930107,1,2026-04-24 22:03:00,2026-04-24 22:03:00
W000817,W001019,1,0.25151,1,2026-04-03 18:22:00,2026-04-03 18:22:00
W000817,W002077,1,0.382193,1,2026-05-31 21:50:00,2026-05-31 21:50:00
W000818,W000164,1,1.151771,1,2026-02-17 21:58:00,2026-02-17 21:58:00
W000818,W000797,1,2.692139,1,2026-01-18 21:23:00,2026-01-18 21:23:00
W000818,W001355,1,0.330495,1,2026-05-01 16:02:00,2026-05-01 16:02:00
W000818,W001637,1,2.479018,1,2026-04-03 21:59:00,2026-04-03 21:59:00
W000819,W000935,1,0.248048,1,2026-03-30 13:56:00,2026-03-30 13:56:00
W000819,W002182,1,0.253897,1,2026-03-28 16:14:00,2026-03-28 16:14:00
W000819,W002249,1,0.910877,1,2026-02-08 07:35:00,2026-02-08 07:35:00
W000820,W000008,1,0.403166,1,2026-03-22 18:58:00,2026-03-22 18:58:00
W000820,W000019,1,0.22797,1,2026-01-09 21:11:00,2026-01-09 21:11:00
W000820,W001247,1,0.198361,1,2026-04-26 20:50:00,2026-04-26 20:50:00
W000820,W001685,1,1.438656,1,2026-06-21 03:34:00,2026-06-21 03:34:00
W000821,W000150,1,0.239502,1,2026-01-10 03:17:00,2026-01-10 03:17:00
W000821,W002159,1,0.286,1,2026-03-31 00:15:00,2026-03-31 00:15:00
W000821,W002340,1,0.789556,1,2026-04-19 07:36:00,2026-04-19 07:36:00
W000822,W000253,1,0.246459,1,2026-05-15 12:50:00,2026-05-15 12:50:00
W000822,W000380,1,0.447856,1,2026-01-24 12:11:00,2026-01-24 12:11:00
W000822,W000557,1,0.23651,1,2026-01-06 07:05:00,2026-01-06 07:05:00
W000822,W000780,1,0.662723,1,2026-04-20 00:18:00,2026-04-20 00:18:00
W000822,W001259,1,0.715546,1,2026-06-21 03:24:00,2026-06-21 03:24:00
W000822,W001284,1,0.363732,1,2026-03-03 12:46:00,2026-03-03 12:46:00
W000822,W001708,1,0.313133,1,2026-05-19 05:56:00,2026-05-19 05:56:00
W000822,W001824,1,0.467556,1,2026-04-28 12:27:00,2026-04-28 12:27:00
W000822,W001857,1,1.222256,1,2026-01-20 23:31:00,2026-01-20 23:31:00
W000822,W001944,1,0.920028,1,2026-06-17 09:07:00,2026-06-17 09:07:00
W000822,W002029,1,0.623538,1,2026-06-22 14:11:00,2026-06-22 14:11:00
W000822,W002229,1,0.827098,1,2026-01-30 19:17:00,2026-01-30 19:17:00
W000822,W002263,1,0.346186,1,2026-04-21 20:34:00,2026-04-21 20:34:00
W000822,W002458,1,1.687229,1,2026-04-15 11:37:00,2026-04-15 11:37:00
W000823,W001171,1,0.815025,1,2026-02-07 17:27:00,2026-02-07 17:27:00
W000823,W002138,1,0.843217,1,2026-01-05 17:00:00,2026-01-05 17:00:00
W000823,W002193,1,0.247187,1,2026-01-11 13:21:00,2026-01-11 13:21:00
W000823,W002357,1,0.737819,1,2026-03-02 23:25:00,2026-03-02 23:25:00
W000824,W000375,1,0.796642,1,2026-01-01 23:32:00,2026-01-01 23:32:00
W000825,W000567,1,0.632484,1,2026-05-23 16:41:00,2026-05-23 16:41:00
W000825,W000721,1,0.354207,1,2026-05-21 14:19:00,2026-05-21 14:19:00
W000825,W001063,1,0.16207,1,2026-03-06 03:12:00,2026-03-06 03:12:00
W000825,W001810,1,1.760366,1,2026-02-08 03:09:00,2026-02-08 03:09:00
W000825,W001918,1,1.086472,1,2026-05-27 20:14:00,2026-05-27 20:14:00
W000825,W002029,1,1.728522,1,2026-06-26 05:09:00,2026-06-26 05:09:00
W000826,W000065,1,0.526679,1,2026-01-10 12:02:00,2026-01-10 12:02:00
W000826,W000371,1,1.064531,1,2026-03-02 05:02:00,2026-03-02 05:02:00
W000826,W001183,1,1.142167,1,2026-01-25 00:38:00,2026-01-25 00:38:00
W000826,W001455,1,0.368636,1,2026-01-21 20:58:00,2026-01-21 20:58:00
W000827,W001625,1,0.216863,1,2026-01-31 22:33:00,2026-01-31 22:33:00
W000828,W000896,1,0.511226,1,2026-05-21 00:57:00,2026-05-21 00:57:00
W000829,W000041,1,0.714382,1,2026-02-04 17:11:00,2026-02-04 17:11:00
W000829,W000559,1,1.660843,1,2026-01-18 19:51:00,2026-01-18 19:51:00
W000829,W001189,1,1.449493,1,2026-05-10 07:46:00,2026-05-10 07:46:00
W000829,W001789,1,1.405881,1,2026-06-18 06:20:00,2026-06-18 06:20:00
W000829,W001958,1,1.504482,1,2026-06-14 01:16:00,2026-06-14 01:16:00
W000830,W000102,1,2.093409,1,2026-05-29 06:17:00,2026-05-29 06:17:00
W000830,W000699,1,1.215098,1,2026-05-27 14:18:00,2026-05-27 14:18:00
W000830,W001720,1,1.295236,1,2026-03-30 18:34:00,2026-03-30 18:34:00
W000831,W000958,1,0.435345,1,2026-03-26 12:38:00,2026-03-26 12:38:00
W000831,W001421,1,0.431251,1,2026-06-01 07:58:00,2026-06-01 07:58:00
W000831,W001607,1,0.696927,1,2026-03-05 00:45:00,2026-03-05 00:45:00
W000831,W002490,1,1.111027,1,2026-03-28 20:53:00,2026-03-28 20:53:00
W000832,W000542,1,0.379282,1,2026-05-13 19:12:00,2026-05-13 19:12:00
W000832,W001512,1,1.149275,1,2026-03-17 23:20:00,2026-03-17 23:20:00
W000833,W000077,1,0.459071,1,2026-05-08 17:00:00,2026-05-08 17:00:00
W000833,W000497,1,0.922405,1,2026-04-04 21:04:00,2026-04-04 21:04:00
W000833,W001334,1,0.334604,1,2026-01-30 14:32:00,2026-01-30 14:32:00
W000833,W002372,1,0.97747,1,2026-06-22 18:38:00,2026-06-22 18:38:00
W000834,W000297,1,0.749556,1,2026-04-24 11:03:00,2026-04-24 11:03:00
W000834,W000478,1,0.180992,1,2026-02-01 01:22:00,2026-02-01 01:22:00
W000834,W001106,1,0.104523,1,2026-03-11 05:25:00,2026-03-11 05:25:00
W000834,W001301,1,0.62124,1,2026-03-14 15:51:00,2026-03-14 15:51:00
W000834,W002090,1,5.29365,1,2026-03-13 03:54:00,2026-03-13 03:54:00
W000835,W001377,1,0.250406,1,2026-03-05 03:46:00,2026-03-05 03:46:00
W000835,W001448,1,0.507682,1,2026-03-29 15:31:00,2026-03-29 15:31:00
W000835,W002184,1,0.109565,1,2026-05-26 09:11:00,2026-05-26 09:11:00
W000836,W000018,1,0.245176,1,2026-03-23 12:02:00,2026-03-23 12:02:00
W000836,W000536,1,0.655843,1,2026-04-08 00:15:00,2026-04-08 00:15:00
W000836,W000574,1,0.680769,1,2026-02-14 17:22:00,2026-02-14 17:22:00
W000836,W001618,1,0.266715,1,2026-06-27 09:16:00,2026-06-27 09:16:00
W000836,W002479,1,0.437802,1,2026-05-28 21:28:00,2026-05-28 21:28:00
W000837,W000232,1,0.204012,1,2026-03-22 03:43:00,2026-03-22 03:43:00
W000837,W000633,1,0.227533,1,2026-02-18 01:23:00,2026-02-18 01:23:00
W000837,W002351,1,0.609923,1,2026-05-28 19:40:00,2026-05-28 19:40:00
W000838,W000090,1,0.393943,1,2026-02-11 02:52:00,2026-02-11 02:52:00
W000838,W001009,1,0.360027,1,2026-03-30 22:24:00,2026-03-30 22:24:00
W000838,W001181,1,0.587242,1,2026-04-16 20:49:00,2026-04-16 20:49:00
W000838,W001674,1,0.625832,1,2026-04-01 16:46:00,2026-04-01 16:46:00
W000838,W001876,1,0.559629,1,2026-06-13 08:48:00,2026-06-13 08:48:00
W000839,W000036,1,1.388006,1,2026-05-18 10:22:00,2026-05-18 10:22:00
W000839,W000706,1,0.609165,1,2026-01-19 16:47:00,2026-01-19 16:47:00
W000839,W001145,1,0.532795,1,2026-02-04 19:13:00,2026-02-04 19:13:00
W000839,W001593,1,0.300767,1,2026-01-10 22:51:00,2026-01-10 22:51:00
W000840,W000445,1,0.282468,1,2026-06-20 06:35:00,2026-06-20 06:35:00
W000840,W000770,1,0.297086,1,2026-04-27 22:53:00,2026-04-27 22:53:00
W000840,W001803,1,0.176725,1,2026-06-14 21:41:00,2026-06-14 21:41:00
W000841,W000688,1,0.255604,1,2026-04-18 03:33:00,2026-04-18 03:33:00
W000841,W001493,1,0.541816,1,2026-06-09 05:45:00,2026-06-09 05:45:00
W000841,W001713,1,0.474371,1,2026-06-26 18:52:00,2026-06-26 18:52:00
W000841,W002219,1,0.861247,1,2026-05-30 22:11:00,2026-05-30 22:11:00
W000842,W000502,1,0.352884,1,2026-02-23 14:17:00,2026-02-23 14:17:00
W000842,W001397,1,0.455356,1,2026-05-30 08:22:00,2026-05-30 08:22:00
W000842,W002209,1,2.962963,1,2026-02-26 03:56:00,2026-02-26 03:56:00
W000842,W002335,1,0.468718,1,2026-06-26 11:32:00,2026-06-26 11:32:00
W000843,W000803,1,0.315795,1,2026-03-16 16:55:00,2026-03-16 16:55:00
W000843,W001904,1,0.380614,1,2026-01-08 23:14:00,2026-01-08 23:14:00
W000844,W001033,1,1.187875,1,2026-03-13 00:04:00,2026-03-13 00:04:00
W000844,W002084,1,0.282126,1,2026-05-19 23:18:00,2026-05-19 23:18:00
W000844,W002244,1,0.641441,1,2026-03-12 14:38:00,2026-03-12 14:38:00
W000845,W000077,1,11.322434,1,2026-03-19 01:49:00,2026-03-19 01:49:00
W000845,W001744,1,0.656369,1,2026-04-20 20:23:00,2026-04-20 20:23:00
W000846,W000020,1,0.47319,1,2026-06-20 11:44:00,2026-06-20 11:44:00
W000846,W000065,1,0.217984,1,2026-06-27 23:29:00,2026-06-27 23:29:00
W000846,W001326,1,0.246333,1,2026-01-30 05:04:00,2026-01-30 05:04:00
W000846,W001723,1,0.925942,1,2026-04-19 12:30:00,2026-04-19 12:30:00
W000846,W002315,1,0.300842,1,2026-06-18 19:41:00,2026-06-18 19:41:00
W000846,W002362,1,0.828796,1,2026-01-12 20:28:00,2026-01-12 20:28:00
W000847,W000056,1,1.119198,1,2026-01-02 08:14:00,2026-01-02 08:14:00
W000847,W001169,1,0.97079,1,2026-05-10 20:37:00,2026-05-10 20:37:00
W000848,W001485,1,1.302028,1,2026-02-03 11:57:00,2026-02-03 11:57:00
W000848,W001676,1,0.582211,1,2026-01-26 18:39:00,2026-01-26 18:39:00
W000848,W001790,1,0.23991,1,2026-01-05 18:57:00,2026-01-05 18:57:00
W000849,W000042,1,0.587949,1,2026-04-10 00:42:00,2026-04-10 00:42:00
W000849,W001166,1,0.48263,1,2026-06-18 12:34:00,2026-06-18 12:34:00
W000849,W001586,1,0.315948,1,2026-06-27 00:19:00,2026-06-27 00:19:00
W000849,W001683,1,0.448117,1,2026-01-02 21:00:00,2026-01-02 21:00:00
W000849,W002093,1,0.195201,1,2026-04-13 18:33:00,2026-04-13 18:33:00
W000849,W002261,1,0.393892,1,2026-04-07 22:52:00,2026-04-07 22:52:00
W000850,W001353,1,0.289507,1,2026-02-03 08:15:00,2026-02-03 08:15:00
W000851,W001001,1,8.131081,1,2026-03-21 02:23:00,2026-03-21 02:23:00
W000851,W002070,1,1.368896,1,2026-05-08 16:49:00,2026-05-08 16:49:00
W000852,W000763,1,5.382445,1,2026-02-06 15:19:00,2026-02-06 15:19:00
W000852,W001200,1,0.660076,1,2026-04-16 15:40:00,2026-04-16 15:40:00
W000853,W000355,1,0.907271,1,2026-06-17 18:27:00,2026-06-17 18:27:00
W000853,W000756,1,2.404191,1,2026-05-30 10:20:00,2026-05-30 10:20:00
W000853,W000821,1,0.622399,1,2026-01-14 01:44:00,2026-01-14 01:44:00
W000853,W001974,1,7.171449,1,2026-01-22 19:36:00,2026-01-22 19:36:00
W000854,W000035,1,0.508378,1,2026-01-07 19:12:00,2026-01-07 19:12:00
W000854,W000665,1,0.176424,1,2026-05-29 09:08:00,2026-05-29 09:08:00
W000854,W000899,1,0.17442,1,2026-02-01 12:37:00,2026-02-01 12:37:00
W000854,W001131,1,0.75878,1,2026-03-02 14:47:00,2026-03-02 14:47:00
W000854,W001227,1,0.194249,1,2026-03-31 06:30:00,2026-03-31 06:30:00
W000854,W001667,1,0.206229,1,2026-03-26 21:27:00,2026-03-26 21:27:00
W000854,W001944,1,2.192418,1,2026-06-17 10:03:00,2026-06-17 10:03:00
W000855,W000405,1,0.463962,1,2026-06-07 16:39:00,2026-06-07 16:39:00
W000855,W000438,1,0.343358,1,2026-04-22 15:23:00,2026-04-22 15:23:00
W000856,W000027,1,0.553297,1,2026-02-27 06:43:00,2026-02-27 06:43:00
W000856,W001464,1,0.129857,1,2026-06-16 00:52:00,2026-06-16 00:52:00
W000857,W000076,1,0.098371,1,2026-02-22 05:19:00,2026-02-22 05:19:00
W000857,W000784,1,0.531762,1,2026-06-03 12:13:00,2026-06-03 12:13:00
W000857,W000970,1,0.848626,1,2026-04-21 07:25:00,2026-04-21 07:25:00
W000857,W001578,1,0.959594,1,2026-01-20 05:05:00,2026-01-20 05:05:00
W000858,W000137,1,0.380746,1,2026-03-19 01:37:00,2026-03-19 01:37:00
W000858,W000203,1,0.235361,1,2026-02-16 20:02:00,2026-02-16 20:02:00
W000858,W000240,1,0.467961,1,2026-02-25 10:29:00,2026-02-25 10:29:00
W000858,W000981,1,0.304713,1,2026-06-13 13:19:00,2026-06-13 13:19:00
W000859,W001121,1,0.587482,1,2026-05-27 08:54:00,2026-05-27 08:54:00
W000859,W001208,1,0.660307,1,2026-03-12 07:46:00,2026-03-12 07:46:00
W000859,W001237,1,1.010558,1,2026-06-15 20:41:00,2026-06-15 20:41:00
W000859,W001956,1,0.176561,1,2026-04-07 11:26:00,2026-04-07 11:26:00
W000860,W000372,1,0.387955,1,2026-01-01 11:58:00,2026-01-01 11:58:00
W000860,W002137,1,0.304922,1,2026-03-17 00:20:00,2026-03-17 00:20:00
W000861,W000389,1,0.25256,1,2026-02-20 01:29:00,2026-02-20 01:29:00
W000861,W000774,1,0.289447,1,2026-05-15 13:54:00,2026-05-15 13:54:00
W000861,W000953,1,0.387432,1,2026-05-27 12:41:00,2026-05-27 12:41:00
W000862,W000969,1,0.4488,1,2026-01-10 21:06:00,2026-01-10 21:06:00
W000862,W001065,1,0.206131,1,2026-06-18 18:00:00,2026-06-18 18:00:00
W000862,W001205,1,1.654325,1,2026-03-09 11:29:00,2026-03-09 11:29:00
W000862,W001439,1,1.004288,1,2026-03-13 06:03:00,2026-03-13 06:03:00
W000863,W000227,1,0.820558,1,2026-03-08 05:43:00,2026-03-08 05:43:00
W000863,W001945,1,1.939415,1,2026-05-25 05:48:00,2026-05-25 05:48:00
W000864,W001074,1,0.659215,1,2026-04-25 18:34:00,2026-04-25 18:34:00
W000864,W001131,1,0.419907,1,2026-06-17 04:17:00,2026-06-17 04:17:00
W000864,W001694,1,0.156335,1,2026-06-01 00:15:00,2026-06-01 00:15:00
W000864,W001772,1,1.66278,1,2026-03-12 21:51:00,2026-03-12 21:51:00
W000864,W002072,1,4.983245,1,2026-05-18 12:13:00,2026-05-18 12:13:00
W000865,W000412,1,1.697719,1,2026-04-27 04:03:00,2026-04-27 04:03:00
W000865,W001607,1,0.538138,1,2026-04-12 10:54:00,2026-04-12 10:54:00
W000866,W000389,1,0.502036,1,2026-01-15 13:29:00,2026-01-15 13:29:00
W000866,W000822,1,0.52065,1,2026-03-30 14:10:00,2026-03-30 14:10:00
W000866,W001441,1,0.412935,1,2026-01-09 16:26:00,2026-01-09 16:26:00
W000867,W000177,1,0.116977,1,2026-01-13 16:54:00,2026-01-13 16:54:00
W000867,W001825,1,0.54286,1,2026-06-04 13:00:00,2026-06-04 13:00:00
W000867,W002007,1,0.231829,1,2026-01-07 00:37:00,2026-01-07 00:37:00
W000867,W002014,1,0.232383,1,2026-05-09 14:06:00,2026-05-09 14:06:00
W000868,W000377,1,0.251712,1,2026-04-15 11:26:00,2026-04-15 11:26:00
W000868,W001340,1,0.252669,1,2026-05-23 12:17:00,2026-05-23 12:17:00
W000868,W001466,1,0.822073,1,2026-03-24 12:15:00,2026-03-24 12:15:00
W000868,W002160,1,0.48755,1,2026-06-08 10:33:00,2026-06-08 10:33:00
W000868,W002287,1,0.137894,1,2026-03-24 03:32:00,2026-03-24 03:32:00
W000869,W001271,1,0.461052,1,2026-03-10 05:36:00,2026-03-10 05:36:00
W000869,W001589,1,0.950052,1,2026-03-18 02:17:00,2026-03-18 02:17:00
W000869,W001965,1,0.425618,1,2026-05-10 18:49:00,2026-05-10 18:49:00
W000869,W002109,1,0.355534,1,2026-06-17 23:24:00,2026-06-17 23:24:00
W000870,W000049,1,0.180735,1,2026-01-28 01:25:00,2026-01-28 01:25:00
W000870,W000053,1,0.528107,1,2026-05-16 01:34:00,2026-05-16 01:34:00
W000870,W000559,1,1.297585,1,2026-06-03 11:12:00,2026-06-03 11:12:00
W000870,W000883,1,0.50019,1,2026-04-09 04:43:00,2026-04-09 04:43:00
W000870,W001695,1,0.764418,1,2026-01-14 08:17:00,2026-01-14 08:17:00
W000871,W001011,1,0.156474,1,2026-01-05 14:23:00,2026-01-05 14:23:00
W000871,W002132,1,0.951306,1,2026-04-04 01:06:00,2026-04-04 01:06:00
W000872,W000505,1,0.690298,1,2026-02-05 19:57:00,2026-02-05 19:57:00
W000872,W000980,1,0.761613,1,2026-02-16 07:44:00,2026-02-16 07:44:00
W000872,W001641,1,0.369737,1,2026-04-23 09:09:00,2026-04-23 09:09:00
W000872,W002183,1,21.124622,1,2026-03-14 11:26:00,2026-03-14 11:26:00
W000872,W002458,1,0.537523,1,2026-04-06 21:00:00,2026-04-06 21:00:00
W000873,W000945,1,1.440587,1,2026-05-03 07:25:00,2026-05-03 07:25:00
W000873,W002082,1,0.492533,1,2026-03-27 13:27:00,2026-03-27 13:27:00
W000874,W000239,1,0.562618,1,2026-04-23 23:08:00,2026-04-23 23:08:00
W000874,W000461,1,0.086836,1,2026-04-13 08:11:00,2026-04-13 08:11:00
W000874,W000500,1,0.35121,1,2026-03-10 06:25:00,2026-03-10 06:25:00
W000874,W000660,1,0.819639,1,2026-04-20 00:53:00,2026-04-20 00:53:00
W000874,W001712,1,0.667489,1,2026-02-27 12:07:00,2026-02-27 12:07:00
W000874,W001953,1,0.744034,1,2026-03-27 16:05:00,2026-03-27 16:05:00
W000875,W001398,1,0.15524,1,2026-03-14 00:55:00,2026-03-14 00:55:00
W000876,W001587,1,0.138356,1,2026-01-25 15:44:00,2026-01-25 15:44:00
W000876,W002315,1,0.635085,1,2026-04-23 15:28:00,2026-04-23 15:28:00
W000876,W002396,1,0.665967,1,2026-01-27 15:08:00,2026-01-27 15:08:00
W000877,W000063,1,1.016146,1,2026-02-06 20:54:00,2026-02-06 20:54:00
W000877,W001058,1,0.255361,1,2026-03-27 20:31:00,2026-03-27 20:31:00
W000877,W001060,1,1.227599,1,2026-05-09 21:33:00,2026-05-09 21:33:00
W000877,W001097,1,0.860357,1,2026-05-27 03:01:00,2026-05-27 03:01:00
W000877,W001580,1,1.180801,1,2026-01-21 11:15:00,2026-01-21 11:15:00
W000877,W001981,1,0.418784,1,2026-03-10 06:37:00,2026-03-10 06:37:00
W000877,W002483,1,0.722233,1,2026-03-26 16:45:00,2026-03-26 16:45:00
W000878,W000765,1,0.760035,1,2026-02-15 11:37:00,2026-02-15 11:37:00
W000878,W001415,1,0.20445,1,2026-06-09 14:38:00,2026-06-09 14:38:00
W000878,W001649,1,0.425656,1,2026-06-09 21:19:00,2026-06-09 21:19:00
W000878,W001939,1,0.214635,1,2026-04-22 09:31:00,2026-04-22 09:31:00
W000879,W000343,1,0.421266,1,2026-03-26 18:27:00,2026-03-26 18:27:00
W000879,W000617,1,0.240143,1,2026-05-29 04:30:00,2026-05-29 04:30:00
W000879,W000704,1,0.213088,1,2026-01-27 16:26:00,2026-01-27 16:26:00
W000879,W002214,1,0.19369,1,2026-06-01 18:21:00,2026-06-01 18:21:00
W000880,W000311,1,0.662849,1,2026-03-10 15:14:00,2026-03-10 15:14:00
W000880,W000401,1,0.295036,1,2026-03-19 05:55:00,2026-03-19 05:55:00
W000880,W001586,1,0.161994,1,2026-03-05 07:01:00,2026-03-05 07:01:00
W000881,W000707,1,0.086733,1,2026-05-29 05:03:00,2026-05-29 05:03:00
W000881,W000858,1,0.129145,1,2026-03-10 08:16:00,2026-03-10 08:16:00
W000881,W000975,1,0.138855,1,2026-04-13 16:50:00,2026-04-13 16:50:00
W000881,W001459,1,0.267527,1,2026-04-13 18:18:00,2026-04-13 18:18:00
W000882,W001237,1,0.124461,1,2026-04-09 11:26:00,2026-04-09 11:26:00
W000882,W001432,1,0.232203,1,2026-05-11 18:50:00,2026-05-11 18:50:00
W000882,W002094,1,0.387449,1,2026-03-11 10:29:00,2026-03-11 10:29:00
W000882,W002147,1,0.809349,1,2026-04-28 13:21:00,2026-04-28 13:21:00
W000883,W000174,1,0.685507,1,2026-04-16 13:18:00,2026-04-16 13:18:00
W000883,W000988,1,1.300142,1,2026-01-25 21:43:00,2026-01-25 21:43:00
W000883,W001443,1,1.52322,1,2026-01-24 18:45:00,2026-01-24 18:45:00
W000883,W001494,1,1.039817,1,2026-06-04 16:10:00,2026-06-04 16:10:00
W000883,W001893,1,0.62484,1,2026-06-27 15:14:00,2026-06-27 15:14:00
W000884,W000766,1,0.661434,1,2026-03-09 19:36:00,2026-03-09 19:36:00
W000884,W000848,1,0.737034,1,2026-01-03 13:51:00,2026-01-03 13:51:00
W000884,W002077,1,0.771486,1,2026-06-11 21:27:00,2026-06-11 21:27:00
W000885,W000320,1,0.206094,1,2026-04-06 15:34:00,2026-04-06 15:34:00
W000885,W001374,1,0.421403,1,2026-06-11 20:18:00,2026-06-11 20:18:00
W000885,W002193,1,0.107721,1,2026-04-21 07:24:00,2026-04-21 07:24:00
W000885,W002462,1,0.818051,1,2026-06-18 03:26:00,2026-06-18 03:26:00
W000886,W000998,1,1.087125,1,2026-03-26 11:21:00,2026-03-26 11:21:00
W000886,W001735,1,1.861539,1,2026-05-22 21:43:00,2026-05-22 21:43:00
W000886,W002112,1,1.143245,1,2026-06-13 01:15:00,2026-06-13 01:15:00
W000887,W000337,1,0.311599,1,2026-03-03 11:47:00,2026-03-03 11:47:00
W000887,W001024,1,0.934606,1,2026-06-15 20:29:00,2026-06-15 20:29:00
W000887,W001317,1,0.606209,1,2026-02-07 03:53:00,2026-02-07 03:53:00
W000887,W001400,1,1.016335,1,2026-03-17 19:25:00,2026-03-17 19:25:00
W000888,W000407,1,0.983636,1,2026-06-26 11:40:00,2026-06-26 11:40:00
W000888,W001585,1,0.156374,1,2026-01-24 05:32:00,2026-01-24 05:32:00
W000888,W001707,1,0.11405,1,2026-03-11 20:30:00,2026-03-11 20:30:00
W000888,W001982,1,0.164355,1,2026-02-19 00:25:00,2026-02-19 00:25:00
W000888,W002217,1,0.273667,1,2026-06-01 03:00:00,2026-06-01 03:00:00
W000889,W000415,1,0.28016,1,2026-02-18 20:03:00,2026-02-18 20:03:00
W000889,W000458,1,0.701403,1,2026-05-13 17:23:00,2026-05-13 17:23:00
W000889,W000708,1,0.606568,1,2026-05-28 09:49:00,2026-05-28 09:49:00
W000889,W001035,1,0.106857,1,2026-01-22 02:09:00,2026-01-22 02:09:00
W000889,W001888,1,0.25296,1,2026-06-17 02:35:00,2026-06-17 02:35:00
W000890,W000260,1,0.760314,1,2026-05-15 10:17:00,2026-05-15 10:17:00
W000890,W000324,1,2.67405,1,2026-04-30 11:33:00,2026-04-30 11:33:00
W000890,W002357,1,1.098131,1,2026-05-23 03:42:00,2026-05-23 03:42:00
W000891,W001237,1,0.212644,1,2026-01-31 03:27:00,2026-01-31 03:27:00
W000891,W002308,1,0.7881,1,2026-04-18 02:52:00,2026-04-18 02:52:00
W000893,W000014,1,1.106993,1,2026-06-05 11:23:00,2026-06-05 11:23:00
W000893,W001646,1,0.2056,1,2026-01-08 16:04:00,2026-01-08 16:04:00
W000893,W001800,1,0.407741,1,2026-02-23 18:05:00,2026-02-23 18:05:00
W000894,W000245,1,0.990136,1,2026-01-29 13:38:00,2026-01-29 13:38:00
W000894,W000301,1,0.55195,1,2026-06-12 03:15:00,2026-06-12 03:15:00
W000894,W001323,1,0.456128,1,2026-05-17 05:34:00,2026-05-17 05:34:00
W000894,W001385,1,1.10949,1,2026-03-23 18:29:00,2026-03-23 18:29:00
W000894,W001392,1,0.547203,1,2026-06-15 08:16:00,2026-06-15 08:16:00
W000894,W001466,1,0.622881,1,2026-05-18 19:00:00,2026-05-18 19:00:00
W000894,W001772,1,0.852888,1,2026-02-25 20:18:00,2026-02-25 20:18:00
W000894,W002215,1,0.435479,1,2026-04-02 02:14:00,2026-04-02 02:14:00
W000895,W000281,1,0.508645,1,2026-01-29 04:47:00,2026-01-29 04:47:00
W000895,W001143,1,0.48716,1,2026-03-27 10:21:00,2026-03-27 10:21:00
W000896,W000012,1,0.220164,1,2026-06-27 11:48:00,2026-06-27 11:48:00
W000896,W000335,1,0.354371,1,2026-02-10 05:03:00,2026-02-10 05:03:00
W000896,W000823,1,0.527852,1,2026-02-21 04:11:00,2026-02-21 04:11:00
W000896,W000835,1,0.808904,1,2026-06-28 04:44:00,2026-06-28 04:44:00
W000896,W000913,1,0.358869,1,2026-02-18 19:48:00,2026-02-18 19:48:00
W000896,W001599,1,0.216553,1,2026-02-20 18:48:00,2026-02-20 18:48:00
W000896,W002300,1,0.530154,1,2026-01-27 10:58:00,2026-01-27 10:58:00
W000897,W000357,1,0.177536,1,2026-05-12 01:12:00,2026-05-12 01:12:00
W000897,W000749,1,0.070636,1,2026-04-28 11:18:00,2026-04-28 11:18:00
W000897,W001581,1,1.370516,1,2026-01-23 17:16:00,2026-01-23 17:16:00
W000897,W001863,1,0.183115,1,2026-03-14 15:28:00,2026-03-14 15:28:00
W000898,W000832,1,0.924727,1,2026-03-05 03:31:00,2026-03-05 03:31:00
W000898,W001948,1,0.827267,1,2026-06-09 02:40:00,2026-06-09 02:40:00
W000899,W000662,1,0.609644,1,2026-04-19 09:14:00,2026-04-19 09:14:00
W000899,W000766,1,0.206916,1,2026-01-11 10:03:00,2026-01-11 10:03:00
W000899,W001248,1,0.232822,1,2026-01-09 17:19:00,2026-01-09 17:19:00
W000899,W001265,1,0.271989,1,2026-05-07 16:39:00,2026-05-07 16:39:00
W000899,W002480,1,1.520333,1,2026-06-07 05:03:00,2026-06-07 05:03:00
W000900,W000091,1,1.367602,1,2026-05-03 05:07:00,2026-05-03 05:07:00
W000900,W001544,1,0.33163,1,2026-05-08 10:08:00,2026-05-08 10:08:00
W000901,W000891,1,0.648014,1,2026-03-01 06:53:00,2026-03-01 06:53:00
W000901,W001409,1,0.321212,1,2026-02-12 23:06:00,2026-02-12 23:06:00
W000901,W001689,1,0.679239,1,2026-02-05 15:00:00,2026-02-05 15:00:00
W000901,W002250,1,0.52796,1,2026-03-05 09:42:00,2026-03-05 09:42:00
W000901,W002366,1,1.284407,1,2026-01-20 17:46:00,2026-01-20 17:46:00
W000903,W001241,1,0.856647,1,2026-02-25 00:03:00,2026-02-25 00:03:00
W000903,W001427,1,0.343665,1,2026-01-16 17:53:00,2026-01-16 17:53:00
W000903,W001648,1,0.379922,1,2026-01-20 11:27:00,2026-01-20 11:27:00
W000903,W001876,1,0.22995,1,2026-04-14 00:33:00,2026-04-14 00:33:00
W000903,W002318,1,0.559653,1,2026-06-13 13:43:00,2026-06-13 13:43:00
W000904,W000232,1,0.613845,1,2026-05-07 00:40:00,2026-05-07 00:40:00
W000904,W000677,1,0.88771,1,2026-02-17 11:36:00,2026-02-17 11:36:00
W000904,W001936,1,2.931167,1,2026-02-28 18:49:00,2026-02-28 18:49:00
W000904,W002122,1,0.652814,1,2026-05-10 06:45:00,2026-05-10 06:45:00
W000904,W002357,1,0.155683,1,2026-02-10 11:26:00,2026-02-10 11:26:00
W000905,W000490,1,1.295338,1,2026-05-21 04:29:00,2026-05-21 04:29:00
W000905,W000491,1,0.65493,1,2026-04-22 06:05:00,2026-04-22 06:05:00
W000905,W000786,1,0.385536,1,2026-03-15 19:49:00,2026-03-15 19:49:00
W000905,W001044,1,0.22696,1,2026-03-12 01:45:00,2026-03-12 01:45:00
W000905,W001853,1,0.15846,1,2026-05-14 14:38:00,2026-05-14 14:38:00
W000905,W002126,1,0.713955,1,2026-01-29 04:54:00,2026-01-29 04:54:00
W000906,W000047,1,0.280475,1,2026-05-14 04:49:00,2026-05-14 04:49:00
W000906,W001068,1,0.167881,1,2026-06-22 22:21:00,2026-06-22 22:21:00
W000906,W001332,1,0.513463,1,2026-04-01 04:54:00,2026-04-01 04:54:00
W000906,W001554,1,0.48561,1,2026-05-04 21:33:00,2026-05-04 21:33:00
W000906,W001632,1,0.201712,1,2026-06-12 14:27:00,2026-06-12 14:27:00
W000906,W001968,1,0.343026,1,2026-05-07 08:27:00,2026-05-07 08:27:00
W000907,W000350,1,1.036248,1,2026-04-09 11:04:00,2026-04-09 11:04:00
W000907,W000759,1,0.9197,1,2026-03-06 22:52:00,2026-03-06 22:52:00
W000907,W000860,1,0.893819,1,2026-04-12 07:47:00,2026-04-12 07:47:00
W000907,W000989,1,0.091943,1,2026-02-28 16:14:00,2026-02-28 16:14:00
W000907,W002475,1,0.479412,1,2026-02-16 19:37:00,2026-02-16 19:37:00
W000908,W000359,1,0.244377,1,2026-01-11 20:30:00,2026-01-11 20:30:00
W000908,W001292,1,0.389436,1,2026-04-09 12:17:00,2026-04-09 12:17:00
W000909,W000152,1,0.64623,1,2026-03-18 21:00:00,2026-03-18 21:00:00
W000909,W000157,1,0.470111,1,2026-01-08 17:01:00,2026-01-08 17:01:00
W000909,W000778,1,0.65471,1,2026-02-12 04:56:00,2026-02-12 04:56:00
W000909,W000799,1,0.283748,1,2026-06-28 01:27:00,2026-06-28 01:27:00
W000909,W001501,1,0.223092,1,2026-03-05 12:52:00,2026-03-05 12:52:00
W000909,W002270,1,0.726586,1,2026-01-30 03:06:00,2026-01-30 03:06:00
W000910,W000377,1,0.300599,1,2026-05-13 08:52:00,2026-05-13 08:52:00
W000910,W000611,1,0.626059,1,2026-01-27 01:33:00,2026-01-27 01:33:00
W000910,W001020,1,0.818225,1,2026-05-09 11:25:00,2026-05-09 11:25:00
W000910,W001048,1,0.421818,1,2026-06-26 19:25:00,2026-06-26 19:25:00
W000910,W001359,1,0.328884,1,2026-05-22 13:15:00,2026-05-22 13:15:00
W000911,W000018,1,0.220558,1,2026-05-26 21:59:00,2026-05-26 21:59:00
W000911,W000439,1,0.287838,1,2026-05-11 17:50:00,2026-05-11 17:50:00
W000911,W000769,1,1.389944,1,2026-06-11 03:39:00,2026-06-11 03:39:00
W000911,W001386,1,1.161124,1,2026-05-14 15:50:00,2026-05-14 15:50:00
W000911,W001420,1,1.546524,1,2026-05-10 02:21:00,2026-05-10 02:21:00
W000911,W001940,1,0.449889,1,2026-05-13 18:26:00,2026-05-13 18:26:00
W000912,W000032,1,0.577364,1,2026-03-30 23:35:00,2026-03-30 23:35:00
W000912,W000274,1,0.372401,1,2026-02-18 18:04:00,2026-02-18 18:04:00
W000912,W000538,1,0.515534,1,2026-01-31 11:49:00,2026-01-31 11:49:00
W000912,W000959,1,0.670893,1,2026-03-07 17:10:00,2026-03-07 17:10:00
W000912,W001642,1,0.181966,1,2026-01-21 18:14:00,2026-01-21 18:14:00
W000912,W001956,1,1.161375,1,2026-03-09 14:14:00,2026-03-09 14:14:00
W000913,W000680,1,0.296705,1,2026-01-27 08:21:00,2026-01-27 08:21:00
W000914,W002288,1,0.476805,1,2026-06-23 03:23:00,2026-06-23 03:23:00
W000914,W002319,1,0.319408,1,2026-03-15 22:09:00,2026-03-15 22:09:00
W000915,W001862,1,0.261555,1,2026-04-27 04:37:00,2026-04-27 04:37:00
W000916,W000545,1,0.26717,1,2026-02-06 01:14:00,2026-02-06 01:14:00
W000916,W001229,1,0.732445,1,2026-03-14 02:27:00,2026-03-14 02:27:00
W000916,W002248,1,0.404971,1,2026-04-05 02:12:00,2026-04-05 02:12:00
W000916,W002491,1,0.275132,1,2026-01-02 17:51:00,2026-01-02 17:51:00
W000917,W000619,1,0.882342,1,2026-01-11 03:25:00,2026-01-11 03:25:00
W000918,W000509,1,0.785628,1,2026-01-28 14:18:00,2026-01-28 14:18:00
W000918,W000603,1,0.45168,1,2026-03-27 01:17:00,2026-03-27 01:17:00
W000918,W000836,1,0.403738,1,2026-03-02 20:52:00,2026-03-02 20:52:00
W000918,W001975,1,0.099607,1,2026-02-11 20:10:00,2026-02-11 20:10:00
W000918,W002244,1,0.31532,1,2026-06-22 02:57:00,2026-06-22 02:57:00
W000918,W002434,1,0.548389,1,2026-01-18 11:48:00,2026-01-18 11:48:00
W000919,W000830,1,0.140271,1,2026-01-11 01:28:00,2026-01-11 01:28:00
W000919,W001181,1,2.366555,1,2026-03-05 16:02:00,2026-03-05 16:02:00
W000920,W001558,1,0.404335,1,2026-02-17 05:00:00,2026-02-17 05:00:00
W000920,W001826,1,0.46519,1,2026-04-20 14:33:00,2026-04-20 14:33:00
W000920,W002072,1,0.356578,1,2026-06-12 04:29:00,2026-06-12 04:29:00
W000920,W002082,1,0.214899,1,2026-04-24 12:57:00,2026-04-24 12:57:00
W000920,W002216,1,0.109392,1,2026-01-20 03:50:00,2026-01-20 03:50:00
W000920,W002446,1,0.61052,1,2026-02-08 06:41:00,2026-02-08 06:41:00
W000921,W000090,1,2.397772,1,2026-04-29 12:26:00,2026-04-29 12:26:00
W000921,W000241,1,1.050885,1,2026-04-21 21:11:00,2026-04-21 21:11:00
W000921,W000264,1,1.387147,1,2026-02-20 17:04:00,2026-02-20 17:04:00
W000921,W002157,1,0.420181,1,2026-03-22 05:29:00,2026-03-22 05:29:00
W000922,W000064,1,0.268926,1,2026-05-31 22:15:00,2026-05-31 22:15:00
W000922,W000491,1,0.337012,1,2026-05-16 16:21:00,2026-05-16 16:21:00
W000922,W000726,1,0.821778,1,2026-06-07 21:14:00,2026-06-07 21:14:00
W000923,W000711,1,0.228809,1,2026-06-20 05:20:00,2026-06-20 05:20:00
W000923,W000842,1,0.248566,1,2026-04-05 06:04:00,2026-04-05 06:04:00
W000923,W001247,1,0.143672,1,2026-05-01 00:53:00,2026-05-01 00:53:00
W000923,W001765,1,0.574016,1,2026-05-23 07:38:00,2026-05-23 07:38:00
W000923,W002489,1,1.00568,1,2026-06-21 17:01:00,2026-06-21 17:01:00
W000924,W000808,1,0.483013,1,2026-01-23 04:13:00,2026-01-23 04:13:00
W000924,W001150,1,0.211808,1,2026-01-26 08:26:00,2026-01-26 08:26:00
W000924,W001263,1,0.717004,1,2026-03-03 14:24:00,2026-03-03 14:24:00
W000925,W000179,1,0.424489,1,2026-04-05 18:32:00,2026-04-05 18:32:00
W000925,W000597,1,3.611478,1,2026-03-31 13:16:00,2026-03-31 13:16:00
W000925,W000801,1,0.371048,1,2026-02-14 18:44:00,2026-02-14 18:44:00
W000925,W001748,1,0.408321,1,2026-04-16 07:07:00,2026-04-16 07:07:00
W000925,W001800,1,0.272258,1,2026-05-24 05:13:00,2026-05-24 05:13:00
W000927,W000803,1,1.500717,1,2026-04-17 21:55:00,2026-04-17 21:55:00
W000927,W002437,1,1.08736,1,2026-03-15 16:44:00,2026-03-15 16:44:00
W000928,W001179,1,0.364247,1,2026-03-21 05:23:00,2026-03-21 05:23:00
W000928,W001293,1,1.007695,1,2026-03-02 00:45:00,2026-03-02 00:45:00
W000928,W001502,1,0.696363,1,2026-03-25 12:43:00,2026-03-25 12:43:00
W000928,W001724,1,0.977325,1,2026-03-18 19:28:00,2026-03-18 19:28:00
W000928,W002407,1,0.933059,1,2026-02-23 17:52:00,2026-02-23 17:52:00
W000929,W000439,1,0.465237,1,2026-06-26 16:10:00,2026-06-26 16:10:00
W000929,W001230,1,0.956468,1,2026-02-15 13:45:00,2026-02-15 13:45:00
W000929,W001257,1,0.239013,1,2026-04-05 10:03:00,2026-04-05 10:03:00
W000930,W000082,1,0.740719,1,2026-06-01 17:42:00,2026-06-01 17:42:00
W000930,W000212,1,1.447396,1,2026-03-06 02:16:00,2026-03-06 02:16:00
W000930,W001183,1,0.17231,1,2026-06-02 06:05:00,2026-06-02 06:05:00
W000930,W002359,1,0.413968,1,2026-06-09 02:13:00,2026-06-09 02:13:00
W000931,W000288,1,0.921677,1,2026-02-21 00:51:00,2026-02-21 00:51:00
W000931,W000554,1,0.400263,1,2026-02-20 05:17:00,2026-02-20 05:17:00
W000931,W001027,1,0.490834,1,2026-05-16 04:17:00,2026-05-16 04:17:00
W000931,W001627,1,0.522393,1,2026-05-18 15:06:00,2026-05-18 15:06:00
W000931,W002439,1,0.547533,1,2026-05-06 07:14:00,2026-05-06 07:14:00
W000932,W001268,1,0.496153,1,2026-01-23 15:53:00,2026-01-23 15:53:00
W000932,W001592,1,0.641051,1,2026-04-22 06:04:00,2026-04-22 06:04:00
W000932,W001634,1,0.307281,1,2026-02-14 08:08:00,2026-02-14 08:08:00
W000933,W000209,1,1.27363,1,2026-03-26 14:24:00,2026-03-26 14:24:00
W000933,W000780,1,0.802064,1,2026-01-06 02:06:00,2026-01-06 02:06:00
W000933,W000965,1,1.075809,1,2026-04-25 14:20:00,2026-04-25 14:20:00
W000933,W001440,1,0.534554,1,2026-04-17 05:19:00,2026-04-17 05:19:00
W000933,W001771,1,0.958137,1,2026-02-10 05:14:00,2026-02-10 05:14:00
W000933,W001793,1,1.052171,1,2026-02-22 01:42:00,2026-02-22 01:42:00
W000934,W000466,1,0.348261,1,2026-06-01 15:22:00,2026-06-01 15:22:00
W000934,W000563,1,0.279732,1,2026-02-05 02:48:00,2026-02-05 02:48:00
W000934,W000790,1,0.854169,1,2026-06-15 01:34:00,2026-06-15 01:34:00
W000934,W001278,1,0.665248,1,2026-06-15 08:51:00,2026-06-15 08:51:00
W000935,W000766,1,2.767335,1,2026-01-25 17:11:00,2026-01-25 17:11:00
W000935,W001084,1,1.300219,1,2026-02-21 12:14:00,2026-02-21 12:14:00
W000935,W001197,1,1.635197,1,2026-04-12 11:01:00,2026-04-12 11:01:00
W000935,W001487,1,1.415589,1,2026-02-14 11:21:00,2026-02-14 11:21:00
W000935,W002020,1,0.326365,1,2026-01-24 10:17:00,2026-01-24 10:17:00
W000936,W000107,1,1.91511,1,2026-03-10 19:08:00,2026-03-10 19:08:00
W000936,W000295,1,0.360335,1,2026-06-11 19:44:00,2026-06-11 19:44:00
W000936,W001766,1,0.434712,1,2026-02-22 23:59:00,2026-02-22 23:59:00
W000936,W002469,1,0.232146,1,2026-02-03 05:21:00,2026-02-03 05:21:00
W000937,W000038,1,0.610374,1,2026-03-24 01:04:00,2026-03-24 01:04:00
W000937,W000110,1,1.005194,1,2026-03-30 05:33:00,2026-03-30 05:33:00
W000937,W001045,1,0.238879,1,2026-03-31 01:48:00,2026-03-31 01:48:00
W000937,W001093,1,0.68398,1,2026-06-05 09:14:00,2026-06-05 09:14:00
W000937,W002002,1,0.759132,1,2026-05-10 16:53:00,2026-05-10 16:53:00
W000937,W002243,1,0.175158,1,2026-03-09 18:10:00,2026-03-09 18:10:00
W000937,W002391,1,0.411815,1,2026-01-20 10:08:00,2026-01-20 10:08:00
W000938,W000051,1,1.339727,1,2026-03-14 03:20:00,2026-03-14 03:20:00
W000938,W000097,1,0.727343,1,2026-02-07 13:24:00,2026-02-07 13:24:00
W000939,W000343,1,0.839423,1,2026-01-10 03:11:00,2026-01-10 03:11:00
W000939,W000677,1,2.011708,1,2026-02-09 07:55:00,2026-02-09 07:55:00
W000939,W001195,1,0.377974,1,2026-04-30 00:28:00,2026-04-30 00:28:00
W000939,W001250,1,0.554987,1,2026-04-11 18:15:00,2026-04-11 18:15:00
W000939,W002097,1,0.416929,1,2026-03-17 21:12:00,2026-03-17 21:12:00
W000940,W000953,1,0.281235,1,2026-01-29 04:44:00,2026-01-29 04:44:00
W000940,W001314,1,0.913784,1,2026-02-28 23:54:00,2026-02-28 23:54:00
W000940,W002416,1,0.262363,1,2026-05-26 11:16:00,2026-05-26 11:16:00
W000941,W001349,1,1.265936,1,2026-04-12 20:56:00,2026-04-12 20:56:00
W000941,W002125,1,0.229561,1,2026-04-29 18:16:00,2026-04-29 18:16:00
W000943,W000161,1,0.394141,1,2026-01-18 22:40:00,2026-01-18 22:40:00
W000943,W000662,1,0.422417,1,2026-02-19 01:14:00,2026-02-19 01:14:00
W000943,W001052,1,0.18544,1,2026-02-23 16:16:00,2026-02-23 16:16:00
W000943,W001397,1,0.127679,1,2026-02-08 12:26:00,2026-02-08 12:26:00
W000943,W001798,1,0.423998,1,2026-05-11 03:27:00,2026-05-11 03:27:00
W000945,W000006,1,4.644513,1,2026-02-16 20:40:00,2026-02-16 20:40:00
W000945,W000268,1,0.28733,1,2026-06-05 03:38:00,2026-06-05 03:38:00
W000945,W000714,1,0.136429,1,2026-03-29 18:12:00,2026-03-29 18:12:00
W000945,W000904,1,1.166908,1,2026-03-19 11:02:00,2026-03-19 11:02:00
W000946,W000024,1,0.080735,1,2026-06-05 15:19:00,2026-06-05 15:19:00
W000946,W000939,1,0.574899,1,2026-03-11 16:34:00,2026-03-11 16:34:00
W000946,W001900,1,0.484178,1,2026-02-07 19:48:00,2026-02-07 19:48:00
W000946,W002201,1,0.4167,1,2026-04-19 21:57:00,2026-04-19 21:57:00
W000947,W000046,1,0.549477,1,2026-04-19 15:37:00,2026-04-19 15:37:00
W000947,W000930,1,0.889022,1,2026-01-03 11:31:00,2026-01-03 11:31:00
W000947,W001543,1,0.369874,1,2026-06-15 05:18:00,2026-06-15 05:18:00
W000948,W000720,1,0.990423,1,2026-02-20 13:28:00,2026-02-20 13:28:00
W000948,W000881,1,0.401037,1,2026-03-27 02:17:00,2026-03-27 02:17:00
W000948,W001915,1,1.256451,1,2026-05-28 20:19:00,2026-05-28 20:19:00
W000948,W002217,1,0.890551,1,2026-01-17 06:14:00,2026-01-17 06:14:00
W000949,W000450,1,1.080485,1,2026-06-27 01:02:00,2026-06-27 01:02:00
W000949,W000587,1,0.430106,1,2026-04-14 18:10:00,2026-04-14 18:10:00
W000949,W000851,1,0.971072,1,2026-05-07 12:00:00,2026-05-07 12:00:00
W000949,W001131,1,0.317803,1,2026-03-12 00:30:00,2026-03-12 00:30:00
W000949,W001497,1,0.300573,1,2026-06-16 22:32:00,2026-06-16 22:32:00
W000949,W001569,1,0.162791,1,2026-04-23 12:31:00,2026-04-23 12:31:00
W000949,W001966,1,0.271156,1,2026-01-06 20:16:00,2026-01-06 20:16:00
W000950,W000034,1,0.418716,1,2026-06-19 13:31:00,2026-06-19 13:31:00
W000950,W000893,1,0.85971,1,2026-03-18 20:33:00,2026-03-18 20:33:00
W000950,W000921,1,0.505258,1,2026-05-14 09:13:00,2026-05-14 09:13:00
W000950,W001905,1,0.525528,1,2026-01-21 09:52:00,2026-01-21 09:52:00
W000950,W002003,1,0.38579,1,2026-02-08 13:35:00,2026-02-08 13:35:00
W000951,W001204,1,0.220919,1,2026-04-05 11:54:00,2026-04-05 11:54:00
W000951,W001324,1,0.430598,1,2026-03-20 18:51:00,2026-03-20 18:51:00
W000951,W001537,1,0.475504,1,2026-03-18 21:04:00,2026-03-18 21:04:00
W000951,W002107,1,1.18695,1,2026-03-17 09:30:00,2026-03-17 09:30:00
W000952,W000158,1,0.378522,1,2026-03-21 11:56:00,2026-03-21 11:56:00
W000952,W000955,1,2.987077,1,2026-01-07 19:49:00,2026-01-07 19:49:00
W000952,W001122,1,0.153987,1,2026-05-19 06:30:00,2026-05-19 06:30:00
W000952,W002007,1,1.336316,1,2026-03-19 02:10:00,2026-03-19 02:10:00
W000953,W000072,1,1.040273,1,2026-06-03 03:16:00,2026-06-03 03:16:00
W000953,W000670,1,0.717002,1,2026-06-11 17:32:00,2026-06-11 17:32:00
W000953,W001923,1,0.776172,1,2026-02-08 19:56:00,2026-02-08 19:56:00
W000954,W000537,1,0.289141,1,2026-01-20 22:31:00,2026-01-20 22:31:00
W000954,W001556,1,1.489761,1,2026-04-15 23:21:00,2026-04-15 23:21:00
W000954,W001762,1,0.742484,1,2026-01-01 10:42:00,2026-01-01 10:42:00
W000954,W002200,1,0.471817,1,2026-02-24 00:06:00,2026-02-24 00:06:00
W000955,W001213,1,0.804624,1,2026-01-07 18:05:00,2026-01-07 18:05:00
W000955,W001678,1,0.576326,1,2026-02-24 20:31:00,2026-02-24 20:31:00
W000955,W002078,1,1.151463,1,2026-04-19 21:50:00,2026-04-19 21:50:00
W000955,W002287,1,0.691985,1,2026-04-19 04:38:00,2026-04-19 04:38:00
W000956,W000031,1,0.139049,1,2026-01-21 05:06:00,2026-01-21 05:06:00
W000956,W000888,1,0.878416,1,2026-04-23 04:37:00,2026-04-23 04:37:00
W000956,W000996,1,0.604355,1,2026-06-04 08:51:00,2026-06-04 08:51:00
W000956,W001311,1,0.497056,1,2026-04-05 06:00:00,2026-04-05 06:00:00
W000956,W002048,1,0.724533,1,2026-03-30 01:52:00,2026-03-30 01:52:00
W000957,W000258,1,0.355929,1,2026-06-21 07:41:00,2026-06-21 07:41:00
W000957,W000368,1,0.150915,1,2026-04-17 21:51:00,2026-04-17 21:51:00
W000957,W001228,1,0.808171,1,2026-01-08 00:43:00,2026-01-08 00:43:00
W000957,W001955,1,0.095765,1,2026-02-03 18:35:00,2026-02-03 18:35:00
W000957,W001994,1,0.733523,1,2026-04-08 17:59:00,2026-04-08 17:59:00
W000958,W000454,1,0.288874,1,2026-01-09 07:27:00,2026-01-09 07:27:00
W000958,W000968,1,0.313803,1,2026-01-18 05:21:00,2026-01-18 05:21:00
W000958,W001064,1,3.643618,1,2026-06-15 22:13:00,2026-06-15 22:13:00
W000958,W001727,1,0.410715,1,2026-05-04 14:52:00,2026-05-04 14:52:00
W000959,W000006,1,0.676942,1,2026-04-25 21:09:00,2026-04-25 21:09:00
W000959,W000938,1,0.064323,1,2026-05-11 11:20:00,2026-05-11 11:20:00
W000959,W002267,1,0.615616,1,2026-03-28 22:57:00,2026-03-28 22:57:00
W000959,W002297,1,0.376391,1,2026-03-17 17:18:00,2026-03-17 17:18:00
W000960,W000785,1,0.953697,1,2026-01-09 21:43:00,2026-01-09 21:43:00
W000961,W000120,1,0.25316,1,2026-01-20 23:15:00,2026-01-20 23:15:00
W000961,W000452,1,20.987556,1,2026-02-09 08:55:00,2026-02-09 08:55:00
W000961,W000700,1,0.590773,1,2026-03-26 18:12:00,2026-03-26 18:12:00
W000962,W001482,1,0.615972,1,2026-02-01 16:46:00,2026-02-01 16:46:00
W000962,W002259,1,0.762747,1,2026-02-28 05:49:00,2026-02-28 05:49:00
W000962,W002326,1,0.251177,1,2026-05-12 22:55:00,2026-05-12 22:55:00
W000962,W002498,1,0.570066,1,2026-06-09 04:09:00,2026-06-09 04:09:00
W000963,W000812,1,1.698788,1,2026-06-19 02:17:00,2026-06-19 02:17:00
W000963,W002218,1,0.641398,1,2026-04-02 05:25:00,2026-04-02 05:25:00
W000964,W000806,1,0.476472,1,2026-02-28 15:13:00,2026-02-28 15:13:00
W000964,W001165,1,0.405494,1,2026-03-07 00:41:00,2026-03-07 00:41:00
W000964,W001223,1,0.399926,1,2026-03-02 07:43:00,2026-03-02 07:43:00
W000964,W001556,1,0.391079,1,2026-06-10 17:29:00,2026-06-10 17:29:00
W000965,W000361,1,0.290401,1,2026-04-06 11:29:00,2026-04-06 11:29:00
W000965,W000694,1,0.508022,1,2026-06-07 02:11:00,2026-06-07 02:11:00
W000965,W001476,1,0.216456,1,2026-04-13 17:34:00,2026-04-13 17:34:00
W000965,W001559,1,0.228338,1,2026-06-23 03:42:00,2026-06-23 03:42:00
W000965,W001869,1,0.57372,1,2026-06-09 18:14:00,2026-06-09 18:14:00
W000965,W002202,1,0.522972,1,2026-05-10 18:15:00,2026-05-10 18:15:00
W000966,W000406,1,0.659624,1,2026-03-20 15:25:00,2026-03-20 15:25:00
W000966,W001339,1,0.495662,1,2026-03-28 04:58:00,2026-03-28 04:58:00
W000968,W000690,1,0.33102,1,2026-02-21 17:10:00,2026-02-21 17:10:00
W000968,W001866,1,0.142657,1,2026-03-29 08:01:00,2026-03-29 08:01:00
W000969,W000232,1,0.217921,1,2026-06-26 06:35:00,2026-06-26 06:35:00
W000969,W000641,1,2.801522,1,2026-02-24 13:18:00,2026-02-24 13:18:00
W000969,W001805,1,0.299397,1,2026-03-10 03:13:00,2026-03-10 03:13:00
W000970,W001015,1,0.417338,1,2026-03-21 21:59:00,2026-03-21 21:59:00
W000970,W001856,1,1.554711,1,2026-06-24 07:42:00,2026-06-24 07:42:00
W000970,W002151,1,0.674334,1,2026-05-09 15:44:00,2026-05-09 15:44:00
W000970,W002161,1,0.446398,1,2026-01-28 13:39:00,2026-01-28 13:39:00
W000971,W001658,1,0.177856,1,2026-06-18 04:41:00,2026-06-18 04:41:00
W000971,W001955,1,0.241032,1,2026-04-29 15:13:00,2026-04-29 15:13:00
W000971,W002025,1,0.354647,1,2026-05-10 12:14:00,2026-05-10 12:14:00
W000972,W000368,1,1.77444,1,2026-02-08 13:47:00,2026-02-08 13:47:00
W000972,W001401,1,0.424407,1,2026-02-21 02:36:00,2026-02-21 02:36:00
W000973,W000615,1,0.165844,1,2026-04-27 10:29:00,2026-04-27 10:29:00
W000973,W001604,1,0.366476,1,2026-05-13 09:58:00,2026-05-13 09:58:00
W000973,W002056,1,0.169128,1,2026-02-24 09:29:00,2026-02-24 09:29:00
W000974,W001488,1,0.52561,1,2026-03-30 08:13:00,2026-03-30 08:13:00
W000974,W002453,1,1.651811,1,2026-06-22 13:56:00,2026-06-22 13:56:00
W000975,W000332,1,1.249456,1,2026-06-27 12:20:00,2026-06-27 12:20:00
W000975,W001341,1,0.44572,1,2026-05-20 06:22:00,2026-05-20 06:22:00
W000976,W000186,1,0.131375,1,2026-02-11 14:46:00,2026-02-11 14:46:00
W000976,W000312,1,0.7118,1,2026-03-21 00:07:00,2026-03-21 00:07:00
W000976,W000439,1,2.310436,1,2026-01-03 11:32:00,2026-01-03 11:32:00
W000976,W000700,1,0.516148,1,2026-04-08 20:33:00,2026-04-08 20:33:00
W000976,W000952,1,0.292522,1,2026-03-02 13:37:00,2026-03-02 13:37:00
W000976,W001568,1,0.518799,1,2026-03-18 15:55:00,2026-03-18 15:55:00
W000976,W002271,1,0.672449,1,2026-01-26 00:37:00,2026-01-26 00:37:00
W000977,W000031,1,0.525787,1,2026-02-28 23:52:00,2026-02-28 23:52:00
W000977,W001444,1,0.300739,1,2026-06-22 16:29:00,2026-06-22 16:29:00
W000977,W002052,1,0.137271,1,2026-06-22 04:32:00,2026-06-22 04:32:00
W000977,W002481,1,0.881575,1,2026-01-22 09:59:00,2026-01-22 09:59:00
W000978,W001735,1,0.400544,1,2026-01-02 18:30:00,2026-01-02 18:30:00
W000978,W001957,1,0.140999,1,2026-01-20 13:51:00,2026-01-20 13:51:00
W000978,W002221,1,0.224656,1,2026-05-04 18:01:00,2026-05-04 18:01:00
W000980,W000190,1,0.637139,1,2026-04-12 21:00:00,2026-04-12 21:00:00
W000980,W000498,1,0.719194,1,2026-01-23 05:06:00,2026-01-23 05:06:00
W000980,W000876,1,0.315272,1,2026-02-27 12:37:00,2026-02-27 12:37:00
W000980,W000943,1,0.346515,1,2026-02-09 02:15:00,2026-02-09 02:15:00
W000980,W001021,1,0.322809,1,2026-01-15 23:21:00,2026-01-15 23:21:00
W000980,W001222,1,0.545967,1,2026-04-19 19:30:00,2026-04-19 19:30:00
W000980,W001558,1,1.419636,1,2026-01-06 12:45:00,2026-01-06 12:45:00
W000980,W001723,1,0.227697,1,2026-04-05 10:05:00,2026-04-05 10:05:00
W000980,W001937,1,0.292001,1,2026-01-27 09:44:00,2026-01-27 09:44:00
W000980,W002367,1,0.185877,1,2026-02-23 08:38:00,2026-02-23 08:38:00
W000981,W000076,1,0.255557,1,2026-04-18 08:35:00,2026-04-18 08:35:00
W000981,W000429,1,1.036828,1,2026-06-19 11:19:00,2026-06-19 11:19:00
W000981,W001158,1,0.373242,1,2026-01-20 23:30:00,2026-01-20 23:30:00
W000981,W001673,1,1.382654,1,2026-05-06 22:30:00,2026-05-06 22:30:00
W000982,W000349,1,0.363143,1,2026-06-24 17:42:00,2026-06-24 17:42:00
W000982,W001529,1,0.177078,1,2026-06-01 03:28:00,2026-06-01 03:28:00
W000982,W002367,1,2.247808,1,2026-03-14 03:08:00,2026-03-14 03:08:00
W000982,W002430,1,0.146713,1,2026-06-21 18:26:00,2026-06-21 18:26:00
W000983,W001628,1,0.374737,1,2026-02-13 01:54:00,2026-02-13 01:54:00
W000983,W002094,1,0.68343,1,2026-06-17 17:12:00,2026-06-17 17:12:00
W000983,W002362,1,0.850845,1,2026-02-14 05:39:00,2026-02-14 05:39:00
W000983,W002497,1,0.714726,1,2026-05-18 04:54:00,2026-05-18 04:54:00
W000984,W000164,1,0.377974,1,2026-05-11 08:49:00,2026-05-11 08:49:00
W000984,W000486,1,2.034336,1,2026-05-19 05:57:00,2026-05-19 05:57:00
W000984,W000599,1,0.617498,1,2026-06-07 15:18:00,2026-06-07 15:18:00
W000984,W000689,1,0.592598,1,2026-05-08 05:07:00,2026-05-08 05:07:00
W000984,W001182,1,1.616548,1,2026-01-01 15:19:00,2026-01-01 15:19:00
W000985,W000272,1,0.191094,1,2026-02-27 17:34:00,2026-02-27 17:34:00
W000985,W001152,1,0.25539,1,2026-01-14 09:01:00,2026-01-14 09:01:00
W000985,W001244,1,1.163883,1,2026-06-10 13:56:00,2026-06-10 13:56:00
W000985,W001761,1,0.658057,1,2026-02-17 03:35:00,2026-02-17 03:35:00
W000985,W001922,1,0.726604,1,2026-01-11 04:48:00,2026-01-11 04:48:00
W000986,W000107,1,0.678652,1,2026-04-30 15:26:00,2026-04-30 15:26:00
W000986,W001070,1,0.34772,1,2026-04-25 11:31:00,2026-04-25 11:31:00
W000987,W000965,1,0.315269,1,2026-04-05 15:28:00,2026-04-05 15:28:00
W000987,W001101,1,0.766447,1,2026-02-04 07:46:00,2026-02-04 07:46:00
W000987,W001355,1,1.029333,1,2026-03-02 13:04:00,2026-03-02 13:04:00
W000988,W000372,1,0.242674,1,2026-03-02 13:52:00,2026-03-02 13:52:00
W000988,W001087,1,0.76533,1,2026-01-17 06:32:00,2026-01-17 06:32:00
W000988,W001526,1,0.955455,1,2026-06-05 08:47:00,2026-06-05 08:47:00
W000988,W002059,1,0.25043,1,2026-01-10 03:38:00,2026-01-10 03:38:00
W000988,W002220,1,0.605723,1,2026-04-30 00:06:00,2026-04-30 00:06:00
W000988,W002314,1,0.155582,1,2026-05-12 09:01:00,2026-05-12 09:01:00
W000989,W000724,1,0.450268,1,2026-06-03 03:55:00,2026-06-03 03:55:00
W000989,W000863,1,0.225076,1,2026-04-08 12:11:00,2026-04-08 12:11:00
W000989,W000975,1,0.354455,1,2026-05-23 21:44:00,2026-05-23 21:44:00
W000989,W001069,1,0.312929,1,2026-03-21 08:28:00,2026-03-21 08:28:00
W000989,W001530,1,0.432945,1,2026-04-26 06:14:00,2026-04-26 06:14:00
W000990,W000574,1,0.105152,1,2026-02-03 01:16:00,2026-02-03 01:16:00
W000990,W000620,1,0.378446,1,2026-01-18 22:27:00,2026-01-18 22:27:00
W000990,W000695,1,0.177461,1,2026-06-24 01:07:00,2026-06-24 01:07:00
W000990,W000769,1,0.467015,1,2026-03-21 08:33:00,2026-03-21 08:33:00
W000990,W000832,1,0.404299,1,2026-01-20 13:16:00,2026-01-20 13:16:00
W000990,W000905,1,0.282613,1,2026-02-21 06:39:00,2026-02-21 06:39:00
W000990,W001272,1,0.117221,1,2026-06-08 08:19:00,2026-06-08 08:19:00
W000990,W001711,1,0.210859,1,2026-04-04 07:46:00,2026-04-04 07:46:00
W000990,W002171,1,0.811555,1,2026-01-02 03:54:00,2026-01-02 03:54:00
W000990,W002311,1,0.482531,1,2026-03-05 07:56:00,2026-03-05 07:56:00
W000991,W001061,1,0.380745,1,2026-06-19 23:28:00,2026-06-19 23:28:00
W000991,W001428,1,0.458087,1,2026-06-10 11:05:00,2026-06-10 11:05:00
W000991,W001736,1,0.336711,1,2026-06-11 13:24:00,2026-06-11 13:24:00
W000991,W001928,1,0.252938,1,2026-04-18 10:58:00,2026-04-18 10:58:00
W000991,W001951,1,0.647873,1,2026-04-19 15:01:00,2026-04-19 15:01:00
W000991,W002073,1,0.733044,1,2026-05-03 14:26:00,2026-05-03 14:26:00
W000991,W002227,1,0.995446,1,2026-01-23 00:20:00,2026-01-23 00:20:00
W000992,W000544,1,0.570436,1,2026-05-28 19:27:00,2026-05-28 19:27:00
W000992,W001000,1,0.399235,1,2026-04-04 19:11:00,2026-04-04 19:11:00
W000993,W001738,1,0.478897,1,2026-03-10 16:34:00,2026-03-10 16:34:00
W000993,W001866,1,0.693502,1,2026-01-03 13:39:00,2026-01-03 13:39:00
W000993,W001927,1,1.25667,1,2026-01-30 18:38:00,2026-01-30 18:38:00
W000993,W001944,1,0.351102,1,2026-05-30 15:59:00,2026-05-30 15:59:00
W000993,W002232,1,0.722696,1,2026-03-17 15:37:00,2026-03-17 15:37:00
W000994,W000493,1,0.28028,1,2026-04-12 11:12:00,2026-04-12 11:12:00
W000995,W000264,1,0.970906,1,2026-03-31 11:44:00,2026-03-31 11:44:00
W000996,W000702,1,0.305397,1,2026-01-15 04:09:00,2026-01-15 04:09:00
W000996,W000884,1,0.361691,1,2026-04-05 16:03:00,2026-04-05 16:03:00
W000996,W002315,1,0.465895,1,2026-03-06 04:05:00,2026-03-06 04:05:00
W000996,W002360,1,0.211365,1,2026-03-01 07:11:00,2026-03-01 07:11:00
W000996,W002467,1,0.248964,1,2026-01-13 17:48:00,2026-01-13 17:48:00
W000997,W000048,1,0.317015,1,2026-03-10 20:52:00,2026-03-10 20:52:00
W000997,W000602,1,0.55789,1,2026-05-28 09:16:00,2026-05-28 09:16:00
W000997,W000872,1,0.165487,1,2026-04-07 13:02:00,2026-04-07 13:02:00
W000997,W001173,1,0.206151,1,2026-02-13 02:33:00,2026-02-13 02:33:00
W000997,W001289,1,0.094551,1,2026-03-09 17:03:00,2026-03-09 17:03:00
W000997,W001756,1,0.252565,1,2026-03-26 04:28:00,2026-03-26 04:28:00
W000997,W002279,1,0.278948,1,2026-06-26 13:04:00,2026-06-26 13:04:00
W000998,W000119,1,0.246723,1,2026-02-18 12:01:00,2026-02-18 12:01:00
W000998,W000131,1,0.237646,1,2026-06-01 17:37:00,2026-06-01 17:37:00
W000998,W000770,1,0.425545,1,2026-06-15 12:39:00,2026-06-15 12:39:00
W000998,W001620,1,0.082478,1,2026-04-27 03:08:00,2026-04-27 03:08:00
W000998,W001640,1,0.430104,1,2026-02-22 09:45:00,2026-02-22 09:45:00
W000999,W000008,1,0.148404,1,2026-04-22 12:10:00,2026-04-22 12:10:00
W001000,W000162,1,0.145618,1,2026-06-11 10:08:00,2026-06-11 10:08:00
W001001,W000462,1,0.167397,1,2026-03-01 05:25:00,2026-03-01 05:25:00
W001001,W001367,1,0.558079,1,2026-04-20 12:47:00,2026-04-20 12:47:00
W001001,W001657,1,1.149281,1,2026-06-14 22:32:00,2026-06-14 22:32:00
W001001,W002105,1,0.358861,1,2026-03-01 10:07:00,2026-03-01 10:07:00
W001001,W002287,1,0.824392,1,2026-06-24 09:50:00,2026-06-24 09:50:00
W001002,W000052,1,0.303596,1,2026-04-26 11:21:00,2026-04-26 11:21:00
W001002,W000799,1,1.030364,1,2026-06-21 09:48:00,2026-06-21 09:48:00
W001002,W001508,1,0.281412,1,2026-03-22 13:45:00,2026-03-22 13:45:00
W001002,W001641,1,0.491768,1,2026-04-23 19:55:00,2026-04-23 19:55:00
W001002,W002405,1,0.657562,1,2026-05-31 03:19:00,2026-05-31 03:19:00
W001003,W000335,1,0.217773,1,2026-04-23 00:03:00,2026-04-23 00:03:00
W001003,W000441,1,0.706534,1,2026-05-06 08:51:00,2026-05-06 08:51:00
W001003,W000584,1,0.496771,1,2026-06-13 09:10:00,2026-06-13 09:10:00
W001003,W000773,1,0.636948,1,2026-01-05 02:05:00,2026-01-05 02:05:00
W001003,W001222,1,0.159174,1,2026-06-04 12:11:00,2026-06-04 12:11:00
W001003,W001678,1,0.347128,1,2026-04-18 07:13:00,2026-04-18 07:13:00
W001003,W001690,1,0.083992,1,2026-06-29 11:16:00,2026-06-29 11:16:00
W001003,W002435,1,4.432604,1,2026-04-22 08:34:00,2026-04-22 08:34:00
W001004,W000842,1,0.934094,1,2026-06-17 06:14:00,2026-06-17 06:14:00
W001004,W000959,1,0.577724,1,2026-01-28 00:42:00,2026-01-28 00:42:00
W001004,W001602,1,1.397401,1,2026-04-21 05:01:00,2026-04-21 05:01:00
W001005,W001742,1,0.866404,1,2026-04-25 01:52:00,2026-04-25 01:52:00
W001006,W000336,1,0.528136,1,2026-05-08 21:40:00,2026-05-08 21:40:00
W001006,W000966,1,1.093739,1,2026-06-28 03:35:00,2026-06-28 03:35:00
W001006,W001232,1,0.473569,1,2026-04-28 11:49:00,2026-04-28 11:49:00
W001006,W001479,1,0.35554,1,2026-03-26 19:04:00,2026-03-26 19:04:00
W001006,W001757,1,0.68431,1,2026-04-13 00:21:00,2026-04-13 00:21:00
W001006,W002021,1,1.012628,1,2026-03-15 08:38:00,2026-03-15 08:38:00
W001007,W000355,1,0.990107,1,2026-05-11 20:40:00,2026-05-11 20:40:00
W001007,W000778,1,0.426551,1,2026-06-19 16:21:00,2026-06-19 16:21:00
W001007,W001271,1,1.242878,1,2026-01-03 05:00:00,2026-01-03 05:00:00
W001007,W001748,1,0.658741,1,2026-06-07 13:38:00,2026-06-07 13:38:00
W001007,W002484,1,0.302564,1,2026-03-24 19:27:00,2026-03-24 19:27:00
W001008,W001179,1,2.082478,1,2026-04-19 05:24:00,2026-04-19 05:24:00
W001008,W001541,1,0.18508,1,2026-01-25 11:05:00,2026-01-25 11:05:00
W001008,W002067,1,0.488868,1,2026-06-06 12:36:00,2026-06-06 12:36:00
W001009,W000888,1,0.544917,1,2026-05-17 11:05:00,2026-05-17 11:05:00
W001009,W001367,1,0.406633,1,2026-01-17 07:04:00,2026-01-17 07:04:00
W001009,W001390,1,0.176588,1,2026-03-04 21:08:00,2026-03-04 21:08:00
W001009,W002013,1,0.686267,1,2026-06-21 15:22:00,2026-06-21 15:22:00
W001009,W002149,1,0.809097,1,2026-04-04 05:01:00,2026-04-04 05:01:00
W001010,W000878,1,0.402334,1,2026-05-14 11:41:00,2026-05-14 11:41:00
W001010,W000903,1,1.001987,1,2026-06-17 21:22:00,2026-06-17 21:22:00
W001010,W001674,1,0.405033,1,2026-06-29 11:37:00,2026-06-29 11:37:00
W001011,W000785,1,1.803527,1,2026-04-07 03:37:00,2026-04-07 03:37:00
W001011,W002263,1,0.382316,1,2026-05-29 16:30:00,2026-05-29 16:30:00
W001014,W001390,1,0.405641,1,2026-03-19 11:02:00,2026-03-19 11:02:00
W001014,W002351,1,0.62534,1,2026-01-18 12:26:00,2026-01-18 12:26:00
W001014,W002476,1,0.692415,1,2026-01-23 17:52:00,2026-01-23 17:52:00
W001015,W000999,1,0.725137,1,2026-01-25 02:21:00,2026-01-25 02:21:00
W001015,W001891,1,0.493956,1,2026-03-24 13:04:00,2026-03-24 13:04:00
W001015,W002204,1,4.525728,1,2026-02-20 20:20:00,2026-02-20 20:20:00
W001016,W000577,1,0.892945,1,2026-03-27 19:23:00,2026-03-27 19:23:00
W001016,W001290,1,0.146413,1,2026-02-04 20:51:00,2026-02-04 20:51:00
W001016,W001851,1,0.112186,1,2026-02-19 07:23:00,2026-02-19 07:23:00
W001017,W000234,1,0.503017,1,2026-02-25 05:19:00,2026-02-25 05:19:00
W001017,W001386,1,0.213761,1,2026-04-12 15:06:00,2026-04-12 15:06:00
W001017,W001533,1,0.127546,1,2026-01-04 20:05:00,2026-01-04 20:05:00
W001017,W001649,1,0.660501,1,2026-06-13 22:49:00,2026-06-13 22:49:00
W001018,W001485,1,0.356398,1,2026-03-19 05:13:00,2026-03-19 05:13:00
W001019,W001298,1,0.328792,1,2026-05-22 03:10:00,2026-05-22 03:10:00
W001019,W001811,1,1.113036,1,2026-01-22 06:18:00,2026-01-22 06:18:00
W001019,W002492,1,0.767158,1,2026-03-17 16:21:00,2026-03-17 16:21:00
W001020,W000047,1,0.139896,1,2026-03-19 10:27:00,2026-03-19 10:27:00
W001020,W000828,1,0.339661,1,2026-03-31 05:23:00,2026-03-31 05:23:00
W001020,W001317,1,0.414083,1,2026-06-19 04:09:00,2026-06-19 04:09:00
W001020,W001430,1,0.449313,1,2026-06-03 15:01:00,2026-06-03 15:01:00
W001020,W001650,1,2.288121,1,2026-05-20 05:08:00,2026-05-20 05:08:00
W001020,W001911,1,0.7038,1,2026-05-03 17:19:00,2026-05-03 17:19:00
W001020,W002198,1,0.37213,1,2026-02-13 17:31:00,2026-02-13 17:31:00
W001020,W002415,1,0.365757,1,2026-03-25 13:25:00,2026-03-25 13:25:00
W001021,W000078,1,0.59854,1,2026-05-22 07:11:00,2026-05-22 07:11:00
W001021,W000471,1,0.477574,1,2026-01-04 21:52:00,2026-01-04 21:52:00
W001021,W001035,1,0.291198,1,2026-02-13 14:33:00,2026-02-13 14:33:00
W001021,W001513,1,0.453412,1,2026-05-04 03:55:00,2026-05-04 03:55:00
W001021,W002166,1,0.589476,1,2026-05-16 01:18:00,2026-05-16 01:18:00
W001022,W001842,1,1.082623,1,2026-06-09 01:53:00,2026-06-09 01:53:00
W001023,W000180,1,0.06631,1,2026-01-03 07:00:00,2026-01-03 07:00:00
W001023,W000392,1,1.02521,1,2026-05-07 23:50:00,2026-05-07 23:50:00
W001023,W000651,1,0.296465,1,2026-06-23 19:01:00,2026-06-23 19:01:00
W001023,W000678,1,0.592396,1,2026-04-21 11:30:00,2026-04-21 11:30:00
W001023,W002024,1,0.491045,1,2026-01-18 13:44:00,2026-01-18 13:44:00
W001023,W002412,1,0.520374,1,2026-04-17 13:53:00,2026-04-17 13:53:00
W001024,W000052,1,0.254441,1,2026-04-05 05:29:00,2026-04-05 05:29:00
W001024,W000483,1,0.352895,1,2026-01-27 20:05:00,2026-01-27 20:05:00
W001025,W000565,1,0.780456,1,2026-05-13 19:48:00,2026-05-13 19:48:00
W001025,W000809,1,0.500282,1,2026-02-26 01:22:00,2026-02-26 01:22:00
W001026,W000117,1,7.533805,1,2026-06-08 04:44:00,2026-06-08 04:44:00
W001026,W000339,1,0.645523,1,2026-04-26 12:51:00,2026-04-26 12:51:00
W001026,W001147,1,0.634875,1,2026-03-22 22:39:00,2026-03-22 22:39:00
W001026,W001984,1,0.256134,1,2026-01-05 09:40:00,2026-01-05 09:40:00
W001026,W001992,1,1.969737,1,2026-02-23 05:08:00,2026-02-23 05:08:00
W001027,W000267,1,0.693467,1,2026-06-23 07:38:00,2026-06-23 07:38:00
W001027,W001103,1,0.277126,1,2026-04-23 23:44:00,2026-04-23 23:44:00
W001027,W001495,1,0.778509,1,2026-01-30 19:04:00,2026-01-30 19:04:00
W001028,W000037,1,0.35723,1,2026-03-17 09:18:00,2026-03-17 09:18:00
W001028,W000870,1,0.138398,1,2026-06-14 10:02:00,2026-06-14 10:02:00
W001028,W001004,1,0.299328,1,2026-06-22 23:52:00,2026-06-22 23:52:00
W001028,W001899,1,0.562087,1,2026-03-15 16:29:00,2026-03-15 16:29:00
W001028,W002439,1,0.378095,1,2026-02-18 16:11:00,2026-02-18 16:11:00
W001029,W001292,1,0.708972,1,2026-04-03 01:57:00,2026-04-03 01:57:00
W001029,W001372,1,0.390706,1,2026-05-21 10:33:00,2026-05-21 10:33:00
W001030,W001231,1,0.192721,1,2026-01-02 02:22:00,2026-01-02 02:22:00
W001030,W001684,1,0.741729,1,2026-03-19 09:23:00,2026-03-19 09:23:00
W001030,W001712,1,0.131933,1,2026-04-11 15:42:00,2026-04-11 15:42:00
W001030,W002340,1,0.39552,1,2026-04-20 02:24:00,2026-04-20 02:24:00
W001031,W000042,1,0.057823,1,2026-01-29 01:16:00,2026-01-29 01:16:00
W001031,W001240,1,0.334823,1,2026-03-04 17:38:00,2026-03-04 17:38:00
W001031,W001645,1,0.266517,1,2026-04-10 12:02:00,2026-04-10 12:02:00
W001032,W002429,1,0.144349,1,2026-03-07 16:05:00,2026-03-07 16:05:00
W001033,W000252,1,0.415382,1,2026-02-20 00:22:00,2026-02-20 00:22:00
W001033,W000737,1,0.225714,1,2026-01-31 02:13:00,2026-01-31 02:13:00
W001033,W001330,1,0.970047,1,2026-03-24 02:30:00,2026-03-24 02:30:00
W001033,W001703,1,0.540669,1,2026-04-15 03:59:00,2026-04-15 03:59:00
W001033,W001890,1,2.629562,1,2026-01-03 13:01:00,2026-01-03 13:01:00
W001033,W001919,1,0.298726,1,2026-02-06 03:21:00,2026-02-06 03:21:00
W001034,W001166,1,1.23895,1,2026-04-14 17:14:00,2026-04-14 17:14:00
W001034,W001374,1,0.70271,1,2026-05-17 02:05:00,2026-05-17 02:05:00
W001034,W002211,1,0.338323,1,2026-05-16 21:23:00,2026-05-16 21:23:00
W001035,W000430,1,1.124051,1,2026-05-28 09:09:00,2026-05-28 09:09:00
W001036,W000253,1,0.152792,1,2026-04-23 21:40:00,2026-04-23 21:40:00
W001036,W001157,1,0.477235,1,2026-02-14 09:26:00,2026-02-14 09:26:00
W001037,W000815,1,2.077433,1,2026-02-18 14:35:00,2026-02-18 14:35:00
W001037,W001196,1,0.177311,1,2026-01-23 18:18:00,2026-01-23 18:18:00
W001037,W002033,1,1.170104,1,2026-04-06 21:24:00,2026-04-06 21:24:00
W001038,W000199,1,0.830975,1,2026-04-20 16:45:00,2026-04-20 16:45:00
W001038,W000337,1,0.19511,1,2026-03-01 13:38:00,2026-03-01 13:38:00
W001038,W000911,1,3.99458,1,2026-02-02 01:58:00,2026-02-02 01:58:00
W001038,W002478,1,0.627603,1,2026-05-24 00:44:00,2026-05-24 00:44:00
W001039,W000381,1,0.341236,1,2026-01-27 13:37:00,2026-01-27 13:37:00
W001039,W001345,1,0.302292,1,2026-01-09 06:37:00,2026-01-09 06:37:00
W001039,W001468,1,0.517358,1,2026-03-17 21:10:00,2026-03-17 21:10:00
W001040,W000169,1,1.001943,1,2026-01-27 06:43:00,2026-01-27 06:43:00
W001040,W000170,1,0.383217,1,2026-01-05 02:01:00,2026-01-05 02:01:00
W001040,W000238,1,0.700795,1,2026-06-10 04:52:00,2026-06-10 04:52:00
W001040,W000466,1,0.648125,1,2026-04-01 06:11:00,2026-04-01 06:11:00
W001040,W000651,1,0.357561,1,2026-03-09 20:26:00,2026-03-09 20:26:00
W001040,W001002,1,0.401221,1,2026-04-26 18:21:00,2026-04-26 18:21:00
W001040,W002269,1,0.371692,1,2026-03-21 02:26:00,2026-03-21 02:26:00
W001041,W000003,1,1.124221,1,2026-03-27 20:03:00,2026-03-27 20:03:00
W001041,W000356,1,0.124589,1,2026-04-08 23:32:00,2026-04-08 23:32:00
W001041,W001252,1,0.152346,1,2026-01-05 13:59:00,2026-01-05 13:59:00
W001041,W002042,1,0.112432,1,2026-04-28 06:42:00,2026-04-28 06:42:00
W001042,W000980,1,1.839042,1,2026-01-20 18:39:00,2026-01-20 18:39:00
W001042,W001462,1,0.572241,1,2026-04-23 20:30:00,2026-04-23 20:30:00
W001042,W001748,1,0.941691,1,2026-01-25 15:44:00,2026-01-25 15:44:00
W001042,W002088,1,0.170781,1,2026-05-13 10:58:00,2026-05-13 10:58:00
W001042,W002167,1,0.215249,1,2026-01-08 06:57:00,2026-01-08 06:57:00
W001043,W000156,1,0.142441,1,2026-01-30 01:18:00,2026-01-30 01:18:00
W001043,W000533,1,0.496317,1,2026-06-17 05:16:00,2026-06-17 05:16:00
W001043,W000805,1,0.362805,1,2026-04-05 12:06:00,2026-04-05 12:06:00
W001044,W000675,1,0.854494,1,2026-05-09 10:48:00,2026-05-09 10:48:00
W001044,W001676,1,0.92575,1,2026-06-30 04:06:00,2026-06-30 04:06:00
W001044,W001927,1,0.362705,1,2026-04-29 23:21:00,2026-04-29 23:21:00
W001044,W001989,1,2.860731,1,2026-03-29 04:01:00,2026-03-29 04:01:00
W001045,W000313,1,1.044072,1,2026-02-20 14:10:00,2026-02-20 14:10:00
W001045,W000395,1,0.388816,1,2026-06-27 23:21:00,2026-06-27 23:21:00
W001045,W001264,1,0.438086,1,2026-01-10 11:15:00,2026-01-10 11:15:00
W001045,W001704,1,0.177779,1,2026-04-10 06:42:00,2026-04-10 06:42:00
W001045,W002275,1,0.391751,1,2026-04-02 02:02:00,2026-04-02 02:02:00
W001046,W000291,1,0.205816,1,2026-01-04 15:56:00,2026-01-04 15:56:00
W001046,W001340,1,0.524745,1,2026-06-13 14:21:00,2026-06-13 14:21:00
W001046,W002450,1,0.711126,1,2026-03-03 03:09:00,2026-03-03 03:09:00
W001047,W000101,1,0.487078,1,2026-01-15 19:37:00,2026-01-15 19:37:00
W001047,W000646,1,0.473495,1,2026-04-19 20:00:00,2026-04-19 20:00:00
W001047,W001008,1,0.34319,1,2026-06-09 15:46:00,2026-06-09 15:46:00
W001048,W000742,1,1.197342,1,2026-05-09 19:20:00,2026-05-09 19:20:00
W001048,W001460,1,0.506065,1,2026-06-29 17:00:00,2026-06-29 17:00:00
W001048,W001493,1,0.270746,1,2026-06-29 02:50:00,2026-06-29 02:50:00
W001048,W002166,1,0.334269,1,2026-04-26 18:53:00,2026-04-26 18:53:00
W001049,W001105,1,2.108697,1,2026-05-22 06:17:00,2026-05-22 06:17:00
W001049,W001162,1,0.607897,1,2026-03-01 11:40:00,2026-03-01 11:40:00
W001049,W001518,1,2.976516,1,2026-03-18 01:57:00,2026-03-18 01:57:00
W001049,W001619,1,0.408594,1,2026-05-13 06:37:00,2026-05-13 06:37:00
W001049,W002290,1,1.100241,1,2026-05-30 04:50:00,2026-05-30 04:50:00
W001049,W002408,1,1.412719,1,2026-04-25 01:36:00,2026-04-25 01:36:00
W001050,W000110,1,0.725767,1,2026-04-12 22:37:00,2026-04-12 22:37:00
W001050,W000205,1,0.255085,1,2026-01-16 08:28:00,2026-01-16 08:28:00
W001050,W001482,1,0.357565,1,2026-04-13 07:05:00,2026-04-13 07:05:00
W001050,W001500,1,0.139962,1,2026-06-07 08:17:00,2026-06-07 08:17:00
W001050,W001526,1,0.180248,1,2026-06-17 06:44:00,2026-06-17 06:44:00
W001050,W001944,1,0.823389,1,2026-01-24 13:25:00,2026-01-24 13:25:00
W001050,W002104,1,0.868852,1,2026-02-25 23:06:00,2026-02-25 23:06:00
W001051,W001093,1,0.159268,1,2026-01-22 11:09:00,2026-01-22 11:09:00
W001051,W001361,1,0.65568,1,2026-01-30 06:04:00,2026-01-30 06:04:00
W001051,W001781,1,1.034013,1,2026-03-30 08:41:00,2026-03-30 08:41:00
W001052,W000912,1,0.412425,1,2026-06-24 18:01:00,2026-06-24 18:01:00
W001052,W001326,1,0.283288,1,2026-04-18 08:32:00,2026-04-18 08:32:00
W001052,W001407,1,0.81674,1,2026-04-18 19:57:00,2026-04-18 19:57:00
W001052,W001593,1,0.175433,1,2026-06-13 19:41:00,2026-06-13 19:41:00
W001053,W000309,1,0.095663,1,2026-06-09 15:29:00,2026-06-09 15:29:00
W001053,W001854,1,0.353039,1,2026-03-27 11:01:00,2026-03-27 11:01:00
W001053,W002131,1,0.945696,1,2026-01-05 07:21:00,2026-01-05 07:21:00
W001054,W000714,1,0.393333,1,2026-04-27 05:57:00,2026-04-27 05:57:00
W001054,W001091,1,0.495347,1,2026-04-05 10:07:00,2026-04-05 10:07:00
W001054,W001567,1,0.620386,1,2026-01-12 07:23:00,2026-01-12 07:23:00
W001054,W002351,1,0.229022,1,2026-01-29 10:36:00,2026-01-29 10:36:00
W001055,W000382,1,0.596923,1,2026-03-20 12:28:00,2026-03-20 12:28:00
W001055,W001171,1,0.563846,1,2026-04-21 12:34:00,2026-04-21 12:34:00
W001056,W000042,1,0.51751,1,2026-05-05 07:56:00,2026-05-05 07:56:00
W001056,W000284,1,0.704939,1,2026-02-26 03:19:00,2026-02-26 03:19:00
W001056,W001979,1,0.353437,1,2026-04-29 22:01:00,2026-04-29 22:01:00
W001057,W000087,1,0.802172,1,2026-05-03 05:29:00,2026-05-03 05:29:00
W001057,W000549,1,1.43181,1,2026-06-08 09:19:00,2026-06-08 09:19:00
W001057,W000818,1,0.270252,1,2026-03-06 07:24:00,2026-03-06 07:24:00
W001057,W001928,1,0.563555,1,2026-05-22 17:38:00,2026-05-22 17:38:00
W001058,W001530,1,0.512282,1,2026-06-24 14:45:00,2026-06-24 14:45:00
W001058,W001923,1,0.201791,1,2026-05-15 07:05:00,2026-05-15 07:05:00
W001058,W001943,1,0.318445,1,2026-02-03 16:43:00,2026-02-03 16:43:00
W001058,W002233,1,0.498808,1,2026-04-21 14:35:00,2026-04-21 14:35:00
W001059,W001111,1,0.293238,1,2026-05-07 09:27:00,2026-05-07 09:27:00
W001059,W001670,1,0.280395,1,2026-01-29 01:10:00,2026-01-29 01:10:00
W001059,W001825,1,0.534526,1,2026-05-19 15:52:00,2026-05-19 15:52:00
W001059,W001930,1,0.386612,1,2026-05-24 21:20:00,2026-05-24 21:20:00
W001059,W002316,1,0.342694,1,2026-04-08 00:45:00,2026-04-08 00:45:00
W001060,W000035,1,0.213537,1,2026-02-20 21:30:00,2026-02-20 21:30:00
W001060,W000386,1,0.103245,1,2026-01-15 10:22:00,2026-01-15 10:22:00
W001060,W000427,1,0.2782,1,2026-02-20 14:51:00,2026-02-20 14:51:00
W001060,W000452,1,0.219766,1,2026-02-13 05:36:00,2026-02-13 05:36:00
W001060,W000523,1,0.482994,1,2026-05-02 19:07:00,2026-05-02 19:07:00
W001060,W001726,1,0.108303,1,2026-02-22 06:32:00,2026-02-22 06:32:00
W001060,W001760,1,0.302673,1,2026-02-02 21:49:00,2026-02-02 21:49:00
W001061,W001316,1,0.650914,1,2026-04-25 21:46:00,2026-04-25 21:46:00
W001062,W000079,1,1.666431,1,2026-04-28 14:53:00,2026-04-28 14:53:00
W001062,W000539,1,0.088139,1,2026-06-26 07:33:00,2026-06-26 07:33:00
W001062,W001169,1,0.946646,1,2026-02-09 00:31:00,2026-02-09 00:31:00
W001062,W002095,1,0.21112,1,2026-03-12 14:13:00,2026-03-12 14:13:00
W001063,W000461,1,0.166322,1,2026-06-27 22:10:00,2026-06-27 22:10:00
W001063,W002338,1,0.267785,1,2026-05-04 15:41:00,2026-05-04 15:41:00
W001064,W002229,1,0.929254,1,2026-05-15 19:52:00,2026-05-15 19:52:00
W001065,W000872,1,0.50674,1,2026-03-06 23:33:00,2026-03-06 23:33:00
W001066,W000460,1,0.209308,1,2026-05-15 15:52:00,2026-05-15 15:52:00
W001066,W000903,1,0.345326,1,2026-04-28 10:04:00,2026-04-28 10:04:00
W001066,W001434,1,0.338129,1,2026-06-21 02:02:00,2026-06-21 02:02:00
W001067,W000309,1,0.601814,1,2026-01-04 09:32:00,2026-01-04 09:32:00
W001068,W000129,1,0.639688,1,2026-06-17 08:16:00,2026-06-17 08:16:00
W001068,W000635,1,0.933558,1,2026-03-29 16:19:00,2026-03-29 16:19:00
W001068,W001508,1,1.05015,1,2026-01-13 19:37:00,2026-01-13 19:37:00
W001068,W002259,1,0.33235,1,2026-01-04 13:27:00,2026-01-04 13:27:00
W001069,W000158,1,0.844316,1,2026-03-23 10:54:00,2026-03-23 10:54:00
W001069,W000458,1,0.338367,1,2026-02-02 03:46:00,2026-02-02 03:46:00
W001069,W001497,1,0.154342,1,2026-03-23 09:40:00,2026-03-23 09:40:00
W001070,W000665,1,0.288381,1,2026-04-12 17:46:00,2026-04-12 17:46:00
W001070,W001333,1,0.607409,1,2026-04-05 15:04:00,2026-04-05 15:04:00
W001070,W001545,1,1.185874,1,2026-03-11 01:37:00,2026-03-11 01:37:00
W001070,W001637,1,0.594727,1,2026-02-20 21:39:00,2026-02-20 21:39:00
W001070,W002402,1,0.45223,1,2026-04-26 23:45:00,2026-04-26 23:45:00
W001071,W000202,1,1.053066,1,2026-05-17 08:41:00,2026-05-17 08:41:00
W001071,W001507,1,0.397417,1,2026-06-27 21:17:00,2026-06-27 21:17:00
W001072,W000254,1,1.387305,1,2026-06-23 19:22:00,2026-06-23 19:22:00
W001072,W000295,1,0.373129,1,2026-04-14 07:52:00,2026-04-14 07:52:00
W001072,W000590,1,0.54448,1,2026-01-07 23:33:00,2026-01-07 23:33:00
W001072,W000792,1,1.21802,1,2026-02-23 09:25:00,2026-02-23 09:25:00
W001072,W000950,1,0.643408,1,2026-03-14 12:03:00,2026-03-14 12:03:00
W001072,W001624,1,0.313572,1,2026-01-27 21:49:00,2026-01-27 21:49:00
W001072,W001996,1,0.508822,1,2026-03-23 08:25:00,2026-03-23 08:25:00
W001073,W000382,1,0.174592,1,2026-04-18 07:43:00,2026-04-18 07:43:00
W001073,W002029,1,0.098761,1,2026-03-13 23:50:00,2026-03-13 23:50:00
W001074,W000580,1,0.571439,1,2026-02-09 07:16:00,2026-02-09 07:16:00
W001074,W000719,1,0.225792,1,2026-03-03 03:34:00,2026-03-03 03:34:00
W001074,W001891,1,0.259183,1,2026-06-27 09:46:00,2026-06-27 09:46:00
W001074,W002074,1,0.650041,1,2026-05-16 14:18:00,2026-05-16 14:18:00
W001075,W001096,1,0.797662,1,2026-05-20 07:35:00,2026-05-20 07:35:00
W001075,W001332,1,0.182783,1,2026-04-06 21:45:00,2026-04-06 21:45:00
W001075,W001344,1,0.810568,1,2026-03-12 01:35:00,2026-03-12 01:35:00
W001076,W001512,1,0.650831,1,2026-02-02 17:45:00,2026-02-02 17:45:00
W001076,W001800,1,0.939264,1,2026-05-22 11:17:00,2026-05-22 11:17:00
W001076,W001880,1,0.482905,1,2026-04-05 20:52:00,2026-04-05 20:52:00
W001076,W002005,1,0.630281,1,2026-06-05 08:12:00,2026-06-05 08:12:00
W001076,W002206,1,0.486559,1,2026-06-14 19:54:00,2026-06-14 19:54:00
W001076,W002349,1,0.462059,1,2026-04-04 08:03:00,2026-04-04 08:03:00
W001077,W001761,1,0.410573,1,2026-05-14 02:17:00,2026-05-14 02:17:00
W001077,W001775,1,0.708197,1,2026-03-03 17:01:00,2026-03-03 17:01:00
W001077,W002418,1,0.793027,1,2026-05-19 15:36:00,2026-05-19 15:36:00
W001077,W002450,1,0.493859,1,2026-06-12 20:34:00,2026-06-12 20:34:00
W001078,W000130,1,1.453851,1,2026-02-26 14:07:00,2026-02-26 14:07:00
W001078,W000354,1,0.170498,1,2026-03-22 22:04:00,2026-03-22 22:04:00
W001078,W001165,1,0.84056,1,2026-02-05 08:11:00,2026-02-05 08:11:00
W001078,W001593,1,0.349364,1,2026-01-27 02:30:00,2026-01-27 02:30:00
W001078,W002011,1,0.331515,1,2026-03-21 18:16:00,2026-03-21 18:16:00
W001079,W000172,1,0.467951,1,2026-06-23 01:15:00,2026-06-23 01:15:00
W001079,W000178,1,0.573812,1,2026-01-21 20:36:00,2026-01-21 20:36:00
W001079,W000332,1,0.948289,1,2026-03-12 12:13:00,2026-03-12 12:13:00
W001079,W000765,1,0.124364,1,2026-05-26 17:01:00,2026-05-26 17:01:00
W001079,W001080,1,2.076609,1,2026-05-30 02:16:00,2026-05-30 02:16:00
W001079,W001271,1,0.365001,1,2026-05-27 15:53:00,2026-05-27 15:53:00
W001079,W001410,1,0.071764,1,2026-05-11 12:28:00,2026-05-11 12:28:00
W001080,W001025,1,0.26371,1,2026-05-27 09:09:00,2026-05-27 09:09:00
W001080,W001486,1,0.214118,1,2026-04-13 01:23:00,2026-04-13 01:23:00
W001080,W002125,1,0.270313,1,2026-01-19 15:23:00,2026-01-19 15:23:00
W001081,W000475,1,0.392836,1,2026-03-30 16:03:00,2026-03-30 16:03:00
W001081,W000629,1,0.478742,1,2026-03-04 12:33:00,2026-03-04 12:33:00
W001081,W000883,1,0.428771,1,2026-04-19 03:35:00,2026-04-19 03:35:00
W001081,W001105,1,0.74445,1,2026-05-02 08:13:00,2026-05-02 08:13:00
W001081,W001306,1,0.90787,1,2026-06-24 02:27:00,2026-06-24 02:27:00
W001081,W001797,1,0.406275,1,2026-02-20 16:24:00,2026-02-20 16:24:00
W001081,W002375,1,0.84213,1,2026-05-22 23:02:00,2026-05-22 23:02:00
W001082,W001649,1,0.946547,1,2026-04-26 20:21:00,2026-04-26 20:21:00
W001082,W001711,1,0.226568,1,2026-04-24 08:50:00,2026-04-24 08:50:00
W001083,W000097,1,0.420818,1,2026-03-21 14:57:00,2026-03-21 14:57:00
W001083,W000244,1,0.134133,1,2026-03-25 00:59:00,2026-03-25 00:59:00
W001083,W000300,1,0.580237,1,2026-05-28 19:12:00,2026-05-28 19:12:00
W001083,W002037,1,0.527901,1,2026-05-24 18:33:00,2026-05-24 18:33:00
W001083,W002375,1,0.432429,1,2026-03-29 23:39:00,2026-03-29 23:39:00
W001084,W000001,1,2.920421,1,2026-04-26 12:45:00,2026-04-26 12:45:00
W001084,W001152,1,0.803107,1,2026-02-22 05:26:00,2026-02-22 05:26:00
W001084,W002339,1,0.866653,1,2026-01-02 05:14:00,2026-01-02 05:14:00
W001085,W001670,1,0.422444,1,2026-02-09 13:17:00,2026-02-09 13:17:00
W001085,W001800,1,0.971927,1,2026-06-13 20:03:00,2026-06-13 20:03:00
W001085,W001819,1,0.181098,1,2026-02-07 10:27:00,2026-02-07 10:27:00
W001085,W002332,1,0.821117,1,2026-03-14 17:23:00,2026-03-14 17:23:00
W001086,W000920,1,0.622113,1,2026-05-05 08:29:00,2026-05-05 08:29:00
W001086,W001061,1,0.953518,1,2026-04-03 05:29:00,2026-04-03 05:29:00
W001087,W001220,1,1.164906,1,2026-01-05 19:16:00,2026-01-05 19:16:00
W001087,W001432,1,4.042293,1,2026-03-25 23:01:00,2026-03-25 23:01:00
W001087,W001480,1,0.307086,1,2026-03-18 14:35:00,2026-03-18 14:35:00
W001088,W000463,1,0.562527,1,2026-01-18 10:57:00,2026-01-18 10:57:00
W001089,W000095,1,0.119508,1,2026-04-22 01:12:00,2026-04-22 01:12:00
W001089,W000292,1,0.911444,1,2026-04-08 01:14:00,2026-04-08 01:14:00
W001089,W000758,1,2.866282,1,2026-06-27 03:18:00,2026-06-27 03:18:00
W001089,W001313,1,0.19765,1,2026-06-13 11:04:00,2026-06-13 11:04:00
W001089,W001431,1,0.900483,1,2026-06-01 10:16:00,2026-06-01 10:16:00
W001089,W001603,1,0.849138,1,2026-02-21 19:56:00,2026-02-21 19:56:00
W001089,W002044,1,0.307569,1,2026-04-18 23:44:00,2026-04-18 23:44:00
W001090,W000287,1,1.397729,1,2026-02-06 12:43:00,2026-02-06 12:43:00
W001090,W000415,1,0.363931,1,2026-02-03 12:47:00,2026-02-03 12:47:00
W001090,W000930,1,0.48283,1,2026-05-16 00:24:00,2026-05-16 00:24:00
W001090,W000951,1,0.467773,1,2026-05-15 10:10:00,2026-05-15 10:10:00
W001090,W001576,1,0.383013,1,2026-03-31 17:16:00,2026-03-31 17:16:00
W001091,W000331,1,0.583675,1,2026-04-21 01:51:00,2026-04-21 01:51:00
W001091,W000358,1,0.376512,1,2026-01-12 22:57:00,2026-01-12 22:57:00
W001091,W001585,1,1.059828,1,2026-02-07 08:10:00,2026-02-07 08:10:00
W001093,W000611,1,0.163288,1,2026-01-26 19:26:00,2026-01-26 19:26:00
W001093,W001450,1,0.252928,1,2026-05-21 21:24:00,2026-05-21 21:24:00
W001093,W001475,1,0.637567,1,2026-06-27 21:35:00,2026-06-27 21:35:00
W001093,W001952,1,0.41808,1,2026-03-23 04:39:00,2026-03-23 04:39:00
W001093,W002169,1,1.287733,1,2026-03-21 17:23:00,2026-03-21 17:23:00
W001093,W002264,1,0.218106,1,2026-03-17 04:27:00,2026-03-17 04:27:00
W001093,W002369,1,0.218863,1,2026-01-17 04:40:00,2026-01-17 04:40:00
W001094,W000092,1,0.414727,1,2026-04-05 16:42:00,2026-04-05 16:42:00
W001094,W000190,1,0.499883,1,2026-02-12 16:12:00,2026-02-12 16:12:00
W001094,W000238,1,0.80958,1,2026-01-01 13:32:00,2026-01-01 13:32:00
W001094,W000633,1,0.385371,1,2026-04-17 04:14:00,2026-04-17 04:14:00
W001094,W000674,1,0.152927,1,2026-03-12 07:00:00,2026-03-12 07:00:00
W001094,W000816,1,0.786139,1,2026-04-25 08:46:00,2026-04-25 08:46:00
W001095,W000439,1,0.402235,1,2026-01-18 14:32:00,2026-01-18 14:32:00
W001095,W000891,1,0.547603,1,2026-04-04 00:01:00,2026-04-04 00:01:00
W001095,W001720,1,2.895341,1,2026-03-11 09:52:00,2026-03-11 09:52:00
W001095,W001781,1,0.263598,1,2026-01-18 02:49:00,2026-01-18 02:49:00
W001095,W001956,1,0.206203,1,2026-03-12 16:35:00,2026-03-12 16:35:00
W001095,W002242,1,0.75108,1,2026-02-03 12:25:00,2026-02-03 12:25:00
W001096,W001255,1,0.15017,1,2026-01-31 22:18:00,2026-01-31 22:18:00
W001096,W001356,1,1.811531,1,2026-01-30 04:06:00,2026-01-30 04:06:00
W001096,W002229,1,0.474704,1,2026-01-03 02:27:00,2026-01-03 02:27:00
W001097,W001728,1,0.851477,1,2026-04-04 21:12:00,2026-04-04 21:12:00
W001097,W002020,1,0.303428,1,2026-05-27 21:19:00,2026-05-27 21:19:00
W001097,W002119,1,1.822281,1,2026-01-21 23:52:00,2026-01-21 23:52:00
W001097,W002435,1,0.60851,1,2026-01-12 11:14:00,2026-01-12 11:14:00
W001098,W000316,1,0.203816,1,2026-03-20 06:38:00,2026-03-20 06:38:00
W001098,W000541,1,1.983009,1,2026-06-18 17:18:00,2026-06-18 17:18:00
W001098,W000615,1,0.135519,1,2026-06-16 21:20:00,2026-06-16 21:20:00
W001098,W000651,1,0.474972,1,2026-03-10 15:29:00,2026-03-10 15:29:00
W001098,W000807,1,0.457745,1,2026-06-23 19:22:00,2026-06-23 19:22:00
W001098,W002197,1,1.10799,1,2026-03-19 08:20:00,2026-03-19 08:20:00
W001099,W000094,1,0.181078,1,2026-02-15 12:58:00,2026-02-15 12:58:00
W001099,W000462,1,0.267788,1,2026-04-26 21:18:00,2026-04-26 21:18:00
W001099,W002084,1,0.445449,1,2026-02-20 03:45:00,2026-02-20 03:45:00
W001100,W000921,1,0.504444,1,2026-04-16 13:41:00,2026-04-16 13:41:00
W001100,W000982,1,0.238523,1,2026-03-16 00:42:00,2026-03-16 00:42:00
W001100,W002205,1,0.688291,1,2026-01-08 23:50:00,2026-01-08 23:50:00
W001100,W002287,1,0.130474,1,2026-05-07 08:24:00,2026-05-07 08:24:00
W001101,W000134,1,0.232959,1,2026-01-04 15:28:00,2026-01-04 15:28:00
W001101,W000676,1,0.418104,1,2026-02-21 04:48:00,2026-02-21 04:48:00
W001101,W001320,1,0.275094,1,2026-06-07 14:40:00,2026-06-07 14:40:00
W001101,W001889,1,0.362181,1,2026-06-15 17:33:00,2026-06-15 17:33:00
W001102,W000705,1,2.457255,1,2026-05-27 10:43:00,2026-05-27 10:43:00
W001102,W001132,1,1.038181,1,2026-05-04 10:53:00,2026-05-04 10:53:00
W001102,W001186,1,0.364031,1,2026-02-23 07:56:00,2026-02-23 07:56:00
W001103,W000513,1,0.565497,1,2026-02-10 14:35:00,2026-02-10 14:35:00
W001103,W000677,1,0.982866,1,2026-02-01 15:31:00,2026-02-01 15:31:00
W001103,W000905,1,0.385883,1,2026-05-26 14:06:00,2026-05-26 14:06:00
W001104,W000050,1,0.238682,1,2026-03-19 15:48:00,2026-03-19 15:48:00
W001104,W000203,1,1.057383,1,2026-02-26 20:06:00,2026-02-26 20:06:00
W001104,W000589,1,1.995008,1,2026-05-02 01:02:00,2026-05-02 01:02:00
W001104,W001388,1,0.260539,1,2026-01-02 03:16:00,2026-01-02 03:16:00
W001104,W001920,1,0.230287,1,2026-05-15 14:18:00,2026-05-15 14:18:00
W001105,W000097,1,0.496668,1,2026-01-17 20:36:00,2026-01-17 20:36:00
W001105,W000493,1,0.507745,1,2026-02-12 02:01:00,2026-02-12 02:01:00
W001105,W000743,1,0.324121,1,2026-03-30 11:21:00,2026-03-30 11:21:00
W001105,W000855,1,1.31451,1,2026-06-06 07:47:00,2026-06-06 07:47:00
W001105,W001325,1,0.516873,1,2026-05-21 10:12:00,2026-05-21 10:12:00
W001105,W001586,1,0.953263,1,2026-01-20 21:31:00,2026-01-20 21:31:00
W001106,W000082,1,0.771859,1,2026-04-05 09:45:00,2026-04-05 09:45:00
W001106,W000324,1,0.201118,1,2026-04-22 02:32:00,2026-04-22 02:32:00
W001106,W000331,1,0.537202,1,2026-02-27 16:08:00,2026-02-27 16:08:00
W001106,W001277,1,0.260166,1,2026-06-11 18:40:00,2026-06-11 18:40:00
W001106,W001555,1,0.321361,1,2026-04-19 15:55:00,2026-04-19 15:55:00
W001106,W001721,1,0.102214,1,2026-02-23 02:16:00,2026-02-23 02:16:00
W001106,W001769,1,0.881016,1,2026-05-31 21:56:00,2026-05-31 21:56:00
W001106,W002237,1,0.346152,1,2026-06-18 23:04:00,2026-06-18 23:04:00
W001107,W000003,1,0.448428,1,2026-06-03 18:09:00,2026-06-03 18:09:00
W001107,W000459,1,0.597601,1,2026-05-18 22:35:00,2026-05-18 22:35:00
W001107,W000690,1,0.376722,1,2026-06-25 03:09:00,2026-06-25 03:09:00
W001107,W002490,1,1.257842,1,2026-01-31 04:07:00,2026-01-31 04:07:00
W001108,W000028,1,0.242631,1,2026-04-11 15:42:00,2026-04-11 15:42:00
W001108,W000468,1,0.598653,1,2026-06-19 02:52:00,2026-06-19 02:52:00
W001108,W002172,1,0.201846,1,2026-06-19 10:06:00,2026-06-19 10:06:00
W001109,W001386,1,0.928789,1,2026-04-24 00:42:00,2026-04-24 00:42:00
W001109,W001635,1,0.486423,1,2026-06-06 23:14:00,2026-06-06 23:14:00
W001111,W002055,1,0.58406,1,2026-06-17 20:03:00,2026-06-17 20:03:00
W001111,W002160,1,1.032911,1,2026-06-06 10:18:00,2026-06-06 10:18:00
W001112,W000361,1,4.445215,1,2026-02-14 10:41:00,2026-02-14 10:41:00
W001112,W000417,1,1.069551,1,2026-04-17 23:57:00,2026-04-17 23:57:00
W001112,W000923,1,0.319223,1,2026-04-09 21:53:00,2026-04-09 21:53:00
W001112,W002131,1,0.384133,1,2026-01-18 04:48:00,2026-01-18 04:48:00
W001113,W001276,1,0.564799,1,2026-03-21 05:36:00,2026-03-21 05:36:00
W001114,W000320,1,0.218803,1,2026-04-18 22:43:00,2026-04-18 22:43:00
W001114,W000838,1,0.435206,1,2026-02-19 06:04:00,2026-02-19 06:04:00
W001115,W000502,1,0.287528,1,2026-01-20 14:56:00,2026-01-20 14:56:00
W001115,W000551,1,3.830862,1,2026-04-06 19:24:00,2026-04-06 19:24:00
W001115,W000829,1,0.597775,1,2026-01-19 13:06:00,2026-01-19 13:06:00
W001115,W000886,1,0.575554,1,2026-01-17 07:59:00,2026-01-17 07:59:00
W001116,W000167,1,1.079019,1,2026-02-23 15:19:00,2026-02-23 15:19:00
W001116,W000591,1,0.147006,1,2026-01-27 19:24:00,2026-01-27 19:24:00
W001116,W001644,1,0.518657,1,2026-01-12 07:57:00,2026-01-12 07:57:00
W001117,W000252,1,0.387608,1,2026-06-26 04:21:00,2026-06-26 04:21:00
W001117,W000910,1,0.550336,1,2026-06-01 05:27:00,2026-06-01 05:27:00
W001117,W002053,1,0.79327,1,2026-01-16 06:40:00,2026-01-16 06:40:00
W001117,W002100,1,0.864416,1,2026-02-01 19:31:00,2026-02-01 19:31:00
W001118,W000106,1,1.737712,1,2026-05-09 21:42:00,2026-05-09 21:42:00
W001118,W001531,1,0.141241,1,2026-04-26 18:59:00,2026-04-26 18:59:00
W001119,W000293,1,0.135715,1,2026-05-14 05:41:00,2026-05-14 05:41:00
W001119,W001527,1,0.441093,1,2026-05-18 10:06:00,2026-05-18 10:06:00
W001119,W002019,1,1.851135,1,2026-04-29 12:54:00,2026-04-29 12:54:00
W001119,W002227,1,1.319827,1,2026-05-26 04:08:00,2026-05-26 04:08:00
W001119,W002247,1,0.801147,1,2026-04-18 07:07:00,2026-04-18 07:07:00
W001120,W000303,1,0.135287,1,2026-01-25 12:59:00,2026-01-25 12:59:00
W001120,W001141,1,0.574644,1,2026-01-11 16:06:00,2026-01-11 16:06:00
W001120,W001608,1,0.572555,1,2026-01-12 01:37:00,2026-01-12 01:37:00
W001120,W001742,1,0.592356,1,2026-06-15 00:45:00,2026-06-15 00:45:00
W001121,W000557,1,0.688764,1,2026-06-17 22:44:00,2026-06-17 22:44:00
W001121,W001632,1,0.246063,1,2026-04-17 15:46:00,2026-04-17 15:46:00
W001121,W001934,1,0.435929,1,2026-05-01 16:47:00,2026-05-01 16:47:00
W001122,W000005,1,0.24698,1,2026-02-15 09:48:00,2026-02-15 09:48:00
W001122,W000642,1,1.067217,1,2026-03-21 02:59:00,2026-03-21 02:59:00
W001122,W001616,1,0.503485,1,2026-01-19 20:59:00,2026-01-19 20:59:00
W001122,W001649,1,0.584838,1,2026-02-14 22:02:00,2026-02-14 22:02:00
W001123,W001385,1,0.586936,1,2026-04-22 23:49:00,2026-04-22 23:49:00
W001124,W000348,1,0.306501,1,2026-05-25 06:59:00,2026-05-25 06:59:00
W001124,W000711,1,0.753712,1,2026-01-28 12:16:00,2026-01-28 12:16:00
W001124,W001406,1,0.34844,1,2026-05-31 16:02:00,2026-05-31 16:02:00
W001124,W002291,1,0.216668,1,2026-06-07 20:38:00,2026-06-07 20:38:00
W001125,W000909,1,0.96787,1,2026-02-24 21:54:00,2026-02-24 21:54:00
W001125,W001377,1,0.582928,1,2026-06-09 07:47:00,2026-06-09 07:47:00
W001125,W001480,1,0.833902,1,2026-05-20 05:10:00,2026-05-20 05:10:00
W001126,W001680,1,0.527488,1,2026-06-14 16:18:00,2026-06-14 16:18:00
W001127,W000358,1,0.52195,1,2026-06-25 21:27:00,2026-06-25 21:27:00
W001127,W000625,1,1.035221,1,2026-06-24 04:47:00,2026-06-24 04:47:00
W001127,W001145,1,0.563195,1,2026-04-19 04:51:00,2026-04-19 04:51:00
W001127,W001406,1,1.573832,1,2026-04-11 16:09:00,2026-04-11 16:09:00
W001127,W001445,1,0.702893,1,2026-05-07 19:24:00,2026-05-07 19:24:00
W001127,W001448,1,0.514344,1,2026-05-07 01:50:00,2026-05-07 01:50:00
W001128,W001565,1,0.170689,1,2026-04-01 09:46:00,2026-04-01 09:46:00
W001128,W001638,1,3.450507,1,2026-03-27 01:03:00,2026-03-27 01:03:00
W001129,W000017,1,0.612161,1,2026-06-22 01:33:00,2026-06-22 01:33:00
W001129,W000449,1,0.441687,1,2026-03-12 00:19:00,2026-03-12 00:19:00
W001129,W001429,1,0.354288,1,2026-01-31 08:44:00,2026-01-31 08:44:00
W001129,W002080,1,0.114898,1,2026-01-10 06:22:00,2026-01-10 06:22:00
W001129,W002140,1,0.346679,1,2026-04-20 14:20:00,2026-04-20 14:20:00
W001129,W002166,1,0.211743,1,2026-06-07 03:32:00,2026-06-07 03:32:00
W001129,W002321,1,0.344884,1,2026-02-11 22:20:00,2026-02-11 22:20:00
W001130,W000069,1,0.539958,1,2026-01-21 17:06:00,2026-01-21 17:06:00
W001130,W001134,1,2.387214,1,2026-01-11 07:44:00,2026-01-11 07:44:00
W001130,W001500,1,0.675989,1,2026-02-15 12:00:00,2026-02-15 12:00:00
W001131,W001066,1,0.29903,1,2026-03-26 12:15:00,2026-03-26 12:15:00
W001131,W001115,1,0.50545,1,2026-05-03 13:13:00,2026-05-03 13:13:00
W001131,W001851,1,0.14284,1,2026-01-13 03:20:00,2026-01-13 03:20:00
W001132,W000009,1,0.157454,1,2026-04-14 02:19:00,2026-04-14 02:19:00
W001132,W000089,1,0.313405,1,2026-05-17 22:19:00,2026-05-17 22:19:00
W001132,W000376,1,0.166847,1,2026-06-08 23:51:00,2026-06-08 23:51:00
W001132,W000571,1,0.701255,1,2026-01-16 07:20:00,2026-01-16 07:20:00
W001132,W001139,1,0.264384,1,2026-04-14 00:30:00,2026-04-14 00:30:00
W001132,W001911,1,0.163839,1,2026-01-31 10:23:00,2026-01-31 10:23:00
W001132,W002298,1,0.766901,1,2026-03-03 14:28:00,2026-03-03 14:28:00
W001133,W000052,1,0.274481,1,2026-02-27 11:21:00,2026-02-27 11:21:00
W001133,W000817,1,1.318075,1,2026-03-03 18:13:00,2026-03-03 18:13:00
W001133,W001043,1,0.791197,1,2026-05-18 18:12:00,2026-05-18 18:12:00
W001133,W001152,1,0.181734,1,2026-04-07 23:27:00,2026-04-07 23:27:00
W001133,W001384,1,0.411516,1,2026-02-17 02:20:00,2026-02-17 02:20:00
W001133,W002160,1,0.209668,1,2026-04-30 11:30:00,2026-04-30 11:30:00
W001134,W000406,1,0.211188,1,2026-05-01 17:33:00,2026-05-01 17:33:00
W001134,W000786,1,2.34329,1,2026-05-25 21:23:00,2026-05-25 21:23:00
W001134,W001165,1,0.290155,1,2026-04-28 17:51:00,2026-04-28 17:51:00
W001134,W001807,1,0.657056,1,2026-03-31 01:06:00,2026-03-31 01:06:00
W001135,W001731,1,0.506692,1,2026-03-11 18:41:00,2026-03-11 18:41:00
W001136,W000461,1,0.204523,1,2026-06-21 09:03:00,2026-06-21 09:03:00
W001136,W001079,1,0.838553,1,2026-02-18 14:14:00,2026-02-18 14:14:00
W001136,W001791,1,0.746075,1,2026-01-11 20:28:00,2026-01-11 20:28:00
W001136,W002147,1,0.098616,1,2026-02-14 20:18:00,2026-02-14 20:18:00
W001137,W000503,1,0.371939,1,2026-06-08 21:51:00,2026-06-08 21:51:00
W001138,W000108,1,1.81719,1,2026-05-01 21:34:00,2026-05-01 21:34:00
W001138,W001888,1,0.518909,1,2026-05-16 04:17:00,2026-05-16 04:17:00
W001139,W000423,1,0.116204,1,2026-02-09 03:11:00,2026-02-09 03:11:00
W001139,W001461,1,0.814633,1,2026-04-06 13:14:00,2026-04-06 13:14:00
W001139,W001591,1,0.165392,1,2026-02-05 03:54:00,2026-02-05 03:54:00
W001139,W001751,1,0.275217,1,2026-04-19 13:51:00,2026-04-19 13:51:00
W001140,W000844,1,0.175724,1,2026-06-20 18:25:00,2026-06-20 18:25:00
W001141,W000087,1,0.267179,1,2026-03-05 08:33:00,2026-03-05 08:33:00
W001141,W001015,1,0.653789,1,2026-06-13 02:55:00,2026-06-13 02:55:00
W001141,W001405,1,0.417481,1,2026-04-02 05:38:00,2026-04-02 05:38:00
W001141,W001877,1,0.155981,1,2026-05-30 04:58:00,2026-05-30 04:58:00
W001142,W000362,1,2.419818,1,2026-04-28 22:59:00,2026-04-28 22:59:00
W001142,W001191,1,0.260507,1,2026-01-27 08:01:00,2026-01-27 08:01:00
W001142,W001439,1,0.32084,1,2026-03-04 11:26:00,2026-03-04 11:26:00
W001142,W002399,1,1.329982,1,2026-05-05 07:55:00,2026-05-05 07:55:00
W001143,W000458,1,0.338202,1,2026-04-29 18:54:00,2026-04-29 18:54:00
W001143,W001160,1,0.677546,1,2026-03-10 22:39:00,2026-03-10 22:39:00
W001143,W001287,1,0.180075,1,2026-06-14 21:20:00,2026-06-14 21:20:00
W001143,W001292,1,0.220929,1,2026-05-24 12:08:00,2026-05-24 12:08:00
W001143,W001650,1,0.729621,1,2026-01-27 10:38:00,2026-01-27 10:38:00
W001144,W000610,1,0.178908,1,2026-02-06 15:44:00,2026-02-06 15:44:00
W001144,W001078,1,0.285935,1,2026-01-30 11:31:00,2026-01-30 11:31:00
W001144,W002403,1,0.767201,1,2026-06-20 02:15:00,2026-06-20 02:15:00
W001145,W000257,1,1.343939,1,2026-02-21 12:57:00,2026-02-21 12:57:00
W001145,W000274,1,0.423761,1,2026-05-12 00:15:00,2026-05-12 00:15:00
W001145,W000502,1,0.868671,1,2026-04-07 23:59:00,2026-04-07 23:59:00
W001145,W002193,1,7.536037,1,2026-03-21 19:29:00,2026-03-21 19:29:00
W001145,W002229,1,0.330516,1,2026-06-09 21:34:00,2026-06-09 21:34:00
W001146,W001083,1,0.530473,1,2026-05-28 22:30:00,2026-05-28 22:30:00
W001146,W002439,1,0.571796,1,2026-01-08 18:20:00,2026-01-08 18:20:00
W001147,W000079,1,0.53611,1,2026-06-17 07:11:00,2026-06-17 07:11:00
W001147,W000147,1,1.118843,1,2026-04-12 09:03:00,2026-04-12 09:03:00
W001147,W000665,1,0.309085,1,2026-05-11 10:33:00,2026-05-11 10:33:00
W001148,W002029,1,0.280917,1,2026-04-04 23:50:00,2026-04-04 23:50:00
W001149,W000308,1,0.330026,1,2026-03-04 00:19:00,2026-03-04 00:19:00
W001149,W000930,1,0.422566,1,2026-05-04 07:48:00,2026-05-04 07:48:00
W001149,W000950,1,2.736615,1,2026-03-20 02:11:00,2026-03-20 02:11:00
W001149,W001119,1,2.296978,1,2026-01-31 04:03:00,2026-01-31 04:03:00
W001149,W001271,1,0.737569,1,2026-03-01 20:22:00,2026-03-01 20:22:00
W001149,W001277,1,0.442804,1,2026-02-05 13:16:00,2026-02-05 13:16:00
W001149,W001393,1,1.77478,1,2026-06-04 20:39:00,2026-06-04 20:39:00
W001149,W001560,1,0.370432,1,2026-03-25 18:06:00,2026-03-25 18:06:00
W001149,W001863,1,0.474089,1,2026-03-01 15:49:00,2026-03-01 15:49:00
W001149,W002233,1,0.388926,1,2026-04-24 10:52:00,2026-04-24 10:52:00
W001150,W000188,1,0.313174,1,2026-03-22 02:11:00,2026-03-22 02:11:00
W001150,W000372,1,0.986458,1,2026-02-16 19:11:00,2026-02-16 19:11:00
W001150,W000609,1,0.241805,1,2026-05-09 03:41:00,2026-05-09 03:41:00
W001150,W001240,1,0.340504,1,2026-01-17 17:44:00,2026-01-17 17:44:00
W001150,W001532,1,0.523174,1,2026-05-18 12:25:00,2026-05-18 12:25:00
W001150,W001572,1,1.085194,1,2026-01-12 13:06:00,2026-01-12 13:06:00
W001150,W001947,1,1.054778,1,2026-05-25 16:10:00,2026-05-25 16:10:00
W001150,W002087,1,0.219045,1,2026-02-09 18:18:00,2026-02-09 18:18:00
W001151,W000074,1,0.350409,1,2026-06-24 23:07:00,2026-06-24 23:07:00
W001151,W000744,1,0.165555,1,2026-05-31 11:55:00,2026-05-31 11:55:00
W001151,W001769,1,0.221383,1,2026-03-07 17:58:00,2026-03-07 17:58:00
W001152,W001094,1,0.322029,1,2026-01-17 02:49:00,2026-01-17 02:49:00
W001152,W001987,1,0.625631,1,2026-02-21 02:22:00,2026-02-21 02:22:00
W001153,W000172,1,0.360111,1,2026-03-08 00:37:00,2026-03-08 00:37:00
W001153,W000278,1,0.818767,1,2026-06-09 01:18:00,2026-06-09 01:18:00
W001153,W001463,1,0.676352,1,2026-05-19 09:44:00,2026-05-19 09:44:00
W001153,W001729,1,0.222368,1,2026-03-01 03:25:00,2026-03-01 03:25:00
W001153,W001913,1,0.442233,1,2026-04-18 21:14:00,2026-04-18 21:14:00
W001153,W002024,1,0.441542,1,2026-03-07 16:31:00,2026-03-07 16:31:00
W001153,W002236,1,0.573481,1,2026-06-08 20:53:00,2026-06-08 20:53:00
W001154,W000183,1,0.456863,1,2026-04-25 20:56:00,2026-04-25 20:56:00
W001154,W000670,1,0.201849,1,2026-05-11 12:28:00,2026-05-11 12:28:00
W001154,W000966,1,0.251964,1,2026-06-15 18:08:00,2026-06-15 18:08:00
W001154,W001538,1,0.424774,1,2026-06-23 22:27:00,2026-06-23 22:27:00
W001154,W001732,1,0.243187,1,2026-05-20 10:41:00,2026-05-20 10:41:00
W001154,W001785,1,1.949867,1,2026-05-08 02:01:00,2026-05-08 02:01:00
W001154,W001825,1,0.598112,1,2026-02-25 06:33:00,2026-02-25 06:33:00
W001155,W000182,1,0.31935,1,2026-05-12 23:29:00,2026-05-12 23:29:00
W001155,W001094,1,0.180914,1,2026-03-12 17:07:00,2026-03-12 17:07:00
W001155,W001277,1,0.319604,1,2026-02-18 20:22:00,2026-02-18 20:22:00
W001155,W002030,1,0.707329,1,2026-05-18 06:11:00,2026-05-18 06:11:00
W001156,W000262,1,0.378738,1,2026-01-03 05:04:00,2026-01-03 05:04:00
W001156,W000368,1,1.947731,1,2026-05-15 08:57:00,2026-05-15 08:57:00
W001156,W001593,1,0.313917,1,2026-04-19 09:41:00,2026-04-19 09:41:00
W001156,W001754,1,0.828535,1,2026-05-28 13:12:00,2026-05-28 13:12:00
W001156,W002072,1,0.360946,1,2026-06-26 05:43:00,2026-06-26 05:43:00
W001158,W000207,1,0.339871,1,2026-04-20 14:25:00,2026-04-20 14:25:00
W001158,W000349,1,1.319578,1,2026-02-16 17:40:00,2026-02-16 17:40:00
W001158,W000462,1,0.160091,1,2026-03-19 19:15:00,2026-03-19 19:15:00
W001158,W000932,1,0.425415,1,2026-05-19 14:53:00,2026-05-19 14:53:00
W001158,W001282,1,0.86317,1,2026-02-13 21:18:00,2026-02-13 21:18:00
W001158,W002494,1,0.770875,1,2026-01-03 14:39:00,2026-01-03 14:39:00
W001159,W001016,1,1.547533,1,2026-01-26 22:40:00,2026-01-26 22:40:00
W001159,W001675,1,0.272619,1,2026-03-13 11:40:00,2026-03-13 11:40:00
W001159,W002129,1,0.713248,1,2026-04-01 06:05:00,2026-04-01 06:05:00
W001159,W002264,1,0.860428,1,2026-03-31 04:58:00,2026-03-31 04:58:00
W001160,W000375,1,0.163849,1,2026-03-30 14:42:00,2026-03-30 14:42:00
W001160,W001353,1,0.51074,1,2026-03-29 19:17:00,2026-03-29 19:17:00
W001160,W001372,1,1.541041,1,2026-01-06 05:55:00,2026-01-06 05:55:00
W001160,W002288,1,0.574811,1,2026-04-12 21:33:00,2026-04-12 21:33:00
W001161,W000429,1,0.464153,1,2026-06-01 05:45:00,2026-06-01 05:45:00
W001161,W000702,1,0.123948,1,2026-03-15 07:04:00,2026-03-15 07:04:00
W001161,W001760,1,1.073782,1,2026-03-28 15:30:00,2026-03-28 15:30:00
W001161,W002167,1,1.59262,1,2026-03-30 09:00:00,2026-03-30 09:00:00
W001162,W000194,1,1.163311,1,2026-03-08 05:25:00,2026-03-08 05:25:00
W001162,W000517,1,0.124689,1,2026-06-28 13:05:00,2026-06-28 13:05:00
W001162,W000902,1,1.066213,1,2026-05-23 22:05:00,2026-05-23 22:05:00
W001162,W001375,1,3.653,1,2026-03-21 05:49:00,2026-03-21 05:49:00
W001162,W001472,1,0.276885,1,2026-04-27 15:40:00,2026-04-27 15:40:00
W001162,W002025,1,0.322397,1,2026-06-08 20:08:00,2026-06-08 20:08:00
W001162,W002452,1,0.557063,1,2026-03-23 06:07:00,2026-03-23 06:07:00
W001163,W000660,1,0.407079,1,2026-02-15 10:39:00,2026-02-15 10:39:00
W001163,W000952,1,0.251764,1,2026-05-30 10:40:00,2026-05-30 10:40:00
W001163,W001083,1,0.434887,1,2026-01-23 15:20:00,2026-01-23 15:20:00
W001163,W001176,1,3.014882,1,2026-01-15 06:35:00,2026-01-15 06:35:00
W001163,W002114,1,1.251628,1,2026-02-20 13:16:00,2026-02-20 13:16:00
W001163,W002218,1,0.332334,1,2026-04-27 08:25:00,2026-04-27 08:25:00
W001164,W000868,1,1.157662,1,2026-06-28 14:31:00,2026-06-28 14:31:00
W001164,W001269,1,0.496701,1,2026-05-09 19:35:00,2026-05-09 19:35:00
W001165,W000111,1,0.39311,1,2026-03-25 05:20:00,2026-03-25 05:20:00
W001165,W001432,1,0.443493,1,2026-01-10 12:59:00,2026-01-10 12:59:00
W001165,W001706,1,0.30072,1,2026-02-05 01:45:00,2026-02-05 01:45:00
W001165,W001716,1,0.865957,1,2026-03-30 09:56:00,2026-03-30 09:56:00
W001165,W001910,1,9.003024,1,2026-06-21 21:34:00,2026-06-21 21:34:00
W001165,W002279,1,1.055868,1,2026-02-19 17:02:00,2026-02-19 17:02:00
W001166,W001373,1,0.35009,1,2026-03-08 18:32:00,2026-03-08 18:32:00
W001166,W002036,1,0.218608,1,2026-06-02 05:42:00,2026-06-02 05:42:00
W001167,W000506,1,0.412539,1,2026-01-22 10:40:00,2026-01-22 10:40:00
W001167,W001651,1,0.27286,1,2026-05-31 21:45:00,2026-05-31 21:45:00
W001168,W000563,1,0.502008,1,2026-01-16 00:26:00,2026-01-16 00:26:00
W001169,W000025,1,0.465474,1,2026-03-10 19:55:00,2026-03-10 19:55:00
W001169,W000426,1,0.256203,1,2026-03-09 08:01:00,2026-03-09 08:01:00
W001169,W000528,1,0.364818,1,2026-06-08 12:51:00,2026-06-08 12:51:00
W001169,W001150,1,1.662111,1,2026-05-31 17:20:00,2026-05-31 17:20:00
W001170,W000519,1,0.505388,1,2026-05-20 15:44:00,2026-05-20 15:44:00
W001170,W001171,1,0.882229,1,2026-04-20 01:52:00,2026-04-20 01:52:00
W001170,W002119,1,0.18811,1,2026-02-02 03:48:00,2026-02-02 03:48:00
W001170,W002424,1,0.591336,1,2026-01-25 05:20:00,2026-01-25 05:20:00
W001171,W000004,1,0.838209,1,2026-06-13 07:48:00,2026-06-13 07:48:00
W001171,W000839,1,0.367926,1,2026-06-03 19:23:00,2026-06-03 19:23:00
W001171,W001993,1,3.150415,1,2026-04-17 19:01:00,2026-04-17 19:01:00
W001171,W002066,1,0.234232,1,2026-06-10 15:37:00,2026-06-10 15:37:00
W001172,W000145,1,0.299985,1,2026-06-05 10:28:00,2026-06-05 10:28:00
W001172,W000585,1,0.256819,1,2026-01-13 02:32:00,2026-01-13 02:32:00
W001172,W000842,1,0.499118,1,2026-04-29 03:02:00,2026-04-29 03:02:00
W001172,W000869,1,0.592191,1,2026-03-27 09:39:00,2026-03-27 09:39:00
W001172,W001115,1,0.447808,1,2026-05-17 15:57:00,2026-05-17 15:57:00
W001172,W001185,1,0.352922,1,2026-03-12 04:27:00,2026-03-12 04:27:00
W001172,W001337,1,0.371345,1,2026-04-29 08:40:00,2026-04-29 08:40:00
W001172,W001511,1,0.176496,1,2026-03-14 20:17:00,2026-03-14 20:17:00
W001172,W002329,1,0.810369,1,2026-06-19 02:32:00,2026-06-19 02:32:00
W001172,W002365,1,0.551132,1,2026-06-17 13:40:00,2026-06-17 13:40:00
W001173,W000023,1,0.191735,1,2026-03-06 02:52:00,2026-03-06 02:52:00
W001173,W000251,1,1.892041,1,2026-06-28 02:40:00,2026-06-28 02:40:00
W001173,W000416,1,0.335736,1,2026-03-01 17:43:00,2026-03-01 17:43:00
W001173,W000963,1,1.038375,1,2026-03-13 09:34:00,2026-03-13 09:34:00
W001173,W001091,1,1.232315,1,2026-06-24 11:07:00,2026-06-24 11:07:00
W001173,W001303,1,1.020966,1,2026-05-30 21:09:00,2026-05-30 21:09:00
W001174,W001028,1,0.67105,1,2026-01-15 00:45:00,2026-01-15 00:45:00
W001174,W002176,1,0.155179,1,2026-03-05 13:00:00,2026-03-05 13:00:00
W001175,W000181,1,1.199687,1,2026-01-07 23:10:00,2026-01-07 23:10:00
W001175,W000225,1,0.712654,1,2026-05-05 14:15:00,2026-05-05 14:15:00
W001175,W000403,1,0.339548,1,2026-04-23 02:34:00,2026-04-23 02:34:00
W001175,W000972,1,0.209808,1,2026-04-28 04:37:00,2026-04-28 04:37:00
W001175,W001028,1,1.02896,1,2026-03-15 20:42:00,2026-03-15 20:42:00
W001175,W001268,1,0.234228,1,2026-05-23 08:30:00,2026-05-23 08:30:00
W001175,W001389,1,0.101388,1,2026-04-23 19:38:00,2026-04-23 19:38:00
W001175,W001545,1,0.364911,1,2026-02-19 09:31:00,2026-02-19 09:31:00
W001175,W002171,1,0.626731,1,2026-04-05 11:44:00,2026-04-05 11:44:00
W001176,W000415,1,0.185206,1,2026-06-10 11:04:00,2026-06-10 11:04:00
W001176,W000644,1,0.179846,1,2026-03-12 19:41:00,2026-03-12 19:41:00
W001176,W001108,1,0.461454,1,2026-01-24 06:29:00,2026-01-24 06:29:00
W001176,W002450,1,0.236219,1,2026-02-14 16:29:00,2026-02-14 16:29:00
W001177,W001608,1,0.918051,1,2026-02-28 22:05:00,2026-02-28 22:05:00
W001177,W001669,1,0.082228,1,2026-02-18 05:52:00,2026-02-18 05:52:00
W001177,W002070,1,0.289021,1,2026-06-02 22:42:00,2026-06-02 22:42:00
W001178,W000423,1,0.812973,1,2026-04-11 00:15:00,2026-04-11 00:15:00
W001178,W000657,1,0.487764,1,2026-05-05 13:02:00,2026-05-05 13:02:00
W001178,W000765,1,0.571386,1,2026-01-10 19:20:00,2026-01-10 19:20:00
W001178,W002480,1,1.022519,1,2026-02-18 22:11:00,2026-02-18 22:11:00
W001179,W000653,1,1.355107,1,2026-06-13 01:49:00,2026-06-13 01:49:00
W001179,W000707,1,0.206276,1,2026-05-16 22:57:00,2026-05-16 22:57:00
W001179,W001546,1,0.301257,1,2026-05-27 08:08:00,2026-05-27 08:08:00
W001180,W000889,1,0.224247,1,2026-01-08 22:17:00,2026-01-08 22:17:00
W001180,W001730,1,1.251143,1,2026-04-09 21:03:00,2026-04-09 21:03:00
W001181,W000518,1,0.337483,1,2026-03-07 13:19:00,2026-03-07 13:19:00
W001181,W001224,1,0.145456,1,2026-06-29 04:41:00,2026-06-29 04:41:00
W001181,W001326,1,0.5302,1,2026-06-11 12:48:00,2026-06-11 12:48:00
W001181,W002254,1,0.479339,1,2026-03-10 06:08:00,2026-03-10 06:08:00
W001182,W000298,1,0.583388,1,2026-03-07 13:58:00,2026-03-07 13:58:00
W001182,W000628,1,0.313341,1,2026-05-07 18:01:00,2026-05-07 18:01:00
W001182,W000862,1,5.730405,1,2026-04-28 16:46:00,2026-04-28 16:46:00
W001182,W001302,1,0.193095,1,2026-04-23 22:02:00,2026-04-23 22:02:00
W001182,W002018,1,0.586353,1,2026-01-21 03:17:00,2026-01-21 03:17:00
W001182,W002413,1,0.808029,1,2026-02-21 05:39:00,2026-02-21 05:39:00
W001182,W002434,1,0.986084,1,2026-05-22 15:44:00,2026-05-22 15:44:00
W001183,W000404,1,1.533453,1,2026-06-04 12:02:00,2026-06-04 12:02:00
W001183,W001002,1,0.45292,1,2026-02-21 19:06:00,2026-02-21 19:06:00
W001183,W002294,1,0.251615,1,2026-01-29 12:58:00,2026-01-29 12:58:00
W001184,W001219,1,0.859092,1,2026-04-03 07:12:00,2026-04-03 07:12:00
W001185,W000922,1,0.559212,1,2026-02-22 04:39:00,2026-02-22 04:39:00
W001185,W002332,1,0.165966,1,2026-05-18 00:10:00,2026-05-18 00:10:00
W001186,W000217,1,0.942934,1,2026-04-03 08:37:00,2026-04-03 08:37:00
W001186,W001078,1,0.23819,1,2026-01-30 18:04:00,2026-01-30 18:04:00
W001186,W001471,1,0.313123,1,2026-05-17 02:42:00,2026-05-17 02:42:00
W001187,W000394,1,0.330591,1,2026-06-23 00:25:00,2026-06-23 00:25:00
W001187,W000469,1,0.189825,1,2026-05-22 13:21:00,2026-05-22 13:21:00
W001187,W000894,1,0.253672,1,2026-05-03 13:00:00,2026-05-03 13:00:00
W001187,W001002,1,0.403646,1,2026-03-08 05:28:00,2026-03-08 05:28:00
W001187,W001789,1,1.845242,1,2026-05-05 13:25:00,2026-05-05 13:25:00
W001187,W001826,1,0.530408,1,2026-06-28 22:26:00,2026-06-28 22:26:00
W001187,W001866,1,1.10579,1,2026-06-13 23:37:00,2026-06-13 23:37:00
W001187,W002062,1,0.908591,1,2026-01-10 22:11:00,2026-01-10 22:11:00
W001187,W002258,1,0.58662,1,2026-03-10 14:11:00,2026-03-10 14:11:00
W001188,W000617,1,0.185838,1,2026-01-20 12:18:00,2026-01-20 12:18:00
W001188,W000806,1,0.365166,1,2026-04-01 21:37:00,2026-04-01 21:37:00
W001188,W001079,1,0.399116,1,2026-06-04 05:09:00,2026-06-04 05:09:00
W001188,W001332,1,0.277872,1,2026-06-11 07:44:00,2026-06-11 07:44:00
W001188,W001479,1,0.203022,1,2026-04-20 21:49:00,2026-04-20 21:49:00
W001188,W002298,1,0.660666,1,2026-05-01 03:15:00,2026-05-01 03:15:00
W001189,W001909,1,0.585346,1,2026-05-03 19:26:00,2026-05-03 19:26:00
W001190,W000149,1,0.753766,1,2026-05-15 08:06:00,2026-05-15 08:06:00
W001190,W001062,1,0.345583,1,2026-05-25 15:32:00,2026-05-25 15:32:00
W001190,W001781,1,0.484533,1,2026-06-28 14:49:00,2026-06-28 14:49:00
W001191,W002317,1,0.411385,1,2026-05-07 18:18:00,2026-05-07 18:18:00
W001192,W000876,1,0.401109,1,2026-01-15 16:46:00,2026-01-15 16:46:00
W001192,W000895,1,0.081309,1,2026-01-10 05:01:00,2026-01-10 05:01:00
W001192,W002353,1,0.37997,1,2026-04-24 07:39:00,2026-04-24 07:39:00
W001193,W000545,1,0.77249,1,2026-04-02 02:31:00,2026-04-02 02:31:00
W001193,W001796,1,0.201264,1,2026-06-07 08:35:00,2026-06-07 08:35:00
W001193,W001816,1,0.496979,1,2026-02-03 21:40:00,2026-02-03 21:40:00
W001193,W001852,1,0.522315,1,2026-01-23 07:57:00,2026-01-23 07:57:00
W001194,W000625,1,0.434647,1,2026-06-06 02:12:00,2026-06-06 02:12:00
W001194,W001589,1,0.58837,1,2026-04-05 12:27:00,2026-04-05 12:27:00
W001194,W001715,1,1.012399,1,2026-06-12 01:10:00,2026-06-12 01:10:00
W001194,W002463,1,0.366928,1,2026-02-06 10:10:00,2026-02-06 10:10:00
W001195,W000331,1,0.403835,1,2026-03-11 05:53:00,2026-03-11 05:53:00
W001195,W001113,1,0.635741,1,2026-04-01 22:36:00,2026-04-01 22:36:00
W001195,W001268,1,0.320458,1,2026-01-30 10:02:00,2026-01-30 10:02:00
W001196,W000616,1,1.839256,1,2026-01-12 04:11:00,2026-01-12 04:11:00
W001196,W000960,1,1.230611,1,2026-02-03 15:52:00,2026-02-03 15:52:00
W001196,W001034,1,1.049407,1,2026-05-24 20:11:00,2026-05-24 20:11:00
W001196,W001388,1,0.1947,1,2026-03-23 12:31:00,2026-03-23 12:31:00
W001196,W002457,1,0.621624,1,2026-04-16 20:34:00,2026-04-16 20:34:00
W001197,W000953,1,1.778064,1,2026-04-08 08:42:00,2026-04-08 08:42:00
W001197,W001557,1,0.112933,1,2026-05-08 18:51:00,2026-05-08 18:51:00
W001197,W001658,1,0.417602,1,2026-05-31 07:47:00,2026-05-31 07:47:00
W001198,W000828,1,0.567504,1,2026-02-14 10:12:00,2026-02-14 10:12:00
W001198,W001203,1,1.229166,1,2026-02-26 17:21:00,2026-02-26 17:21:00
W001198,W001233,1,0.636402,1,2026-06-18 20:16:00,2026-06-18 20:16:00
W001198,W001462,1,0.484598,1,2026-03-20 10:04:00,2026-03-20 10:04:00
W001199,W000434,1,0.571823,1,2026-04-08 19:49:00,2026-04-08 19:49:00
W001199,W000745,1,0.18066,1,2026-03-23 04:03:00,2026-03-23 04:03:00
W001199,W000869,1,0.263832,1,2026-04-23 13:25:00,2026-04-23 13:25:00
W001199,W001272,1,0.119675,1,2026-01-28 16:18:00,2026-01-28 16:18:00
W001200,W000432,1,0.728561,1,2026-05-17 11:20:00,2026-05-17 11:20:00
W001200,W001177,1,0.173045,1,2026-03-01 00:47:00,2026-03-01 00:47:00
W001201,W001546,1,0.457385,1,2026-06-20 16:38:00,2026-06-20 16:38:00
W001201,W001889,1,0.129186,1,2026-02-11 00:48:00,2026-02-11 00:48:00
W001201,W002190,1,0.899635,1,2026-06-09 10:22:00,2026-06-09 10:22:00
W001201,W002302,1,8.407307,1,2026-04-16 10:18:00,2026-04-16 10:18:00
W001202,W000535,1,0.383575,1,2026-05-20 05:40:00,2026-05-20 05:40:00
W001202,W001013,1,0.573229,1,2026-03-06 01:09:00,2026-03-06 01:09:00
W001202,W001484,1,0.504817,1,2026-02-03 00:18:00,2026-02-03 00:18:00
W001202,W002018,1,0.211951,1,2026-02-26 10:08:00,2026-02-26 10:08:00
W001203,W000201,1,0.18416,1,2026-02-16 14:43:00,2026-02-16 14:43:00
W001203,W000621,1,0.206873,1,2026-05-26 02:48:00,2026-05-26 02:48:00
W001204,W001161,1,0.489505,1,2026-06-12 18:28:00,2026-06-12 18:28:00
W001204,W002057,1,0.949535,1,2026-01-04 14:56:00,2026-01-04 14:56:00
W001205,W000157,1,0.795027,1,2026-06-04 17:50:00,2026-06-04 17:50:00
W001205,W000162,1,1.148094,1,2026-02-22 21:38:00,2026-02-22 21:38:00
W001205,W000237,1,0.590154,1,2026-06-07 04:56:00,2026-06-07 04:56:00
W001205,W002036,1,0.186538,1,2026-01-07 00:54:00,2026-01-07 00:54:00
W001205,W002178,1,1.587678,1,2026-06-14 10:27:00,2026-06-14 10:27:00
W001205,W002282,1,0.806202,1,2026-02-15 05:14:00,2026-02-15 05:14:00
W001206,W000099,1,0.508098,1,2026-05-31 03:14:00,2026-05-31 03:14:00
W001206,W001012,1,0.302244,1,2026-04-12 14:28:00,2026-04-12 14:28:00
W001206,W002158,1,0.301815,1,2026-06-20 11:37:00,2026-06-20 11:37:00
W001207,W000084,1,0.417902,1,2026-04-29 07:19:00,2026-04-29 07:19:00
W001207,W000992,1,0.259512,1,2026-04-06 14:34:00,2026-04-06 14:34:00
W001207,W001414,1,0.410091,1,2026-03-20 20:39:00,2026-03-20 20:39:00
W001208,W001755,1,0.242947,1,2026-05-06 00:00:00,2026-05-06 00:00:00
W001208,W002130,1,0.335794,1,2026-05-23 14:25:00,2026-05-23 14:25:00
W001209,W000027,1,0.192219,1,2026-06-05 09:23:00,2026-06-05 09:23:00
W001209,W000337,1,0.086325,1,2026-06-17 22:46:00,2026-06-17 22:46:00
W001209,W000665,1,0.365856,1,2026-05-06 03:35:00,2026-05-06 03:35:00
W001209,W001250,1,0.77603,1,2026-02-02 18:40:00,2026-02-02 18:40:00
W001209,W001296,1,0.929675,1,2026-01-28 14:00:00,2026-01-28 14:00:00
W001209,W001531,1,0.865734,1,2026-01-18 15:13:00,2026-01-18 15:13:00
W001209,W002251,1,0.211502,1,2026-03-23 17:10:00,2026-03-23 17:10:00
W001210,W000262,1,0.347842,1,2026-05-08 05:02:00,2026-05-08 05:02:00
W001210,W000608,1,0.977469,1,2026-02-05 20:05:00,2026-02-05 20:05:00
W001210,W000729,1,0.402429,1,2026-02-11 08:42:00,2026-02-11 08:42:00
W001210,W001351,1,0.682964,1,2026-06-06 04:26:00,2026-06-06 04:26:00
W001210,W001486,1,0.192284,1,2026-03-02 11:05:00,2026-03-02 11:05:00
W001210,W001539,1,1.077584,1,2026-06-28 11:22:00,2026-06-28 11:22:00
W001210,W002131,1,1.143711,1,2026-04-01 01:45:00,2026-04-01 01:45:00
W001211,W000394,1,0.392729,1,2026-05-10 11:30:00,2026-05-10 11:30:00
W001211,W001758,1,1.259442,1,2026-01-04 06:42:00,2026-01-04 06:42:00
W001211,W001852,1,0.436953,1,2026-03-04 08:57:00,2026-03-04 08:57:00
W001211,W002464,1,3.238825,1,2026-05-20 07:14:00,2026-05-20 07:14:00
W001212,W001087,1,0.240294,1,2026-05-09 20:53:00,2026-05-09 20:53:00
W001212,W001167,1,0.273629,1,2026-02-19 11:44:00,2026-02-19 11:44:00
W001212,W001778,1,0.424434,1,2026-05-09 02:21:00,2026-05-09 02:21:00
W001212,W002277,1,0.505385,1,2026-05-18 02:49:00,2026-05-18 02:49:00
W001212,W002309,1,0.236615,1,2026-01-18 09:59:00,2026-01-18 09:59:00
W001212,W002387,1,0.29269,1,2026-03-14 00:09:00,2026-03-14 00:09:00
W001213,W001723,1,1.335683,1,2026-06-20 21:17:00,2026-06-20 21:17:00
W001213,W001801,1,0.234515,1,2026-05-25 07:21:00,2026-05-25 07:21:00
W001213,W001957,1,0.886133,1,2026-03-29 06:35:00,2026-03-29 06:35:00
W001214,W000801,1,0.830448,1,2026-04-05 22:20:00,2026-04-05 22:20:00
W001214,W002310,1,0.431919,1,2026-03-05 10:12:00,2026-03-05 10:12:00
W001214,W002402,1,0.072264,1,2026-01-25 10:16:00,2026-01-25 10:16:00
W001215,W000568,1,1.184486,1,2026-06-21 05:42:00,2026-06-21 05:42:00
W001215,W001553,1,0.763765,1,2026-04-06 06:31:00,2026-04-06 06:31:00
W001215,W002216,1,0.922044,1,2026-06-30 02:17:00,2026-06-30 02:17:00
W001216,W000133,1,0.38794,1,2026-02-10 02:56:00,2026-02-10 02:56:00
W001216,W001329,1,0.739262,1,2026-04-12 00:55:00,2026-04-12 00:55:00
W001216,W002147,1,0.351702,1,2026-03-01 12:47:00,2026-03-01 12:47:00
W001217,W000141,1,0.736583,1,2026-03-01 03:59:00,2026-03-01 03:59:00
W001217,W000311,1,0.495968,1,2026-05-16 11:08:00,2026-05-16 11:08:00
W001217,W000971,1,0.170016,1,2026-03-17 07:04:00,2026-03-17 07:04:00
W001217,W001468,1,0.597014,1,2026-04-24 16:46:00,2026-04-24 16:46:00
W001217,W001939,1,0.293884,1,2026-06-22 21:27:00,2026-06-22 21:27:00
W001218,W000532,1,0.569234,1,2026-02-24 17:17:00,2026-02-24 17:17:00
W001218,W001744,1,4.418053,1,2026-04-27 06:01:00,2026-04-27 06:01:00
W001218,W002148,1,0.940504,1,2026-06-09 05:12:00,2026-06-09 05:12:00
W001219,W000236,1,0.51285,1,2026-01-24 16:29:00,2026-01-24 16:29:00
W001219,W001022,1,0.585395,1,2026-04-27 22:49:00,2026-04-27 22:49:00
W001219,W001316,1,0.074221,1,2026-05-29 07:21:00,2026-05-29 07:21:00
W001220,W000375,1,0.716403,1,2026-03-13 01:42:00,2026-03-13 01:42:00
W001220,W000535,1,0.266025,1,2026-03-31 08:14:00,2026-03-31 08:14:00
W001220,W001720,1,3.735296,1,2026-05-08 06:18:00,2026-05-08 06:18:00
W001220,W002185,1,0.393411,1,2026-01-14 00:12:00,2026-01-14 00:12:00
W001221,W001242,1,3.268287,1,2026-06-05 14:29:00,2026-06-05 14:29:00
W001221,W002188,1,0.23852,1,2026-04-05 20:38:00,2026-04-05 20:38:00
W001222,W000041,1,0.196108,1,2026-04-08 10:28:00,2026-04-08 10:28:00
W001222,W000947,1,0.397987,1,2026-01-04 23:12:00,2026-01-04 23:12:00
W001222,W001801,1,0.882221,1,2026-05-06 13:00:00,2026-05-06 13:00:00
W001223,W000352,1,1.16183,1,2026-03-31 00:56:00,2026-03-31 00:56:00
W001223,W001032,1,0.161852,1,2026-04-04 08:06:00,2026-04-04 08:06:00
W001223,W002129,1,0.389297,1,2026-02-04 23:14:00,2026-02-04 23:14:00
W001224,W000702,1,0.84959,1,2026-03-31 12:20:00,2026-03-31 12:20:00
W001224,W001088,1,0.373079,1,2026-06-02 10:19:00,2026-06-02 10:19:00
W001224,W001710,1,0.389297,1,2026-05-09 02:48:00,2026-05-09 02:48:00
W001225,W000007,1,0.330705,1,2026-06-17 05:47:00,2026-06-17 05:47:00
W001225,W000081,1,1.154867,1,2026-04-23 01:18:00,2026-04-23 01:18:00
W001225,W001929,1,0.279114,1,2026-04-18 02:22:00,2026-04-18 02:22:00
W001226,W001055,1,0.200666,1,2026-04-24 02:27:00,2026-04-24 02:27:00
W001226,W001633,1,0.504076,1,2026-04-15 17:38:00,2026-04-15 17:38:00
W001226,W001649,1,0.79709,1,2026-05-28 17:03:00,2026-05-28 17:03:00
W001226,W001924,1,0.235887,1,2026-04-27 06:20:00,2026-04-27 06:20:00
W001227,W000298,1,0.158882,1,2026-03-16 15:51:00,2026-03-16 15:51:00
W001227,W000868,1,0.239414,1,2026-02-20 02:21:00,2026-02-20 02:21:00
W001227,W001084,1,0.260598,1,2026-06-11 06:37:00,2026-06-11 06:37:00
W001227,W002445,1,0.382834,1,2026-04-07 17:15:00,2026-04-07 17:15:00
W001228,W000639,1,0.45428,1,2026-06-21 23:45:00,2026-06-21 23:45:00
W001229,W000111,1,13.168091,1,2026-05-17 21:47:00,2026-05-17 21:47:00
W001229,W001362,1,0.622491,1,2026-02-05 05:21:00,2026-02-05 05:21:00
W001229,W002225,1,0.202058,1,2026-06-26 14:14:00,2026-06-26 14:14:00
W001229,W002256,1,0.190223,1,2026-06-24 12:03:00,2026-06-24 12:03:00
W001230,W000996,1,0.530698,1,2026-06-01 23:35:00,2026-06-01 23:35:00
W001230,W002194,1,0.57242,1,2026-03-12 02:13:00,2026-03-12 02:13:00
W001230,W002495,1,0.209606,1,2026-04-07 13:09:00,2026-04-07 13:09:00
W001231,W000201,1,0.419546,1,2026-06-20 15:01:00,2026-06-20 15:01:00
W001231,W002089,1,1.269797,1,2026-05-13 08:42:00,2026-05-13 08:42:00
W001231,W002421,1,3.086303,1,2026-05-05 18:01:00,2026-05-05 18:01:00
W001232,W000089,1,0.524906,1,2026-01-20 03:18:00,2026-01-20 03:18:00
W001232,W001136,1,0.527637,1,2026-02-08 08:32:00,2026-02-08 08:32:00
W001232,W001312,1,0.233458,1,2026-02-17 05:57:00,2026-02-17 05:57:00
W001233,W000521,1,0.208508,1,2026-01-28 01:45:00,2026-01-28 01:45:00
W001233,W000953,1,0.237276,1,2026-04-17 18:36:00,2026-04-17 18:36:00
W001233,W001175,1,0.250466,1,2026-01-13 06:18:00,2026-01-13 06:18:00
W001234,W001165,1,0.892437,1,2026-03-12 18:36:00,2026-03-12 18:36:00
W001234,W001801,1,0.604199,1,2026-05-09 19:19:00,2026-05-09 19:19:00
W001234,W002134,1,1.097392,1,2026-05-26 05:26:00,2026-05-26 05:26:00
W001235,W000484,1,1.199102,1,2026-02-16 14:35:00,2026-02-16 14:35:00
W001236,W000315,1,0.20362,1,2026-05-25 13:38:00,2026-05-25 13:38:00
W001236,W000321,1,0.101297,1,2026-04-07 14:01:00,2026-04-07 14:01:00
W001236,W000325,1,1.114524,1,2026-01-10 07:18:00,2026-01-10 07:18:00
W001236,W000966,1,0.104779,1,2026-04-27 21:36:00,2026-04-27 21:36:00
W001236,W001329,1,0.21143,1,2026-06-02 01:16:00,2026-06-02 01:16:00
W001236,W002233,1,0.559522,1,2026-03-13 05:48:00,2026-03-13 05:48:00
W001237,W000347,1,0.19243,1,2026-02-26 12:53:00,2026-02-26 12:53:00
W001237,W000444,1,0.488573,1,2026-03-23 13:52:00,2026-03-23 13:52:00
W001237,W000768,1,0.758946,1,2026-06-24 17:37:00,2026-06-24 17:37:00
W001237,W001410,1,0.375865,1,2026-06-10 12:11:00,2026-06-10 12:11:00
W001237,W001439,1,0.659302,1,2026-04-11 10:43:00,2026-04-11 10:43:00
W001237,W001630,1,0.507272,1,2026-04-21 22:32:00,2026-04-21 22:32:00
W001237,W002064,1,0.348896,1,2026-01-27 13:19:00,2026-01-27 13:19:00
W001238,W000079,1,0.809263,1,2026-02-20 00:23:00,2026-02-20 00:23:00
W001238,W000547,1,0.507734,1,2026-01-05 10:39:00,2026-01-05 10:39:00
W001238,W001711,1,1.478702,1,2026-02-14 14:43:00,2026-02-14 14:43:00
W001238,W002389,1,2.051808,1,2026-02-17 21:25:00,2026-02-17 21:25:00
W001239,W000561,1,0.71832,1,2026-06-14 10:20:00,2026-06-14 10:20:00
W001239,W001752,1,1.603356,1,2026-02-12 13:53:00,2026-02-12 13:53:00
W001239,W001910,1,0.443228,1,2026-02-21 16:07:00,2026-02-21 16:07:00
W001240,W000057,1,0.374481,1,2026-06-30 02:45:00,2026-06-30 02:45:00
W001240,W000740,1,0.916435,1,2026-03-25 14:53:00,2026-03-25 14:53:00
W001240,W001035,1,0.327789,1,2026-01-03 13:58:00,2026-01-03 13:58:00
W001240,W001456,1,0.168346,1,2026-03-31 11:04:00,2026-03-31 11:04:00
W001241,W000003,1,0.469884,1,2026-02-17 22:00:00,2026-02-17 22:00:00
W001241,W001886,1,0.747894,1,2026-01-19 02:05:00,2026-01-19 02:05:00
W001241,W002022,1,0.269629,1,2026-06-14 11:21:00,2026-06-14 11:21:00
W001242,W000517,1,1.330534,1,2026-01-18 04:05:00,2026-01-18 04:05:00
W001242,W001158,1,3.811925,1,2026-03-09 08:01:00,2026-03-09 08:01:00
W001242,W001544,1,2.594569,1,2026-04-22 21:50:00,2026-04-22 21:50:00
W001242,W002002,1,1.479562,1,2026-06-13 20:30:00,2026-06-13 20:30:00
W001242,W002118,1,0.219268,1,2026-02-12 22:56:00,2026-02-12 22:56:00
W001243,W001518,1,0.1673,1,2026-05-27 13:13:00,2026-05-27 13:13:00
W001243,W002291,1,2.625304,1,2026-05-17 00:15:00,2026-05-17 00:15:00
W001243,W002300,1,0.716502,1,2026-06-09 21:55:00,2026-06-09 21:55:00
W001244,W000546,1,0.352996,1,2026-06-19 00:56:00,2026-06-19 00:56:00
W001245,W000339,1,0.826861,1,2026-05-30 18:10:00,2026-05-30 18:10:00
W001245,W000688,1,0.338106,1,2026-01-11 17:55:00,2026-01-11 17:55:00
W001245,W002238,1,0.242863,1,2026-06-14 08:45:00,2026-06-14 08:45:00
W001246,W000208,1,0.494682,1,2026-06-25 16:56:00,2026-06-25 16:56:00
W001246,W000576,1,0.797578,1,2026-01-26 15:18:00,2026-01-26 15:18:00
W001246,W002216,1,0.466963,1,2026-05-27 11:20:00,2026-05-27 11:20:00
W001247,W000139,1,0.769362,1,2026-06-18 00:08:00,2026-06-18 00:08:00
W001247,W000978,1,0.505055,1,2026-04-11 09:33:00,2026-04-11 09:33:00
W001247,W001418,1,0.453401,1,2026-06-23 22:11:00,2026-06-23 22:11:00
W001248,W000116,1,0.342996,1,2026-06-29 12:20:00,2026-06-29 12:20:00
W001248,W000311,1,0.621051,1,2026-04-05 11:39:00,2026-04-05 11:39:00
W001248,W000646,1,0.810913,1,2026-05-24 20:37:00,2026-05-24 20:37:00
W001248,W000760,1,1.305085,1,2026-01-13 18:15:00,2026-01-13 18:15:00
W001248,W001019,1,0.51149,1,2026-01-26 04:03:00,2026-01-26 04:03:00
W001248,W001537,1,0.270034,1,2026-06-17 02:35:00,2026-06-17 02:35:00
W001248,W002345,1,0.078088,1,2026-01-17 17:33:00,2026-01-17 17:33:00
W001249,W000006,1,0.74744,1,2026-05-09 05:44:00,2026-05-09 05:44:00
W001249,W000219,1,0.73741,1,2026-05-11 14:34:00,2026-05-11 14:34:00
W001249,W001018,1,0.591955,1,2026-01-06 05:02:00,2026-01-06 05:02:00
W001249,W001819,1,0.355611,1,2026-04-11 11:30:00,2026-04-11 11:30:00
W001250,W000077,1,0.13507,1,2026-02-02 03:09:00,2026-02-02 03:09:00
W001250,W000573,1,0.739634,1,2026-01-12 16:29:00,2026-01-12 16:29:00
W001250,W000606,1,0.530296,1,2026-03-30 01:47:00,2026-03-30 01:47:00
W001250,W000615,1,0.202833,1,2026-03-17 08:31:00,2026-03-17 08:31:00
W001250,W000802,1,0.651773,1,2026-05-25 02:15:00,2026-05-25 02:15:00
W001250,W001685,1,0.528665,1,2026-06-14 16:29:00,2026-06-14 16:29:00
W001250,W002100,1,0.761481,1,2026-03-18 00:05:00,2026-03-18 00:05:00
W001250,W002120,1,0.26059,1,2026-06-10 00:00:00,2026-06-10 00:00:00
W001250,W002226,1,0.574572,1,2026-04-26 12:22:00,2026-04-26 12:22:00
W001251,W000944,1,0.337865,1,2026-02-05 22:38:00,2026-02-05 22:38:00
W001251,W001077,1,0.135915,1,2026-02-19 19:38:00,2026-02-19 19:38:00
W001252,W000672,1,0.462253,1,2026-06-06 06:48:00,2026-06-06 06:48:00
W001252,W000910,1,2.065887,1,2026-04-09 13:06:00,2026-04-09 13:06:00
W001252,W001054,1,0.74537,1,2026-01-29 22:12:00,2026-01-29 22:12:00
W001252,W001104,1,0.584084,1,2026-06-11 08:01:00,2026-06-11 08:01:00
W001252,W001144,1,0.348714,1,2026-05-24 14:09:00,2026-05-24 14:09:00
W001253,W000340,1,0.260181,1,2026-03-14 14:50:00,2026-03-14 14:50:00
W001253,W001036,1,0.29371,1,2026-02-10 22:47:00,2026-02-10 22:47:00
W001253,W001698,1,0.213446,1,2026-03-20 11:25:00,2026-03-20 11:25:00
W001253,W001725,1,1.48537,1,2026-04-14 21:26:00,2026-04-14 21:26:00
W001253,W001761,1,0.160963,1,2026-01-10 11:59:00,2026-01-10 11:59:00
W001254,W001369,1,6.491757,1,2026-01-27 22:29:00,2026-01-27 22:29:00
W001254,W002023,1,0.369776,1,2026-05-10 23:09:00,2026-05-10 23:09:00
W001255,W000856,1,1.965817,1,2026-03-05 00:24:00,2026-03-05 00:24:00
W001255,W001677,1,0.887229,1,2026-03-20 08:40:00,2026-03-20 08:40:00
W001255,W001866,1,0.320121,1,2026-06-14 11:25:00,2026-06-14 11:25:00
W001255,W002014,1,0.344759,1,2026-01-03 10:36:00,2026-01-03 10:36:00
W001256,W001976,1,0.401494,1,2026-04-11 18:15:00,2026-04-11 18:15:00
W001256,W002385,1,0.313322,1,2026-03-03 14:04:00,2026-03-03 14:04:00
W001257,W000139,1,0.273682,1,2026-06-19 00:05:00,2026-06-19 00:05:00
W001258,W000611,1,0.438891,1,2026-06-19 21:14:00,2026-06-19 21:14:00
W001258,W000786,1,0.806133,1,2026-01-05 02:43:00,2026-01-05 02:43:00
W001258,W000807,1,0.110397,1,2026-03-13 13:56:00,2026-03-13 13:56:00
W001258,W001499,1,0.491254,1,2026-06-11 15:09:00,2026-06-11 15:09:00
W001258,W001731,1,1.115342,1,2026-01-23 09:54:00,2026-01-23 09:54:00
W001259,W000598,1,1.078168,1,2026-04-06 00:27:00,2026-04-06 00:27:00
W001259,W000739,1,0.479222,1,2026-04-10 18:58:00,2026-04-10 18:58:00
W001259,W001873,1,0.173998,1,2026-04-01 01:19:00,2026-04-01 01:19:00
W001259,W002156,1,0.317104,1,2026-05-24 17:20:00,2026-05-24 17:20:00
W001259,W002435,1,0.055934,1,2026-05-28 04:54:00,2026-05-28 04:54:00
W001260,W000206,1,0.311208,1,2026-03-22 13:50:00,2026-03-22 13:50:00
W001260,W000971,1,1.025235,1,2026-02-16 20:26:00,2026-02-16 20:26:00
W001260,W001514,1,1.946687,1,2026-01-12 12:40:00,2026-01-12 12:40:00
W001260,W001767,1,0.19243,1,2026-02-09 21:19:00,2026-02-09 21:19:00
W001261,W000155,1,0.445488,1,2026-06-13 16:36:00,2026-06-13 16:36:00
W001261,W000448,1,0.448662,1,2026-05-22 02:41:00,2026-05-22 02:41:00
W001261,W001035,1,0.325678,1,2026-03-29 13:39:00,2026-03-29 13:39:00
W001261,W001137,1,0.284876,1,2026-05-19 12:52:00,2026-05-19 12:52:00
W001261,W001906,1,0.529796,1,2026-01-06 00:39:00,2026-01-06 00:39:00
W001262,W000586,1,0.188985,1,2026-02-01 14:53:00,2026-02-01 14:53:00
W001262,W000861,1,0.324716,1,2026-02-26 04:26:00,2026-02-26 04:26:00
W001262,W002385,1,2.119792,1,2026-03-14 02:49:00,2026-03-14 02:49:00
W001263,W000039,1,0.636228,1,2026-01-28 08:23:00,2026-01-28 08:23:00
W001263,W000693,1,5.766752,1,2026-02-21 23:39:00,2026-02-21 23:39:00
W001263,W000957,1,0.324583,1,2026-04-09 18:01:00,2026-04-09 18:01:00
W001263,W001756,1,0.186792,1,2026-02-15 02:28:00,2026-02-15 02:28:00
W001264,W000001,1,0.471333,1,2026-03-13 22:43:00,2026-03-13 22:43:00
W001264,W001573,1,0.240326,1,2026-01-05 20:08:00,2026-01-05 20:08:00
W001264,W001861,1,0.373365,1,2026-04-06 00:33:00,2026-04-06 00:33:00
W001264,W001908,1,0.821811,1,2026-05-12 10:24:00,2026-05-12 10:24:00
W001264,W001979,1,1.023303,1,2026-01-05 00:36:00,2026-01-05 00:36:00
W001264,W001999,1,0.471934,1,2026-01-23 00:49:00,2026-01-23 00:49:00
W001265,W000677,1,0.477452,1,2026-03-31 03:45:00,2026-03-31 03:45:00
W001265,W001630,1,0.546597,1,2026-03-11 14:03:00,2026-03-11 14:03:00
W001265,W001798,1,0.577216,1,2026-06-19 18:01:00,2026-06-19 18:01:00
W001265,W002042,1,0.432761,1,2026-01-30 18:02:00,2026-01-30 18:02:00
W001265,W002411,1,0.098932,1,2026-06-06 03:14:00,2026-06-06 03:14:00
W001266,W000733,1,0.287074,1,2026-05-19 11:01:00,2026-05-19 11:01:00
W001266,W001421,1,0.102308,1,2026-05-17 06:39:00,2026-05-17 06:39:00
W001267,W000379,1,0.312282,1,2026-02-19 02:25:00,2026-02-19 02:25:00
W001267,W001290,1,0.331363,1,2026-01-01 22:34:00,2026-01-01 22:34:00
W001267,W001902,1,0.640048,1,2026-01-09 10:07:00,2026-01-09 10:07:00
W001267,W002094,1,0.246793,1,2026-04-16 18:16:00,2026-04-16 18:16:00
W001268,W000726,1,0.589552,1,2026-05-06 00:53:00,2026-05-06 00:53:00
W001268,W001694,1,0.851887,1,2026-01-22 02:28:00,2026-01-22 02:28:00
W001269,W000451,1,0.526316,1,2026-06-10 10:27:00,2026-06-10 10:27:00
W001269,W000642,1,0.787508,1,2026-03-23 12:13:00,2026-03-23 12:13:00
W001269,W001231,1,0.924742,1,2026-02-19 02:07:00,2026-02-19 02:07:00
W001269,W001527,1,0.465929,1,2026-03-25 00:33:00,2026-03-25 00:33:00
W001269,W001652,1,0.308375,1,2026-05-26 03:12:00,2026-05-26 03:12:00
W001269,W001675,1,2.099226,1,2026-06-04 20:12:00,2026-06-04 20:12:00
W001269,W002404,1,0.173293,1,2026-02-20 11:28:00,2026-02-20 11:28:00
W001270,W001293,1,0.419209,1,2026-01-12 05:59:00,2026-01-12 05:59:00
W001270,W002316,1,0.370565,1,2026-02-19 08:34:00,2026-02-19 08:34:00
W001271,W000041,1,0.29904,1,2026-04-10 23:46:00,2026-04-10 23:46:00
W001271,W000185,1,2.364353,1,2026-05-14 19:16:00,2026-05-14 19:16:00
W001271,W000303,1,0.1132,1,2026-04-01 08:52:00,2026-04-01 08:52:00
W001271,W000469,1,0.504077,1,2026-04-29 10:38:00,2026-04-29 10:38:00
W001271,W000530,1,0.319959,1,2026-06-25 17:21:00,2026-06-25 17:21:00
W001271,W001311,1,1.155218,1,2026-02-18 15:01:00,2026-02-18 15:01:00
W001271,W001686,1,1.245211,1,2026-01-05 16:39:00,2026-01-05 16:39:00
W001271,W001828,1,1.109325,1,2026-03-25 02:22:00,2026-03-25 02:22:00
W001271,W001955,1,1.849787,1,2026-03-23 22:00:00,2026-03-23 22:00:00
W001272,W000329,1,0.551074,1,2026-06-15 22:24:00,2026-06-15 22:24:00
W001272,W000333,1,0.79253,1,2026-01-28 11:35:00,2026-01-28 11:35:00
W001273,W000512,1,0.286012,1,2026-01-13 07:14:00,2026-01-13 07:14:00
W001273,W000537,1,0.515878,1,2026-05-22 13:24:00,2026-05-22 13:24:00
W001273,W001513,1,0.187951,1,2026-02-06 06:57:00,2026-02-06 06:57:00
W001274,W000134,1,0.273382,1,2026-01-06 09:56:00,2026-01-06 09:56:00
W001274,W000691,1,0.785991,1,2026-06-05 22:05:00,2026-06-05 22:05:00
W001274,W001031,1,0.178069,1,2026-04-10 08:07:00,2026-04-10 08:07:00
W001274,W001712,1,1.307664,1,2026-03-20 04:39:00,2026-03-20 04:39:00
W001275,W000171,1,0.255434,1,2026-01-11 03:29:00,2026-01-11 03:29:00
W001275,W000189,1,0.534986,1,2026-06-21 03:19:00,2026-06-21 03:19:00
W001275,W000593,1,0.86467,1,2026-04-10 04:26:00,2026-04-10 04:26:00
W001275,W000718,1,0.22103,1,2026-04-15 12:38:00,2026-04-15 12:38:00
W001275,W001008,1,0.427796,1,2026-03-27 00:24:00,2026-03-27 00:24:00
W001275,W002295,1,1.294509,1,2026-05-25 20:36:00,2026-05-25 20:36:00
W001275,W002462,1,0.296239,1,2026-06-04 04:36:00,2026-06-04 04:36:00
W001276,W000130,1,1.461377,1,2026-03-31 19:58:00,2026-03-31 19:58:00
W001276,W000843,1,1.506725,1,2026-02-27 11:34:00,2026-02-27 11:34:00
W001276,W001211,1,1.10186,1,2026-03-25 07:34:00,2026-03-25 07:34:00
W001276,W001269,1,0.259762,1,2026-03-11 07:37:00,2026-03-11 07:37:00
W001276,W002372,1,0.461255,1,2026-01-19 17:48:00,2026-01-19 17:48:00
W001277,W000138,1,0.513107,1,2026-02-12 07:53:00,2026-02-12 07:53:00
W001277,W000213,1,0.292226,1,2026-06-06 11:48:00,2026-06-06 11:48:00
W001277,W000876,1,0.72972,1,2026-05-12 00:56:00,2026-05-12 00:56:00
W001277,W001054,1,0.516089,1,2026-02-25 08:38:00,2026-02-25 08:38:00
W001277,W001259,1,1.833298,1,2026-02-04 16:23:00,2026-02-04 16:23:00
W001277,W001600,1,0.70407,1,2026-01-09 04:30:00,2026-01-09 04:30:00
W001277,W002262,1,0.225931,1,2026-02-13 15:43:00,2026-02-13 15:43:00
W001277,W002337,1,1.094322,1,2026-03-25 08:55:00,2026-03-25 08:55:00
W001277,W002377,1,1.586632,1,2026-05-06 00:37:00,2026-05-06 00:37:00
W001278,W000442,1,0.445108,1,2026-06-12 15:47:00,2026-06-12 15:47:00
W001278,W000459,1,0.603495,1,2026-04-23 23:35:00,2026-04-23 23:35:00
W001278,W001130,1,0.663755,1,2026-05-01 22:25:00,2026-05-01 22:25:00
W001278,W001341,1,0.800619,1,2026-05-27 17:49:00,2026-05-27 17:49:00
W001278,W001580,1,0.2106,1,2026-01-03 22:26:00,2026-01-03 22:26:00
W001279,W000820,1,0.150715,1,2026-02-04 13:05:00,2026-02-04 13:05:00
W001279,W000958,1,0.533218,1,2026-02-10 10:16:00,2026-02-10 10:16:00
W001279,W000980,1,0.642985,1,2026-06-06 01:37:00,2026-06-06 01:37:00
W001279,W001617,1,0.30793,1,2026-02-22 06:40:00,2026-02-22 06:40:00
W001280,W000231,1,1.0537,1,2026-02-01 13:39:00,2026-02-01 13:39:00
W001280,W000588,1,0.50562,1,2026-01-31 10:32:00,2026-01-31 10:32:00
W001280,W001424,1,1.08581,1,2026-06-29 03:03:00,2026-06-29 03:03:00
W001280,W002217,1,0.667007,1,2026-06-10 19:34:00,2026-06-10 19:34:00
W001280,W002248,1,5.471519,1,2026-02-01 14:59:00,2026-02-01 14:59:00
W001281,W000552,1,0.861052,1,2026-05-19 21:53:00,2026-05-19 21:53:00
W001281,W000581,1,0.69301,1,2026-04-30 04:00:00,2026-04-30 04:00:00
W001281,W001379,1,0.842874,1,2026-05-08 09:19:00,2026-05-08 09:19:00
W001281,W001463,1,0.280422,1,2026-01-14 06:45:00,2026-01-14 06:45:00
W001281,W001643,1,0.590237,1,2026-03-20 06:10:00,2026-03-20 06:10:00
W001281,W002262,1,0.117456,1,2026-05-22 21:13:00,2026-05-22 21:13:00
W001282,W000177,1,0.328095,1,2026-04-07 16:37:00,2026-04-07 16:37:00
W001282,W000545,1,0.55959,1,2026-03-02 08:36:00,2026-03-02 08:36:00
W001282,W000807,1,0.665834,1,2026-05-17 12:27:00,2026-05-17 12:27:00
W001282,W000888,1,0.324481,1,2026-03-02 07:09:00,2026-03-02 07:09:00
W001282,W001304,1,0.523078,1,2026-04-26 21:42:00,2026-04-26 21:42:00
W001282,W001697,1,0.221232,1,2026-02-21 21:38:00,2026-02-21 21:38:00
W001282,W002063,1,0.374759,1,2026-03-03 05:10:00,2026-03-03 05:10:00
W001283,W000597,1,0.692065,1,2026-02-16 01:54:00,2026-02-16 01:54:00
W001283,W000732,1,1.037072,1,2026-01-15 05:33:00,2026-01-15 05:33:00
W001283,W001563,1,0.30016,1,2026-04-14 15:27:00,2026-04-14 15:27:00
W001284,W000043,1,0.62219,1,2026-01-12 06:14:00,2026-01-12 06:14:00
W001284,W000261,1,0.217982,1,2026-06-08 14:59:00,2026-06-08 14:59:00
W001284,W000776,1,2.189686,1,2026-05-08 23:30:00,2026-05-08 23:30:00
W001284,W001013,1,0.81472,1,2026-05-25 22:49:00,2026-05-25 22:49:00
W001284,W001014,1,0.379066,1,2026-03-18 15:35:00,2026-03-18 15:35:00
W001284,W001417,1,1.389492,1,2026-02-11 02:01:00,2026-02-11 02:01:00
W001284,W001516,1,0.314744,1,2026-02-02 15:32:00,2026-02-02 15:32:00
W001284,W001627,1,0.377728,1,2026-04-05 06:46:00,2026-04-05 06:46:00
W001285,W000863,1,0.377642,1,2026-01-26 03:42:00,2026-01-26 03:42:00
W001285,W002190,1,1.329466,1,2026-02-08 01:51:00,2026-02-08 01:51:00
W001285,W002490,1,0.309005,1,2026-04-13 22:01:00,2026-04-13 22:01:00
W001286,W000519,1,1.038816,1,2026-04-06 03:09:00,2026-04-06 03:09:00
W001286,W000764,1,0.408326,1,2026-05-31 05:10:00,2026-05-31 05:10:00
W001286,W001134,1,0.790038,1,2026-06-20 23:02:00,2026-06-20 23:02:00
W001286,W001770,1,0.631386,1,2026-02-15 11:38:00,2026-02-15 11:38:00
W001286,W001869,1,0.674424,1,2026-01-20 07:20:00,2026-01-20 07:20:00
W001287,W000478,1,0.442523,1,2026-04-04 17:23:00,2026-04-04 17:23:00
W001287,W002078,1,0.142487,1,2026-04-09 15:04:00,2026-04-09 15:04:00
W001287,W002102,1,0.886907,1,2026-05-24 14:18:00,2026-05-24 14:18:00
W001287,W002114,1,1.179787,1,2026-05-26 22:55:00,2026-05-26 22:55:00
W001288,W000136,1,0.832535,1,2026-03-06 08:19:00,2026-03-06 08:19:00
W001288,W000440,1,0.386698,1,2026-05-11 05:32:00,2026-05-11 05:32:00
W001289,W000057,1,7.872714,1,2026-06-15 15:28:00,2026-06-15 15:28:00
W001289,W000118,1,0.370477,1,2026-01-29 08:58:00,2026-01-29 08:58:00
W001289,W000795,1,0.612505,1,2026-03-09 05:25:00,2026-03-09 05:25:00
W001289,W000931,1,0.267323,1,2026-01-21 14:01:00,2026-01-21 14:01:00
W001289,W001083,1,0.843668,1,2026-01-02 10:33:00,2026-01-02 10:33:00
W001289,W001898,1,1.465882,1,2026-04-18 09:31:00,2026-04-18 09:31:00
W001290,W001014,1,0.277089,1,2026-05-01 08:13:00,2026-05-01 08:13:00
W001290,W001157,1,0.185601,1,2026-03-30 07:36:00,2026-03-30 07:36:00
W001291,W000341,1,0.261272,1,2026-01-26 00:42:00,2026-01-26 00:42:00
W001291,W001403,1,0.576561,1,2026-04-06 16:47:00,2026-04-06 16:47:00
W001291,W001776,1,0.136573,1,2026-04-18 17:58:00,2026-04-18 17:58:00
W001292,W000667,1,0.819627,1,2026-04-27 20:13:00,2026-04-27 20:13:00
W001292,W000736,1,0.33041,1,2026-03-26 05:41:00,2026-03-26 05:41:00
W001292,W000868,1,0.59055,1,2026-02-14 00:33:00,2026-02-14 00:33:00
W001292,W000888,1,0.962767,1,2026-01-29 06:12:00,2026-01-29 06:12:00
W001293,W001130,1,1.743979,1,2026-04-20 20:25:00,2026-04-20 20:25:00
W001293,W001402,1,0.419995,1,2026-03-29 08:24:00,2026-03-29 08:24:00
W001294,W000913,1,0.414832,1,2026-04-29 11:39:00,2026-04-29 11:39:00
W001294,W001361,1,0.541254,1,2026-03-01 23:13:00,2026-03-01 23:13:00
W001294,W002272,1,2.003296,1,2026-04-05 20:05:00,2026-04-05 20:05:00
W001295,W001527,1,1.073596,1,2026-02-28 18:21:00,2026-02-28 18:21:00
W001295,W002167,1,0.642943,1,2026-03-31 22:06:00,2026-03-31 22:06:00
W001296,W000024,1,0.508869,1,2026-01-27 18:27:00,2026-01-27 18:27:00
W001296,W000775,1,0.210987,1,2026-05-27 22:58:00,2026-05-27 22:58:00
W001296,W000853,1,0.532261,1,2026-02-17 13:13:00,2026-02-17 13:13:00
W001296,W001208,1,0.165002,1,2026-06-22 09:49:00,2026-06-22 09:49:00
W001296,W002066,1,0.544835,1,2026-06-26 00:45:00,2026-06-26 00:45:00
W001297,W001846,1,0.240046,1,2026-03-09 17:51:00,2026-03-09 17:51:00
W001297,W002009,1,0.231532,1,2026-01-14 17:05:00,2026-01-14 17:05:00
W001297,W002145,1,3.06184,1,2026-04-24 07:07:00,2026-04-24 07:07:00
W001298,W000171,1,0.36514,1,2026-03-09 13:49:00,2026-03-09 13:49:00
W001298,W001506,1,1.048229,1,2026-05-05 07:40:00,2026-05-05 07:40:00
W001299,W000560,1,0.4808,1,2026-05-12 07:52:00,2026-05-12 07:52:00
W001299,W001120,1,0.845536,1,2026-03-16 02:03:00,2026-03-16 02:03:00
W001299,W001306,1,0.246981,1,2026-03-16 20:04:00,2026-03-16 20:04:00
W001299,W001459,1,0.460996,1,2026-01-06 19:03:00,2026-01-06 19:03:00
W001299,W002192,1,0.388287,1,2026-01-04 08:31:00,2026-01-04 08:31:00
W001300,W000077,1,0.096614,1,2026-06-03 12:03:00,2026-06-03 12:03:00
W001300,W001714,1,0.894002,1,2026-05-03 10:25:00,2026-05-03 10:25:00
W001300,W002149,1,0.25652,1,2026-03-15 05:23:00,2026-03-15 05:23:00
W001301,W001272,1,0.486663,1,2026-02-18 09:50:00,2026-02-18 09:50:00
W001301,W001645,1,0.097497,1,2026-03-27 02:49:00,2026-03-27 02:49:00
W001301,W001702,1,0.716652,1,2026-01-24 17:22:00,2026-01-24 17:22:00
W001301,W001753,1,0.707518,1,2026-05-25 22:09:00,2026-05-25 22:09:00
W001302,W000171,1,0.495868,1,2026-01-19 19:02:00,2026-01-19 19:02:00
W001302,W000278,1,0.279203,1,2026-01-02 02:04:00,2026-01-02 02:04:00
W001302,W000308,1,0.400726,1,2026-01-23 08:52:00,2026-01-23 08:52:00
W001302,W001798,1,0.539967,1,2026-02-07 09:41:00,2026-02-07 09:41:00
W001302,W001921,1,0.18221,1,2026-05-14 07:18:00,2026-05-14 07:18:00
W001302,W001959,1,1.073351,1,2026-05-15 09:06:00,2026-05-15 09:06:00
W001302,W002354,1,0.206693,1,2026-03-31 22:20:00,2026-03-31 22:20:00
W001302,W002458,1,1.084317,1,2026-03-15 10:07:00,2026-03-15 10:07:00
W001303,W000346,1,0.586368,1,2026-01-07 19:09:00,2026-01-07 19:09:00
W001304,W000239,1,0.256649,1,2026-01-01 21:13:00,2026-01-01 21:13:00
W001304,W001403,1,0.497809,1,2026-03-04 15:42:00,2026-03-04 15:42:00
W001305,W000169,1,0.640637,1,2026-06-17 17:35:00,2026-06-17 17:35:00
W001305,W001258,1,0.694429,1,2026-05-16 06:35:00,2026-05-16 06:35:00
W001305,W001635,1,0.507229,1,2026-01-24 07:35:00,2026-01-24 07:35:00
W001305,W001892,1,1.789609,1,2026-03-26 07:32:00,2026-03-26 07:32:00
W001306,W000117,1,0.80674,1,2026-04-27 15:08:00,2026-04-27 15:08:00
W001306,W000817,1,0.212512,1,2026-02-28 07:02:00,2026-02-28 07:02:00
W001306,W001910,1,0.305205,1,2026-05-09 01:31:00,2026-05-09 01:31:00
W001307,W000332,1,0.738781,1,2026-04-24 20:18:00,2026-04-24 20:18:00
W001307,W001224,1,0.629348,1,2026-02-10 18:34:00,2026-02-10 18:34:00
W001307,W001295,1,0.456562,1,2026-06-26 09:15:00,2026-06-26 09:15:00
W001308,W002499,1,0.102235,1,2026-01-06 22:20:00,2026-01-06 22:20:00
W001309,W000361,1,0.340149,1,2026-05-21 10:36:00,2026-05-21 10:36:00
W001309,W000362,1,1.066883,1,2026-06-21 04:53:00,2026-06-21 04:53:00
W001309,W001022,1,0.185605,1,2026-04-26 08:10:00,2026-04-26 08:10:00
W001309,W001654,1,0.19672,1,2026-04-10 03:59:00,2026-04-10 03:59:00
W001310,W001856,1,0.384104,1,2026-03-24 16:50:00,2026-03-24 16:50:00
W001310,W002127,1,0.242077,1,2026-03-22 09:25:00,2026-03-22 09:25:00
W001311,W000542,1,0.285394,1,2026-04-20 22:58:00,2026-04-20 22:58:00
W001311,W000638,1,1.00293,1,2026-05-19 04:37:00,2026-05-19 04:37:00
W001311,W001963,1,0.384087,1,2026-03-03 21:36:00,2026-03-03 21:36:00
W001312,W000143,1,0.260217,1,2026-03-02 10:36:00,2026-03-02 10:36:00
W001313,W001037,1,0.440831,1,2026-01-07 08:35:00,2026-01-07 08:35:00
W001313,W001223,1,0.308955,1,2026-05-05 07:40:00,2026-05-05 07:40:00
W001313,W001860,1,0.282013,1,2026-04-16 15:44:00,2026-04-16 15:44:00
W001313,W002034,1,0.568726,1,2026-03-20 03:17:00,2026-03-20 03:17:00
W001314,W001929,1,0.695136,1,2026-02-25 15:11:00,2026-02-25 15:11:00
W001314,W002439,1,0.400399,1,2026-01-14 20:04:00,2026-01-14 20:04:00
W001315,W001552,1,2.839848,1,2026-04-26 01:06:00,2026-04-26 01:06:00
W001315,W001729,1,0.466645,1,2026-05-23 04:01:00,2026-05-23 04:01:00
W001315,W001732,1,0.648872,1,2026-05-31 16:13:00,2026-05-31 16:13:00
W001316,W000323,1,0.234433,1,2026-03-26 08:24:00,2026-03-26 08:24:00
W001316,W001847,1,0.205052,1,2026-01-13 12:11:00,2026-01-13 12:11:00
W001317,W000043,1,0.060821,1,2026-01-27 19:51:00,2026-01-27 19:51:00
W001317,W000788,1,0.344278,1,2026-04-30 07:35:00,2026-04-30 07:35:00
W001317,W000841,1,5.583845,1,2026-04-11 15:38:00,2026-04-11 15:38:00
W001317,W000906,1,1.310157,1,2026-05-05 03:17:00,2026-05-05 03:17:00
W001317,W001573,1,0.261617,1,2026-01-07 05:02:00,2026-01-07 05:02:00
W001317,W002496,1,0.691742,1,2026-05-03 04:20:00,2026-05-03 04:20:00
W001318,W001111,1,0.133379,1,2026-03-03 15:29:00,2026-03-03 15:29:00
W001318,W001268,1,0.481571,1,2026-01-13 03:55:00,2026-01-13 03:55:00
W001319,W000454,1,0.314939,1,2026-05-30 08:19:00,2026-05-30 08:19:00
W001320,W001046,1,0.196522,1,2026-06-08 05:49:00,2026-06-08 05:49:00
W001320,W002206,1,0.877744,1,2026-06-09 14:12:00,2026-06-09 14:12:00
W001321,W000046,1,1.482495,1,2026-03-03 06:04:00,2026-03-03 06:04:00
W001321,W000231,1,0.47659,1,2026-01-28 02:28:00,2026-01-28 02:28:00
W001321,W000614,1,0.922226,1,2026-02-02 19:15:00,2026-02-02 19:15:00
W001321,W000831,1,1.161811,1,2026-03-29 04:16:00,2026-03-29 04:16:00
W001321,W001360,1,1.283581,1,2026-06-13 21:04:00,2026-06-13 21:04:00
W001321,W001488,1,0.249876,1,2026-03-08 16:00:00,2026-03-08 16:00:00
W001321,W001640,1,0.970181,1,2026-03-22 20:13:00,2026-03-22 20:13:00
W001321,W001902,1,0.187899,1,2026-05-15 05:37:00,2026-05-15 05:37:00
W001321,W002136,1,0.346265,1,2026-03-27 12:36:00,2026-03-27 12:36:00
W001322,W000064,1,0.100258,1,2026-02-12 04:10:00,2026-02-12 04:10:00
W001322,W000560,1,0.422046,1,2026-05-25 15:46:00,2026-05-25 15:46:00
W001322,W001960,1,0.510858,1,2026-01-12 20:50:00,2026-01-12 20:50:00
W001323,W000395,1,0.23257,1,2026-05-11 19:00:00,2026-05-11 19:00:00
W001323,W000466,1,1.038794,1,2026-05-09 10:31:00,2026-05-09 10:31:00
W001323,W001355,1,0.289979,1,2026-02-22 04:45:00,2026-02-22 04:45:00
W001323,W001927,1,0.714456,1,2026-02-02 06:04:00,2026-02-02 06:04:00
W001324,W000812,1,0.366493,1,2026-02-18 00:18:00,2026-02-18 00:18:00
W001324,W000937,1,0.285627,1,2026-04-04 02:23:00,2026-04-04 02:23:00
W001324,W001644,1,1.047685,1,2026-04-05 17:58:00,2026-04-05 17:58:00
W001324,W001823,1,0.343599,1,2026-01-11 11:50:00,2026-01-11 11:50:00
W001324,W002194,1,0.346215,1,2026-05-17 10:52:00,2026-05-17 10:52:00
W001325,W001192,1,0.416112,1,2026-04-25 12:26:00,2026-04-25 12:26:00
W001326,W000018,1,0.308076,1,2026-04-05 19:35:00,2026-04-05 19:35:00
W001326,W000145,1,2.198672,1,2026-06-21 08:49:00,2026-06-21 08:49:00
W001326,W001470,1,0.741044,1,2026-04-18 18:21:00,2026-04-18 18:21:00
W001326,W001935,1,0.148251,1,2026-05-01 04:25:00,2026-05-01 04:25:00
W001326,W002001,1,1.803576,1,2026-04-14 17:49:00,2026-04-14 17:49:00
W001326,W002158,1,0.536454,1,2026-02-24 09:35:00,2026-02-24 09:35:00
W001327,W000050,1,0.517116,1,2026-01-13 05:50:00,2026-01-13 05:50:00
W001327,W000824,1,0.227938,1,2026-05-10 14:56:00,2026-05-10 14:56:00
W001327,W001115,1,0.681149,1,2026-05-07 15:54:00,2026-05-07 15:54:00
W001328,W000941,1,0.773524,1,2026-06-01 07:30:00,2026-06-01 07:30:00
W001328,W001670,1,1.054074,1,2026-05-25 23:18:00,2026-05-25 23:18:00
W001329,W000371,1,1.040861,1,2026-05-24 11:46:00,2026-05-24 11:46:00
W001329,W000416,1,0.628453,1,2026-02-21 00:51:00,2026-02-21 00:51:00
W001329,W000687,1,0.20638,1,2026-01-06 14:13:00,2026-01-06 14:13:00
W001329,W000720,1,0.509545,1,2026-06-06 03:48:00,2026-06-06 03:48:00
W001329,W001260,1,0.780825,1,2026-04-25 05:38:00,2026-04-25 05:38:00
W001330,W001853,1,0.622945,1,2026-02-15 22:05:00,2026-02-15 22:05:00
W001330,W001954,1,0.623345,1,2026-02-12 05:14:00,2026-02-12 05:14:00
W001330,W002411,1,0.634023,1,2026-02-23 14:22:00,2026-02-23 14:22:00
W001331,W000890,1,1.003993,1,2026-06-05 21:27:00,2026-06-05 21:27:00
W001331,W001246,1,1.211051,1,2026-01-09 05:28:00,2026-01-09 05:28:00
W001331,W001274,1,0.370233,1,2026-03-01 10:30:00,2026-03-01 10:30:00
W001331,W002286,1,0.163783,1,2026-01-21 20:50:00,2026-01-21 20:50:00
W001332,W000019,1,0.226586,1,2026-05-20 09:41:00,2026-05-20 09:41:00
W001332,W000959,1,0.539331,1,2026-01-21 23:54:00,2026-01-21 23:54:00
W001332,W001059,1,0.250579,1,2026-01-15 16:16:00,2026-01-15 16:16:00
W001332,W001915,1,2.042904,1,2026-06-08 19:51:00,2026-06-08 19:51:00
W001332,W002153,1,0.971321,1,2026-02-06 13:44:00,2026-02-06 13:44:00
W001332,W002412,1,1.007816,1,2026-05-19 14:54:00,2026-05-19 14:54:00
W001333,W000415,1,0.424878,1,2026-05-30 21:49:00,2026-05-30 21:49:00
W001333,W000433,1,0.254442,1,2026-02-07 03:48:00,2026-02-07 03:48:00
W001333,W000760,1,0.383967,1,2026-05-17 08:40:00,2026-05-17 08:40:00
W001333,W000903,1,0.309874,1,2026-03-25 14:31:00,2026-03-25 14:31:00
W001333,W001301,1,1.070147,1,2026-03-29 21:15:00,2026-03-29 21:15:00
W001333,W001842,1,0.237001,1,2026-04-01 01:32:00,2026-04-01 01:32:00
W001334,W001012,1,1.538866,1,2026-05-28 04:00:00,2026-05-28 04:00:00
W001334,W001036,1,0.347435,1,2026-02-16 22:41:00,2026-02-16 22:41:00
W001334,W001902,2,1.098137,2,2026-05-11 10:33:00,2026-05-11 19:53:00
W001334,W002082,1,1.465289,1,2026-04-05 15:36:00,2026-04-05 15:36:00
W001335,W001332,1,0.248523,1,2026-02-08 11:18:00,2026-02-08 11:18:00
W001335,W002079,1,0.279742,1,2026-03-08 19:34:00,2026-03-08 19:34:00
W001336,W000092,1,1.140781,1,2026-03-28 20:51:00,2026-03-28 20:51:00
W001336,W000284,1,0.492279,1,2026-04-11 05:57:00,2026-04-11 05:57:00
W001336,W001111,1,0.718085,1,2026-06-21 01:15:00,2026-06-21 01:15:00
W001336,W001762,1,0.103057,1,2026-01-07 14:39:00,2026-01-07 14:39:00
W001337,W001854,1,0.407262,1,2026-03-09 14:22:00,2026-03-09 14:22:00
W001337,W001900,1,0.960497,1,2026-06-02 04:02:00,2026-06-02 04:02:00
W001337,W002262,1,0.430236,1,2026-03-12 06:57:00,2026-03-12 06:57:00
W001338,W001019,1,0.742895,1,2026-03-26 21:46:00,2026-03-26 21:46:00
W001338,W001274,1,0.406417,1,2026-03-12 05:49:00,2026-03-12 05:49:00
W001338,W001982,1,0.325943,1,2026-05-26 22:32:00,2026-05-26 22:32:00
W001339,W001044,1,0.451798,1,2026-04-01 07:07:00,2026-04-01 07:07:00
W001339,W002227,1,0.904719,1,2026-01-14 02:42:00,2026-01-14 02:42:00
W001340,W000363,1,0.957932,1,2026-05-06 02:04:00,2026-05-06 02:04:00
W001340,W000499,1,4.41536,1,2026-04-08 13:28:00,2026-04-08 13:28:00
W001340,W000845,1,0.428471,1,2026-01-24 12:29:00,2026-01-24 12:29:00
W001340,W000897,1,0.585003,1,2026-02-14 10:25:00,2026-02-14 10:25:00
W001340,W001530,1,0.898873,1,2026-01-26 21:34:00,2026-01-26 21:34:00
W001340,W001692,1,0.624709,1,2026-02-23 22:31:00,2026-02-23 22:31:00
W001340,W001942,1,0.414174,1,2026-06-27 03:53:00,2026-06-27 03:53:00
W001340,W002130,1,0.447211,1,2026-01-03 17:37:00,2026-01-03 17:37:00
W001341,W000560,1,0.522013,1,2026-06-20 05:04:00,2026-06-20 05:04:00
W001341,W001029,1,0.332561,1,2026-03-29 14:36:00,2026-03-29 14:36:00
W001341,W001244,1,0.993215,1,2026-03-02 10:28:00,2026-03-02 10:28:00
W001341,W001418,1,0.39411,1,2026-01-04 07:28:00,2026-01-04 07:28:00
W001341,W002216,1,3.529822,1,2026-03-02 06:19:00,2026-03-02 06:19:00
W001343,W000130,1,0.169732,1,2026-01-03 03:40:00,2026-01-03 03:40:00
W001343,W000786,1,0.36494,1,2026-03-03 23:47:00,2026-03-03 23:47:00
W001343,W001294,1,0.266269,1,2026-02-13 04:11:00,2026-02-13 04:11:00
W001343,W002236,1,0.116359,1,2026-02-26 13:43:00,2026-02-26 13:43:00
W001344,W000756,1,0.903575,1,2026-01-27 14:28:00,2026-01-27 14:28:00
W001344,W001170,1,0.401141,1,2026-05-05 02:42:00,2026-05-05 02:42:00
W001345,W001369,1,0.375721,1,2026-03-12 06:45:00,2026-03-12 06:45:00
W001345,W001502,1,0.135101,1,2026-05-12 00:48:00,2026-05-12 00:48:00
W001346,W000810,1,0.188133,1,2026-01-14 07:58:00,2026-01-14 07:58:00
W001346,W001700,1,0.626652,1,2026-03-19 19:39:00,2026-03-19 19:39:00
W001347,W000984,1,1.050025,1,2026-02-15 16:09:00,2026-02-15 16:09:00
W001347,W001008,1,1.387133,1,2026-01-27 16:07:00,2026-01-27 16:07:00
W001347,W001043,1,1.057224,1,2026-02-10 22:24:00,2026-02-10 22:24:00
W001347,W001192,1,0.117283,1,2026-01-20 19:38:00,2026-01-20 19:38:00
W001347,W001916,1,0.620955,1,2026-05-13 08:41:00,2026-05-13 08:41:00
W001348,W000166,1,0.504983,1,2026-01-10 00:50:00,2026-01-10 00:50:00
W001348,W000487,1,0.351818,1,2026-04-26 17:33:00,2026-04-26 17:33:00
W001348,W001200,1,1.695535,1,2026-03-28 06:15:00,2026-03-28 06:15:00
W001348,W001958,1,0.844051,1,2026-02-18 21:21:00,2026-02-18 21:21:00
W001349,W001431,1,0.524691,1,2026-01-12 03:25:00,2026-01-12 03:25:00
W001349,W001862,1,0.29442,1,2026-03-04 21:12:00,2026-03-04 21:12:00
W001349,W002328,1,3.532689,1,2026-02-06 16:48:00,2026-02-06 16:48:00
W001350,W000553,1,0.188138,1,2026-03-23 09:20:00,2026-03-23 09:20:00
W001350,W001617,1,0.92408,1,2026-06-06 17:29:00,2026-06-06 17:29:00
W001350,W001976,1,1.20416,1,2026-03-07 20:39:00,2026-03-07 20:39:00
W001351,W000038,1,0.163242,1,2026-02-26 23:19:00,2026-02-26 23:19:00
W001351,W000218,1,0.194201,1,2026-04-25 00:49:00,2026-04-25 00:49:00
W001351,W000499,1,0.699081,1,2026-03-13 20:08:00,2026-03-13 20:08:00
W001351,W000625,1,0.644601,1,2026-02-09 09:05:00,2026-02-09 09:05:00
W001351,W001058,1,0.590867,1,2026-05-17 06:07:00,2026-05-17 06:07:00
W001351,W001749,1,0.262209,1,2026-06-13 15:28:00,2026-06-13 15:28:00
W001351,W002381,1,0.120994,1,2026-04-15 07:47:00,2026-04-15 07:47:00
W001352,W001565,1,4.227714,1,2026-03-17 00:19:00,2026-03-17 00:19:00
W001352,W002324,1,1.512996,1,2026-02-08 07:34:00,2026-02-08 07:34:00
W001353,W000070,1,0.66213,1,2026-06-19 04:17:00,2026-06-19 04:17:00
W001353,W000130,1,0.480617,1,2026-02-01 07:51:00,2026-02-01 07:51:00
W001353,W000225,1,0.481557,1,2026-02-03 04:49:00,2026-02-03 04:49:00
W001353,W000960,1,0.435235,1,2026-01-06 08:00:00,2026-01-06 08:00:00
W001353,W000986,1,0.360397,1,2026-03-11 16:02:00,2026-03-11 16:02:00
W001353,W002019,1,0.619667,1,2026-05-01 14:03:00,2026-05-01 14:03:00
W001354,W000109,1,0.570187,1,2026-01-28 02:42:00,2026-01-28 02:42:00
W001354,W000329,1,0.574135,1,2026-02-21 09:34:00,2026-02-21 09:34:00
W001354,W000596,1,0.481458,1,2026-01-05 07:19:00,2026-01-05 07:19:00
W001354,W001200,1,0.68005,1,2026-04-22 04:58:00,2026-04-22 04:58:00
W001354,W001211,1,1.055957,1,2026-06-09 05:27:00,2026-06-09 05:27:00
W001355,W000045,1,0.441011,1,2026-01-20 08:11:00,2026-01-20 08:11:00
W001355,W000919,1,0.396202,1,2026-05-31 07:42:00,2026-05-31 07:42:00
W001355,W002177,1,0.344221,1,2026-05-11 15:26:00,2026-05-11 15:26:00
W001356,W000875,1,0.236763,1,2026-03-26 23:18:00,2026-03-26 23:18:00
W001357,W000461,1,0.1652,1,2026-03-11 15:47:00,2026-03-11 15:47:00
W001357,W000717,1,0.175433,1,2026-04-16 19:57:00,2026-04-16 19:57:00
W001357,W000725,1,0.358242,1,2026-04-12 00:32:00,2026-04-12 00:32:00
W001357,W000857,1,0.265457,1,2026-06-10 23:36:00,2026-06-10 23:36:00
W001357,W001242,1,0.350849,1,2026-04-16 15:51:00,2026-04-16 15:51:00
W001357,W002254,1,0.326999,1,2026-03-14 11:58:00,2026-03-14 11:58:00
W001358,W000407,1,5.753215,1,2026-03-21 14:43:00,2026-03-21 14:43:00
W001358,W000425,1,1.334988,1,2026-03-01 08:26:00,2026-03-01 08:26:00
W001358,W000542,1,2.524578,1,2026-06-13 13:06:00,2026-06-13 13:06:00
W001358,W001337,1,0.886582,1,2026-02-16 14:08:00,2026-02-16 14:08:00
W001359,W000332,1,0.227632,1,2026-01-10 14:08:00,2026-01-10 14:08:00
W001359,W001203,1,0.362199,1,2026-01-08 04:37:00,2026-01-08 04:37:00
W001359,W001753,1,0.504592,1,2026-03-05 14:15:00,2026-03-05 14:15:00
W001359,W002264,1,0.319933,1,2026-05-01 04:54:00,2026-05-01 04:54:00
W001360,W001585,1,0.07972,1,2026-04-29 02:38:00,2026-04-29 02:38:00
W001360,W002459,1,0.31727,1,2026-03-06 08:37:00,2026-03-06 08:37:00
W001361,W000274,1,0.902858,1,2026-03-22 00:37:00,2026-03-22 00:37:00
W001361,W002346,1,0.561034,1,2026-05-21 01:32:00,2026-05-21 01:32:00
W001361,W002391,1,0.35822,1,2026-03-23 11:54:00,2026-03-23 11:54:00
W001362,W000243,1,0.504567,1,2026-06-24 00:44:00,2026-06-24 00:44:00
W001362,W001200,1,0.807286,1,2026-02-08 23:35:00,2026-02-08 23:35:00
W001362,W001580,1,0.30212,1,2026-04-22 08:48:00,2026-04-22 08:48:00
W001362,W002262,1,0.38833,1,2026-06-06 05:08:00,2026-06-06 05:08:00
W001362,W002285,1,0.834187,1,2026-06-04 23:53:00,2026-06-04 23:53:00
W001362,W002417,1,1.848612,1,2026-04-12 01:42:00,2026-04-12 01:42:00
W001363,W000227,1,0.688854,1,2026-06-24 14:22:00,2026-06-24 14:22:00
W001363,W000469,1,0.171091,1,2026-04-05 04:29:00,2026-04-05 04:29:00
W001363,W001076,1,0.173374,1,2026-02-28 13:45:00,2026-02-28 13:45:00
W001363,W002318,1,0.242889,1,2026-06-23 22:56:00,2026-06-23 22:56:00
W001364,W000702,1,0.373453,1,2026-01-11 15:05:00,2026-01-11 15:05:00
W001364,W000739,1,0.400594,1,2026-02-21 08:27:00,2026-02-21 08:27:00
W001364,W000886,1,0.326068,1,2026-01-04 05:05:00,2026-01-04 05:05:00
W001364,W001124,1,0.096115,1,2026-02-06 11:58:00,2026-02-06 11:58:00
W001364,W001166,1,0.710331,1,2026-05-23 00:12:00,2026-05-23 00:12:00
W001364,W001919,1,0.643062,1,2026-06-08 08:38:00,2026-06-08 08:38:00
W001365,W000123,1,0.494562,1,2026-01-04 06:38:00,2026-01-04 06:38:00
W001365,W000172,1,0.918902,1,2026-04-16 04:43:00,2026-04-16 04:43:00
W001365,W000895,1,0.51673,1,2026-03-06 04:22:00,2026-03-06 04:22:00
W001365,W000946,1,0.173376,1,2026-03-25 22:52:00,2026-03-25 22:52:00
W001365,W001613,1,0.459466,1,2026-06-25 22:15:00,2026-06-25 22:15:00
W001365,W001743,1,0.261916,1,2026-01-17 17:11:00,2026-01-17 17:11:00
W001365,W002098,1,0.485198,1,2026-05-11 00:16:00,2026-05-11 00:16:00
W001366,W000146,1,0.541157,1,2026-01-02 17:05:00,2026-01-02 17:05:00
W001366,W001233,1,0.370324,1,2026-04-12 11:19:00,2026-04-12 11:19:00
W001366,W002167,1,1.900533,1,2026-05-20 01:07:00,2026-05-20 01:07:00
W001367,W000506,1,0.396393,1,2026-02-28 21:54:00,2026-02-28 21:54:00
W001367,W001633,1,0.320161,1,2026-03-23 14:06:00,2026-03-23 14:06:00
W001367,W001802,1,0.415835,1,2026-01-11 18:09:00,2026-01-11 18:09:00
W001368,W000264,1,0.313774,1,2026-06-23 03:08:00,2026-06-23 03:08:00
W001368,W000605,1,0.341934,1,2026-06-18 19:38:00,2026-06-18 19:38:00
W001368,W001667,1,0.355291,1,2026-01-22 17:13:00,2026-01-22 17:13:00
W001368,W001880,1,0.284721,1,2026-04-22 12:49:00,2026-04-22 12:49:00
W001369,W000660,1,0.328582,1,2026-03-04 00:46:00,2026-03-04 00:46:00
W001369,W000842,1,2.483999,1,2026-02-09 18:40:00,2026-02-09 18:40:00
W001369,W000985,1,0.183161,1,2026-01-23 14:44:00,2026-01-23 14:44:00
W001369,W001228,1,0.484452,1,2026-06-08 23:29:00,2026-06-08 23:29:00
W001369,W001464,1,0.144561,1,2026-01-15 11:18:00,2026-01-15 11:18:00
W001369,W001970,1,0.437836,1,2026-01-07 22:16:00,2026-01-07 22:16:00
W001369,W002067,1,0.354228,1,2026-05-26 12:59:00,2026-05-26 12:59:00
W001369,W002087,1,0.931966,1,2026-06-27 23:57:00,2026-06-27 23:57:00
W001370,W000776,1,0.342775,1,2026-01-29 14:21:00,2026-01-29 14:21:00
W001370,W001180,1,9.876544,1,2026-02-22 14:13:00,2026-02-22 14:13:00
W001370,W001600,1,1.12119,1,2026-01-06 19:18:00,2026-01-06 19:18:00
W001370,W001746,1,0.299915,1,2026-02-07 12:39:00,2026-02-07 12:39:00
W001371,W000184,1,1.421376,1,2026-01-13 14:54:00,2026-01-13 14:54:00
W001371,W000737,1,0.468251,1,2026-06-20 16:29:00,2026-06-20 16:29:00
W001371,W001341,1,0.462105,1,2026-05-19 10:50:00,2026-05-19 10:50:00
W001371,W001544,1,0.345645,1,2026-05-03 14:43:00,2026-05-03 14:43:00
W001371,W002199,1,0.465579,1,2026-01-11 14:35:00,2026-01-11 14:35:00
W001372,W000260,1,0.3778,1,2026-05-07 17:35:00,2026-05-07 17:35:00
W001372,W000666,1,0.105219,1,2026-04-22 11:12:00,2026-04-22 11:12:00
W001372,W000836,1,1.070108,1,2026-04-06 14:36:00,2026-04-06 14:36:00
W001372,W001095,1,0.715869,1,2026-02-19 04:57:00,2026-02-19 04:57:00
W001372,W001445,1,0.206521,1,2026-03-26 13:02:00,2026-03-26 13:02:00
W001372,W001606,1,1.886264,1,2026-04-27 10:30:00,2026-04-27 10:30:00
W001373,W000426,1,0.606639,1,2026-05-28 02:35:00,2026-05-28 02:35:00
W001373,W000670,1,0.354917,1,2026-06-18 23:24:00,2026-06-18 23:24:00
W001373,W001511,1,0.167183,1,2026-05-31 03:23:00,2026-05-31 03:23:00
W001373,W001593,1,0.817417,1,2026-06-07 05:40:00,2026-06-07 05:40:00
W001373,W001751,1,0.564252,1,2026-05-20 17:31:00,2026-05-20 17:31:00
W001374,W000232,1,0.990923,1,2026-03-13 01:36:00,2026-03-13 01:36:00
W001374,W001754,1,0.504415,1,2026-04-12 12:44:00,2026-04-12 12:44:00
W001374,W001976,1,0.085512,1,2026-04-14 19:40:00,2026-04-14 19:40:00
W001375,W000349,1,0.502723,1,2026-02-15 05:46:00,2026-02-15 05:46:00
W001375,W000676,1,0.393601,1,2026-01-10 16:23:00,2026-01-10 16:23:00
W001375,W001379,1,0.417946,1,2026-05-16 00:05:00,2026-05-16 00:05:00
W001375,W001652,1,0.510588,1,2026-03-07 21:45:00,2026-03-07 21:45:00
W001376,W000101,1,0.139158,1,2026-05-05 04:15:00,2026-05-05 04:15:00
W001376,W000291,1,0.186699,1,2026-04-23 09:59:00,2026-04-23 09:59:00
W001376,W000680,1,0.18426,1,2026-06-14 12:51:00,2026-06-14 12:51:00
W001376,W000902,1,0.974539,1,2026-06-15 13:39:00,2026-06-15 13:39:00
W001376,W001409,1,0.277938,1,2026-06-17 05:30:00,2026-06-17 05:30:00
W001376,W002029,1,0.166842,1,2026-04-14 08:15:00,2026-04-14 08:15:00
W001377,W000563,1,0.2608,1,2026-02-16 21:43:00,2026-02-16 21:43:00
W001377,W000808,1,0.349012,1,2026-05-16 12:24:00,2026-05-16 12:24:00
W001377,W000875,1,0.318584,1,2026-03-05 15:20:00,2026-03-05 15:20:00
W001377,W001189,1,0.376104,1,2026-01-22 03:59:00,2026-01-22 03:59:00
W001378,W000305,1,0.682205,1,2026-06-13 20:09:00,2026-06-13 20:09:00
W001378,W000999,1,0.292598,1,2026-04-27 16:47:00,2026-04-27 16:47:00
W001378,W002032,1,0.698734,1,2026-03-05 13:35:00,2026-03-05 13:35:00
W001378,W002046,1,0.457626,1,2026-06-19 23:28:00,2026-06-19 23:28:00
W001378,W002164,1,1.325077,1,2026-02-07 02:16:00,2026-02-07 02:16:00
W001378,W002246,1,0.2852,1,2026-01-25 16:56:00,2026-01-25 16:56:00
W001379,W000462,1,0.381064,1,2026-01-24 18:49:00,2026-01-24 18:49:00
W001379,W000758,1,0.11393,1,2026-01-02 10:10:00,2026-01-02 10:10:00
W001379,W001545,1,0.250335,1,2026-03-09 22:31:00,2026-03-09 22:31:00
W001379,W002252,1,0.499568,1,2026-03-14 03:43:00,2026-03-14 03:43:00
W001380,W000188,1,1.477875,1,2026-01-14 00:25:00,2026-01-14 00:25:00
W001380,W000719,1,0.836839,1,2026-04-28 08:00:00,2026-04-28 08:00:00
W001380,W001486,1,0.298018,1,2026-04-07 17:47:00,2026-04-07 17:47:00
W001380,W002356,1,0.1497,1,2026-06-25 18:54:00,2026-06-25 18:54:00
W001381,W000835,1,1.237568,1,2026-05-27 17:34:00,2026-05-27 17:34:00
W001381,W001453,1,0.345909,1,2026-02-09 13:12:00,2026-02-09 13:12:00
W001381,W002252,1,1.499415,1,2026-01-03 23:30:00,2026-01-03 23:30:00
W001381,W002373,1,3.749854,1,2026-01-11 11:44:00,2026-01-11 11:44:00
W001382,W000176,1,0.952236,1,2026-01-28 04:18:00,2026-01-28 04:18:00
W001382,W000284,1,0.241709,1,2026-04-29 10:11:00,2026-04-29 10:11:00
W001382,W000469,1,0.263463,1,2026-03-12 15:27:00,2026-03-12 15:27:00
W001383,W000399,1,0.445525,1,2026-02-24 03:15:00,2026-02-24 03:15:00
W001383,W001185,1,0.133852,1,2026-05-04 08:43:00,2026-05-04 08:43:00
W001383,W001774,1,0.150896,1,2026-02-27 05:04:00,2026-02-27 05:04:00
W001384,W000324,1,0.645329,1,2026-04-10 09:27:00,2026-04-10 09:27:00
W001384,W000465,1,0.24626,1,2026-01-19 22:38:00,2026-01-19 22:38:00
W001384,W001538,1,0.199248,1,2026-06-16 06:25:00,2026-06-16 06:25:00
W001384,W001944,1,1.471262,1,2026-01-09 05:27:00,2026-01-09 05:27:00
W001384,W001970,1,0.088389,1,2026-06-06 05:01:00,2026-06-06 05:01:00
W001384,W002015,1,0.184418,1,2026-04-07 14:37:00,2026-04-07 14:37:00
W001384,W002270,1,1.400965,1,2026-06-23 06:06:00,2026-06-23 06:06:00
W001385,W001421,1,0.608785,1,2026-05-17 20:15:00,2026-05-17 20:15:00
W001385,W001870,1,14.388872,1,2026-05-25 01:55:00,2026-05-25 01:55:00
W001385,W002365,1,0.249656,1,2026-04-24 13:29:00,2026-04-24 13:29:00
W001385,W002441,1,0.226574,1,2026-06-22 06:28:00,2026-06-22 06:28:00
W001386,W000104,1,0.290629,1,2026-05-20 02:26:00,2026-05-20 02:26:00
W001386,W000181,1,0.830974,1,2026-03-23 20:02:00,2026-03-23 20:02:00
W001386,W000212,1,0.568818,1,2026-04-01 19:09:00,2026-04-01 19:09:00
W001386,W000838,1,0.514446,1,2026-02-01 23:47:00,2026-02-01 23:47:00
W001386,W000845,1,17.100787,1,2026-06-17 23:46:00,2026-06-17 23:46:00
W001386,W000964,1,0.898562,1,2026-04-22 06:40:00,2026-04-22 06:40:00
W001387,W000299,1,1.105502,1,2026-05-25 19:09:00,2026-05-25 19:09:00
W001387,W001097,1,0.101547,1,2026-01-01 20:06:00,2026-01-01 20:06:00
W001387,W001506,1,0.78108,1,2026-06-26 19:29:00,2026-06-26 19:29:00
W001388,W000131,1,0.335616,1,2026-03-19 19:56:00,2026-03-19 19:56:00
W001388,W000505,1,0.905814,1,2026-01-30 19:27:00,2026-01-30 19:27:00
W001388,W001516,1,0.547452,1,2026-01-21 19:56:00,2026-01-21 19:56:00
W001388,W001933,1,0.268627,1,2026-02-16 13:02:00,2026-02-16 13:02:00
W001388,W002077,1,2.105273,1,2026-02-23 06:41:00,2026-02-23 06:41:00
W001388,W002486,1,0.345436,1,2026-03-15 19:19:00,2026-03-15 19:19:00
W001389,W001472,1,1.524554,1,2026-01-31 12:12:00,2026-01-31 12:12:00
W001389,W001875,1,0.324882,1,2026-01-28 09:36:00,2026-01-28 09:36:00
W001389,W002095,1,0.420426,1,2026-03-28 21:22:00,2026-03-28 21:22:00
W001390,W000303,1,1.477261,1,2026-01-05 00:02:00,2026-01-05 00:02:00
W001390,W001701,1,0.429254,1,2026-04-24 13:32:00,2026-04-24 13:32:00
W001390,W001796,1,0.421364,1,2026-02-14 18:19:00,2026-02-14 18:19:00
W001390,W002061,1,2.149574,1,2026-01-29 07:35:00,2026-01-29 07:35:00
W001390,W002142,1,0.537307,1,2026-03-18 09:44:00,2026-03-18 09:44:00
W001391,W000297,1,1.053558,1,2026-06-26 18:24:00,2026-06-26 18:24:00
W001391,W000343,1,0.164145,1,2026-05-26 06:11:00,2026-05-26 06:11:00
W001391,W001167,1,0.627344,1,2026-05-28 00:33:00,2026-05-28 00:33:00
W001391,W001831,1,0.189938,1,2026-01-25 18:05:00,2026-01-25 18:05:00
W001392,W000713,1,0.621514,1,2026-03-24 09:43:00,2026-03-24 09:43:00
W001392,W001398,1,0.509142,1,2026-04-03 20:57:00,2026-04-03 20:57:00
W001392,W001493,1,0.439654,1,2026-02-14 08:38:00,2026-02-14 08:38:00
W001393,W001350,1,0.643094,1,2026-03-31 02:52:00,2026-03-31 02:52:00
W001393,W001450,1,0.075889,1,2026-04-03 13:40:00,2026-04-03 13:40:00
W001394,W001284,1,0.501826,1,2026-04-29 17:56:00,2026-04-29 17:56:00
W001394,W001376,1,0.239107,1,2026-01-23 17:56:00,2026-01-23 17:56:00
W001394,W001525,1,0.404328,1,2026-01-15 23:05:00,2026-01-15 23:05:00
W001395,W000550,1,0.251696,1,2026-02-04 04:16:00,2026-02-04 04:16:00
W001395,W000647,1,0.274744,1,2026-02-12 14:51:00,2026-02-12 14:51:00
W001395,W000752,1,0.104207,1,2026-02-16 06:13:00,2026-02-16 06:13:00
W001395,W001754,1,0.891603,1,2026-06-08 12:11:00,2026-06-08 12:11:00
W001395,W002064,1,0.402353,1,2026-05-26 19:33:00,2026-05-26 19:33:00
W001396,W000098,1,1.082296,1,2026-06-18 19:02:00,2026-06-18 19:02:00
W001396,W000101,1,0.468141,1,2026-01-09 02:08:00,2026-01-09 02:08:00
W001396,W000872,1,0.284289,1,2026-02-21 01:45:00,2026-02-21 01:45:00
W001396,W002104,1,0.197927,1,2026-05-22 09:43:00,2026-05-22 09:43:00
W001396,W002169,1,0.876205,1,2026-03-19 12:57:00,2026-03-19 12:57:00
W001397,W000190,1,0.152985,1,2026-03-22 08:02:00,2026-03-22 08:02:00
W001397,W002094,1,0.117875,1,2026-01-10 13:45:00,2026-01-10 13:45:00
W001398,W001856,1,0.875347,1,2026-06-07 03:32:00,2026-06-07 03:32:00
W001398,W002063,1,0.62404,1,2026-04-24 12:27:00,2026-04-24 12:27:00
W001399,W000822,1,0.562649,1,2026-05-02 11:11:00,2026-05-02 11:11:00
W001399,W001472,1,0.263561,1,2026-05-19 02:30:00,2026-05-19 02:30:00
W001400,W001538,1,0.423689,1,2026-05-17 16:46:00,2026-05-17 16:46:00
W001400,W002081,1,0.179237,1,2026-01-26 10:09:00,2026-01-26 10:09:00
W001400,W002214,1,0.31806,1,2026-06-17 04:29:00,2026-06-17 04:29:00
W001401,W001266,1,2.806033,1,2026-05-03 19:03:00,2026-05-03 19:03:00
W001401,W001402,1,1.330534,1,2026-02-12 14:23:00,2026-02-12 14:23:00
W001401,W001564,1,1.384265,1,2026-03-27 21:56:00,2026-03-27 21:56:00
W001401,W002445,1,0.369648,1,2026-05-10 12:59:00,2026-05-10 12:59:00
W001402,W000824,1,0.263394,1,2026-02-28 07:13:00,2026-02-28 07:13:00
W001403,W000278,1,0.73822,1,2026-01-05 08:48:00,2026-01-05 08:48:00
W001403,W000974,1,0.368778,1,2026-01-02 18:53:00,2026-01-02 18:53:00
W001403,W001963,1,0.835475,1,2026-06-01 14:08:00,2026-06-01 14:08:00
W001403,W002273,1,0.832006,1,2026-06-27 14:45:00,2026-06-27 14:45:00
W001404,W001057,1,0.712331,1,2026-01-15 21:07:00,2026-01-15 21:07:00
W001404,W002305,1,0.112518,1,2026-06-13 08:38:00,2026-06-13 08:38:00
W001404,W002463,1,0.232518,1,2026-06-16 20:05:00,2026-06-16 20:05:00
W001405,W001184,1,0.547342,1,2026-01-05 08:20:00,2026-01-05 08:20:00
W001405,W001652,1,0.145021,1,2026-06-06 00:34:00,2026-06-06 00:34:00
W001405,W001716,1,0.26438,1,2026-01-31 01:33:00,2026-01-31 01:33:00
W001406,W000020,1,0.39796,1,2026-01-26 06:57:00,2026-01-26 06:57:00
W001406,W000410,1,0.211871,1,2026-03-19 02:39:00,2026-03-19 02:39:00
W001406,W000675,1,0.961103,1,2026-06-12 13:19:00,2026-06-12 13:19:00
W001406,W001174,1,0.222531,1,2026-04-23 10:30:00,2026-04-23 10:30:00
W001407,W000363,1,1.106151,1,2026-02-03 00:15:00,2026-02-03 00:15:00
W001407,W000977,1,1.015332,1,2026-02-14 03:16:00,2026-02-14 03:16:00
W001408,W000998,1,0.91686,1,2026-01-14 13:17:00,2026-01-14 13:17:00
W001408,W001319,1,2.139315,1,2026-01-12 11:32:00,2026-01-12 11:32:00
W001408,W001343,1,0.586848,1,2026-04-12 07:50:00,2026-04-12 07:50:00
W001408,W001910,1,0.164509,1,2026-05-24 08:49:00,2026-05-24 08:49:00
W001409,W000868,1,0.288819,1,2026-05-19 05:49:00,2026-05-19 05:49:00
W001409,W001142,1,0.291731,1,2026-06-10 20:17:00,2026-06-10 20:17:00
W001409,W001292,1,0.410146,1,2026-04-08 02:02:00,2026-04-08 02:02:00
W001410,W000214,1,0.425678,1,2026-04-01 06:49:00,2026-04-01 06:49:00
W001410,W002041,1,0.199799,1,2026-04-14 13:14:00,2026-04-14 13:14:00
W001411,W000819,1,0.870714,1,2026-01-15 09:13:00,2026-01-15 09:13:00
W001411,W001190,1,0.381744,1,2026-01-30 07:19:00,2026-01-30 07:19:00
W001411,W001305,1,0.232654,1,2026-04-03 01:13:00,2026-04-03 01:13:00
W001411,W002161,1,1.072612,1,2026-01-17 11:42:00,2026-01-17 11:42:00
W001412,W000096,1,0.656373,1,2026-05-18 17:28:00,2026-05-18 17:28:00
W001412,W000939,1,0.278966,1,2026-06-10 05:26:00,2026-06-10 05:26:00
W001412,W001178,1,1.227477,1,2026-02-27 00:40:00,2026-02-27 00:40:00
W001413,W000441,1,0.584602,1,2026-05-14 07:12:00,2026-05-14 07:12:00
W001413,W000938,1,0.457899,1,2026-01-26 18:21:00,2026-01-26 18:21:00
W001413,W001779,1,0.30109,1,2026-02-10 15:16:00,2026-02-10 15:16:00
W001413,W001848,1,0.316577,1,2026-06-25 17:31:00,2026-06-25 17:31:00
W001413,W001965,1,0.083001,1,2026-04-13 17:09:00,2026-04-13 17:09:00
W001413,W002126,1,0.495534,1,2026-02-08 21:37:00,2026-02-08 21:37:00
W001413,W002185,1,1.036741,1,2026-03-26 21:44:00,2026-03-26 21:44:00
W001413,W002331,1,0.2226,1,2026-04-04 12:50:00,2026-04-04 12:50:00
W001414,W000662,1,0.168409,1,2026-06-19 04:13:00,2026-06-19 04:13:00
W001414,W001340,1,0.711841,1,2026-03-11 14:07:00,2026-03-11 14:07:00
W001415,W000311,1,0.334001,1,2026-02-02 11:56:00,2026-02-02 11:56:00
W001415,W000430,1,0.270202,1,2026-04-10 16:09:00,2026-04-10 16:09:00
W001415,W001377,1,0.239782,1,2026-02-22 17:02:00,2026-02-22 17:02:00
W001415,W001855,1,0.270843,1,2026-04-20 00:32:00,2026-04-20 00:32:00
W001416,W000195,1,0.732657,1,2026-06-16 04:46:00,2026-06-16 04:46:00
W001416,W000491,1,0.96408,1,2026-05-31 14:02:00,2026-05-31 14:02:00
W001416,W000519,1,1.060615,1,2026-06-18 19:30:00,2026-06-18 19:30:00
W001416,W001316,1,0.537966,1,2026-05-18 09:47:00,2026-05-18 09:47:00
W001416,W001526,1,3.701025,1,2026-04-24 17:47:00,2026-04-24 17:47:00
W001416,W001915,1,0.683268,1,2026-06-11 14:07:00,2026-06-11 14:07:00
W001417,W000408,1,0.324249,1,2026-04-17 14:37:00,2026-04-17 14:37:00
W001417,W001654,1,0.116129,1,2026-05-30 08:19:00,2026-05-30 08:19:00
W001418,W000976,1,0.44401,1,2026-03-22 00:34:00,2026-03-22 00:34:00
W001418,W001441,1,1.746109,1,2026-02-26 22:27:00,2026-02-26 22:27:00
W001418,W001496,1,2.457118,1,2026-02-16 13:41:00,2026-02-16 13:41:00
W001419,W001132,1,1.109486,1,2026-05-09 21:58:00,2026-05-09 21:58:00
W001419,W001956,1,2.19677,1,2026-03-09 18:12:00,2026-03-09 18:12:00
W001419,W002240,1,0.556802,1,2026-01-30 11:50:00,2026-01-30 11:50:00
W001419,W002444,1,0.334834,1,2026-01-12 06:57:00,2026-01-12 06:57:00
W001420,W000025,1,0.253274,1,2026-03-03 05:33:00,2026-03-03 05:33:00
W001420,W000065,1,0.802653,1,2026-05-09 03:33:00,2026-05-09 03:33:00
W001420,W000908,1,0.427033,1,2026-02-25 18:16:00,2026-02-25 18:16:00
W001420,W001323,1,12.30605,1,2026-03-08 17:12:00,2026-03-08 17:12:00
W001421,W000855,1,0.535422,1,2026-05-29 08:27:00,2026-05-29 08:27:00
W001421,W001058,1,0.23596,1,2026-02-17 00:12:00,2026-02-17 00:12:00
W001421,W001062,1,0.346863,1,2026-04-18 12:31:00,2026-04-18 12:31:00
W001421,W001117,1,0.653369,1,2026-05-22 09:50:00,2026-05-22 09:50:00
W001422,W000725,1,0.414999,1,2026-01-12 01:34:00,2026-01-12 01:34:00
W001422,W000820,1,0.296999,1,2026-06-24 13:40:00,2026-06-24 13:40:00
W001422,W001003,1,0.127731,1,2026-05-13 00:54:00,2026-05-13 00:54:00
W001422,W001443,1,1.094769,1,2026-02-06 11:49:00,2026-02-06 11:49:00
W001422,W001776,1,1.17607,1,2026-03-19 07:14:00,2026-03-19 07:14:00
W001422,W001946,1,0.389315,1,2026-04-21 20:29:00,2026-04-21 20:29:00
W001422,W002266,1,0.260957,1,2026-01-21 15:21:00,2026-01-21 15:21:00
W001423,W000215,1,0.26488,1,2026-02-04 00:29:00,2026-02-04 00:29:00
W001424,W001279,1,0.830879,1,2026-03-31 07:38:00,2026-03-31 07:38:00
W001424,W001315,1,0.912597,1,2026-05-01 21:10:00,2026-05-01 21:10:00
W001425,W000474,1,0.47441,1,2026-03-27 01:14:00,2026-03-27 01:14:00
W001425,W000776,1,0.866348,1,2026-06-12 05:23:00,2026-06-12 05:23:00
W001426,W001771,1,0.703911,1,2026-02-20 20:40:00,2026-02-20 20:40:00
W001427,W000275,1,0.480702,1,2026-06-25 19:27:00,2026-06-25 19:27:00
W001427,W000374,1,0.243247,1,2026-02-24 08:18:00,2026-02-24 08:18:00
W001427,W001320,1,4.564686,1,2026-05-01 12:28:00,2026-05-01 12:28:00
W001427,W001642,1,0.837895,1,2026-02-18 05:13:00,2026-02-18 05:13:00
W001427,W002110,1,0.20533,1,2026-03-15 10:26:00,2026-03-15 10:26:00
W001428,W000162,1,0.277978,1,2026-01-08 20:39:00,2026-01-08 20:39:00
W001428,W000806,1,1.083333,1,2026-05-24 22:22:00,2026-05-24 22:22:00
W001428,W000870,1,0.980861,1,2026-04-09 07:07:00,2026-04-09 07:07:00
W001428,W001530,1,1.009946,1,2026-06-21 23:30:00,2026-06-21 23:30:00
W001429,W000273,1,0.676526,1,2026-01-18 06:38:00,2026-01-18 06:38:00
W001429,W000366,1,0.191572,1,2026-04-20 05:37:00,2026-04-20 05:37:00
W001430,W001588,1,2.74437,1,2026-02-01 14:11:00,2026-02-01 14:11:00
W001431,W001065,1,0.21887,1,2026-03-08 06:57:00,2026-03-08 06:57:00
W001431,W001564,1,0.32444,1,2026-04-26 20:41:00,2026-04-26 20:41:00
W001431,W002002,1,0.784696,1,2026-01-23 02:21:00,2026-01-23 02:21:00
W001431,W002043,1,0.933397,1,2026-04-22 14:49:00,2026-04-22 14:49:00
W001432,W000425,1,0.625632,1,2026-02-28 18:16:00,2026-02-28 18:16:00
W001432,W001680,1,0.473975,1,2026-04-26 09:04:00,2026-04-26 09:04:00
W001432,W001933,1,0.599716,1,2026-05-19 13:11:00,2026-05-19 13:11:00
W001433,W000771,1,0.580453,1,2026-02-16 18:25:00,2026-02-16 18:25:00
W001433,W000915,1,0.231593,1,2026-02-16 13:40:00,2026-02-16 13:40:00
W001433,W001857,1,0.330674,1,2026-03-24 19:17:00,2026-03-24 19:17:00
W001433,W002084,1,1.126709,1,2026-01-11 23:36:00,2026-01-11 23:36:00
W001434,W000290,1,0.487214,1,2026-02-04 10:05:00,2026-02-04 10:05:00
W001434,W001099,1,0.406789,1,2026-04-02 18:40:00,2026-04-02 18:40:00
W001434,W001752,1,0.132785,1,2026-05-20 14:58:00,2026-05-20 14:58:00
W001434,W001914,1,0.248376,1,2026-03-29 01:42:00,2026-03-29 01:42:00
W001435,W000025,1,2.299494,1,2026-04-06 10:12:00,2026-04-06 10:12:00
W001435,W000054,1,1.162597,1,2026-06-05 01:20:00,2026-06-05 01:20:00
W001435,W000457,1,0.629975,1,2026-01-30 18:45:00,2026-01-30 18:45:00
W001435,W001252,1,0.503406,1,2026-05-25 01:36:00,2026-05-25 01:36:00
W001435,W002071,1,0.150953,1,2026-03-27 06:12:00,2026-03-27 06:12:00
W001436,W001558,1,0.654028,1,2026-03-19 17:01:00,2026-03-19 17:01:00
W001436,W001824,1,0.904526,1,2026-06-29 10:02:00,2026-06-29 10:02:00
W001436,W002454,1,1.020646,1,2026-03-29 15:36:00,2026-03-29 15:36:00
W001437,W000203,1,0.46767,1,2026-03-01 09:02:00,2026-03-01 09:02:00
W001437,W000437,1,0.438357,1,2026-01-02 16:30:00,2026-01-02 16:30:00
W001437,W000458,1,0.20627,1,2026-01-31 10:10:00,2026-01-31 10:10:00
W001437,W000590,1,0.75881,1,2026-05-03 23:50:00,2026-05-03 23:50:00
W001437,W001645,1,0.263973,1,2026-05-04 05:19:00,2026-05-04 05:19:00
W001437,W002378,1,0.490224,1,2026-03-29 21:16:00,2026-03-29 21:16:00
W001438,W000364,1,1.635276,1,2026-04-17 17:08:00,2026-04-17 17:08:00
W001438,W001955,1,0.677498,1,2026-05-07 22:09:00,2026-05-07 22:09:00
W001438,W002026,1,0.578945,1,2026-03-23 22:13:00,2026-03-23 22:13:00
W001438,W002029,1,0.388583,1,2026-06-18 14:11:00,2026-06-18 14:11:00
W001439,W000300,1,0.418137,1,2026-02-01 11:52:00,2026-02-01 11:52:00
W001439,W001077,1,0.275149,1,2026-02-06 06:26:00,2026-02-06 06:26:00
W001439,W002354,1,0.253384,1,2026-06-29 07:57:00,2026-06-29 07:57:00
W001440,W000023,1,0.110564,1,2026-05-12 15:52:00,2026-05-12 15:52:00
W001440,W000832,1,0.893076,1,2026-05-18 05:08:00,2026-05-18 05:08:00
W001441,W000207,1,2.713606,1,2026-04-19 15:31:00,2026-04-19 15:31:00
W001441,W001596,1,0.17647,1,2026-01-25 09:02:00,2026-01-25 09:02:00
W001442,W000139,1,0.967697,1,2026-04-18 16:43:00,2026-04-18 16:43:00
W001442,W000414,1,0.124895,1,2026-06-26 15:32:00,2026-06-26 15:32:00
W001442,W001167,1,0.28829,1,2026-06-02 22:38:00,2026-06-02 22:38:00
W001443,W001677,1,12.069882,1,2026-01-08 19:51:00,2026-01-08 19:51:00
W001443,W002215,1,18.131272,1,2026-05-10 11:40:00,2026-05-10 11:40:00
W001443,W002333,1,0.648389,1,2026-01-19 05:35:00,2026-01-19 05:35:00
W001444,W001609,1,11.367986,1,2026-03-04 13:38:00,2026-03-04 13:38:00
W001444,W001839,1,0.761405,1,2026-02-22 13:29:00,2026-02-22 13:29:00
W001444,W002270,1,0.178378,1,2026-04-25 09:14:00,2026-04-25 09:14:00
W001445,W000587,1,0.218924,1,2026-06-19 00:18:00,2026-06-19 00:18:00
W001445,W000764,1,1.500003,1,2026-05-09 08:11:00,2026-05-09 08:11:00
W001445,W001103,1,0.734111,1,2026-03-14 07:35:00,2026-03-14 07:35:00
W001445,W002279,1,0.483344,1,2026-06-25 21:35:00,2026-06-25 21:35:00
W001446,W000260,1,0.938944,1,2026-06-26 02:45:00,2026-06-26 02:45:00
W001446,W001949,1,0.69262,1,2026-05-23 12:54:00,2026-05-23 12:54:00
W001446,W002063,1,0.192197,1,2026-03-11 12:22:00,2026-03-11 12:22:00
W001447,W000130,1,2.371668,1,2026-02-13 13:02:00,2026-02-13 13:02:00
W001447,W000598,1,0.279067,1,2026-02-02 19:49:00,2026-02-02 19:49:00
W001447,W000652,1,0.428209,1,2026-01-15 17:30:00,2026-01-15 17:30:00
W001448,W000029,1,0.266284,1,2026-01-29 07:21:00,2026-01-29 07:21:00
W001448,W000616,1,1.001765,1,2026-04-22 02:58:00,2026-04-22 02:58:00
W001448,W001161,1,0.346344,1,2026-05-12 21:46:00,2026-05-12 21:46:00
W001448,W002284,1,0.358302,1,2026-01-05 07:44:00,2026-01-05 07:44:00
W001448,W002497,1,0.741818,1,2026-05-02 21:33:00,2026-05-02 21:33:00
W001449,W000131,1,7.32616,1,2026-04-13 01:30:00,2026-04-13 01:30:00
W001449,W000724,1,0.335924,1,2026-03-05 01:31:00,2026-03-05 01:31:00
W001449,W001152,1,0.502698,1,2026-06-10 16:18:00,2026-06-10 16:18:00
W001449,W001301,1,0.43322,1,2026-06-22 07:17:00,2026-06-22 07:17:00
W001449,W002046,1,0.776,1,2026-03-18 16:42:00,2026-03-18 16:42:00
W001449,W002406,1,0.654864,1,2026-02-05 02:05:00,2026-02-05 02:05:00
W001450,W000575,1,0.598296,1,2026-06-23 21:44:00,2026-06-23 21:44:00
W001450,W002369,1,0.10684,1,2026-06-28 15:19:00,2026-06-28 15:19:00
W001451,W000774,1,0.369399,1,2026-03-10 10:10:00,2026-03-10 10:10:00
W001451,W000974,1,5.140038,1,2026-02-24 10:45:00,2026-02-24 10:45:00
W001451,W001616,1,0.340749,1,2026-04-10 15:48:00,2026-04-10 15:48:00
W001452,W000644,1,0.507086,1,2026-02-19 01:02:00,2026-02-19 01:02:00
W001452,W000949,1,0.156265,1,2026-02-01 11:48:00,2026-02-01 11:48:00
W001452,W001654,1,0.218416,1,2026-05-14 02:14:00,2026-05-14 02:14:00
W001452,W002251,1,0.564282,1,2026-03-11 05:01:00,2026-03-11 05:01:00
W001453,W000933,1,0.462252,1,2026-06-05 13:18:00,2026-06-05 13:18:00
W001453,W001816,1,0.464178,1,2026-02-22 21:06:00,2026-02-22 21:06:00
W001453,W001859,1,0.21158,1,2026-03-14 22:00:00,2026-03-14 22:00:00
W001453,W002364,1,0.314069,1,2026-05-12 21:39:00,2026-05-12 21:39:00
W001454,W000376,1,0.304442,1,2026-06-10 16:26:00,2026-06-10 16:26:00
W001454,W000794,1,0.347893,1,2026-02-04 18:02:00,2026-02-04 18:02:00
W001454,W000930,1,0.412401,1,2026-03-24 23:08:00,2026-03-24 23:08:00
W001454,W001442,1,0.238535,1,2026-05-31 04:13:00,2026-05-31 04:13:00
W001454,W002139,1,0.859257,1,2026-04-23 05:02:00,2026-04-23 05:02:00
W001454,W002371,1,0.94407,1,2026-04-26 06:59:00,2026-04-26 06:59:00
W001454,W002400,1,0.268914,1,2026-02-03 13:20:00,2026-02-03 13:20:00
W001455,W000575,1,0.876372,1,2026-05-07 15:04:00,2026-05-07 15:04:00
W001455,W001212,1,0.254701,1,2026-02-24 04:19:00,2026-02-24 04:19:00
W001455,W002210,1,0.523352,1,2026-01-31 02:33:00,2026-01-31 02:33:00
W001456,W000171,1,0.584204,1,2026-03-27 00:59:00,2026-03-27 00:59:00
W001456,W000174,1,0.507316,1,2026-02-03 17:14:00,2026-02-03 17:14:00
W001456,W001213,1,0.179466,1,2026-06-24 14:52:00,2026-06-24 14:52:00
W001456,W001617,1,0.327667,1,2026-02-21 03:01:00,2026-02-21 03:01:00
W001457,W000238,1,0.282162,1,2026-06-09 13:51:00,2026-06-09 13:51:00
W001457,W000772,1,0.420928,1,2026-03-18 06:34:00,2026-03-18 06:34:00
W001457,W001722,1,4.386546,1,2026-03-08 07:48:00,2026-03-08 07:48:00
W001458,W000106,1,0.260378,1,2026-06-14 22:17:00,2026-06-14 22:17:00
W001458,W000384,1,7.822975,1,2026-06-05 16:08:00,2026-06-05 16:08:00
W001458,W000653,1,0.131848,1,2026-01-04 13:10:00,2026-01-04 13:10:00
W001458,W000668,1,0.34944,1,2026-01-31 04:27:00,2026-01-31 04:27:00
W001458,W001241,1,0.590876,1,2026-03-15 14:35:00,2026-03-15 14:35:00
W001458,W002417,1,5.627904,1,2026-03-06 09:06:00,2026-03-06 09:06:00
W001459,W000678,1,0.387019,1,2026-03-11 14:49:00,2026-03-11 14:49:00
W001459,W000885,1,4.515768,1,2026-03-02 12:28:00,2026-03-02 12:28:00
W001459,W001856,1,0.677067,1,2026-04-09 12:04:00,2026-04-09 12:04:00
W001460,W001692,1,0.438522,1,2026-03-01 11:53:00,2026-03-01 11:53:00
W001460,W001751,1,0.782582,1,2026-02-04 14:45:00,2026-02-04 14:45:00
W001460,W002047,1,0.167245,1,2026-05-05 16:57:00,2026-05-05 16:57:00
W001460,W002109,1,0.361083,1,2026-03-13 03:30:00,2026-03-13 03:30:00
W001460,W002110,1,0.267889,1,2026-01-05 20:08:00,2026-01-05 20:08:00
W001461,W000169,1,0.234021,1,2026-05-12 04:01:00,2026-05-12 04:01:00
W001461,W001002,1,0.506041,1,2026-05-19 07:04:00,2026-05-19 07:04:00
W001461,W002124,1,2.964806,1,2026-03-05 08:36:00,2026-03-05 08:36:00
W001462,W000213,1,0.56752,1,2026-01-27 21:41:00,2026-01-27 21:41:00
W001462,W001365,1,1.477392,1,2026-05-03 19:38:00,2026-05-03 19:38:00
W001462,W001615,1,1.279592,1,2026-05-19 05:13:00,2026-05-19 05:13:00
W001462,W001666,1,0.492718,1,2026-05-13 23:35:00,2026-05-13 23:35:00
W001462,W001811,1,0.445699,1,2026-06-18 08:11:00,2026-06-18 08:11:00
W001463,W000622,1,0.239525,1,2026-03-15 19:04:00,2026-03-15 19:04:00
W001464,W000167,1,0.377307,1,2026-04-29 20:34:00,2026-04-29 20:34:00
W001464,W000365,1,0.426719,1,2026-03-04 21:45:00,2026-03-04 21:45:00
W001464,W000749,1,0.436112,1,2026-04-25 11:35:00,2026-04-25 11:35:00
W001464,W001885,1,0.154688,1,2026-05-21 15:11:00,2026-05-21 15:11:00
W001464,W002107,1,0.953199,1,2026-02-24 03:28:00,2026-02-24 03:28:00
W001465,W001943,1,0.295045,1,2026-02-21 01:21:00,2026-02-21 01:21:00
W001465,W002202,1,0.311845,1,2026-06-28 09:31:00,2026-06-28 09:31:00
W001466,W000010,1,0.332563,1,2026-01-24 21:23:00,2026-01-24 21:23:00
W001466,W000846,1,0.32003,1,2026-01-18 02:48:00,2026-01-18 02:48:00
W001466,W000967,1,0.580808,1,2026-06-01 13:38:00,2026-06-01 13:38:00
W001466,W001028,1,0.234429,1,2026-06-28 10:18:00,2026-06-28 10:18:00
W001466,W001480,1,0.246479,1,2026-05-19 03:11:00,2026-05-19 03:11:00
W001466,W001819,1,0.210969,1,2026-06-06 10:28:00,2026-06-06 10:28:00
W001467,W000300,1,0.280501,1,2026-06-26 12:35:00,2026-06-26 12:35:00
W001467,W000307,1,0.921071,1,2026-06-18 21:21:00,2026-06-18 21:21:00
W001467,W000742,1,0.266666,1,2026-02-17 18:23:00,2026-02-17 18:23:00
W001467,W001529,1,0.184059,1,2026-03-25 19:12:00,2026-03-25 19:12:00
W001468,W000007,1,0.373459,1,2026-03-05 21:08:00,2026-03-05 21:08:00
W001468,W000224,1,0.507453,1,2026-02-04 09:14:00,2026-02-04 09:14:00
W001469,W000436,1,0.722353,1,2026-04-11 19:13:00,2026-04-11 19:13:00
W001469,W000973,1,0.437311,1,2026-01-14 09:11:00,2026-01-14 09:11:00
W001469,W001608,1,0.139739,1,2026-03-22 11:53:00,2026-03-22 11:53:00
W001469,W002190,1,1.289175,1,2026-03-15 23:54:00,2026-03-15 23:54:00
W001470,W000668,1,0.616797,1,2026-04-03 15:35:00,2026-04-03 15:35:00
W001470,W001478,1,0.547545,1,2026-04-30 01:43:00,2026-04-30 01:43:00
W001470,W002172,1,0.231767,1,2026-01-10 17:53:00,2026-01-10 17:53:00
W001470,W002263,1,0.303459,1,2026-01-24 01:27:00,2026-01-24 01:27:00
W001471,W000425,1,0.415658,1,2026-04-21 17:41:00,2026-04-21 17:41:00
W001471,W000867,1,32.139397,1,2026-04-28 17:23:00,2026-04-28 17:23:00
W001471,W001922,1,0.566914,1,2026-03-19 06:10:00,2026-03-19 06:10:00
W001471,W002171,1,0.33578,1,2026-02-23 03:45:00,2026-02-23 03:45:00
W001471,W002467,1,0.867926,1,2026-01-02 13:36:00,2026-01-02 13:36:00
W001472,W000070,1,0.455318,1,2026-01-20 23:54:00,2026-01-20 23:54:00
W001472,W000804,1,0.358282,1,2026-04-13 01:47:00,2026-04-13 01:47:00
W001472,W000827,1,0.698977,1,2026-04-07 17:49:00,2026-04-07 17:49:00
W001472,W002295,1,0.553708,1,2026-04-23 14:52:00,2026-04-23 14:52:00
W001473,W001107,1,0.990724,1,2026-04-02 10:11:00,2026-04-02 10:11:00
W001473,W002198,1,0.265502,1,2026-06-15 10:43:00,2026-06-15 10:43:00
W001473,W002245,1,9.942718,1,2026-04-29 06:42:00,2026-04-29 06:42:00
W001475,W000355,1,1.837604,1,2026-03-24 14:04:00,2026-03-24 14:04:00
W001475,W000681,1,0.482357,1,2026-02-04 16:25:00,2026-02-04 16:25:00
W001476,W000238,1,1.307239,1,2026-05-02 09:14:00,2026-05-02 09:14:00
W001476,W001806,1,1.018295,1,2026-02-21 12:45:00,2026-02-21 12:45:00
W001476,W001872,1,0.305888,1,2026-01-04 22:21:00,2026-01-04 22:21:00
W001477,W000032,1,1.822684,1,2026-02-21 17:07:00,2026-02-21 17:07:00
W001477,W000125,1,0.239516,1,2026-06-02 08:11:00,2026-06-02 08:11:00
W001477,W000444,1,0.618296,1,2026-03-08 08:35:00,2026-03-08 08:35:00
W001477,W000518,1,0.457408,1,2026-03-18 16:02:00,2026-03-18 16:02:00
W001477,W001217,1,2.764287,1,2026-04-18 07:17:00,2026-04-18 07:17:00
W001477,W001292,1,0.397082,1,2026-05-19 00:37:00,2026-05-19 00:37:00
W001478,W000320,1,0.324279,1,2026-03-16 18:18:00,2026-03-16 18:18:00
W001478,W000882,1,0.40857,1,2026-06-19 04:19:00,2026-06-19 04:19:00
W001478,W001031,1,0.309753,1,2026-03-24 04:26:00,2026-03-24 04:26:00
W001478,W001234,1,0.300647,1,2026-06-03 19:23:00,2026-06-03 19:23:00
W001478,W002017,1,1.309247,1,2026-04-19 16:29:00,2026-04-19 16:29:00
W001478,W002154,1,3.591762,1,2026-03-22 05:00:00,2026-03-22 05:00:00
W001478,W002179,1,2.638859,1,2026-03-29 05:33:00,2026-03-29 05:33:00
W001479,W000142,1,0.838506,1,2026-01-21 19:15:00,2026-01-21 19:15:00
W001479,W000226,1,0.221415,1,2026-03-16 01:13:00,2026-03-16 01:13:00
W001479,W001614,1,0.497294,1,2026-05-26 01:40:00,2026-05-26 01:40:00
W001479,W001666,1,0.544721,1,2026-02-25 19:00:00,2026-02-25 19:00:00
W001480,W000698,1,0.722592,1,2026-02-13 23:35:00,2026-02-13 23:35:00
W001480,W001489,1,0.541306,1,2026-02-10 00:15:00,2026-02-10 00:15:00
W001480,W002037,1,1.969431,1,2026-02-14 14:50:00,2026-02-14 14:50:00
W001481,W000426,1,0.398936,1,2026-05-10 04:33:00,2026-05-10 04:33:00
W001481,W001245,1,0.091069,1,2026-03-27 17:46:00,2026-03-27 17:46:00
W001481,W001342,1,0.661745,1,2026-01-21 19:49:00,2026-01-21 19:49:00
W001481,W001443,1,1.019205,1,2026-06-23 12:45:00,2026-06-23 12:45:00
W001481,W001519,1,0.932627,1,2026-01-15 19:07:00,2026-01-15 19:07:00
W001481,W002308,1,0.713728,1,2026-04-23 06:03:00,2026-04-23 06:03:00
W001482,W000177,1,0.149574,1,2026-02-07 06:38:00,2026-02-07 06:38:00
W001482,W000525,1,0.591585,1,2026-05-28 21:00:00,2026-05-28 21:00:00
W001482,W000661,1,0.148407,1,2026-02-10 00:59:00,2026-02-10 00:59:00
W001482,W001781,1,1.766121,1,2026-06-23 04:10:00,2026-06-23 04:10:00
W001483,W001869,1,0.260351,1,2026-06-15 22:56:00,2026-06-15 22:56:00
W001483,W002196,1,1.173,1,2026-03-04 09:17:00,2026-03-04 09:17:00
W001484,W001486,1,0.43448,1,2026-04-10 17:31:00,2026-04-10 17:31:00
W001484,W002203,1,0.318335,1,2026-02-20 22:32:00,2026-02-20 22:32:00
W001484,W002376,1,2.096686,1,2026-02-13 08:11:00,2026-02-13 08:11:00
W001484,W002425,1,0.315544,1,2026-05-19 23:09:00,2026-05-19 23:09:00
W001485,W000873,1,0.382544,1,2026-04-10 16:42:00,2026-04-10 16:42:00
W001485,W001052,1,0.782687,1,2026-06-04 04:39:00,2026-06-04 04:39:00
W001485,W001447,1,1.013673,1,2026-01-11 16:12:00,2026-01-11 16:12:00
W001485,W001747,1,0.146859,1,2026-05-05 22:15:00,2026-05-05 22:15:00
W001486,W000071,1,1.915615,1,2026-04-19 23:28:00,2026-04-19 23:28:00
W001486,W000196,1,0.721579,1,2026-06-14 03:49:00,2026-06-14 03:49:00
W001486,W001004,1,0.579637,1,2026-03-13 07:25:00,2026-03-13 07:25:00
W001486,W001278,1,0.299461,1,2026-03-14 09:31:00,2026-03-14 09:31:00
W001486,W001634,1,1.935767,1,2026-01-05 16:18:00,2026-01-05 16:18:00
W001486,W002066,1,6.36786,1,2026-04-22 19:15:00,2026-04-22 19:15:00
W001487,W000245,1,0.878749,1,2026-06-18 19:25:00,2026-06-18 19:25:00
W001487,W001763,1,0.204915,1,2026-01-17 19:35:00,2026-01-17 19:35:00
W001488,W001338,1,0.500985,1,2026-05-08 21:01:00,2026-05-08 21:01:00
W001488,W002285,1,9.17695,1,2026-01-08 23:17:00,2026-01-08 23:17:00
W001489,W001060,1,0.755593,1,2026-03-10 03:45:00,2026-03-10 03:45:00
W001489,W001632,1,0.305502,1,2026-05-12 01:10:00,2026-05-12 01:10:00
W001489,W001998,1,2.043888,1,2026-03-13 15:36:00,2026-03-13 15:36:00
W001489,W002211,1,0.564738,1,2026-04-08 06:59:00,2026-04-08 06:59:00
W001490,W000054,1,1.11434,1,2026-03-03 15:32:00,2026-03-03 15:32:00
W001490,W000313,1,1.296796,1,2026-05-15 07:48:00,2026-05-15 07:48:00
W001490,W000972,1,1.019144,1,2026-02-10 13:09:00,2026-02-10 13:09:00
W001490,W001606,1,0.264817,1,2026-02-11 09:24:00,2026-02-11 09:24:00
W001490,W002149,1,3.115513,1,2026-05-08 15:03:00,2026-05-08 15:03:00
W001491,W000137,1,0.798141,1,2026-06-08 11:38:00,2026-06-08 11:38:00
W001491,W000284,1,7.882798,1,2026-03-10 09:43:00,2026-03-10 09:43:00
W001491,W000807,1,0.789434,1,2026-04-10 08:01:00,2026-04-10 08:01:00
W001492,W000652,1,0.4226,1,2026-02-18 04:54:00,2026-02-18 04:54:00
W001492,W001884,1,0.281748,1,2026-05-09 22:35:00,2026-05-09 22:35:00
W001492,W001886,1,0.447795,1,2026-02-21 06:09:00,2026-02-21 06:09:00
W001492,W002081,1,0.46978,1,2026-01-30 23:25:00,2026-01-30 23:25:00
W001492,W002259,1,0.276143,1,2026-01-15 17:24:00,2026-01-15 17:24:00
W001493,W001768,1,0.396667,1,2026-04-04 01:22:00,2026-04-04 01:22:00
W001493,W002026,1,0.130157,1,2026-04-03 04:32:00,2026-04-03 04:32:00
W001493,W002126,1,0.310289,1,2026-03-24 04:25:00,2026-03-24 04:25:00
W001494,W001109,1,0.142133,1,2026-03-23 03:45:00,2026-03-23 03:45:00
W001494,W001179,1,0.726472,1,2026-01-05 20:17:00,2026-01-05 20:17:00
W001495,W000094,1,0.387636,1,2026-02-13 00:26:00,2026-02-13 00:26:00
W001495,W001889,1,0.271321,1,2026-01-05 08:53:00,2026-01-05 08:53:00
W001495,W002489,1,0.323851,1,2026-02-05 19:27:00,2026-02-05 19:27:00
W001496,W000262,1,0.386911,1,2026-06-13 22:55:00,2026-06-13 22:55:00
W001496,W001998,1,0.468374,1,2026-05-11 13:10:00,2026-05-11 13:10:00
W001496,W002282,1,2.74289,1,2026-02-24 15:33:00,2026-02-24 15:33:00
W001496,W002470,1,0.933621,1,2026-06-08 20:46:00,2026-06-08 20:46:00
W001497,W000626,1,6.240777,1,2026-06-27 04:49:00,2026-06-27 04:49:00
W001497,W002119,1,2.171344,1,2026-03-03 18:59:00,2026-03-03 18:59:00
W001498,W000057,1,0.637902,1,2026-06-24 18:00:00,2026-06-24 18:00:00
W001498,W000101,1,0.273914,1,2026-01-14 15:32:00,2026-01-14 15:32:00
W001498,W000274,1,1.186476,1,2026-06-25 22:46:00,2026-06-25 22:46:00
W001498,W000839,1,0.534679,1,2026-04-04 08:33:00,2026-04-04 08:33:00
W001498,W002302,1,0.727757,1,2026-02-07 20:47:00,2026-02-07 20:47:00
W001499,W000992,1,2.357538,1,2026-01-04 17:09:00,2026-01-04 17:09:00
W001499,W001048,1,0.353543,1,2026-01-13 14:29:00,2026-01-13 14:29:00
W001499,W002145,1,1.070274,1,2026-02-25 17:55:00,2026-02-25 17:55:00
W001499,W002237,1,0.142482,1,2026-01-09 06:30:00,2026-01-09 06:30:00
W001500,W000433,1,0.655398,1,2026-06-16 11:04:00,2026-06-16 11:04:00
W001500,W000915,1,0.350885,1,2026-03-12 13:14:00,2026-03-12 13:14:00
W001500,W000997,1,0.392177,1,2026-06-29 03:15:00,2026-06-29 03:15:00
W001500,W001416,1,0.400678,1,2026-05-18 15:45:00,2026-05-18 15:45:00
W001500,W001527,1,0.341207,1,2026-06-09 00:00:00,2026-06-09 00:00:00
W001500,W001683,1,0.804398,1,2026-05-10 07:09:00,2026-05-10 07:09:00
W001501,W000094,1,0.403563,1,2026-01-11 09:22:00,2026-01-11 09:22:00
W001501,W000714,1,1.103095,1,2026-02-23 11:01:00,2026-02-23 11:01:00
W001501,W000945,1,0.39226,1,2026-04-06 05:18:00,2026-04-06 05:18:00
W001502,W001859,1,0.119992,1,2026-05-30 03:01:00,2026-05-30 03:01:00
W001502,W002291,1,0.498143,1,2026-02-05 19:02:00,2026-02-05 19:02:00
W001503,W000479,1,1.522775,1,2026-02-01 02:26:00,2026-02-01 02:26:00
W001503,W001177,1,0.285247,1,2026-03-21 19:31:00,2026-03-21 19:31:00
W001503,W001561,1,0.583155,1,2026-05-18 11:43:00,2026-05-18 11:43:00
W001504,W000318,1,0.332575,1,2026-04-03 19:22:00,2026-04-03 19:22:00
W001504,W000712,1,0.355473,1,2026-06-12 07:06:00,2026-06-12 07:06:00
W001505,W000742,1,0.205281,1,2026-01-22 20:37:00,2026-01-22 20:37:00
W001505,W001031,1,0.530474,1,2026-05-10 22:42:00,2026-05-10 22:42:00
W001505,W001963,1,0.350631,1,2026-01-29 14:55:00,2026-01-29 14:55:00
W001506,W001802,1,1.00397,1,2026-02-28 14:43:00,2026-02-28 14:43:00
W001506,W001933,1,0.317595,1,2026-01-05 00:34:00,2026-01-05 00:34:00
W001507,W000142,1,1.543467,1,2026-01-13 01:30:00,2026-01-13 01:30:00
W001507,W000770,1,0.270252,1,2026-04-24 09:26:00,2026-04-24 09:26:00
W001507,W001558,1,0.207797,1,2026-03-16 00:33:00,2026-03-16 00:33:00
W001508,W001220,1,0.327598,1,2026-05-01 20:33:00,2026-05-01 20:33:00
W001508,W001691,1,0.133664,1,2026-03-22 08:12:00,2026-03-22 08:12:00
W001508,W001769,1,1.221452,1,2026-06-05 03:54:00,2026-06-05 03:54:00
W001508,W002025,1,8.938295,1,2026-04-28 16:54:00,2026-04-28 16:54:00
W001508,W002257,1,0.396951,1,2026-04-22 00:27:00,2026-04-22 00:27:00
W001509,W000829,1,1.09215,1,2026-04-13 09:45:00,2026-04-13 09:45:00
W001509,W001606,1,0.581472,1,2026-03-24 05:29:00,2026-03-24 05:29:00
W001509,W001821,1,0.108493,1,2026-01-19 12:31:00,2026-01-19 12:31:00
W001510,W000099,1,0.909375,1,2026-06-16 00:14:00,2026-06-16 00:14:00
W001510,W001446,1,0.388785,1,2026-03-24 14:37:00,2026-03-24 14:37:00
W001511,W000467,1,0.182952,1,2026-05-17 12:06:00,2026-05-17 12:06:00
W001511,W000890,1,1.232524,1,2026-03-20 22:49:00,2026-03-20 22:49:00
W001511,W001241,1,0.466151,1,2026-02-21 23:08:00,2026-02-21 23:08:00
W001512,W001296,1,1.103779,1,2026-05-26 04:45:00,2026-05-26 04:45:00
W001512,W001582,1,0.460329,1,2026-04-18 13:18:00,2026-04-18 13:18:00
W001512,W002316,1,0.245679,1,2026-05-04 05:02:00,2026-05-04 05:02:00
W001513,W000611,1,0.03825,1,2026-05-07 01:51:00,2026-05-07 01:51:00
W001513,W002427,1,0.179449,1,2026-04-15 04:10:00,2026-04-15 04:10:00
W001514,W000360,1,0.207811,1,2026-03-23 19:52:00,2026-03-23 19:52:00
W001514,W000924,1,0.160103,1,2026-01-21 03:30:00,2026-01-21 03:30:00
W001514,W001409,1,0.263973,1,2026-03-29 12:14:00,2026-03-29 12:14:00
W001516,W000520,1,0.674207,1,2026-03-27 01:17:00,2026-03-27 01:17:00
W001516,W000789,1,0.780039,1,2026-01-02 15:20:00,2026-01-02 15:20:00
W001516,W001029,1,0.801376,1,2026-01-26 03:30:00,2026-01-26 03:30:00
W001516,W001592,1,0.870634,1,2026-02-24 00:27:00,2026-02-24 00:27:00
W001517,W000277,1,0.787569,1,2026-06-10 19:58:00,2026-06-10 19:58:00
W001517,W000521,1,1.007321,1,2026-05-09 18:27:00,2026-05-09 18:27:00
W001518,W000252,1,0.30973,1,2026-04-07 23:40:00,2026-04-07 23:40:00
W001518,W000266,1,0.250981,1,2026-01-17 11:34:00,2026-01-17 11:34:00
W001518,W001667,1,0.302387,1,2026-05-07 01:30:00,2026-05-07 01:30:00
W001518,W002415,1,0.586889,1,2026-02-12 19:11:00,2026-02-12 19:11:00
W001519,W000905,1,0.0878,1,2026-02-15 21:36:00,2026-02-15 21:36:00
W001519,W001015,1,0.412324,1,2026-05-17 14:53:00,2026-05-17 14:53:00
W001519,W001607,1,0.547727,1,2026-01-20 12:01:00,2026-01-20 12:01:00
W001520,W000969,1,0.379274,1,2026-03-11 14:12:00,2026-03-11 14:12:00
W001520,W001539,1,2.632577,1,2026-05-14 15:32:00,2026-05-14 15:32:00
W001520,W001823,1,0.171168,1,2026-03-19 13:34:00,2026-03-19 13:34:00
W001520,W002483,1,0.782814,1,2026-03-14 04:12:00,2026-03-14 04:12:00
W001521,W000141,1,0.487766,1,2026-06-22 17:33:00,2026-06-22 17:33:00
W001521,W000197,1,0.235533,1,2026-04-14 13:28:00,2026-04-14 13:28:00
W001521,W001511,1,0.098055,1,2026-05-21 06:57:00,2026-05-21 06:57:00
W001521,W001883,1,0.834436,1,2026-05-14 01:06:00,2026-05-14 01:06:00
W001521,W002108,1,0.64478,1,2026-05-25 01:05:00,2026-05-25 01:05:00
W001522,W000137,1,1.60549,1,2026-04-14 18:33:00,2026-04-14 18:33:00
W001522,W000802,1,0.68329,1,2026-03-02 03:43:00,2026-03-02 03:43:00
W001522,W001059,1,2.104273,1,2026-04-07 15:34:00,2026-04-07 15:34:00
W001522,W001994,1,0.393359,1,2026-06-29 17:39:00,2026-06-29 17:39:00
W001522,W002077,1,0.737246,1,2026-02-03 03:33:00,2026-02-03 03:33:00
W001523,W000122,1,0.342912,1,2026-01-07 09:57:00,2026-01-07 09:57:00
W001523,W000226,1,0.353105,1,2026-01-31 18:44:00,2026-01-31 18:44:00
W001523,W000247,1,0.184674,1,2026-01-27 23:51:00,2026-01-27 23:51:00
W001523,W000329,1,0.33238,1,2026-03-04 18:14:00,2026-03-04 18:14:00
W001523,W002264,1,0.352751,1,2026-04-26 18:02:00,2026-04-26 18:02:00
W001524,W000082,1,0.916793,1,2026-03-19 19:02:00,2026-03-19 19:02:00
W001524,W001062,1,0.361824,1,2026-02-05 08:40:00,2026-02-05 08:40:00
W001524,W001751,1,0.496205,1,2026-06-01 07:33:00,2026-06-01 07:33:00
W001525,W000010,1,1.446359,1,2026-04-15 06:41:00,2026-04-15 06:41:00
W001525,W000681,1,0.273076,1,2026-03-16 07:15:00,2026-03-16 07:15:00
W001525,W001226,1,16.55107,1,2026-01-14 02:10:00,2026-01-14 02:10:00
W001525,W001370,1,0.820518,1,2026-05-17 08:20:00,2026-05-17 08:20:00
W001525,W002337,1,0.123511,1,2026-05-22 08:01:00,2026-05-22 08:01:00
W001526,W000022,1,2.04486,1,2026-04-09 06:42:00,2026-04-09 06:42:00
W001526,W000066,1,7.563357,1,2026-02-20 23:56:00,2026-02-20 23:56:00
W001526,W000590,1,1.22364,1,2026-05-28 22:02:00,2026-05-28 22:02:00
W001526,W001012,1,1.133367,1,2026-04-05 06:41:00,2026-04-05 06:41:00
W001526,W001207,1,2.105547,1,2026-03-25 22:00:00,2026-03-25 22:00:00
W001526,W001299,1,0.398015,1,2026-02-11 10:29:00,2026-02-11 10:29:00
W001526,W002399,1,0.23462,1,2026-01-31 12:46:00,2026-01-31 12:46:00
W001527,W000044,1,0.308571,1,2026-02-18 00:34:00,2026-02-18 00:34:00
W001527,W000607,1,1.750153,1,2026-01-19 11:33:00,2026-01-19 11:33:00
W001527,W000738,1,0.294832,1,2026-03-21 18:00:00,2026-03-21 18:00:00
W001527,W001053,1,0.543615,1,2026-06-04 06:55:00,2026-06-04 06:55:00
W001527,W001134,1,0.863636,1,2026-04-05 18:08:00,2026-04-05 18:08:00
W001528,W000444,1,0.137016,1,2026-06-21 07:16:00,2026-06-21 07:16:00
W001528,W001970,1,1.800026,1,2026-01-15 02:37:00,2026-01-15 02:37:00
W001528,W001993,1,0.263203,1,2026-06-01 07:59:00,2026-06-01 07:59:00
W001529,W000152,1,0.3683,1,2026-02-25 07:56:00,2026-02-25 07:56:00
W001529,W001051,1,0.454821,1,2026-01-08 03:33:00,2026-01-08 03:33:00
W001529,W001553,1,0.206368,1,2026-06-28 09:54:00,2026-06-28 09:54:00
W001529,W001587,1,0.281689,1,2026-05-07 17:58:00,2026-05-07 17:58:00
W001529,W002100,1,0.250042,1,2026-04-03 05:07:00,2026-04-03 05:07:00
W001529,W002402,1,0.240469,1,2026-05-08 23:48:00,2026-05-08 23:48:00
W001530,W000058,1,1.288749,1,2026-03-11 21:13:00,2026-03-11 21:13:00
W001530,W000236,1,0.624196,1,2026-04-09 23:34:00,2026-04-09 23:34:00
W001530,W000969,1,0.50671,1,2026-06-19 10:33:00,2026-06-19 10:33:00
W001530,W001893,1,1.502118,1,2026-04-27 18:14:00,2026-04-27 18:14:00
W001530,W002270,1,0.492271,1,2026-02-10 16:10:00,2026-02-10 16:10:00
W001531,W000079,1,0.274729,1,2026-05-07 21:03:00,2026-05-07 21:03:00
W001531,W000522,1,0.224704,1,2026-06-08 23:24:00,2026-06-08 23:24:00
W001531,W000631,1,0.542103,1,2026-04-20 22:58:00,2026-04-20 22:58:00
W001531,W001233,1,0.567487,1,2026-05-06 06:47:00,2026-05-06 06:47:00
W001532,W000645,1,0.156842,1,2026-01-21 23:01:00,2026-01-21 23:01:00
W001532,W001166,1,0.401177,1,2026-02-16 17:13:00,2026-02-16 17:13:00
W001533,W000101,1,0.555863,1,2026-06-09 19:01:00,2026-06-09 19:01:00
W001533,W000205,1,0.689,1,2026-04-05 22:22:00,2026-04-05 22:22:00
W001533,W000953,1,0.516475,1,2026-02-21 22:06:00,2026-02-21 22:06:00
W001533,W000981,1,0.246497,1,2026-02-18 10:16:00,2026-02-18 10:16:00
W001533,W001558,1,0.780476,1,2026-06-24 06:22:00,2026-06-24 06:22:00
W001534,W000302,1,0.876165,1,2026-05-04 08:11:00,2026-05-04 08:11:00
W001534,W000858,1,1.278417,1,2026-01-09 05:06:00,2026-01-09 05:06:00
W001534,W001738,1,0.462409,1,2026-06-03 00:03:00,2026-06-03 00:03:00
W001535,W000321,1,0.814752,1,2026-06-04 03:14:00,2026-06-04 03:14:00
W001535,W001024,1,0.203719,1,2026-02-14 11:42:00,2026-02-14 11:42:00
W001535,W001636,1,0.911447,1,2026-04-01 17:26:00,2026-04-01 17:26:00
W001536,W002209,1,0.46969,1,2026-02-19 01:14:00,2026-02-19 01:14:00
W001537,W001318,1,0.320373,1,2026-02-09 12:21:00,2026-02-09 12:21:00
W001537,W001342,1,0.684492,1,2026-04-07 11:17:00,2026-04-07 11:17:00
W001537,W001969,1,0.368782,1,2026-06-08 04:23:00,2026-06-08 04:23:00
W001537,W002362,1,0.31827,1,2026-03-21 23:07:00,2026-03-21 23:07:00
W001537,W002372,1,0.684833,1,2026-05-12 21:31:00,2026-05-12 21:31:00
W001538,W000664,1,0.127537,1,2026-01-20 03:37:00,2026-01-20 03:37:00
W001540,W000430,1,0.679494,1,2026-01-21 01:51:00,2026-01-21 01:51:00
W001540,W001852,1,1.157046,1,2026-06-08 05:55:00,2026-06-08 05:55:00
W001541,W001329,1,0.260271,1,2026-05-09 02:01:00,2026-05-09 02:01:00
W001542,W000447,1,0.642497,1,2026-04-24 03:41:00,2026-04-24 03:41:00
W001542,W001339,1,0.649371,1,2026-02-02 07:46:00,2026-02-02 07:46:00
W001542,W001880,1,0.951801,1,2026-02-23 11:20:00,2026-02-23 11:20:00
W001543,W002261,1,0.083339,1,2026-02-23 21:36:00,2026-02-23 21:36:00
W001543,W002418,1,3.06528,1,2026-06-22 17:19:00,2026-06-22 17:19:00
W001544,W000310,1,1.131295,1,2026-04-09 07:43:00,2026-04-09 07:43:00
W001544,W000548,1,0.679023,1,2026-03-28 11:49:00,2026-03-28 11:49:00
W001544,W000703,1,0.382872,1,2026-04-21 22:41:00,2026-04-21 22:41:00
W001544,W001413,1,0.711423,1,2026-06-20 08:58:00,2026-06-20 08:58:00
W001544,W001459,1,1.11652,1,2026-02-23 16:02:00,2026-02-23 16:02:00
W001545,W000195,1,0.436903,1,2026-06-24 07:53:00,2026-06-24 07:53:00
W001545,W000895,1,0.730946,1,2026-06-25 11:55:00,2026-06-25 11:55:00
W001546,W000257,1,1.358488,1,2026-06-30 01:47:00,2026-06-30 01:47:00
W001546,W001287,1,0.203057,1,2026-03-07 18:22:00,2026-03-07 18:22:00
W001546,W001871,1,0.355327,1,2026-02-23 17:17:00,2026-02-23 17:17:00
W001546,W001993,1,0.408458,1,2026-04-14 05:31:00,2026-04-14 05:31:00
W001546,W002110,1,0.783049,1,2026-03-17 02:51:00,2026-03-17 02:51:00
W001546,W002438,1,0.322459,1,2026-03-17 18:51:00,2026-03-17 18:51:00
W001547,W000208,1,0.397729,1,2026-04-23 03:28:00,2026-04-23 03:28:00
W001547,W000252,1,0.826003,1,2026-03-03 14:47:00,2026-03-03 14:47:00
W001547,W000660,1,0.393369,1,2026-04-06 04:57:00,2026-04-06 04:57:00
W001547,W000872,1,1.035259,1,2026-05-10 04:19:00,2026-05-10 04:19:00
W001547,W000926,1,0.226008,1,2026-02-05 08:53:00,2026-02-05 08:53:00
W001547,W001271,1,1.698407,1,2026-03-22 10:04:00,2026-03-22 10:04:00
W001548,W000005,1,1.6528,1,2026-01-05 23:42:00,2026-01-05 23:42:00
W001548,W000752,1,0.278852,1,2026-05-10 05:18:00,2026-05-10 05:18:00
W001548,W000987,1,0.602277,1,2026-03-22 02:01:00,2026-03-22 02:01:00
W001548,W002132,1,0.104261,1,2026-03-07 03:18:00,2026-03-07 03:18:00
W001549,W000008,1,0.405451,1,2026-06-22 15:28:00,2026-06-22 15:28:00
W001550,W000583,1,3.558717,1,2026-05-24 15:39:00,2026-05-24 15:39:00
W001550,W001250,1,0.218922,1,2026-04-02 16:52:00,2026-04-02 16:52:00
W001550,W002076,1,0.407614,1,2026-03-09 21:38:00,2026-03-09 21:38:00
W001551,W000835,1,0.330457,1,2026-04-10 10:02:00,2026-04-10 10:02:00
W001551,W000891,1,0.471294,1,2026-05-25 05:46:00,2026-05-25 05:46:00
W001551,W001032,1,0.37046,1,2026-06-28 18:33:00,2026-06-28 18:33:00
W001551,W001262,1,0.346543,1,2026-02-26 04:50:00,2026-02-26 04:50:00
W001551,W001758,1,0.42877,1,2026-02-10 16:46:00,2026-02-10 16:46:00
W001552,W001076,1,0.240114,1,2026-01-12 03:05:00,2026-01-12 03:05:00
W001553,W000525,1,0.524219,1,2026-06-09 10:08:00,2026-06-09 10:08:00
W001553,W000623,1,2.092155,1,2026-05-30 04:30:00,2026-05-30 04:30:00
W001553,W001037,1,0.399513,1,2026-03-31 16:34:00,2026-03-31 16:34:00
W001553,W001523,1,0.30845,1,2026-04-13 04:32:00,2026-04-13 04:32:00
W001553,W001714,1,0.967264,1,2026-04-30 11:41:00,2026-04-30 11:41:00
W001554,W000757,1,0.780297,1,2026-05-27 17:34:00,2026-05-27 17:34:00
W001554,W001819,1,0.294421,1,2026-06-27 09:42:00,2026-06-27 09:42:00
W001555,W000233,1,0.466444,1,2026-05-02 07:16:00,2026-05-02 07:16:00
W001555,W000436,1,0.109064,1,2026-02-07 19:19:00,2026-02-07 19:19:00
W001555,W000848,1,0.203513,1,2026-04-17 20:14:00,2026-04-17 20:14:00
W001555,W001422,1,0.418026,1,2026-03-16 19:05:00,2026-03-16 19:05:00
W001555,W001455,1,0.801267,1,2026-05-18 12:44:00,2026-05-18 12:44:00
W001555,W001517,1,1.469407,1,2026-03-18 23:02:00,2026-03-18 23:02:00
W001556,W000753,1,0.430073,1,2026-05-07 17:34:00,2026-05-07 17:34:00
W001556,W001995,1,1.513974,1,2026-05-21 15:55:00,2026-05-21 15:55:00
W001556,W002343,1,0.350253,1,2026-02-17 14:47:00,2026-02-17 14:47:00
W001556,W002471,1,0.289564,1,2026-01-13 10:10:00,2026-01-13 10:10:00
W001557,W000549,1,0.284964,1,2026-01-15 14:20:00,2026-01-15 14:20:00
W001557,W000903,1,0.447708,1,2026-03-21 20:34:00,2026-03-21 20:34:00
W001557,W001358,1,1.140971,1,2026-05-27 10:03:00,2026-05-27 10:03:00
W001558,W000991,1,0.328794,1,2026-01-29 11:53:00,2026-01-29 11:53:00
W001558,W001057,1,0.417309,1,2026-02-25 21:12:00,2026-02-25 21:12:00
W001558,W001250,1,0.504595,1,2026-01-30 04:56:00,2026-01-30 04:56:00
W001558,W001584,1,0.282882,1,2026-03-05 08:53:00,2026-03-05 08:53:00
W001560,W000092,1,0.188334,1,2026-06-08 18:44:00,2026-06-08 18:44:00
W001560,W000959,1,0.295961,1,2026-05-25 12:02:00,2026-05-25 12:02:00
W001560,W001303,1,0.335595,1,2026-02-28 01:48:00,2026-02-28 01:48:00
W001560,W002059,1,0.223599,1,2026-05-02 16:44:00,2026-05-02 16:44:00
W001561,W000282,1,0.345409,1,2026-06-14 12:13:00,2026-06-14 12:13:00
W001561,W000616,1,0.240111,1,2026-01-14 15:42:00,2026-01-14 15:42:00
W001561,W001540,1,0.988584,1,2026-05-12 21:25:00,2026-05-12 21:25:00
W001561,W002404,1,0.327488,1,2026-01-18 22:37:00,2026-01-18 22:37:00
W001561,W002492,1,1.265896,1,2026-04-15 10:23:00,2026-04-15 10:23:00
W001562,W000887,1,0.127985,1,2026-02-19 17:47:00,2026-02-19 17:47:00
W001562,W002039,1,0.632246,1,2026-06-15 23:07:00,2026-06-15 23:07:00
W001563,W000168,1,0.717734,1,2026-06-03 07:32:00,2026-06-03 07:32:00
W001563,W002425,1,0.082015,1,2026-05-24 17:38:00,2026-05-24 17:38:00
W001563,W002477,1,1.291314,1,2026-03-04 00:00:00,2026-03-04 00:00:00
W001564,W000285,1,0.575496,1,2026-06-20 12:56:00,2026-06-20 12:56:00
W001564,W001097,1,0.555932,1,2026-05-04 04:07:00,2026-05-04 04:07:00
W001564,W001641,1,0.978345,1,2026-02-06 07:03:00,2026-02-06 07:03:00
W001564,W002142,1,0.393393,1,2026-05-08 15:07:00,2026-05-08 15:07:00
W001564,W002406,1,0.277472,1,2026-03-01 16:49:00,2026-03-01 16:49:00
W001564,W002428,1,0.166384,1,2026-02-14 14:05:00,2026-02-14 14:05:00
W001565,W000320,1,0.127964,1,2026-05-07 10:50:00,2026-05-07 10:50:00
W001565,W000779,1,0.431672,1,2026-05-30 20:41:00,2026-05-30 20:41:00
W001565,W001484,1,0.151691,1,2026-03-23 04:50:00,2026-03-23 04:50:00
W001565,W002114,1,0.541533,1,2026-03-04 08:44:00,2026-03-04 08:44:00
W001566,W000094,1,1.205096,1,2026-04-08 12:10:00,2026-04-08 12:10:00
W001566,W000403,1,0.971196,1,2026-05-27 22:35:00,2026-05-27 22:35:00
W001566,W000421,1,0.900047,1,2026-04-13 05:46:00,2026-04-13 05:46:00
W001566,W000789,1,0.726947,1,2026-05-22 22:00:00,2026-05-22 22:00:00
W001566,W001033,1,0.424137,1,2026-05-21 07:10:00,2026-05-21 07:10:00
W001566,W001591,1,0.56846,1,2026-04-23 10:49:00,2026-04-23 10:49:00
W001566,W002071,1,0.427536,1,2026-02-18 14:59:00,2026-02-18 14:59:00
W001566,W002180,1,0.415691,1,2026-05-25 07:13:00,2026-05-25 07:13:00
W001567,W000531,1,0.086636,1,2026-04-20 17:26:00,2026-04-20 17:26:00
W001567,W000980,1,0.505689,1,2026-02-16 00:20:00,2026-02-16 00:20:00
W001567,W001294,1,0.648285,1,2026-01-16 17:39:00,2026-01-16 17:39:00
W001567,W002041,1,0.436516,1,2026-03-17 21:08:00,2026-03-17 21:08:00
W001568,W001724,1,0.201716,1,2026-06-02 13:02:00,2026-06-02 13:02:00
W001568,W002428,1,0.482006,1,2026-03-16 03:34:00,2026-03-16 03:34:00
W001569,W000564,1,0.434659,1,2026-01-14 10:48:00,2026-01-14 10:48:00
W001569,W001311,1,1.004999,1,2026-05-09 05:06:00,2026-05-09 05:06:00
W001570,W000175,1,0.628385,1,2026-06-28 16:01:00,2026-06-28 16:01:00
W001570,W001202,1,0.797431,1,2026-05-12 01:58:00,2026-05-12 01:58:00
W001570,W001651,1,0.425707,1,2026-06-02 11:20:00,2026-06-02 11:20:00
W001571,W000443,1,2.075678,1,2026-06-18 15:30:00,2026-06-18 15:30:00
W001571,W000508,1,1.767211,1,2026-03-25 18:30:00,2026-03-25 18:30:00
W001572,W000689,1,0.497841,1,2026-03-07 12:34:00,2026-03-07 12:34:00
W001572,W000940,1,0.354509,1,2026-04-14 07:42:00,2026-04-14 07:42:00
W001572,W001579,1,0.531816,1,2026-06-23 18:26:00,2026-06-23 18:26:00
W001572,W001899,1,1.42116,1,2026-04-16 00:14:00,2026-04-16 00:14:00
W001572,W002109,1,0.433172,1,2026-01-08 02:46:00,2026-01-08 02:46:00
W001572,W002154,1,0.286239,1,2026-05-09 23:39:00,2026-05-09 23:39:00
W001573,W000240,1,0.853544,1,2026-06-06 01:43:00,2026-06-06 01:43:00
W001573,W001283,1,0.729294,1,2026-03-27 16:02:00,2026-03-27 16:02:00
W001574,W001012,1,0.251989,1,2026-04-15 13:14:00,2026-04-15 13:14:00
W001574,W002373,1,1.227703,1,2026-06-03 07:44:00,2026-06-03 07:44:00
W001575,W000257,1,0.297718,1,2026-02-11 00:12:00,2026-02-11 00:12:00
W001575,W001527,1,0.510508,1,2026-06-09 08:53:00,2026-06-09 08:53:00
W001576,W000363,1,0.237643,1,2026-06-24 04:23:00,2026-06-24 04:23:00
W001576,W000506,1,1.991654,1,2026-05-17 02:44:00,2026-05-17 02:44:00
W001576,W000823,1,0.482653,1,2026-05-07 12:25:00,2026-05-07 12:25:00
W001576,W001180,1,0.349855,1,2026-04-17 11:55:00,2026-04-17 11:55:00
W001576,W001207,1,0.381611,1,2026-01-05 17:01:00,2026-01-05 17:01:00
W001577,W000311,1,0.332373,1,2026-06-01 16:46:00,2026-06-01 16:46:00
W001577,W000823,1,0.271885,1,2026-06-08 02:41:00,2026-06-08 02:41:00
W001577,W001731,1,0.159293,1,2026-01-16 23:40:00,2026-01-16 23:40:00
W001578,W000694,1,0.075316,1,2026-06-21 14:28:00,2026-06-21 14:28:00
W001578,W000915,1,1.142845,1,2026-03-23 12:05:00,2026-03-23 12:05:00
W001578,W001474,1,0.399846,1,2026-03-30 14:02:00,2026-03-30 14:02:00
W001578,W002479,1,0.171473,1,2026-03-14 02:52:00,2026-03-14 02:52:00
W001579,W000055,1,0.825355,1,2026-01-21 01:16:00,2026-01-21 01:16:00
W001580,W000331,1,0.346526,1,2026-06-23 15:49:00,2026-06-23 15:49:00
W001580,W000445,1,0.901338,1,2026-06-12 00:43:00,2026-06-12 00:43:00
W001580,W001142,1,0.353303,1,2026-01-10 02:58:00,2026-01-10 02:58:00
W001580,W001608,1,0.208566,1,2026-02-20 18:30:00,2026-02-20 18:30:00
W001582,W000129,1,0.946157,1,2026-01-14 21:03:00,2026-01-14 21:03:00
W001583,W000492,1,0.529795,1,2026-04-13 00:51:00,2026-04-13 00:51:00
W001583,W000853,1,0.113468,1,2026-06-14 08:00:00,2026-06-14 08:00:00
W001583,W001144,1,0.203828,1,2026-01-29 00:22:00,2026-01-29 00:22:00
W001584,W001871,1,1.204918,1,2026-04-21 22:15:00,2026-04-21 22:15:00
W001584,W001927,1,0.664888,1,2026-06-08 02:19:00,2026-06-08 02:19:00
W001584,W002151,1,0.351263,1,2026-02-01 15:13:00,2026-02-01 15:13:00
W001584,W002238,1,0.253716,1,2026-03-05 03:47:00,2026-03-05 03:47:00
W001585,W000069,1,0.632718,1,2026-01-11 11:48:00,2026-01-11 11:48:00
W001585,W000599,1,0.304878,1,2026-02-18 07:45:00,2026-02-18 07:45:00
W001585,W001083,1,0.273083,1,2026-04-16 03:51:00,2026-04-16 03:51:00
W001585,W001335,1,1.397824,1,2026-04-13 00:33:00,2026-04-13 00:33:00
W001585,W001563,1,0.168212,1,2026-03-24 15:31:00,2026-03-24 15:31:00
W001586,W000845,1,0.394298,1,2026-05-25 00:24:00,2026-05-25 00:24:00
W001586,W000984,1,0.480183,1,2026-06-29 11:45:00,2026-06-29 11:45:00
W001586,W001752,1,0.53385,1,2026-01-25 04:57:00,2026-01-25 04:57:00
W001586,W001976,1,3.494588,1,2026-04-01 22:38:00,2026-04-01 22:38:00
W001586,W002085,1,0.475425,1,2026-02-16 03:30:00,2026-02-16 03:30:00
W001586,W002245,1,0.474867,1,2026-06-29 17:12:00,2026-06-29 17:12:00
W001587,W000377,1,0.745214,1,2026-05-14 08:39:00,2026-05-14 08:39:00
W001587,W001821,1,1.364102,1,2026-04-21 05:29:00,2026-04-21 05:29:00
W001587,W001845,1,0.479305,1,2026-01-31 12:40:00,2026-01-31 12:40:00
W001588,W000373,1,0.167563,1,2026-01-22 13:09:00,2026-01-22 13:09:00
W001588,W000839,1,0.384961,1,2026-05-10 13:07:00,2026-05-10 13:07:00
W001588,W001375,1,0.27616,1,2026-05-19 16:12:00,2026-05-19 16:12:00
W001588,W001515,1,0.066115,1,2026-01-22 03:53:00,2026-01-22 03:53:00
W001588,W001684,1,0.284603,1,2026-03-01 14:38:00,2026-03-01 14:38:00
W001588,W001854,1,0.474324,1,2026-03-26 08:05:00,2026-03-26 08:05:00
W001588,W002195,1,0.724462,1,2026-02-24 06:17:00,2026-02-24 06:17:00
W001589,W000753,1,0.206301,1,2026-03-29 11:33:00,2026-03-29 11:33:00
W001589,W001512,1,0.265061,1,2026-04-18 10:53:00,2026-04-18 10:53:00
W001589,W001584,1,0.169302,1,2026-05-25 23:09:00,2026-05-25 23:09:00
W001589,W001951,1,0.219129,1,2026-04-02 09:22:00,2026-04-02 09:22:00
W001590,W000828,1,0.598868,1,2026-02-07 11:21:00,2026-02-07 11:21:00
W001590,W001091,1,0.361185,1,2026-03-27 01:02:00,2026-03-27 01:02:00
W001590,W002190,1,1.003249,1,2026-01-15 17:08:00,2026-01-15 17:08:00
W001591,W000561,1,0.553462,1,2026-01-07 22:13:00,2026-01-07 22:13:00
W001591,W000763,1,0.353279,1,2026-04-24 12:59:00,2026-04-24 12:59:00
W001591,W001432,1,0.723513,1,2026-05-10 12:44:00,2026-05-10 12:44:00
W001591,W001535,1,1.126337,1,2026-01-20 01:12:00,2026-01-20 01:12:00
W001591,W001674,1,0.251801,1,2026-06-18 03:23:00,2026-06-18 03:23:00
W001591,W001781,1,0.482797,1,2026-02-10 21:00:00,2026-02-10 21:00:00
W001591,W002456,1,0.095177,1,2026-06-01 00:59:00,2026-06-01 00:59:00
W001592,W000277,1,1.426759,1,2026-05-26 08:42:00,2026-05-26 08:42:00
W001592,W001400,1,0.614648,1,2026-06-16 06:37:00,2026-06-16 06:37:00
W001592,W001910,1,0.224901,1,2026-02-19 08:05:00,2026-02-19 08:05:00
W001593,W001382,1,0.09645,1,2026-03-14 22:38:00,2026-03-14 22:38:00
W001593,W001985,1,0.466136,1,2026-04-13 11:48:00,2026-04-13 11:48:00
W001593,W002067,1,0.913552,1,2026-03-05 02:49:00,2026-03-05 02:49:00
W001594,W000069,1,1.312596,1,2026-01-12 08:54:00,2026-01-12 08:54:00
W001594,W001866,1,0.280884,1,2026-06-16 19:57:00,2026-06-16 19:57:00
W001594,W002499,1,0.610861,1,2026-01-26 03:57:00,2026-01-26 03:57:00
W001595,W000344,1,0.202964,1,2026-03-27 08:14:00,2026-03-27 08:14:00
W001595,W000488,1,0.495876,1,2026-03-13 13:51:00,2026-03-13 13:51:00
W001595,W001121,1,0.651936,1,2026-06-09 12:54:00,2026-06-09 12:54:00
W001595,W001465,1,0.315413,1,2026-04-16 06:49:00,2026-04-16 06:49:00
W001595,W001981,1,0.470627,1,2026-06-02 16:50:00,2026-06-02 16:50:00
W001595,W002068,1,0.383695,1,2026-02-06 16:04:00,2026-02-06 16:04:00
W001595,W002396,1,0.473116,1,2026-04-21 16:20:00,2026-04-21 16:20:00
W001596,W000357,1,1.558555,1,2026-01-26 05:15:00,2026-01-26 05:15:00
W001596,W000609,1,0.237502,1,2026-06-11 18:57:00,2026-06-11 18:57:00
W001596,W000834,1,0.291317,1,2026-06-26 17:02:00,2026-06-26 17:02:00
W001596,W001968,1,0.797629,1,2026-04-16 19:58:00,2026-04-16 19:58:00
W001597,W000279,1,0.329747,1,2026-03-20 12:59:00,2026-03-20 12:59:00
W001597,W000693,1,0.141439,1,2026-03-12 12:38:00,2026-03-12 12:38:00
W001597,W001378,1,0.597844,1,2026-05-12 09:00:00,2026-05-12 09:00:00
W001598,W001053,1,0.289114,1,2026-03-15 22:33:00,2026-03-15 22:33:00
W001599,W000290,1,0.280589,1,2026-04-06 18:11:00,2026-04-06 18:11:00
W001599,W001140,1,0.48741,1,2026-01-12 19:49:00,2026-01-12 19:49:00
W001600,W000103,1,0.486875,1,2026-02-25 16:43:00,2026-02-25 16:43:00
W001600,W000272,1,0.261329,1,2026-03-10 10:23:00,2026-03-10 10:23:00
W001600,W000558,1,0.818771,1,2026-04-23 03:26:00,2026-04-23 03:26:00
W001600,W001111,1,0.521227,1,2026-06-21 19:14:00,2026-06-21 19:14:00
W001600,W001682,1,0.185753,1,2026-04-17 00:53:00,2026-04-17 00:53:00
W001600,W002466,1,0.564958,1,2026-03-03 15:18:00,2026-03-03 15:18:00
W001601,W000226,1,0.465828,1,2026-05-04 03:47:00,2026-05-04 03:47:00
W001601,W002038,1,0.147392,1,2026-02-26 08:31:00,2026-02-26 08:31:00
W001602,W000229,1,0.438619,1,2026-03-17 11:49:00,2026-03-17 11:49:00
W001602,W001358,1,0.365636,1,2026-03-18 11:46:00,2026-03-18 11:46:00
W001602,W002326,1,0.328876,1,2026-02-04 06:46:00,2026-02-04 06:46:00
W001603,W000267,1,1.34196,1,2026-05-06 23:39:00,2026-05-06 23:39:00
W001603,W000406,1,0.98064,1,2026-02-28 23:46:00,2026-02-28 23:46:00
W001603,W001363,1,3.289314,1,2026-03-07 03:09:00,2026-03-07 03:09:00
W001603,W002307,1,0.852697,1,2026-02-19 02:46:00,2026-02-19 02:46:00
W001604,W000340,1,1.317065,1,2026-05-29 06:32:00,2026-05-29 06:32:00
W001604,W000370,1,0.656208,1,2026-06-23 04:29:00,2026-06-23 04:29:00
W001604,W000678,1,0.240723,1,2026-03-30 20:22:00,2026-03-30 20:22:00
W001604,W000906,1,0.461871,1,2026-05-29 01:39:00,2026-05-29 01:39:00
W001605,W000659,1,0.627527,1,2026-01-28 14:00:00,2026-01-28 14:00:00
W001605,W000727,1,0.772046,1,2026-02-01 06:15:00,2026-02-01 06:15:00
W001605,W000951,1,0.32342,1,2026-02-22 13:43:00,2026-02-22 13:43:00
W001605,W001002,1,0.757148,1,2026-01-24 02:33:00,2026-01-24 02:33:00
W001605,W001213,1,0.609964,1,2026-06-08 19:23:00,2026-06-08 19:23:00
W001606,W000758,1,0.392264,1,2026-05-07 11:53:00,2026-05-07 11:53:00
W001606,W002482,1,0.629044,1,2026-04-30 04:31:00,2026-04-30 04:31:00
W001607,W000185,1,0.95351,1,2026-05-16 04:52:00,2026-05-16 04:52:00
W001608,W000020,1,0.662787,1,2026-01-28 23:55:00,2026-01-28 23:55:00
W001608,W001009,1,0.747856,1,2026-04-20 04:08:00,2026-04-20 04:08:00
W001608,W001036,1,0.81303,1,2026-03-20 14:11:00,2026-03-20 14:11:00
W001608,W002164,1,0.214294,1,2026-05-13 14:45:00,2026-05-13 14:45:00
W001608,W002314,1,0.20152,1,2026-05-28 21:05:00,2026-05-28 21:05:00
W001609,W001178,1,0.295378,1,2026-03-20 02:06:00,2026-03-20 02:06:00
W001609,W001266,1,0.78192,1,2026-06-27 16:01:00,2026-06-27 16:01:00
W001609,W002178,1,0.365002,1,2026-04-04 20:47:00,2026-04-04 20:47:00
W001610,W000930,1,0.428843,1,2026-04-28 08:09:00,2026-04-28 08:09:00
W001610,W001250,1,0.465746,1,2026-01-08 12:49:00,2026-01-08 12:49:00
W001610,W002472,1,8.862578,1,2026-05-16 15:53:00,2026-05-16 15:53:00
W001611,W001291,1,0.596086,1,2026-03-25 18:23:00,2026-03-25 18:23:00
W001611,W001463,1,0.28988,1,2026-01-27 23:28:00,2026-01-27 23:28:00
W001611,W001484,1,0.38905,1,2026-06-08 08:56:00,2026-06-08 08:56:00
W001612,W000414,1,0.213016,1,2026-05-19 01:36:00,2026-05-19 01:36:00
W001612,W001170,1,0.130809,1,2026-05-30 18:57:00,2026-05-30 18:57:00
W001612,W002449,1,0.158536,1,2026-02-19 05:35:00,2026-02-19 05:35:00
W001613,W001141,1,0.694024,1,2026-03-24 01:27:00,2026-03-24 01:27:00
W001613,W001316,1,5.742432,1,2026-01-13 08:17:00,2026-01-13 08:17:00
W001614,W000189,1,0.510927,1,2026-04-16 16:52:00,2026-04-16 16:52:00
W001614,W000520,1,0.162418,1,2026-03-30 02:15:00,2026-03-30 02:15:00
W001614,W001925,1,0.720466,1,2026-05-01 09:05:00,2026-05-01 09:05:00
W001614,W002337,1,0.271568,1,2026-04-09 14:47:00,2026-04-09 14:47:00
W001615,W001147,1,0.931545,1,2026-01-03 12:20:00,2026-01-03 12:20:00
W001615,W001621,1,2.371925,1,2026-05-18 09:46:00,2026-05-18 09:46:00
W001615,W001791,1,0.299639,1,2026-04-15 12:43:00,2026-04-15 12:43:00
W001615,W002029,1,0.145306,1,2026-02-28 00:27:00,2026-02-28 00:27:00
W001615,W002132,1,1.424567,1,2026-03-03 03:53:00,2026-03-03 03:53:00
W001615,W002271,1,0.294726,1,2026-06-11 15:53:00,2026-06-11 15:53:00
W001615,W002450,1,0.160094,1,2026-05-07 00:50:00,2026-05-07 00:50:00
W001616,W000126,1,0.460879,1,2026-03-08 03:49:00,2026-03-08 03:49:00
W001616,W000177,1,1.324553,1,2026-03-09 04:33:00,2026-03-09 04:33:00
W001616,W000403,1,0.50946,1,2026-04-13 15:17:00,2026-04-13 15:17:00
W001616,W001788,1,0.352906,1,2026-02-09 05:29:00,2026-02-09 05:29:00
W001617,W000177,1,0.260287,1,2026-03-18 07:54:00,2026-03-18 07:54:00
W001617,W001177,1,0.796732,1,2026-04-16 13:14:00,2026-04-16 13:14:00
W001617,W001547,1,0.849297,1,2026-01-16 20:26:00,2026-01-16 20:26:00
W001618,W000545,1,15.151649,1,2026-05-16 06:15:00,2026-05-16 06:15:00
W001618,W002316,1,0.29181,1,2026-04-18 20:00:00,2026-04-18 20:00:00
W001619,W000452,1,1.475491,1,2026-04-14 21:53:00,2026-04-14 21:53:00
W001619,W000675,1,0.644382,1,2026-03-13 03:28:00,2026-03-13 03:28:00
W001619,W001773,1,0.336755,1,2026-05-15 06:28:00,2026-05-15 06:28:00
W001620,W001635,1,0.599071,1,2026-06-13 10:37:00,2026-06-13 10:37:00
W001620,W001747,1,0.375118,1,2026-06-29 08:04:00,2026-06-29 08:04:00
W001620,W002408,1,0.175415,1,2026-04-05 11:30:00,2026-04-05 11:30:00
W001621,W000556,1,0.519955,1,2026-02-10 16:41:00,2026-02-10 16:41:00
W001621,W000566,1,0.236047,1,2026-01-06 23:05:00,2026-01-06 23:05:00
W001621,W000852,1,0.451514,1,2026-05-08 12:40:00,2026-05-08 12:40:00
W001621,W000997,1,0.468986,1,2026-06-21 05:23:00,2026-06-21 05:23:00
W001621,W002123,1,1.013807,1,2026-05-25 01:38:00,2026-05-25 01:38:00
W001621,W002388,1,0.437461,1,2026-05-29 11:36:00,2026-05-29 11:36:00
W001622,W001043,1,1.045877,1,2026-02-14 11:30:00,2026-02-14 11:30:00
W001622,W001206,1,1.107086,1,2026-06-01 11:55:00,2026-06-01 11:55:00
W001622,W001919,1,2.706182,1,2026-06-25 18:49:00,2026-06-25 18:49:00
W001622,W002156,1,0.774134,1,2026-01-07 09:19:00,2026-01-07 09:19:00
W001623,W000176,1,0.555532,1,2026-05-28 17:44:00,2026-05-28 17:44:00
W001623,W001309,1,0.108122,1,2026-02-05 20:31:00,2026-02-05 20:31:00
W001623,W001812,1,0.085985,1,2026-01-22 18:59:00,2026-01-22 18:59:00
W001623,W002071,1,0.333404,1,2026-06-28 14:36:00,2026-06-28 14:36:00
W001623,W002125,1,0.596087,1,2026-03-06 21:49:00,2026-03-06 21:49:00
W001624,W000827,1,0.785598,1,2026-06-22 19:53:00,2026-06-22 19:53:00
W001624,W001325,1,0.198743,1,2026-05-21 15:12:00,2026-05-21 15:12:00
W001625,W000625,1,0.758632,1,2026-04-04 12:57:00,2026-04-04 12:57:00
W001625,W000771,1,0.393959,1,2026-01-28 11:02:00,2026-01-28 11:02:00
W001625,W001054,1,0.270131,1,2026-06-24 03:00:00,2026-06-24 03:00:00
W001625,W001070,1,5.125886,1,2026-04-19 11:07:00,2026-04-19 11:07:00
W001625,W001896,1,0.679099,1,2026-06-14 03:15:00,2026-06-14 03:15:00
W001625,W002489,1,0.673173,1,2026-01-13 17:54:00,2026-01-13 17:54:00
W001626,W001308,1,0.387074,1,2026-03-16 14:46:00,2026-03-16 14:46:00
W001626,W001770,1,0.478681,1,2026-05-18 02:20:00,2026-05-18 02:20:00
W001627,W000020,1,0.304154,1,2026-04-03 17:09:00,2026-04-03 17:09:00
W001627,W000238,1,1.454884,1,2026-03-06 07:18:00,2026-03-06 07:18:00
W001627,W001652,1,0.139926,1,2026-01-26 20:10:00,2026-01-26 20:10:00
W001627,W001791,1,1.251413,1,2026-03-06 04:12:00,2026-03-06 04:12:00
W001627,W002059,1,0.259027,1,2026-03-15 04:19:00,2026-03-15 04:19:00
W001628,W000072,1,0.332884,1,2026-03-22 18:09:00,2026-03-22 18:09:00
W001628,W000131,1,0.453868,1,2026-04-16 06:08:00,2026-04-16 06:08:00
W001628,W000326,1,0.643598,1,2026-01-14 21:06:00,2026-01-14 21:06:00
W001628,W001245,1,0.914023,1,2026-06-21 23:36:00,2026-06-21 23:36:00
W001628,W001576,1,0.456651,1,2026-04-12 19:28:00,2026-04-12 19:28:00
W001628,W001871,1,0.767016,1,2026-05-14 08:18:00,2026-05-14 08:18:00
W001628,W002158,1,2.762063,1,2026-04-13 12:23:00,2026-04-13 12:23:00
W001629,W000085,1,1.158422,1,2026-04-14 02:20:00,2026-04-14 02:20:00
W001629,W000617,1,0.151255,1,2026-04-12 01:36:00,2026-04-12 01:36:00
W001629,W000893,1,0.66304,1,2026-06-10 17:00:00,2026-06-10 17:00:00
W001629,W000906,1,5.419337,1,2026-03-10 16:58:00,2026-03-10 16:58:00
W001629,W001764,1,0.65745,1,2026-03-25 02:45:00,2026-03-25 02:45:00
W001629,W001898,1,1.510813,1,2026-05-29 09:48:00,2026-05-29 09:48:00
W001629,W002290,1,0.222912,1,2026-02-08 04:37:00,2026-02-08 04:37:00
W001629,W002381,1,0.790176,1,2026-03-01 21:06:00,2026-03-01 21:06:00
W001630,W000296,1,2.449455,1,2026-06-17 08:26:00,2026-06-17 08:26:00
W001630,W000829,1,0.606502,1,2026-06-02 10:59:00,2026-06-02 10:59:00
W001630,W000976,1,0.587373,1,2026-02-17 02:00:00,2026-02-17 02:00:00
W001630,W001503,1,0.145349,1,2026-03-23 02:21:00,2026-03-23 02:21:00
W001630,W002033,1,0.548572,1,2026-06-05 05:54:00,2026-06-05 05:54:00
W001630,W002210,1,0.472208,1,2026-06-28 20:16:00,2026-06-28 20:16:00
W001630,W002454,1,0.741792,1,2026-05-16 09:08:00,2026-05-16 09:08:00
W001631,W000025,1,0.525415,1,2026-01-17 15:51:00,2026-01-17 15:51:00
W001631,W001414,1,0.360202,1,2026-04-15 23:46:00,2026-04-15 23:46:00
W001631,W001596,1,0.225507,1,2026-05-05 10:54:00,2026-05-05 10:54:00
W001631,W001758,1,0.350525,1,2026-06-13 09:15:00,2026-06-13 09:15:00
W001632,W001623,1,0.199944,1,2026-04-25 22:55:00,2026-04-25 22:55:00
W001632,W001807,1,7.293072,1,2026-05-06 13:22:00,2026-05-06 13:22:00
W001632,W002104,1,0.199501,1,2026-01-04 17:14:00,2026-01-04 17:14:00
W001632,W002281,1,0.299097,1,2026-06-17 19:55:00,2026-06-17 19:55:00
W001633,W000532,1,0.383179,1,2026-02-20 03:09:00,2026-02-20 03:09:00
W001633,W001509,1,0.554235,1,2026-06-22 12:29:00,2026-06-22 12:29:00
W001634,W000737,1,0.578189,1,2026-03-30 14:44:00,2026-03-30 14:44:00
W001634,W001102,1,0.225148,1,2026-04-16 14:52:00,2026-04-16 14:52:00
W001635,W000457,1,0.229461,1,2026-01-03 10:18:00,2026-01-03 10:18:00
W001635,W000614,1,0.261807,1,2026-02-12 02:24:00,2026-02-12 02:24:00
W001635,W001286,1,0.965643,1,2026-05-01 07:21:00,2026-05-01 07:21:00
W001635,W001631,1,0.479324,1,2026-04-26 06:21:00,2026-04-26 06:21:00
W001635,W002193,1,0.930588,1,2026-06-10 18:09:00,2026-06-10 18:09:00
W001635,W002391,1,0.18456,1,2026-06-18 17:56:00,2026-06-18 17:56:00
W001636,W001623,1,1.348579,1,2026-04-17 17:03:00,2026-04-17 17:03:00
W001636,W002140,1,0.649144,1,2026-01-20 18:58:00,2026-01-20 18:58:00
W001637,W000115,1,0.489913,1,2026-03-26 21:26:00,2026-03-26 21:26:00
W001637,W000258,1,0.372971,1,2026-04-22 08:04:00,2026-04-22 08:04:00
W001637,W000418,1,0.129257,1,2026-01-30 01:04:00,2026-01-30 01:04:00
W001637,W000424,1,0.292014,1,2026-02-20 12:51:00,2026-02-20 12:51:00
W001637,W000447,1,0.112714,1,2026-04-26 13:18:00,2026-04-26 13:18:00
W001637,W001511,1,0.342256,1,2026-02-13 22:36:00,2026-02-13 22:36:00
W001638,W000332,1,0.124128,1,2026-02-04 05:16:00,2026-02-04 05:16:00
W001638,W000441,1,0.932236,1,2026-05-20 23:46:00,2026-05-20 23:46:00
W001639,W001291,1,0.365307,1,2026-02-23 05:49:00,2026-02-23 05:49:00
W001640,W000623,1,0.590299,1,2026-01-19 01:30:00,2026-01-19 01:30:00
W001640,W001270,1,0.641878,1,2026-04-10 08:41:00,2026-04-10 08:41:00
W001640,W001580,1,0.515547,1,2026-06-13 04:58:00,2026-06-13 04:58:00
W001640,W001695,1,0.512456,1,2026-05-31 17:34:00,2026-05-31 17:34:00
W001641,W000620,1,0.155254,1,2026-02-13 00:57:00,2026-02-13 00:57:00
W001641,W001001,1,0.402705,1,2026-01-31 21:37:00,2026-01-31 21:37:00
W001641,W001154,1,0.601965,1,2026-05-24 00:21:00,2026-05-24 00:21:00
W001641,W001192,1,0.770924,1,2026-04-14 23:08:00,2026-04-14 23:08:00
W001641,W001255,1,0.436234,1,2026-05-05 04:27:00,2026-05-05 04:27:00
W001641,W002097,1,0.744283,1,2026-06-03 15:55:00,2026-06-03 15:55:00
W001641,W002340,1,0.482291,1,2026-02-19 16:52:00,2026-02-19 16:52:00
W001642,W001521,1,0.427404,1,2026-05-22 15:30:00,2026-05-22 15:30:00
W001643,W000613,1,0.17458,1,2026-01-01 20:49:00,2026-01-01 20:49:00
W001643,W002372,1,1.025415,1,2026-05-06 07:13:00,2026-05-06 07:13:00
W001644,W000516,1,0.145629,1,2026-06-19 03:21:00,2026-06-19 03:21:00
W001644,W000890,1,1.846754,1,2026-02-23 17:55:00,2026-02-23 17:55:00
W001644,W001106,1,0.465253,1,2026-04-05 16:20:00,2026-04-05 16:20:00
W001644,W001762,1,0.48474,1,2026-02-18 10:35:00,2026-02-18 10:35:00
W001644,W002066,1,4.194706,1,2026-01-15 02:12:00,2026-01-15 02:12:00
W001645,W002260,1,3.03308,1,2026-06-15 05:57:00,2026-06-15 05:57:00
W001645,W002445,1,0.343982,1,2026-05-07 19:19:00,2026-05-07 19:19:00
W001646,W000362,1,0.247337,1,2026-04-16 12:42:00,2026-04-16 12:42:00
W001646,W000751,1,0.547742,1,2026-01-27 18:53:00,2026-01-27 18:53:00
W001646,W001467,1,0.159393,1,2026-03-07 04:27:00,2026-03-07 04:27:00
W001646,W001944,1,0.52236,1,2026-06-24 22:25:00,2026-06-24 22:25:00
W001646,W002042,1,0.498632,1,2026-03-12 12:17:00,2026-03-12 12:17:00
W001646,W002377,1,0.739941,1,2026-01-31 12:45:00,2026-01-31 12:45:00
W001647,W000841,1,0.518705,1,2026-04-21 20:47:00,2026-04-21 20:47:00
W001647,W000844,1,0.362419,1,2026-03-09 17:02:00,2026-03-09 17:02:00
W001647,W001689,1,0.246704,1,2026-06-23 23:20:00,2026-06-23 23:20:00
W001648,W000215,1,1.624665,1,2026-03-29 17:35:00,2026-03-29 17:35:00
W001649,W000139,1,0.312025,1,2026-04-06 08:56:00,2026-04-06 08:56:00
W001649,W000394,1,0.339198,1,2026-02-28 05:15:00,2026-02-28 05:15:00
W001649,W000963,1,0.222854,1,2026-02-25 09:30:00,2026-02-25 09:30:00
W001649,W001353,1,0.148557,1,2026-05-30 02:35:00,2026-05-30 02:35:00
W001649,W001758,1,0.160464,1,2026-02-13 13:01:00,2026-02-13 13:01:00
W001649,W001795,1,0.412033,1,2026-03-27 17:37:00,2026-03-27 17:37:00
W001649,W002288,1,0.353433,1,2026-01-25 08:34:00,2026-01-25 08:34:00
W001650,W000110,1,0.386288,1,2026-06-27 12:27:00,2026-06-27 12:27:00
W001650,W001119,1,0.346444,1,2026-04-07 08:27:00,2026-04-07 08:27:00
W001650,W001246,1,0.481164,1,2026-02-18 18:08:00,2026-02-18 18:08:00
W001650,W001421,1,1.69099,1,2026-05-04 04:25:00,2026-05-04 04:25:00
W001651,W001532,1,0.46173,1,2026-06-28 20:22:00,2026-06-28 20:22:00
W001651,W001845,1,0.230519,1,2026-06-02 18:51:00,2026-06-02 18:51:00
W001651,W002431,1,1.502978,1,2026-04-18 19:08:00,2026-04-18 19:08:00
W001652,W001012,1,3.042502,1,2026-06-13 05:46:00,2026-06-13 05:46:00
W001653,W000369,1,0.351928,1,2026-01-12 04:48:00,2026-01-12 04:48:00
W001653,W000639,1,0.842202,1,2026-04-01 13:53:00,2026-04-01 13:53:00
W001654,W000969,1,0.315926,1,2026-05-28 09:22:00,2026-05-28 09:22:00
W001654,W001841,1,0.303184,1,2026-02-08 11:21:00,2026-02-08 11:21:00
W001654,W002130,1,0.148575,1,2026-01-21 14:54:00,2026-01-21 14:54:00
W001655,W001141,1,0.275829,1,2026-01-24 15:46:00,2026-01-24 15:46:00
W001655,W001278,1,0.341308,1,2026-06-18 10:00:00,2026-06-18 10:00:00
W001655,W002064,1,0.508356,1,2026-03-02 16:04:00,2026-03-02 16:04:00
W001656,W000696,1,0.291276,1,2026-04-04 03:41:00,2026-04-04 03:41:00
W001656,W001397,1,0.524487,1,2026-05-17 05:56:00,2026-05-17 05:56:00
W001656,W001655,1,0.45698,1,2026-04-23 00:41:00,2026-04-23 00:41:00
W001656,W002304,1,0.547861,1,2026-06-26 06:44:00,2026-06-26 06:44:00
W001657,W000257,1,0.151231,1,2026-03-16 09:57:00,2026-03-16 09:57:00
W001657,W000303,1,0.121285,1,2026-02-20 12:22:00,2026-02-20 12:22:00
W001657,W000451,1,0.358648,1,2026-04-12 17:04:00,2026-04-12 17:04:00
W001657,W000509,1,1.384637,1,2026-02-24 02:40:00,2026-02-24 02:40:00
W001657,W000610,1,2.758673,1,2026-06-04 17:14:00,2026-06-04 17:14:00
W001657,W001186,1,1.191917,1,2026-02-23 15:12:00,2026-02-23 15:12:00
W001657,W001376,1,0.545159,1,2026-01-30 11:11:00,2026-01-30 11:11:00
W001658,W000585,1,0.692581,1,2026-06-11 14:21:00,2026-06-11 14:21:00
W001658,W001221,1,0.240387,1,2026-01-12 21:09:00,2026-01-12 21:09:00
W001658,W001447,1,2.112549,1,2026-02-16 19:34:00,2026-02-16 19:34:00
W001659,W000308,1,0.308487,1,2026-02-14 04:08:00,2026-02-14 04:08:00
W001659,W000882,1,1.39709,1,2026-02-09 23:10:00,2026-02-09 23:10:00
W001659,W000982,1,0.277441,1,2026-06-13 06:41:00,2026-06-13 06:41:00
W001659,W001247,1,0.393827,1,2026-01-23 19:26:00,2026-01-23 19:26:00
W001659,W002364,1,0.472154,1,2026-01-02 08:05:00,2026-01-02 08:05:00
W001660,W000631,1,0.490405,1,2026-03-23 09:12:00,2026-03-23 09:12:00
W001660,W001126,1,0.098437,1,2026-01-14 22:30:00,2026-01-14 22:30:00
W001660,W001424,1,0.075876,1,2026-06-08 02:59:00,2026-06-08 02:59:00
W001660,W002152,1,0.565533,1,2026-06-28 05:43:00,2026-06-28 05:43:00
W001660,W002155,1,1.867802,1,2026-04-09 06:13:00,2026-04-09 06:13:00
W001661,W001524,1,0.583921,1,2026-02-13 11:55:00,2026-02-13 11:55:00
W001662,W000220,1,0.445681,1,2026-06-15 00:07:00,2026-06-15 00:07:00
W001662,W000698,1,1.288519,1,2026-04-09 22:12:00,2026-04-09 22:12:00
W001662,W000886,1,0.926114,1,2026-04-11 04:59:00,2026-04-11 04:59:00
W001663,W000174,1,0.912622,1,2026-03-30 01:24:00,2026-03-30 01:24:00
W001663,W000398,1,0.16829,1,2026-06-29 12:55:00,2026-06-29 12:55:00
W001663,W000620,1,0.436161,1,2026-04-07 12:42:00,2026-04-07 12:42:00
W001663,W001434,1,0.548488,1,2026-01-16 00:30:00,2026-01-16 00:30:00
W001663,W001590,1,0.140331,1,2026-05-05 15:36:00,2026-05-05 15:36:00
W001663,W002258,1,0.241483,1,2026-05-25 10:50:00,2026-05-25 10:50:00
W001664,W001834,1,0.784477,1,2026-04-20 18:19:00,2026-04-20 18:19:00
W001665,W002137,1,0.681051,1,2026-04-04 02:12:00,2026-04-04 02:12:00
W001666,W001163,1,1.007503,1,2026-02-09 14:09:00,2026-02-09 14:09:00
W001666,W001534,1,0.272146,1,2026-05-25 17:14:00,2026-05-25 17:14:00
W001666,W001832,1,0.163842,1,2026-02-08 17:01:00,2026-02-08 17:01:00
W001666,W002227,1,1.959722,1,2026-04-27 14:30:00,2026-04-27 14:30:00
W001666,W002472,1,3.167606,1,2026-01-22 10:28:00,2026-01-22 10:28:00
W001668,W000121,1,0.387081,1,2026-03-01 00:47:00,2026-03-01 00:47:00
W001668,W000193,1,0.900601,1,2026-06-03 16:01:00,2026-06-03 16:01:00
W001668,W000804,1,0.372946,1,2026-02-02 23:27:00,2026-02-02 23:27:00
W001668,W001925,1,0.403571,1,2026-05-29 10:28:00,2026-05-29 10:28:00
W001668,W001997,1,0.792789,1,2026-02-14 01:13:00,2026-02-14 01:13:00
W001668,W002013,1,0.405481,1,2026-01-07 14:40:00,2026-01-07 14:40:00
W001668,W002297,1,0.445868,1,2026-04-11 20:51:00,2026-04-11 20:51:00
W001669,W000029,1,1.137046,1,2026-01-05 09:18:00,2026-01-05 09:18:00
W001669,W000654,1,0.357257,1,2026-06-28 15:56:00,2026-06-28 15:56:00
W001669,W001247,1,0.535712,1,2026-03-16 22:21:00,2026-03-16 22:21:00
W001669,W001490,1,0.240753,1,2026-01-23 20:51:00,2026-01-23 20:51:00
W001669,W001530,1,0.452191,1,2026-04-09 10:52:00,2026-04-09 10:52:00
W001669,W001756,1,0.50162,1,2026-05-04 17:18:00,2026-05-04 17:18:00
W001669,W001850,1,0.2847,1,2026-02-25 10:03:00,2026-02-25 10:03:00
W001669,W001981,1,14.437563,1,2026-06-24 02:17:00,2026-06-24 02:17:00
W001669,W002084,1,0.459525,1,2026-06-21 02:03:00,2026-06-21 02:03:00
W001670,W000096,1,0.172997,1,2026-01-14 02:48:00,2026-01-14 02:48:00
W001670,W002289,1,0.549509,1,2026-03-13 00:51:00,2026-03-13 00:51:00
W001671,W001930,1,1.100418,1,2026-04-08 08:23:00,2026-04-08 08:23:00
W001672,W000269,1,1.550743,1,2026-01-10 12:07:00,2026-01-10 12:07:00
W001672,W000473,1,0.211414,1,2026-06-01 12:53:00,2026-06-01 12:53:00
W001672,W001158,1,0.296592,1,2026-05-24 00:22:00,2026-05-24 00:22:00
W001672,W001534,1,0.49177,1,2026-03-05 15:19:00,2026-03-05 15:19:00
W001673,W000432,1,0.430803,1,2026-01-22 00:18:00,2026-01-22 00:18:00
W001673,W001115,1,0.94648,1,2026-04-30 15:09:00,2026-04-30 15:09:00
W001673,W001149,1,0.723943,1,2026-03-14 21:21:00,2026-03-14 21:21:00
W001673,W001653,1,0.328941,1,2026-05-28 10:03:00,2026-05-28 10:03:00
W001673,W001661,1,0.27122,1,2026-03-20 08:20:00,2026-03-20 08:20:00
W001674,W000015,1,1.126186,1,2026-02-04 13:33:00,2026-02-04 13:33:00
W001674,W000827,1,0.095393,1,2026-03-06 15:19:00,2026-03-06 15:19:00
W001674,W002388,1,0.840818,1,2026-01-19 07:53:00,2026-01-19 07:53:00
W001675,W000668,1,0.804522,1,2026-05-16 08:27:00,2026-05-16 08:27:00
W001675,W000826,1,0.418975,1,2026-01-20 03:31:00,2026-01-20 03:31:00
W001675,W001924,1,0.46984,1,2026-04-13 08:07:00,2026-04-13 08:07:00
W001676,W000174,1,0.216792,1,2026-05-05 17:57:00,2026-05-05 17:57:00
W001676,W000923,1,0.312112,1,2026-06-03 00:53:00,2026-06-03 00:53:00
W001676,W001114,1,0.576938,1,2026-02-15 21:45:00,2026-02-15 21:45:00
W001676,W001210,1,3.408314,1,2026-05-18 18:18:00,2026-05-18 18:18:00
W001676,W001569,1,0.424583,1,2026-06-27 10:08:00,2026-06-27 10:08:00
W001676,W001699,1,0.834548,1,2026-03-23 19:35:00,2026-03-23 19:35:00
W001676,W002082,1,0.730606,1,2026-03-03 19:02:00,2026-03-03 19:02:00
W001676,W002247,1,0.198535,1,2026-04-13 03:07:00,2026-04-13 03:07:00
W001676,W002329,1,0.407025,1,2026-06-23 10:42:00,2026-06-23 10:42:00
W001676,W002443,1,1.988916,1,2026-05-20 11:15:00,2026-05-20 11:15:00
W001677,W000246,1,1.122067,1,2026-04-12 03:45:00,2026-04-12 03:45:00
W001677,W000951,1,1.294924,1,2026-01-20 11:53:00,2026-01-20 11:53:00
W001677,W001994,1,1.932428,1,2026-04-18 20:08:00,2026-04-18 20:08:00
W001677,W002227,1,0.323744,1,2026-04-10 03:50:00,2026-04-10 03:50:00
W001678,W001415,1,0.282274,1,2026-06-12 17:14:00,2026-06-12 17:14:00
W001678,W001823,1,0.614934,1,2026-01-12 13:17:00,2026-01-12 13:17:00
W001678,W002397,1,0.173431,1,2026-01-05 02:18:00,2026-01-05 02:18:00
W001679,W000321,1,1.231747,1,2026-02-05 12:02:00,2026-02-05 12:02:00
W001679,W000742,1,1.09552,1,2026-04-22 00:58:00,2026-04-22 00:58:00
W001680,W000488,1,0.27878,1,2026-06-29 15:22:00,2026-06-29 15:22:00
W001680,W001158,1,0.214279,1,2026-04-12 05:12:00,2026-04-12 05:12:00
W001681,W000194,1,0.154653,1,2026-01-10 14:31:00,2026-01-10 14:31:00
W001681,W000383,1,0.370058,1,2026-06-13 11:52:00,2026-06-13 11:52:00
W001681,W000967,1,0.403034,1,2026-04-12 08:01:00,2026-04-12 08:01:00
W001681,W001004,1,0.313517,1,2026-03-25 19:33:00,2026-03-25 19:33:00
W001681,W001654,1,0.606112,1,2026-02-04 06:32:00,2026-02-04 06:32:00
W001682,W001395,1,0.586138,1,2026-02-16 18:12:00,2026-02-16 18:12:00
W001682,W002166,1,0.335598,1,2026-06-12 20:54:00,2026-06-12 20:54:00
W001683,W001029,1,0.618145,1,2026-03-27 06:55:00,2026-03-27 06:55:00
W001683,W002314,1,0.230477,1,2026-01-08 05:41:00,2026-01-08 05:41:00
W001683,W002393,1,0.499413,1,2026-03-11 05:11:00,2026-03-11 05:11:00
W001684,W000155,1,0.650422,1,2026-01-13 23:52:00,2026-01-13 23:52:00
W001684,W001639,1,0.156628,1,2026-05-07 09:49:00,2026-05-07 09:49:00
W001684,W001949,1,11.329961,1,2026-06-21 05:02:00,2026-06-21 05:02:00
W001685,W000320,1,1.967777,1,2026-06-28 23:31:00,2026-06-28 23:31:00
W001685,W001415,1,0.289951,1,2026-01-21 23:03:00,2026-01-21 23:03:00
W001685,W001453,1,1.11079,1,2026-05-24 16:19:00,2026-05-24 16:19:00
W001686,W000124,1,0.310186,1,2026-06-26 21:29:00,2026-06-26 21:29:00
W001686,W000897,1,0.588533,1,2026-06-06 06:54:00,2026-06-06 06:54:00
W001686,W001692,1,0.817788,1,2026-05-26 12:28:00,2026-05-26 12:28:00
W001686,W002020,1,0.218137,1,2026-03-04 14:13:00,2026-03-04 14:13:00
W001686,W002052,1,0.252317,1,2026-06-18 03:11:00,2026-06-18 03:11:00
W001687,W000999,1,0.213327,1,2026-04-02 19:58:00,2026-04-02 19:58:00
W001688,W000034,1,0.317892,1,2026-02-02 15:31:00,2026-02-02 15:31:00
W001688,W000217,1,0.833521,1,2026-06-10 20:04:00,2026-06-10 20:04:00
W001688,W001335,1,0.173412,1,2026-03-20 20:59:00,2026-03-20 20:59:00
W001688,W001367,1,0.100673,1,2026-02-01 15:19:00,2026-02-01 15:19:00
W001688,W002022,1,0.387937,1,2026-06-27 20:47:00,2026-06-27 20:47:00
W001689,W000531,1,0.248068,1,2026-04-10 22:38:00,2026-04-10 22:38:00
W001689,W001340,1,0.849332,1,2026-06-07 17:04:00,2026-06-07 17:04:00
W001689,W002122,1,0.776783,1,2026-06-02 06:52:00,2026-06-02 06:52:00
W001690,W000640,1,0.727875,1,2026-01-03 21:30:00,2026-01-03 21:30:00
W001690,W001806,1,0.116571,1,2026-06-24 23:21:00,2026-06-24 23:21:00
W001691,W000411,1,0.37957,1,2026-03-27 21:49:00,2026-03-27 21:49:00
W001691,W001051,1,0.27685,1,2026-04-10 02:07:00,2026-04-10 02:07:00
W001691,W001054,1,0.958758,1,2026-01-17 21:44:00,2026-01-17 21:44:00
W001691,W001544,1,0.642645,1,2026-03-10 17:01:00,2026-03-10 17:01:00
W001691,W001897,1,0.973738,1,2026-02-11 10:14:00,2026-02-11 10:14:00
W001692,W000413,1,0.218073,1,2026-05-26 22:55:00,2026-05-26 22:55:00
W001692,W001953,1,0.132258,1,2026-06-14 11:22:00,2026-06-14 11:22:00
W001692,W002183,1,0.251708,1,2026-01-11 02:50:00,2026-01-11 02:50:00
W001692,W002277,1,1.540823,1,2026-05-01 02:29:00,2026-05-01 02:29:00
W001693,W000152,1,0.332889,1,2026-01-26 12:35:00,2026-01-26 12:35:00
W001693,W000627,1,0.235405,1,2026-05-15 02:30:00,2026-05-15 02:30:00
W001693,W001105,1,0.188157,1,2026-01-24 17:24:00,2026-01-24 17:24:00
W001693,W001557,1,0.329493,1,2026-04-06 08:29:00,2026-04-06 08:29:00
W001693,W002141,1,1.034263,1,2026-06-09 17:08:00,2026-06-09 17:08:00
W001694,W002169,1,0.327504,1,2026-03-06 02:10:00,2026-03-06 02:10:00
W001694,W002171,1,0.905243,1,2026-05-26 03:14:00,2026-05-26 03:14:00
W001695,W000248,1,2.643025,1,2026-01-23 13:03:00,2026-01-23 13:03:00
W001696,W000308,1,0.23092,1,2026-01-02 01:38:00,2026-01-02 01:38:00
W001696,W000777,1,0.590015,1,2026-06-26 07:27:00,2026-06-26 07:27:00
W001696,W001902,1,0.161919,1,2026-03-17 18:21:00,2026-03-17 18:21:00
W001697,W000769,1,4.827289,1,2026-04-29 12:26:00,2026-04-29 12:26:00
W001697,W000807,1,1.100444,1,2026-05-29 07:22:00,2026-05-29 07:22:00
W001697,W001812,1,1.32397,1,2026-01-19 12:15:00,2026-01-19 12:15:00
W001697,W002058,1,0.331753,1,2026-04-06 08:36:00,2026-04-06 08:36:00
W001698,W000250,1,0.727902,1,2026-04-20 10:23:00,2026-04-20 10:23:00
W001698,W001171,1,0.738018,1,2026-06-12 18:13:00,2026-06-12 18:13:00
W001698,W001994,1,0.953914,1,2026-01-04 00:38:00,2026-01-04 00:38:00
W001699,W001088,1,0.634859,1,2026-01-25 08:22:00,2026-01-25 08:22:00
W001699,W001302,1,0.229796,1,2026-02-15 18:26:00,2026-02-15 18:26:00
W001699,W002371,1,0.336819,1,2026-05-11 03:00:00,2026-05-11 03:00:00
W001700,W000622,1,0.308002,1,2026-03-29 00:37:00,2026-03-29 00:37:00
W001700,W000709,1,0.802802,1,2026-04-17 06:52:00,2026-04-17 06:52:00
W001701,W000623,1,0.405135,1,2026-05-23 00:48:00,2026-05-23 00:48:00
W001701,W001128,1,0.492584,1,2026-01-15 14:59:00,2026-01-15 14:59:00
W001702,W000133,1,0.560556,1,2026-06-12 13:14:00,2026-06-12 13:14:00
W001702,W000479,1,0.849278,1,2026-04-18 12:57:00,2026-04-18 12:57:00
W001702,W001186,1,0.29185,1,2026-03-21 02:40:00,2026-03-21 02:40:00
W001702,W001409,1,0.713059,1,2026-01-14 12:12:00,2026-01-14 12:12:00
W001702,W001573,1,0.935873,1,2026-05-26 10:04:00,2026-05-26 10:04:00
W001703,W000243,1,0.139267,1,2026-04-09 11:13:00,2026-04-09 11:13:00
W001703,W001524,1,0.30076,1,2026-03-26 16:56:00,2026-03-26 16:56:00
W001703,W001543,1,0.316418,1,2026-05-23 14:44:00,2026-05-23 14:44:00
W001703,W002370,1,0.75818,1,2026-06-16 18:27:00,2026-06-16 18:27:00
W001704,W000124,1,0.21209,1,2026-05-28 23:32:00,2026-05-28 23:32:00
W001704,W001023,1,0.537605,1,2026-02-09 16:47:00,2026-02-09 16:47:00
W001704,W001761,1,0.564399,1,2026-01-15 08:19:00,2026-01-15 08:19:00
W001704,W002064,1,0.360602,1,2026-02-07 13:48:00,2026-02-07 13:48:00
W001705,W001726,1,0.16995,1,2026-02-19 12:30:00,2026-02-19 12:30:00
W001705,W001768,1,0.094744,1,2026-02-13 10:26:00,2026-02-13 10:26:00
W001705,W001770,1,0.431409,1,2026-03-11 19:02:00,2026-03-11 19:02:00
W001706,W001130,1,0.143785,1,2026-06-04 10:23:00,2026-06-04 10:23:00
W001706,W001665,1,0.387358,1,2026-05-02 15:16:00,2026-05-02 15:16:00
W001706,W001844,1,0.418592,1,2026-02-26 12:15:00,2026-02-26 12:15:00
W001707,W000477,1,1.009376,1,2026-04-07 03:18:00,2026-04-07 03:18:00
W001707,W000621,1,1.231665,1,2026-05-25 04:55:00,2026-05-25 04:55:00
W001707,W001586,1,0.373015,1,2026-05-01 05:44:00,2026-05-01 05:44:00
W001707,W002216,1,0.205075,1,2026-01-30 16:52:00,2026-01-30 16:52:00
W001708,W000929,1,0.36478,1,2026-05-15 06:11:00,2026-05-15 06:11:00
W001708,W000961,1,0.661582,1,2026-04-14 19:43:00,2026-04-14 19:43:00
W001708,W001318,1,0.190326,1,2026-04-02 21:18:00,2026-04-02 21:18:00
W001708,W002352,1,1.176999,1,2026-01-28 00:01:00,2026-01-28 00:01:00
W001709,W000115,1,0.690619,1,2026-04-10 16:50:00,2026-04-10 16:50:00
W001709,W000725,1,0.430325,1,2026-01-18 08:32:00,2026-01-18 08:32:00
W001709,W001030,1,1.048295,1,2026-04-09 06:10:00,2026-04-09 06:10:00
W001710,W000628,1,0.450392,1,2026-04-11 11:41:00,2026-04-11 11:41:00
W001710,W000678,1,0.534543,1,2026-01-29 13:36:00,2026-01-29 13:36:00
W001710,W001156,1,2.170354,1,2026-05-08 01:24:00,2026-05-08 01:24:00
W001710,W001407,1,0.096732,1,2026-05-29 07:35:00,2026-05-29 07:35:00
W001711,W002314,1,0.697435,1,2026-01-19 12:08:00,2026-01-19 12:08:00
W001712,W001749,1,1.018297,1,2026-05-13 16:37:00,2026-05-13 16:37:00
W001712,W001759,1,0.4709,1,2026-03-04 14:26:00,2026-03-04 14:26:00
W001712,W001873,1,0.50757,1,2026-01-19 23:41:00,2026-01-19 23:41:00
W001713,W000894,1,1.069599,1,2026-01-02 17:38:00,2026-01-02 17:38:00
W001713,W002436,1,0.261129,1,2026-01-25 17:54:00,2026-01-25 17:54:00
W001714,W000301,1,0.146391,1,2026-04-02 07:57:00,2026-04-02 07:57:00
W001714,W000369,1,0.803694,1,2026-06-09 12:32:00,2026-06-09 12:32:00
W001714,W001017,1,0.337459,1,2026-03-31 19:25:00,2026-03-31 19:25:00
W001714,W001195,1,0.481755,1,2026-02-16 16:11:00,2026-02-16 16:11:00
W001714,W001787,1,0.422471,1,2026-02-24 13:31:00,2026-02-24 13:31:00
W001714,W002290,1,0.262797,1,2026-02-02 16:00:00,2026-02-02 16:00:00
W001715,W000875,1,0.400635,1,2026-04-08 07:26:00,2026-04-08 07:26:00
W001715,W001802,1,0.416753,1,2026-01-03 01:00:00,2026-01-03 01:00:00
W001715,W002235,1,0.17407,1,2026-01-04 16:24:00,2026-01-04 16:24:00
W001715,W002290,1,0.44886,1,2026-04-03 01:06:00,2026-04-03 01:06:00
W001716,W000047,1,0.383017,1,2026-02-17 03:19:00,2026-02-17 03:19:00
W001716,W000338,1,0.267396,1,2026-05-09 05:57:00,2026-05-09 05:57:00
W001716,W000587,1,0.460133,1,2026-06-26 06:45:00,2026-06-26 06:45:00
W001716,W002438,1,0.415412,1,2026-03-31 18:43:00,2026-03-31 18:43:00
W001717,W000119,1,1.018147,1,2026-06-06 18:29:00,2026-06-06 18:29:00
W001717,W000657,1,0.282879,1,2026-06-08 18:55:00,2026-06-08 18:55:00
W001717,W001182,1,0.249355,1,2026-05-06 16:34:00,2026-05-06 16:34:00
W001717,W001646,1,0.388253,1,2026-03-06 07:47:00,2026-03-06 07:47:00
W001717,W001847,1,0.347111,1,2026-05-06 21:50:00,2026-05-06 21:50:00
W001718,W000102,1,0.348627,1,2026-02-28 02:27:00,2026-02-28 02:27:00
W001718,W000106,1,5.567558,1,2026-02-22 18:26:00,2026-02-22 18:26:00
W001718,W000380,1,0.215889,1,2026-05-02 02:37:00,2026-05-02 02:37:00
W001718,W000514,1,2.77315,1,2026-03-16 22:22:00,2026-03-16 22:22:00
W001718,W001158,1,0.854078,1,2026-01-13 00:53:00,2026-01-13 00:53:00
W001718,W001413,1,0.779514,1,2026-02-01 10:51:00,2026-02-01 10:51:00
W001719,W001119,1,0.533933,1,2026-03-24 06:26:00,2026-03-24 06:26:00
W001719,W001967,1,0.376174,1,2026-04-20 01:01:00,2026-04-20 01:01:00
W001721,W001021,1,0.254378,1,2026-04-19 13:47:00,2026-04-19 13:47:00
W001721,W001971,1,0.291166,1,2026-05-13 14:23:00,2026-05-13 14:23:00
W001722,W000296,1,0.299212,1,2026-01-03 23:14:00,2026-01-03 23:14:00
W001722,W001706,1,0.609751,1,2026-04-03 21:54:00,2026-04-03 21:54:00
W001723,W000457,1,0.189382,1,2026-06-03 10:21:00,2026-06-03 10:21:00
W001723,W001368,1,0.349658,1,2026-06-03 20:17:00,2026-06-03 20:17:00
W001723,W002167,1,0.415828,1,2026-02-06 13:05:00,2026-02-06 13:05:00
W001723,W002250,1,1.52287,1,2026-06-29 22:39:00,2026-06-29 22:39:00
W001724,W000642,1,0.200566,1,2026-04-03 03:35:00,2026-04-03 03:35:00
W001724,W001179,1,0.262056,1,2026-05-31 14:53:00,2026-05-31 14:53:00
W001724,W001496,1,0.202444,1,2026-04-14 21:34:00,2026-04-14 21:34:00
W001724,W001958,1,1.80282,1,2026-04-27 09:16:00,2026-04-27 09:16:00
W001724,W002111,1,2.384546,1,2026-01-21 07:21:00,2026-01-21 07:21:00
W001724,W002348,1,0.767127,1,2026-06-30 00:59:00,2026-06-30 00:59:00
W001725,W001805,1,0.380565,1,2026-01-08 06:28:00,2026-01-08 06:28:00
W001725,W001819,1,0.799131,1,2026-01-11 17:37:00,2026-01-11 17:37:00
W001725,W002080,1,0.327037,1,2026-03-02 05:10:00,2026-03-02 05:10:00
W001726,W000241,1,0.680599,1,2026-02-19 14:47:00,2026-02-19 14:47:00
W001726,W000244,1,1.840301,1,2026-02-01 17:18:00,2026-02-01 17:18:00
W001726,W000931,1,2.209738,1,2026-01-30 03:31:00,2026-01-30 03:31:00
W001726,W001134,1,0.245918,1,2026-05-05 03:43:00,2026-05-05 03:43:00
W001726,W001292,1,1.240196,1,2026-06-07 04:11:00,2026-06-07 04:11:00
W001726,W002488,1,0.465638,1,2026-02-04 22:27:00,2026-02-04 22:27:00
W001727,W000678,1,1.399394,1,2026-01-20 10:27:00,2026-01-20 10:27:00
W001727,W000795,1,0.437148,1,2026-06-29 14:20:00,2026-06-29 14:20:00
W001727,W000968,1,0.534039,1,2026-01-15 16:04:00,2026-01-15 16:04:00
W001727,W001971,1,0.174666,1,2026-05-23 11:53:00,2026-05-23 11:53:00
W001727,W002424,1,0.257537,1,2026-06-28 06:43:00,2026-06-28 06:43:00
W001727,W002490,1,0.317464,1,2026-04-17 13:53:00,2026-04-17 13:53:00
W001728,W000108,1,1.151167,1,2026-04-16 08:09:00,2026-04-16 08:09:00
W001728,W002330,1,0.229113,1,2026-02-07 19:09:00,2026-02-07 19:09:00
W001729,W000621,1,0.372937,1,2026-04-19 07:36:00,2026-04-19 07:36:00
W001729,W000801,1,0.30968,1,2026-05-27 10:25:00,2026-05-27 10:25:00
W001729,W001107,1,1.980464,1,2026-02-07 15:27:00,2026-02-07 15:27:00
W001729,W001320,1,0.411557,1,2026-02-21 06:16:00,2026-02-21 06:16:00
W001730,W000379,1,0.951656,1,2026-01-21 09:11:00,2026-01-21 09:11:00
W001730,W001813,1,0.499747,1,2026-06-16 10:36:00,2026-06-16 10:36:00
W001730,W002169,1,0.736059,1,2026-03-20 01:13:00,2026-03-20 01:13:00
W001730,W002408,1,0.401278,1,2026-05-08 21:33:00,2026-05-08 21:33:00
W001731,W000499,1,0.872406,1,2026-06-05 12:05:00,2026-06-05 12:05:00
W001731,W001171,1,0.538871,1,2026-06-14 05:12:00,2026-06-14 05:12:00
W001731,W001598,1,0.177459,1,2026-03-17 22:58:00,2026-03-17 22:58:00
W001732,W000562,1,0.527818,1,2026-05-30 06:15:00,2026-05-30 06:15:00
W001732,W001470,1,0.519209,1,2026-05-09 23:53:00,2026-05-09 23:53:00
W001732,W001746,1,0.911636,1,2026-04-16 11:18:00,2026-04-16 11:18:00
W001732,W002168,1,0.451528,1,2026-03-09 00:25:00,2026-03-09 00:25:00
W001732,W002212,1,0.507796,1,2026-04-22 00:03:00,2026-04-22 00:03:00
W001733,W000229,1,0.688522,1,2026-01-04 02:18:00,2026-01-04 02:18:00
W001733,W001340,1,0.224273,1,2026-06-04 17:27:00,2026-06-04 17:27:00
W001733,W002005,1,0.931532,1,2026-04-24 10:07:00,2026-04-24 10:07:00
W001733,W002393,1,0.261445,1,2026-01-16 12:36:00,2026-01-16 12:36:00
W001734,W000532,1,0.201529,1,2026-04-28 02:10:00,2026-04-28 02:10:00
W001734,W000983,1,1.211291,1,2026-02-20 13:02:00,2026-02-20 13:02:00
W001734,W002451,1,1.105623,1,2026-04-14 14:54:00,2026-04-14 14:54:00
W001735,W000480,1,0.17754,1,2026-06-22 18:06:00,2026-06-22 18:06:00
W001735,W000491,1,0.527739,1,2026-05-01 12:08:00,2026-05-01 12:08:00
W001735,W000657,1,0.997982,1,2026-06-28 17:38:00,2026-06-28 17:38:00
W001735,W001531,1,0.291798,1,2026-06-25 13:07:00,2026-06-25 13:07:00
W001735,W001982,1,0.60541,1,2026-06-02 19:34:00,2026-06-02 19:34:00
W001736,W000519,1,0.375478,1,2026-04-19 11:01:00,2026-04-19 11:01:00
W001736,W000706,1,0.462558,1,2026-05-24 02:06:00,2026-05-24 02:06:00
W001736,W001016,1,0.193853,1,2026-05-18 07:59:00,2026-05-18 07:59:00
W001736,W002366,1,1.604904,1,2026-04-13 04:51:00,2026-04-13 04:51:00
W001736,W002415,1,0.380074,1,2026-06-22 15:56:00,2026-06-22 15:56:00
W001737,W000199,1,0.084327,1,2026-04-22 08:37:00,2026-04-22 08:37:00
W001737,W001243,1,0.17577,1,2026-03-05 01:31:00,2026-03-05 01:31:00
W001737,W001345,1,0.918245,1,2026-03-30 23:53:00,2026-03-30 23:53:00
W001737,W001575,1,0.729077,1,2026-06-28 18:55:00,2026-06-28 18:55:00
W001737,W001933,1,2.163168,1,2026-06-13 14:40:00,2026-06-13 14:40:00
W001737,W002085,1,22.321803,1,2026-02-15 15:44:00,2026-02-15 15:44:00
W001738,W001279,1,0.228073,1,2026-05-22 16:12:00,2026-05-22 16:12:00
W001738,W002319,1,0.381293,1,2026-05-25 01:38:00,2026-05-25 01:38:00
W001738,W002425,1,0.579031,1,2026-05-13 10:33:00,2026-05-13 10:33:00
W001739,W001158,1,0.753079,1,2026-02-06 22:10:00,2026-02-06 22:10:00
W001739,W001524,1,0.081449,1,2026-03-08 14:32:00,2026-03-08 14:32:00
W001740,W000117,1,0.224559,1,2026-01-12 22:57:00,2026-01-12 22:57:00
W001740,W001746,1,0.399172,1,2026-01-18 10:32:00,2026-01-18 10:32:00
W001741,W000911,1,0.27929,1,2026-01-21 21:27:00,2026-01-21 21:27:00
W001741,W001330,1,0.213397,1,2026-02-16 09:37:00,2026-02-16 09:37:00
W001741,W002221,1,0.508288,1,2026-04-22 14:25:00,2026-04-22 14:25:00
W001741,W002385,1,0.542711,1,2026-06-19 00:31:00,2026-06-19 00:31:00
W001741,W002430,1,4.313351,1,2026-05-06 07:56:00,2026-05-06 07:56:00
W001742,W000023,1,0.535128,1,2026-05-10 04:14:00,2026-05-10 04:14:00
W001742,W000281,1,0.31523,1,2026-03-31 23:05:00,2026-03-31 23:05:00
W001742,W000641,1,0.513118,1,2026-05-29 04:52:00,2026-05-29 04:52:00
W001742,W001359,1,0.200794,1,2026-04-12 13:36:00,2026-04-12 13:36:00
W001742,W002166,1,0.583819,1,2026-03-01 10:45:00,2026-03-01 10:45:00
W001743,W000373,1,0.434089,1,2026-05-23 04:56:00,2026-05-23 04:56:00
W001743,W001284,1,0.753791,1,2026-06-25 04:58:00,2026-06-25 04:58:00
W001743,W001693,1,0.395776,1,2026-02-12 04:47:00,2026-02-12 04:47:00
W001744,W001264,1,0.436326,1,2026-05-01 16:16:00,2026-05-01 16:16:00
W001744,W001660,1,0.472596,1,2026-02-12 09:08:00,2026-02-12 09:08:00
W001744,W001714,1,0.104299,1,2026-05-02 04:46:00,2026-05-02 04:46:00
W001745,W001366,1,0.2365,1,2026-06-23 10:43:00,2026-06-23 10:43:00
W001745,W001928,1,0.475095,1,2026-01-03 03:49:00,2026-01-03 03:49:00
W001746,W000057,1,0.313787,1,2026-06-02 00:33:00,2026-06-02 00:33:00
W001746,W002203,1,0.967671,1,2026-01-06 13:00:00,2026-01-06 13:00:00
W001746,W002324,1,0.27029,1,2026-02-14 18:51:00,2026-02-14 18:51:00
W001747,W000695,1,0.366441,1,2026-03-11 06:51:00,2026-03-11 06:51:00
W001747,W001172,1,0.446631,1,2026-04-05 02:53:00,2026-04-05 02:53:00
W001747,W001892,1,0.331952,1,2026-04-29 15:01:00,2026-04-29 15:01:00
W001747,W001958,1,0.499081,1,2026-05-31 14:32:00,2026-05-31 14:32:00
W001748,W001554,1,1.248076,1,2026-03-29 17:26:00,2026-03-29 17:26:00
W001749,W000239,1,0.411978,1,2026-04-17 01:47:00,2026-04-17 01:47:00
W001749,W001648,1,0.111416,1,2026-03-10 05:50:00,2026-03-10 05:50:00
W001750,W000239,1,1.006094,1,2026-01-11 23:01:00,2026-01-11 23:01:00
W001750,W001535,1,0.772979,1,2026-05-21 01:53:00,2026-05-21 01:53:00
W001752,W000910,1,0.549782,1,2026-03-17 03:04:00,2026-03-17 03:04:00
W001752,W001162,1,0.265949,1,2026-02-26 10:41:00,2026-02-26 10:41:00
W001752,W001284,1,0.336533,1,2026-05-19 20:59:00,2026-05-19 20:59:00
W001753,W000396,1,1.246068,1,2026-05-04 04:19:00,2026-05-04 04:19:00
W001753,W001196,1,0.253172,1,2026-05-30 22:21:00,2026-05-30 22:21:00
W001753,W001416,1,0.663798,1,2026-06-20 12:11:00,2026-06-20 12:11:00
W001753,W002238,1,1.015978,1,2026-02-25 15:04:00,2026-02-25 15:04:00
W001754,W000121,1,0.773061,1,2026-06-15 16:59:00,2026-06-15 16:59:00
W001754,W000265,1,0.409118,1,2026-05-21 20:36:00,2026-05-21 20:36:00
W001754,W000448,1,0.710058,1,2026-06-16 13:12:00,2026-06-16 13:12:00
W001754,W000500,1,1.402954,1,2026-05-07 19:50:00,2026-05-07 19:50:00
W001754,W001031,1,0.41083,1,2026-05-07 19:09:00,2026-05-07 19:09:00
W001754,W001098,1,0.307004,1,2026-05-20 16:32:00,2026-05-20 16:32:00
W001754,W001529,1,1.085973,1,2026-04-05 16:25:00,2026-04-05 16:25:00
W001754,W002014,1,0.467871,1,2026-02-08 11:21:00,2026-02-08 11:21:00
W001755,W000065,1,0.483889,1,2026-06-18 23:44:00,2026-06-18 23:44:00
W001755,W001166,1,0.848247,1,2026-02-17 13:13:00,2026-02-17 13:13:00
W001755,W001345,1,0.414745,1,2026-03-01 03:10:00,2026-03-01 03:10:00
W001755,W001383,1,0.262622,1,2026-06-24 19:23:00,2026-06-24 19:23:00
W001755,W002010,1,0.281122,1,2026-02-17 18:55:00,2026-02-17 18:55:00
W001756,W000815,1,0.711989,1,2026-06-12 22:16:00,2026-06-12 22:16:00
W001756,W001661,1,1.0496,1,2026-06-03 22:21:00,2026-06-03 22:21:00
W001756,W001866,1,0.8287,1,2026-05-09 09:58:00,2026-05-09 09:58:00
W001757,W000141,1,0.397368,1,2026-04-16 17:42:00,2026-04-16 17:42:00
W001757,W001513,1,0.187083,1,2026-02-15 01:54:00,2026-02-15 01:54:00
W001757,W002003,1,0.760583,1,2026-04-27 11:06:00,2026-04-27 11:06:00
W001758,W001736,1,0.464491,1,2026-05-31 01:18:00,2026-05-31 01:18:00
W001758,W002349,1,0.255881,1,2026-01-16 15:12:00,2026-01-16 15:12:00
W001759,W000036,1,0.776766,1,2026-02-17 23:21:00,2026-02-17 23:21:00
W001759,W000697,1,0.839801,1,2026-05-01 21:14:00,2026-05-01 21:14:00
W001759,W001324,1,0.918427,1,2026-01-15 22:27:00,2026-01-15 22:27:00
W001759,W001480,1,0.410665,1,2026-06-12 15:00:00,2026-06-12 15:00:00
W001759,W001830,1,0.282208,1,2026-03-28 02:33:00,2026-03-28 02:33:00
W001759,W002199,1,1.425965,1,2026-04-26 19:15:00,2026-04-26 19:15:00
W001760,W000242,1,0.272656,1,2026-01-20 08:13:00,2026-01-20 08:13:00
W001760,W002203,1,0.218237,1,2026-02-25 04:27:00,2026-02-25 04:27:00
W001761,W000760,1,0.168553,1,2026-06-04 11:21:00,2026-06-04 11:21:00
W001762,W000259,1,1.776515,1,2026-01-27 04:48:00,2026-01-27 04:48:00
W001762,W001630,1,0.699492,1,2026-06-19 14:49:00,2026-06-19 14:49:00
W001762,W001632,1,0.444852,1,2026-01-24 19:18:00,2026-01-24 19:18:00
W001763,W000059,1,2.174036,1,2026-04-16 12:53:00,2026-04-16 12:53:00
W001763,W002024,1,1.12893,1,2026-02-13 13:46:00,2026-02-13 13:46:00
W001764,W000174,1,0.573228,1,2026-06-16 22:21:00,2026-06-16 22:21:00
W001764,W001192,1,1.061429,1,2026-06-22 15:28:00,2026-06-22 15:28:00
W001764,W001700,1,0.147975,1,2026-04-18 00:54:00,2026-04-18 00:54:00
W001764,W001736,1,0.222585,1,2026-01-08 21:15:00,2026-01-08 21:15:00
W001766,W000928,1,0.906998,1,2026-03-17 03:42:00,2026-03-17 03:42:00
W001766,W001302,1,0.64835,1,2026-01-26 08:41:00,2026-01-26 08:41:00
W001766,W001485,1,0.795607,1,2026-05-13 10:47:00,2026-05-13 10:47:00
W001766,W001998,1,0.456272,1,2026-02-15 02:20:00,2026-02-15 02:20:00
W001766,W002243,1,0.459845,1,2026-06-15 17:08:00,2026-06-15 17:08:00
W001766,W002338,1,0.457854,1,2026-04-11 16:47:00,2026-04-11 16:47:00
W001767,W000059,1,2.225773,1,2026-04-10 16:02:00,2026-04-10 16:02:00
W001767,W000783,1,1.108763,1,2026-05-27 14:14:00,2026-05-27 14:14:00
W001767,W000984,1,0.318196,1,2026-05-07 16:49:00,2026-05-07 16:49:00
W001767,W001286,1,1.096031,1,2026-03-16 05:37:00,2026-03-16 05:37:00
W001768,W001730,1,0.917997,1,2026-01-09 00:00:00,2026-01-09 00:00:00
W001768,W001981,1,0.248612,1,2026-05-11 02:13:00,2026-05-11 02:13:00
W001768,W002053,1,0.190005,1,2026-04-20 16:47:00,2026-04-20 16:47:00
W001769,W000358,1,0.690372,1,2026-06-26 02:06:00,2026-06-26 02:06:00
W001769,W000614,1,0.300703,1,2026-03-07 08:33:00,2026-03-07 08:33:00
W001769,W000773,1,0.171912,1,2026-05-16 13:44:00,2026-05-16 13:44:00
W001769,W000813,1,0.560596,1,2026-03-21 15:11:00,2026-03-21 15:11:00
W001770,W000558,1,0.869399,1,2026-04-06 16:26:00,2026-04-06 16:26:00
W001770,W001125,1,0.268775,1,2026-02-03 17:07:00,2026-02-03 17:07:00
W001771,W000411,1,0.515713,1,2026-02-21 15:06:00,2026-02-21 15:06:00
W001771,W000463,1,0.226894,1,2026-06-23 13:40:00,2026-06-23 13:40:00
W001771,W001524,1,0.815124,1,2026-05-09 09:21:00,2026-05-09 09:21:00
W001771,W001999,1,0.63095,1,2026-01-14 18:42:00,2026-01-14 18:42:00
W001771,W002091,1,0.296279,1,2026-02-24 23:04:00,2026-02-24 23:04:00
W001771,W002330,1,0.499374,1,2026-05-05 05:15:00,2026-05-05 05:15:00
W001771,W002432,1,0.395954,1,2026-02-04 12:33:00,2026-02-04 12:33:00
W001772,W000763,1,0.376676,1,2026-06-17 11:42:00,2026-06-17 11:42:00
W001772,W000943,1,0.576892,1,2026-01-27 00:00:00,2026-01-27 00:00:00
W001772,W000948,1,1.10547,1,2026-03-24 14:10:00,2026-03-24 14:10:00
W001772,W001415,1,1.032647,1,2026-03-14 08:23:00,2026-03-14 08:23:00
W001772,W001767,1,0.364137,1,2026-06-07 08:05:00,2026-06-07 08:05:00
W001772,W002095,1,0.79568,1,2026-06-25 15:51:00,2026-06-25 15:51:00
W001772,W002283,1,0.412342,1,2026-01-21 16:10:00,2026-01-21 16:10:00
W001773,W000782,1,0.192636,1,2026-05-23 16:18:00,2026-05-23 16:18:00
W001773,W001869,1,0.543751,1,2026-04-11 21:53:00,2026-04-11 21:53:00
W001773,W001936,1,0.215473,1,2026-03-12 22:01:00,2026-03-12 22:01:00
W001773,W002404,1,0.197851,1,2026-03-03 16:05:00,2026-03-03 16:05:00
W001774,W000704,1,0.384532,1,2026-02-12 06:04:00,2026-02-12 06:04:00
W001774,W001657,1,0.569646,1,2026-05-30 11:14:00,2026-05-30 11:14:00
W001774,W002087,1,0.861007,1,2026-05-23 01:06:00,2026-05-23 01:06:00
W001774,W002476,1,0.432708,1,2026-04-04 12:47:00,2026-04-04 12:47:00
W001775,W001920,1,0.286782,1,2026-02-02 02:39:00,2026-02-02 02:39:00
W001775,W001964,1,0.972195,1,2026-04-07 11:42:00,2026-04-07 11:42:00
W001775,W002165,1,0.172459,1,2026-04-24 03:34:00,2026-04-24 03:34:00
W001775,W002362,1,0.710907,1,2026-05-06 01:44:00,2026-05-06 01:44:00
W001776,W000196,1,0.489893,1,2026-06-29 03:35:00,2026-06-29 03:35:00
W001776,W001135,1,1.002202,1,2026-01-03 09:11:00,2026-01-03 09:11:00
W001776,W001435,1,0.224269,1,2026-05-25 06:00:00,2026-05-25 06:00:00
W001776,W002318,1,0.80815,1,2026-01-09 03:12:00,2026-01-09 03:12:00
W001777,W001749,1,0.699403,1,2026-06-07 14:54:00,2026-06-07 14:54:00
W001777,W001838,1,0.943201,1,2026-03-10 21:34:00,2026-03-10 21:34:00
W001779,W000581,1,0.207825,1,2026-05-07 17:11:00,2026-05-07 17:11:00
W001779,W000962,1,0.531806,1,2026-01-23 01:41:00,2026-01-23 01:41:00
W001779,W000969,1,0.592893,1,2026-06-22 02:36:00,2026-06-22 02:36:00
W001779,W000987,1,0.128458,1,2026-06-06 06:41:00,2026-06-06 06:41:00
W001779,W001023,1,3.942803,1,2026-02-12 16:21:00,2026-02-12 16:21:00
W001779,W001422,1,0.61578,1,2026-05-20 13:04:00,2026-05-20 13:04:00
W001779,W002134,1,0.476905,1,2026-06-07 09:43:00,2026-06-07 09:43:00
W001780,W001120,1,2.138843,1,2026-03-28 09:53:00,2026-03-28 09:53:00
W001781,W000869,1,0.648001,1,2026-02-12 05:33:00,2026-02-12 05:33:00
W001781,W000941,1,0.345249,1,2026-03-20 14:04:00,2026-03-20 14:04:00
W001781,W001356,1,0.664049,1,2026-05-21 22:49:00,2026-05-21 22:49:00
W001781,W001410,1,0.28861,1,2026-02-05 19:19:00,2026-02-05 19:19:00
W001781,W001586,1,0.413937,1,2026-03-08 08:10:00,2026-03-08 08:10:00
W001782,W000703,1,0.352012,1,2026-05-02 09:18:00,2026-05-02 09:18:00
W001782,W000714,1,0.380492,1,2026-01-17 01:44:00,2026-01-17 01:44:00
W001782,W002104,1,0.309899,1,2026-03-07 22:48:00,2026-03-07 22:48:00
W001783,W001596,1,0.587698,1,2026-06-27 11:05:00,2026-06-27 11:05:00
W001783,W002157,1,0.482786,1,2026-06-05 05:38:00,2026-06-05 05:38:00
W001783,W002182,1,0.532495,1,2026-05-24 21:30:00,2026-05-24 21:30:00
W001784,W000216,1,0.862271,1,2026-04-03 22:51:00,2026-04-03 22:51:00
W001784,W000269,1,0.275197,1,2026-01-02 18:41:00,2026-01-02 18:41:00
W001784,W000396,1,1.631129,1,2026-05-22 16:19:00,2026-05-22 16:19:00
W001784,W000840,1,0.439022,1,2026-04-01 19:10:00,2026-04-01 19:10:00
W001785,W001521,1,0.454377,1,2026-04-01 17:18:00,2026-04-01 17:18:00
W001785,W002264,1,0.327281,1,2026-05-23 01:07:00,2026-05-23 01:07:00
W001785,W002467,1,0.384061,1,2026-01-14 13:30:00,2026-01-14 13:30:00
W001786,W000581,1,1.347921,1,2026-03-22 18:50:00,2026-03-22 18:50:00
W001786,W000909,1,0.447707,1,2026-03-17 08:53:00,2026-03-17 08:53:00
W001786,W001002,1,0.281612,1,2026-04-19 14:56:00,2026-04-19 14:56:00
W001786,W001536,1,0.156817,1,2026-04-06 09:58:00,2026-04-06 09:58:00
W001786,W001598,1,0.440109,1,2026-02-09 20:56:00,2026-02-09 20:56:00
W001786,W001766,1,0.627169,1,2026-04-05 01:02:00,2026-04-05 01:02:00
W001786,W001805,1,0.200998,1,2026-03-05 08:39:00,2026-03-05 08:39:00
W001786,W002110,1,0.094193,1,2026-05-25 16:45:00,2026-05-25 16:45:00
W001787,W001640,1,0.155313,1,2026-03-18 14:37:00,2026-03-18 14:37:00
W001787,W001685,1,0.718289,1,2026-06-13 12:00:00,2026-06-13 12:00:00
W001787,W001935,1,1.216568,1,2026-01-13 11:37:00,2026-01-13 11:37:00
W001788,W000542,1,0.348553,1,2026-01-24 09:21:00,2026-01-24 09:21:00
W001788,W000721,1,0.524252,1,2026-05-02 14:53:00,2026-05-02 14:53:00
W001788,W001173,1,0.368781,1,2026-04-02 08:28:00,2026-04-02 08:28:00
W001789,W001161,1,0.663405,1,2026-06-24 12:23:00,2026-06-24 12:23:00
W001789,W001204,1,1.498847,1,2026-03-02 09:12:00,2026-03-02 09:12:00
W001789,W002498,1,0.386212,1,2026-02-08 02:27:00,2026-02-08 02:27:00
W001790,W000227,1,0.489672,1,2026-03-27 22:44:00,2026-03-27 22:44:00
W001791,W000253,1,0.310308,1,2026-06-01 04:28:00,2026-06-01 04:28:00
W001791,W002059,1,0.409385,1,2026-05-14 15:11:00,2026-05-14 15:11:00
W001791,W002486,1,0.451862,1,2026-04-07 06:31:00,2026-04-07 06:31:00
W001792,W000279,1,2.656713,1,2026-04-14 06:08:00,2026-04-14 06:08:00
W001792,W000783,1,0.480773,1,2026-05-13 00:43:00,2026-05-13 00:43:00
W001792,W001668,1,0.98529,1,2026-02-15 04:35:00,2026-02-15 04:35:00
W001792,W002139,1,1.536374,1,2026-02-27 13:43:00,2026-02-27 13:43:00
W001793,W000116,1,0.125551,1,2026-03-04 03:38:00,2026-03-04 03:38:00
W001793,W000398,1,2.144645,1,2026-01-21 20:07:00,2026-01-21 20:07:00
W001793,W000406,1,0.17643,1,2026-04-14 19:32:00,2026-04-14 19:32:00
W001793,W000569,1,1.445752,1,2026-02-25 11:51:00,2026-02-25 11:51:00
W001793,W000727,1,0.219277,1,2026-05-04 01:44:00,2026-05-04 01:44:00
W001793,W000934,1,0.702908,1,2026-02-28 13:37:00,2026-02-28 13:37:00
W001793,W001197,1,1.941507,1,2026-02-26 02:55:00,2026-02-26 02:55:00
W001793,W002464,1,0.536295,1,2026-02-11 02:37:00,2026-02-11 02:37:00
W001794,W000194,1,0.29008,1,2026-01-15 03:24:00,2026-01-15 03:24:00
W001794,W000511,1,0.920651,1,2026-03-26 14:56:00,2026-03-26 14:56:00
W001794,W000608,1,0.204682,1,2026-06-13 12:55:00,2026-06-13 12:55:00
W001794,W001734,1,0.16513,1,2026-02-07 12:18:00,2026-02-07 12:18:00
W001794,W001831,1,0.402266,1,2026-06-15 19:53:00,2026-06-15 19:53:00
W001794,W002200,1,0.785918,1,2026-03-28 07:39:00,2026-03-28 07:39:00
W001796,W001060,1,0.755852,1,2026-04-05 10:47:00,2026-04-05 10:47:00
W001796,W001321,1,0.277284,1,2026-05-09 13:22:00,2026-05-09 13:22:00
W001796,W001349,1,0.771061,1,2026-01-24 05:30:00,2026-01-24 05:30:00
W001796,W002305,1,0.230617,1,2026-04-24 21:14:00,2026-04-24 21:14:00
W001797,W000461,1,0.49663,1,2026-02-25 10:44:00,2026-02-25 10:44:00
W001797,W000744,1,0.715331,1,2026-04-21 01:21:00,2026-04-21 01:21:00
W001797,W000988,1,0.663573,1,2026-04-29 14:09:00,2026-04-29 14:09:00
W001797,W001398,1,0.177238,1,2026-03-19 01:07:00,2026-03-19 01:07:00
W001797,W002319,1,0.583154,1,2026-02-10 01:38:00,2026-02-10 01:38:00
W001797,W002494,1,0.996926,1,2026-01-16 00:02:00,2026-01-16 00:02:00
W001798,W000027,1,0.393544,1,2026-05-26 21:04:00,2026-05-26 21:04:00
W001798,W000142,1,0.457157,1,2026-02-05 21:34:00,2026-02-05 21:34:00
W001798,W000839,1,0.295488,1,2026-05-03 20:06:00,2026-05-03 20:06:00
W001798,W001881,1,1.868859,1,2026-05-17 00:42:00,2026-05-17 00:42:00
W001798,W002391,1,0.221507,1,2026-04-12 18:40:00,2026-04-12 18:40:00
W001798,W002417,1,0.209774,1,2026-01-22 08:56:00,2026-01-22 08:56:00
W001799,W000353,1,0.226364,1,2026-06-01 09:35:00,2026-06-01 09:35:00
W001799,W000694,1,0.613502,1,2026-01-03 03:31:00,2026-01-03 03:31:00
W001799,W000849,1,0.399032,1,2026-06-23 03:51:00,2026-06-23 03:51:00
W001799,W000942,1,1.156985,1,2026-01-06 12:30:00,2026-01-06 12:30:00
W001799,W001193,1,0.574015,1,2026-02-19 13:01:00,2026-02-19 13:01:00
W001799,W001342,1,0.483035,1,2026-05-30 06:42:00,2026-05-30 06:42:00
W001799,W001668,1,0.26022,1,2026-06-29 09:41:00,2026-06-29 09:41:00
W001799,W002313,1,0.334457,1,2026-02-01 09:37:00,2026-02-01 09:37:00
W001800,W000457,1,0.260061,1,2026-06-14 17:28:00,2026-06-14 17:28:00
W001800,W001146,1,0.772832,1,2026-05-20 10:21:00,2026-05-20 10:21:00
W001801,W000385,1,0.563189,1,2026-06-12 02:09:00,2026-06-12 02:09:00
W001802,W000038,1,0.230478,1,2026-02-23 14:01:00,2026-02-23 14:01:00
W001802,W000994,1,1.624494,1,2026-01-22 23:50:00,2026-01-22 23:50:00
W001802,W001058,1,0.748486,1,2026-05-03 07:40:00,2026-05-03 07:40:00
W001802,W001926,1,0.495698,1,2026-02-14 21:24:00,2026-02-14 21:24:00
W001803,W000121,1,0.425644,1,2026-03-03 23:25:00,2026-03-03 23:25:00
W001803,W000146,1,1.159045,1,2026-01-04 05:51:00,2026-01-04 05:51:00
W001803,W000858,1,0.687292,1,2026-03-16 16:18:00,2026-03-16 16:18:00
W001803,W000972,1,0.133956,1,2026-05-19 23:05:00,2026-05-19 23:05:00
W001803,W001171,1,0.195127,1,2026-01-07 13:05:00,2026-01-07 13:05:00
W001803,W001929,1,1.022355,1,2026-04-30 07:45:00,2026-04-30 07:45:00
W001804,W000092,1,0.189579,1,2026-02-02 18:30:00,2026-02-02 18:30:00
W001804,W000222,1,0.685424,1,2026-06-17 04:36:00,2026-06-17 04:36:00
W001804,W001121,1,0.512601,1,2026-01-29 00:36:00,2026-01-29 00:36:00
W001804,W002075,1,0.266341,1,2026-04-22 09:02:00,2026-04-22 09:02:00
W001804,W002110,1,7.414856,1,2026-02-06 10:55:00,2026-02-06 10:55:00
W001805,W000272,1,0.434039,1,2026-03-03 03:00:00,2026-03-03 03:00:00
W001805,W000595,1,0.678322,1,2026-03-29 21:37:00,2026-03-29 21:37:00
W001805,W000972,1,0.352024,1,2026-01-22 01:56:00,2026-01-22 01:56:00
W001805,W002054,1,0.82496,1,2026-02-22 19:07:00,2026-02-22 19:07:00
W001805,W002076,1,1.461096,1,2026-01-07 11:58:00,2026-01-07 11:58:00
W001805,W002362,1,0.228973,1,2026-05-10 18:22:00,2026-05-10 18:22:00
W001806,W000309,1,0.773001,1,2026-03-30 01:48:00,2026-03-30 01:48:00
W001806,W000393,1,0.389197,1,2026-06-21 18:46:00,2026-06-21 18:46:00
W001806,W001959,1,1.07967,1,2026-03-09 13:28:00,2026-03-09 13:28:00
W001806,W002336,1,0.280517,1,2026-05-15 06:39:00,2026-05-15 06:39:00
W001807,W000105,1,0.791247,1,2026-05-05 17:15:00,2026-05-05 17:15:00
W001807,W000362,1,0.594972,1,2026-01-24 20:57:00,2026-01-24 20:57:00
W001807,W001454,1,0.063844,1,2026-02-03 12:58:00,2026-02-03 12:58:00
W001807,W001620,1,0.439692,1,2026-06-14 07:09:00,2026-06-14 07:09:00
W001808,W000378,1,1.192833,1,2026-04-07 02:03:00,2026-04-07 02:03:00
W001808,W000905,1,0.527758,1,2026-03-03 11:54:00,2026-03-03 11:54:00
W001808,W001067,1,0.076048,1,2026-01-11 18:31:00,2026-01-11 18:31:00
W001808,W002261,1,0.125363,1,2026-03-15 16:37:00,2026-03-15 16:37:00
W001808,W002389,1,0.36187,1,2026-05-29 21:48:00,2026-05-29 21:48:00
W001809,W000064,1,0.880073,1,2026-03-24 06:21:00,2026-03-24 06:21:00
W001809,W001426,1,0.31364,1,2026-01-10 12:38:00,2026-01-10 12:38:00
W001809,W001977,1,0.158414,1,2026-03-08 08:03:00,2026-03-08 08:03:00
W001810,W001051,1,0.147338,1,2026-03-08 00:08:00,2026-03-08 00:08:00
W001810,W002190,1,0.310402,1,2026-02-20 16:42:00,2026-02-20 16:42:00
W001811,W000282,1,0.57735,1,2026-05-14 20:15:00,2026-05-14 20:15:00
W001811,W000519,1,0.128899,1,2026-04-05 07:37:00,2026-04-05 07:37:00
W001811,W001248,1,0.235411,1,2026-03-16 08:06:00,2026-03-16 08:06:00
W001811,W001574,1,0.047501,1,2026-05-19 23:20:00,2026-05-19 23:20:00
W001811,W001627,1,0.425837,1,2026-01-29 19:21:00,2026-01-29 19:21:00
W001812,W000836,1,0.610816,1,2026-05-03 01:24:00,2026-05-03 01:24:00
W001813,W001293,1,0.441953,1,2026-01-07 10:01:00,2026-01-07 10:01:00
W001813,W002315,1,0.53889,1,2026-06-18 07:32:00,2026-06-18 07:32:00
W001814,W000609,1,4.081384,1,2026-01-12 13:23:00,2026-01-12 13:23:00
W001814,W000734,1,0.2954,1,2026-01-05 05:42:00,2026-01-05 05:42:00
W001814,W000978,1,0.358361,1,2026-05-16 07:43:00,2026-05-16 07:43:00
W001814,W001427,1,2.385223,1,2026-01-14 11:40:00,2026-01-14 11:40:00
W001814,W001498,1,0.311176,1,2026-06-02 02:59:00,2026-06-02 02:59:00
W001814,W001839,1,1.102969,1,2026-06-18 14:06:00,2026-06-18 14:06:00
W001815,W000231,1,0.860315,1,2026-06-29 01:44:00,2026-06-29 01:44:00
W001815,W000713,1,1.016768,1,2026-01-28 20:05:00,2026-01-28 20:05:00
W001815,W000885,1,0.594175,1,2026-02-20 01:07:00,2026-02-20 01:07:00
W001815,W001008,1,0.465401,1,2026-02-16 12:32:00,2026-02-16 12:32:00
W001815,W001339,1,0.506455,1,2026-02-26 22:08:00,2026-02-26 22:08:00
W001815,W002324,1,0.367262,1,2026-05-29 15:06:00,2026-05-29 15:06:00
W001815,W002478,1,0.903185,1,2026-04-05 10:26:00,2026-04-05 10:26:00
W001816,W001579,1,0.096095,1,2026-04-16 17:45:00,2026-04-16 17:45:00
W001816,W002494,1,0.2832,1,2026-01-04 01:25:00,2026-01-04 01:25:00
W001817,W000757,1,0.337969,1,2026-06-07 14:16:00,2026-06-07 14:16:00
W001817,W001337,1,0.687795,1,2026-03-09 11:10:00,2026-03-09 11:10:00
W001817,W002170,1,0.279679,1,2026-01-08 07:19:00,2026-01-08 07:19:00
W001817,W002473,1,2.044401,1,2026-03-22 04:59:00,2026-03-22 04:59:00
W001818,W001585,1,0.518923,1,2026-06-14 16:55:00,2026-06-14 16:55:00
W001818,W001642,1,0.110926,1,2026-04-21 23:17:00,2026-04-21 23:17:00
W001819,W000077,1,0.226483,1,2026-04-28 22:51:00,2026-04-28 22:51:00
W001819,W000179,1,0.217425,1,2026-04-19 03:25:00,2026-04-19 03:25:00
W001819,W001274,1,0.390678,1,2026-03-20 13:33:00,2026-03-20 13:33:00
W001820,W000187,1,0.282545,1,2026-05-18 23:58:00,2026-05-18 23:58:00
W001820,W000604,1,0.269042,1,2026-05-04 00:38:00,2026-05-04 00:38:00
W001820,W001136,1,0.605974,1,2026-04-17 08:32:00,2026-04-17 08:32:00
W001820,W001586,1,0.709056,1,2026-01-22 08:41:00,2026-01-22 08:41:00
W001820,W001726,1,0.278081,1,2026-04-27 11:17:00,2026-04-27 11:17:00
W001820,W001819,1,0.472865,1,2026-02-26 19:17:00,2026-02-26 19:17:00
W001820,W001993,1,1.038858,1,2026-05-04 11:11:00,2026-05-04 11:11:00
W001820,W002317,1,0.996409,1,2026-04-01 05:42:00,2026-04-01 05:42:00
W001821,W000151,1,7.676273,1,2026-06-12 08:02:00,2026-06-12 08:02:00
W001821,W000292,1,0.264067,1,2026-01-11 18:29:00,2026-01-11 18:29:00
W001821,W000443,1,0.855785,1,2026-01-10 02:23:00,2026-01-10 02:23:00
W001821,W001927,1,0.171872,1,2026-06-12 04:22:00,2026-06-12 04:22:00
W001822,W000215,1,1.163557,1,2026-01-28 02:29:00,2026-01-28 02:29:00
W001822,W000370,1,0.198855,1,2026-02-09 09:07:00,2026-02-09 09:07:00
W001822,W000384,1,1.087622,1,2026-03-14 15:09:00,2026-03-14 15:09:00
W001822,W000743,1,0.382635,1,2026-01-17 08:41:00,2026-01-17 08:41:00
W001823,W000671,1,5.096174,1,2026-06-22 02:23:00,2026-06-22 02:23:00
W001823,W002195,1,0.944019,1,2026-01-20 13:21:00,2026-01-20 13:21:00
W001823,W002240,1,0.446287,1,2026-06-06 15:42:00,2026-06-06 15:42:00
W001824,W000517,1,1.199551,1,2026-02-20 01:25:00,2026-02-20 01:25:00
W001824,W000659,1,1.037955,1,2026-05-01 14:59:00,2026-05-01 14:59:00
W001824,W002403,1,0.530303,1,2026-01-17 11:13:00,2026-01-17 11:13:00
W001825,W000225,1,0.452483,1,2026-02-20 12:27:00,2026-02-20 12:27:00
W001825,W000327,1,0.5887,1,2026-02-12 03:20:00,2026-02-12 03:20:00
W001825,W000795,1,0.300924,1,2026-03-08 02:52:00,2026-03-08 02:52:00
W001825,W002340,1,0.752887,1,2026-01-16 21:17:00,2026-01-16 21:17:00
W001825,W002477,1,0.765663,1,2026-03-05 16:09:00,2026-03-05 16:09:00
W001826,W001326,1,7.747296,1,2026-02-22 05:30:00,2026-02-22 05:30:00
W001826,W001765,1,0.332243,1,2026-02-10 03:24:00,2026-02-10 03:24:00
W001826,W002310,1,0.518396,1,2026-06-15 01:22:00,2026-06-15 01:22:00
W001827,W000489,1,1.066806,1,2026-01-04 01:51:00,2026-01-04 01:51:00
W001827,W000598,1,0.878134,1,2026-05-21 18:45:00,2026-05-21 18:45:00
W001827,W001705,1,0.377612,1,2026-04-08 04:19:00,2026-04-08 04:19:00
W001827,W001914,1,0.27899,1,2026-02-18 16:15:00,2026-02-18 16:15:00
W001827,W002330,1,0.93336,1,2026-03-13 03:30:00,2026-03-13 03:30:00
W001828,W000849,1,0.190528,1,2026-01-09 23:40:00,2026-01-09 23:40:00
W001828,W001389,1,0.527245,1,2026-01-23 12:19:00,2026-01-23 12:19:00
W001829,W000882,1,0.337484,1,2026-03-04 05:38:00,2026-03-04 05:38:00
W001829,W001475,1,0.449035,1,2026-02-04 14:36:00,2026-02-04 14:36:00
W001829,W002087,1,0.693706,1,2026-03-04 06:55:00,2026-03-04 06:55:00
W001830,W001678,1,0.640067,1,2026-02-26 10:01:00,2026-02-26 10:01:00
W001832,W000630,1,1.282379,1,2026-02-02 09:10:00,2026-02-02 09:10:00
W001832,W001188,1,0.292128,1,2026-02-20 19:08:00,2026-02-20 19:08:00
W001832,W001509,1,1.468645,1,2026-05-18 11:45:00,2026-05-18 11:45:00
W001833,W000211,1,0.213077,1,2026-02-23 07:35:00,2026-02-23 07:35:00
W001833,W000531,1,0.234878,1,2026-01-29 14:45:00,2026-01-29 14:45:00
W001833,W002114,1,0.292036,1,2026-01-27 02:10:00,2026-01-27 02:10:00
W001834,W000146,1,0.320821,1,2026-02-17 02:28:00,2026-02-17 02:28:00
W001834,W000291,1,0.492739,1,2026-04-12 07:09:00,2026-04-12 07:09:00
W001834,W000366,1,0.168963,1,2026-02-14 00:33:00,2026-02-14 00:33:00
W001834,W000770,1,0.240516,1,2026-01-03 06:26:00,2026-01-03 06:26:00
W001834,W000860,1,0.167087,1,2026-01-19 04:28:00,2026-01-19 04:28:00
W001834,W002126,1,0.929553,1,2026-01-09 17:27:00,2026-01-09 17:27:00
W001835,W000100,1,0.201455,1,2026-01-31 01:34:00,2026-01-31 01:34:00
W001835,W000191,1,0.474356,1,2026-06-09 12:31:00,2026-06-09 12:31:00
W001835,W001734,1,0.753428,1,2026-04-12 07:29:00,2026-04-12 07:29:00
W001835,W002148,1,0.75954,1,2026-05-02 01:06:00,2026-05-02 01:06:00
W001836,W000819,1,0.464457,1,2026-06-17 07:16:00,2026-06-17 07:16:00
W001836,W002491,1,0.389269,1,2026-03-25 21:44:00,2026-03-25 21:44:00
W001837,W000459,1,1.279619,1,2026-05-07 00:19:00,2026-05-07 00:19:00
W001837,W000737,1,0.875492,1,2026-04-09 06:58:00,2026-04-09 06:58:00
W001837,W001604,1,0.708673,1,2026-04-29 11:23:00,2026-04-29 11:23:00
W001837,W002033,1,0.144314,1,2026-04-23 10:35:00,2026-04-23 10:35:00
W001837,W002200,1,0.08819,1,2026-05-29 13:21:00,2026-05-29 13:21:00
W001837,W002328,1,0.170427,1,2026-04-14 20:39:00,2026-04-14 20:39:00
W001838,W000095,1,0.616495,1,2026-04-04 13:29:00,2026-04-04 13:29:00
W001838,W000584,1,0.246252,1,2026-06-02 05:16:00,2026-06-02 05:16:00
W001840,W000076,1,0.326526,1,2026-01-17 13:19:00,2026-01-17 13:19:00
W001840,W001386,1,0.293302,1,2026-05-24 22:39:00,2026-05-24 22:39:00
W001841,W000092,1,0.20095,1,2026-06-07 05:46:00,2026-06-07 05:46:00
W001842,W000709,1,0.281746,1,2026-01-05 09:32:00,2026-01-05 09:32:00
W001842,W001024,1,4.750288,1,2026-03-28 10:11:00,2026-03-28 10:11:00
W001842,W001364,1,1.565943,1,2026-04-28 16:57:00,2026-04-28 16:57:00
W001842,W001977,1,0.947273,1,2026-01-18 09:15:00,2026-01-18 09:15:00
W001842,W002007,1,0.635827,1,2026-05-02 03:18:00,2026-05-02 03:18:00
W001843,W000602,1,0.219802,1,2026-01-30 14:17:00,2026-01-30 14:17:00
W001843,W001048,1,1.144733,1,2026-06-02 22:08:00,2026-06-02 22:08:00
W001843,W001430,1,3.238798,1,2026-03-07 17:49:00,2026-03-07 17:49:00
W001843,W001744,1,0.273184,1,2026-01-03 17:33:00,2026-01-03 17:33:00
W001844,W000248,1,0.596868,1,2026-03-06 03:33:00,2026-03-06 03:33:00
W001844,W000479,1,0.633352,1,2026-01-05 10:14:00,2026-01-05 10:14:00
W001844,W000677,1,0.117082,1,2026-02-16 23:54:00,2026-02-16 23:54:00
W001844,W001405,1,0.190284,1,2026-05-27 09:36:00,2026-05-27 09:36:00
W001844,W001936,1,0.814261,1,2026-01-06 01:20:00,2026-01-06 01:20:00
W001844,W002226,1,0.316838,1,2026-06-02 04:08:00,2026-06-02 04:08:00
W001844,W002368,1,2.095862,1,2026-01-07 16:20:00,2026-01-07 16:20:00
W001845,W001906,1,1.388209,1,2026-01-30 10:50:00,2026-01-30 10:50:00
W001845,W002210,1,0.092435,1,2026-04-15 17:45:00,2026-04-15 17:45:00
W001846,W000026,1,0.514553,1,2026-06-28 01:01:00,2026-06-28 01:01:00
W001846,W000072,1,1.181411,1,2026-05-30 10:03:00,2026-05-30 10:03:00
W001846,W000850,1,0.471854,1,2026-01-12 16:28:00,2026-01-12 16:28:00
W001846,W001980,1,0.250145,1,2026-04-11 03:17:00,2026-04-11 03:17:00
W001846,W002001,1,2.599181,1,2026-06-13 22:42:00,2026-06-13 22:42:00
W001846,W002100,1,0.498161,1,2026-06-30 01:08:00,2026-06-30 01:08:00
W001848,W001654,1,0.883692,1,2026-02-21 09:59:00,2026-02-21 09:59:00
W001849,W000151,1,0.43166,1,2026-01-02 23:26:00,2026-01-02 23:26:00
W001849,W000223,1,0.41094,1,2026-04-05 05:35:00,2026-04-05 05:35:00
W001849,W000305,1,0.340543,1,2026-06-22 06:22:00,2026-06-22 06:22:00
W001849,W001822,1,0.226647,1,2026-06-15 16:44:00,2026-06-15 16:44:00
W001849,W002318,1,0.382555,1,2026-06-09 09:07:00,2026-06-09 09:07:00
W001850,W000497,1,0.671464,1,2026-04-01 23:49:00,2026-04-01 23:49:00
W001850,W002152,1,0.504314,1,2026-02-19 16:00:00,2026-02-19 16:00:00
W001851,W000048,1,0.631785,1,2026-06-24 04:31:00,2026-06-24 04:31:00
W001851,W000282,1,0.871865,1,2026-04-01 17:20:00,2026-04-01 17:20:00
W001851,W000482,1,1.123343,1,2026-02-25 16:19:00,2026-02-25 16:19:00
W001851,W000638,1,0.575688,1,2026-05-13 16:53:00,2026-05-13 16:53:00
W001851,W001466,1,0.593222,1,2026-05-08 07:52:00,2026-05-08 07:52:00
W001851,W001547,1,0.284822,1,2026-02-21 23:43:00,2026-02-21 23:43:00
W001851,W001554,1,1.701426,1,2026-04-24 17:26:00,2026-04-24 17:26:00
W001852,W000085,1,0.64789,1,2026-05-09 08:24:00,2026-05-09 08:24:00
W001852,W000170,1,4.293044,1,2026-03-10 10:23:00,2026-03-10 10:23:00
W001852,W001441,1,0.711335,1,2026-02-15 08:29:00,2026-02-15 08:29:00
W001852,W001722,1,0.325246,1,2026-02-14 14:13:00,2026-02-14 14:13:00
W001852,W002311,1,0.841905,1,2026-05-14 05:06:00,2026-05-14 05:06:00
W001854,W000941,1,0.264998,1,2026-04-23 06:18:00,2026-04-23 06:18:00
W001854,W001336,1,0.967729,1,2026-05-22 19:06:00,2026-05-22 19:06:00
W001854,W002011,1,0.853265,1,2026-05-09 03:50:00,2026-05-09 03:50:00
W001854,W002189,1,0.272387,1,2026-06-21 09:48:00,2026-06-21 09:48:00
W001854,W002281,1,0.339425,1,2026-06-25 14:05:00,2026-06-25 14:05:00
W001855,W000186,1,1.689245,1,2026-06-22 00:39:00,2026-06-22 00:39:00
W001855,W000375,1,0.590957,1,2026-01-21 19:10:00,2026-01-21 19:10:00
W001855,W001189,1,0.285865,1,2026-05-20 20:35:00,2026-05-20 20:35:00
W001855,W001194,1,0.208445,1,2026-05-11 19:15:00,2026-05-11 19:15:00
W001856,W000106,1,0.2168,1,2026-06-21 06:13:00,2026-06-21 06:13:00
W001856,W000692,1,0.687956,1,2026-03-21 11:53:00,2026-03-21 11:53:00
W001856,W000892,1,0.453738,1,2026-01-27 07:13:00,2026-01-27 07:13:00
W001856,W001644,1,0.259619,1,2026-01-15 06:23:00,2026-01-15 06:23:00
W001856,W001677,1,0.294682,1,2026-03-03 00:57:00,2026-03-03 00:57:00
W001857,W000552,1,0.159607,1,2026-03-22 15:46:00,2026-03-22 15:46:00
W001857,W000855,1,1.276337,1,2026-04-28 19:06:00,2026-04-28 19:06:00
W001857,W001432,1,0.426325,1,2026-01-08 18:40:00,2026-01-08 18:40:00
W001857,W001733,1,0.473369,1,2026-06-26 00:29:00,2026-06-26 00:29:00
W001858,W000985,1,0.089873,1,2026-03-27 21:01:00,2026-03-27 21:01:00
W001858,W002051,1,0.804881,1,2026-03-21 10:58:00,2026-03-21 10:58:00
W001858,W002068,1,0.557053,1,2026-06-24 12:50:00,2026-06-24 12:50:00
W001858,W002309,1,1.090251,1,2026-02-06 00:17:00,2026-02-06 00:17:00
W001859,W001933,1,0.387881,1,2026-05-16 04:51:00,2026-05-16 04:51:00
W001859,W002090,1,0.358624,1,2026-04-09 19:51:00,2026-04-09 19:51:00
W001860,W001378,1,1.861138,1,2026-01-04 01:27:00,2026-01-04 01:27:00
W001861,W000457,1,0.929581,1,2026-06-16 07:10:00,2026-06-16 07:10:00
W001861,W001171,1,0.67243,1,2026-02-25 02:53:00,2026-02-25 02:53:00
W001861,W001512,1,0.417399,1,2026-04-23 12:26:00,2026-04-23 12:26:00
W001861,W001543,1,9.024376,1,2026-06-14 18:35:00,2026-06-14 18:35:00
W001861,W002052,1,1.85792,1,2026-01-22 04:12:00,2026-01-22 04:12:00
W001862,W000361,1,0.263185,1,2026-03-22 14:53:00,2026-03-22 14:53:00
W001862,W000558,1,0.362527,1,2026-05-05 20:52:00,2026-05-05 20:52:00
W001862,W000955,1,1.397618,1,2026-05-19 11:34:00,2026-05-19 11:34:00
W001862,W002125,1,0.414131,1,2026-01-26 14:26:00,2026-01-26 14:26:00
W001863,W000326,1,0.802492,1,2026-02-19 12:52:00,2026-02-19 12:52:00
W001863,W000428,1,0.766265,1,2026-06-17 20:47:00,2026-06-17 20:47:00
W001863,W000745,1,0.793896,1,2026-01-10 19:39:00,2026-01-10 19:39:00
W001863,W000932,1,0.132905,1,2026-06-12 20:09:00,2026-06-12 20:09:00
W001864,W000550,1,0.710301,1,2026-03-18 16:46:00,2026-03-18 16:46:00
W001864,W000736,1,0.385582,1,2026-03-29 22:18:00,2026-03-29 22:18:00
W001864,W001723,1,0.180653,1,2026-02-24 06:35:00,2026-02-24 06:35:00
W001865,W000147,1,1.033383,1,2026-02-08 06:00:00,2026-02-08 06:00:00
W001865,W000579,1,1.573673,1,2026-05-20 01:14:00,2026-05-20 01:14:00
W001865,W000627,1,0.302817,1,2026-01-26 10:55:00,2026-01-26 10:55:00
W001865,W000639,1,0.545401,1,2026-02-23 14:28:00,2026-02-23 14:28:00
W001865,W000641,1,0.303175,1,2026-04-06 16:35:00,2026-04-06 16:35:00
W001865,W000987,1,0.376024,1,2026-02-01 20:50:00,2026-02-01 20:50:00
W001865,W001321,1,0.109847,1,2026-02-25 21:31:00,2026-02-25 21:31:00
W001865,W001961,1,1.151393,1,2026-03-24 05:36:00,2026-03-24 05:36:00
W001866,W000235,1,2.071394,1,2026-04-26 09:52:00,2026-04-26 09:52:00
W001866,W000627,1,0.477543,1,2026-03-01 13:12:00,2026-03-01 13:12:00
W001866,W000691,1,0.602938,1,2026-01-07 00:01:00,2026-01-07 00:01:00
W001866,W001519,1,0.654647,1,2026-01-02 03:54:00,2026-01-02 03:54:00
W001866,W001545,1,0.335788,1,2026-01-13 15:54:00,2026-01-13 15:54:00
W001866,W001793,1,4.990325,1,2026-03-05 00:26:00,2026-03-05 00:26:00
W001866,W002018,1,0.942868,1,2026-02-18 19:46:00,2026-02-18 19:46:00
W001867,W000194,1,0.496255,1,2026-04-30 09:49:00,2026-04-30 09:49:00
W001867,W000329,1,0.808434,1,2026-04-29 18:31:00,2026-04-29 18:31:00
W001867,W001006,1,0.600305,1,2026-05-06 08:24:00,2026-05-06 08:24:00
W001867,W001074,1,0.772606,1,2026-01-25 20:14:00,2026-01-25 20:14:00
W001868,W000540,1,1.693763,1,2026-04-29 20:02:00,2026-04-29 20:02:00
W001868,W000742,1,0.499899,1,2026-01-26 03:35:00,2026-01-26 03:35:00
W001868,W001007,1,0.295425,1,2026-06-27 15:56:00,2026-06-27 15:56:00
W001868,W002289,1,0.35719,1,2026-03-20 04:31:00,2026-03-20 04:31:00
W001868,W002354,1,0.821424,1,2026-03-23 04:32:00,2026-03-23 04:32:00
W001868,W002434,1,0.832161,1,2026-04-20 12:08:00,2026-04-20 12:08:00
W001869,W000065,1,0.861607,1,2026-01-25 08:31:00,2026-01-25 08:31:00
W001869,W000293,1,0.776668,1,2026-03-08 03:36:00,2026-03-08 03:36:00
W001869,W001028,1,0.190069,1,2026-06-26 07:57:00,2026-06-26 07:57:00
W001869,W001242,1,0.334379,1,2026-06-28 04:31:00,2026-06-28 04:31:00
W001869,W001776,1,0.321176,1,2026-05-08 14:43:00,2026-05-08 14:43:00
W001870,W000215,1,2.879308,1,2026-01-12 06:01:00,2026-01-12 06:01:00
W001870,W000313,1,0.297573,1,2026-01-17 23:39:00,2026-01-17 23:39:00
W001870,W000460,1,0.252,1,2026-04-09 16:14:00,2026-04-09 16:14:00
W001870,W000658,1,0.397487,1,2026-02-28 13:31:00,2026-02-28 13:31:00
W001870,W000947,1,0.472488,1,2026-04-08 08:45:00,2026-04-08 08:45:00
W001870,W001632,1,5.784553,1,2026-03-11 21:58:00,2026-03-11 21:58:00
W001871,W000868,1,0.520937,1,2026-06-13 13:39:00,2026-06-13 13:39:00
W001871,W001099,1,0.47848,1,2026-01-12 04:24:00,2026-01-12 04:24:00
W001871,W001439,1,0.715635,1,2026-06-21 14:13:00,2026-06-21 14:13:00
W001871,W002413,1,0.84808,1,2026-04-02 06:49:00,2026-04-02 06:49:00
W001872,W000803,1,0.648773,1,2026-04-19 05:17:00,2026-04-19 05:17:00
W001872,W001206,1,0.824619,1,2026-05-03 13:26:00,2026-05-03 13:26:00
W001872,W001642,1,0.109998,1,2026-02-24 04:38:00,2026-02-24 04:38:00
W001872,W002043,1,8.92404,1,2026-04-18 19:52:00,2026-04-18 19:52:00
W001872,W002220,1,0.277014,1,2026-04-29 20:55:00,2026-04-29 20:55:00
W001873,W001045,1,0.24636,1,2026-04-13 02:06:00,2026-04-13 02:06:00
W001874,W001888,1,0.432428,1,2026-06-19 22:01:00,2026-06-19 22:01:00
W001875,W000240,1,0.34705,1,2026-04-30 15:47:00,2026-04-30 15:47:00
W001875,W000295,1,0.482701,1,2026-02-17 09:29:00,2026-02-17 09:29:00
W001875,W000879,1,0.799516,1,2026-03-07 22:27:00,2026-03-07 22:27:00
W001875,W001046,1,0.250978,1,2026-01-25 12:29:00,2026-01-25 12:29:00
W001875,W002126,1,0.964718,1,2026-02-13 14:46:00,2026-02-13 14:46:00
W001876,W000609,1,0.603901,1,2026-05-28 23:09:00,2026-05-28 23:09:00
W001876,W000752,1,0.386861,1,2026-04-06 06:09:00,2026-04-06 06:09:00
W001876,W001033,1,0.245864,1,2026-01-25 04:07:00,2026-01-25 04:07:00
W001876,W002164,1,0.424937,1,2026-02-03 00:11:00,2026-02-03 00:11:00
W001877,W001357,1,0.209474,1,2026-04-28 10:28:00,2026-04-28 10:28:00
W001877,W001699,1,0.243235,1,2026-01-30 04:44:00,2026-01-30 04:44:00
W001877,W002092,1,0.916167,1,2026-06-16 10:26:00,2026-06-16 10:26:00
W001877,W002136,1,0.329253,1,2026-06-20 02:27:00,2026-06-20 02:27:00
W001877,W002204,1,0.5508,1,2026-04-19 20:38:00,2026-04-19 20:38:00
W001878,W000220,1,0.450492,1,2026-04-25 21:55:00,2026-04-25 21:55:00
W001878,W001097,1,0.414105,1,2026-02-10 01:36:00,2026-02-10 01:36:00
W001878,W001396,1,1.43653,1,2026-01-10 09:51:00,2026-01-10 09:51:00
W001878,W001912,1,0.953188,1,2026-04-27 03:54:00,2026-04-27 03:54:00
W001879,W000064,1,0.320634,1,2026-02-06 16:07:00,2026-02-06 16:07:00
W001879,W001568,1,1.149318,1,2026-05-09 16:17:00,2026-05-09 16:17:00
W001880,W000399,1,0.835107,1,2026-05-11 20:28:00,2026-05-11 20:28:00
W001880,W001199,1,0.602674,1,2026-02-11 08:52:00,2026-02-11 08:52:00
W001880,W001689,1,0.137711,1,2026-06-19 11:22:00,2026-06-19 11:22:00
W001880,W002034,1,0.613093,1,2026-02-02 11:27:00,2026-02-02 11:27:00
W001881,W000337,1,0.49125,1,2026-02-24 14:24:00,2026-02-24 14:24:00
W001881,W000626,1,0.977986,1,2026-02-01 01:02:00,2026-02-01 01:02:00
W001881,W001916,1,0.530818,1,2026-05-25 10:42:00,2026-05-25 10:42:00
W001881,W001934,1,0.662443,1,2026-01-19 07:41:00,2026-01-19 07:41:00
W001882,W000423,1,2.040336,1,2026-05-03 07:08:00,2026-05-03 07:08:00
W001882,W000628,1,0.170891,1,2026-02-02 16:01:00,2026-02-02 16:01:00
W001882,W001157,1,0.153001,1,2026-02-07 03:44:00,2026-02-07 03:44:00
W001882,W001306,1,0.210673,1,2026-06-07 18:38:00,2026-06-07 18:38:00
W001882,W001566,1,0.401394,1,2026-05-18 14:55:00,2026-05-18 14:55:00
W001882,W001899,1,0.380156,1,2026-05-13 04:13:00,2026-05-13 04:13:00
W001882,W002464,1,0.259697,1,2026-05-04 13:01:00,2026-05-04 13:01:00
W001883,W000131,1,0.13201,1,2026-03-17 04:56:00,2026-03-17 04:56:00
W001883,W000645,1,0.453171,1,2026-01-10 10:17:00,2026-01-10 10:17:00
W001883,W001325,1,0.571791,1,2026-05-10 14:16:00,2026-05-10 14:16:00
W001883,W001678,1,1.123851,1,2026-06-26 23:35:00,2026-06-26 23:35:00
W001884,W000117,1,0.388792,1,2026-04-23 08:59:00,2026-04-23 08:59:00
W001884,W000678,1,0.281906,1,2026-04-14 16:05:00,2026-04-14 16:05:00
W001884,W001404,1,0.146055,1,2026-05-02 06:26:00,2026-05-02 06:26:00
W001885,W001463,1,0.193577,1,2026-02-18 13:09:00,2026-02-18 13:09:00
W001885,W001674,1,0.26337,1,2026-05-28 05:11:00,2026-05-28 05:11:00
W001885,W002410,1,0.841191,1,2026-05-07 17:25:00,2026-05-07 17:25:00
W001886,W000144,1,0.222847,1,2026-03-17 19:01:00,2026-03-17 19:01:00
W001886,W001275,1,0.176667,1,2026-02-01 16:01:00,2026-02-01 16:01:00
W001886,W001771,1,0.106564,1,2026-02-05 06:08:00,2026-02-05 06:08:00
W001886,W002229,1,0.33901,1,2026-02-20 03:39:00,2026-02-20 03:39:00
W001887,W001221,1,0.422578,1,2026-02-01 08:47:00,2026-02-01 08:47:00
W001887,W001637,1,1.023406,1,2026-01-06 22:07:00,2026-01-06 22:07:00
W001887,W001956,1,0.436198,1,2026-06-01 11:32:00,2026-06-01 11:32:00
W001887,W002424,1,0.693124,1,2026-04-12 22:53:00,2026-04-12 22:53:00
W001888,W000006,1,1.857547,1,2026-02-15 08:33:00,2026-02-15 08:33:00
W001888,W001356,1,0.168158,1,2026-03-07 10:45:00,2026-03-07 10:45:00
W001888,W002383,1,0.203692,1,2026-04-11 09:03:00,2026-04-11 09:03:00
W001889,W000982,1,0.751712,1,2026-02-02 10:13:00,2026-02-02 10:13:00
W001889,W001142,1,1.230419,1,2026-04-19 10:08:00,2026-04-19 10:08:00
W001889,W001277,1,1.048134,1,2026-03-22 16:08:00,2026-03-22 16:08:00
W001889,W002164,1,0.626475,1,2026-04-19 04:35:00,2026-04-19 04:35:00
W001890,W000163,1,0.558148,1,2026-04-04 22:16:00,2026-04-04 22:16:00
W001890,W001027,1,0.943347,1,2026-03-08 02:04:00,2026-03-08 02:04:00
W001890,W001270,1,0.254647,1,2026-02-27 00:44:00,2026-02-27 00:44:00
W001890,W001284,1,0.421498,1,2026-06-27 08:17:00,2026-06-27 08:17:00
W001890,W002086,1,0.165413,1,2026-02-27 03:38:00,2026-02-27 03:38:00
W001891,W000348,1,0.208304,1,2026-02-24 19:54:00,2026-02-24 19:54:00
W001891,W000383,1,0.278885,1,2026-01-27 22:28:00,2026-01-27 22:28:00
W001891,W000473,1,0.756061,1,2026-01-20 18:33:00,2026-01-20 18:33:00
W001891,W000753,1,0.286388,1,2026-02-05 15:09:00,2026-02-05 15:09:00
W001891,W001116,1,0.545509,1,2026-05-14 08:00:00,2026-05-14 08:00:00
W001891,W001442,1,0.366625,1,2026-01-03 00:50:00,2026-01-03 00:50:00
W001892,W000246,1,0.55756,1,2026-06-20 01:15:00,2026-06-20 01:15:00
W001892,W000264,1,0.583301,1,2026-06-09 08:29:00,2026-06-09 08:29:00
W001892,W000639,1,0.25154,1,2026-01-26 03:45:00,2026-01-26 03:45:00
W001892,W000666,1,0.942483,1,2026-05-27 12:17:00,2026-05-27 12:17:00
W001892,W000870,1,0.14459,1,2026-06-08 21:02:00,2026-06-08 21:02:00
W001892,W001140,1,0.491822,1,2026-02-01 09:09:00,2026-02-01 09:09:00
W001892,W001849,1,0.20415,1,2026-05-28 11:41:00,2026-05-28 11:41:00
W001892,W001971,1,0.307235,1,2026-02-13 18:40:00,2026-02-13 18:40:00
W001892,W002280,1,0.205762,1,2026-05-29 02:34:00,2026-05-29 02:34:00
W001893,W000115,1,1.911866,1,2026-01-28 23:13:00,2026-01-28 23:13:00
W001893,W001813,1,0.829085,1,2026-06-21 21:06:00,2026-06-21 21:06:00
W001893,W001868,1,0.13296,1,2026-06-17 17:01:00,2026-06-17 17:01:00
W001894,W000049,1,0.541128,1,2026-05-08 02:46:00,2026-05-08 02:46:00
W001894,W001019,1,0.077476,1,2026-03-11 02:26:00,2026-03-11 02:26:00
W001894,W001305,1,0.265794,1,2026-05-28 00:29:00,2026-05-28 00:29:00
W001894,W001342,1,0.340576,1,2026-03-17 05:13:00,2026-03-17 05:13:00
W001894,W002140,1,0.271238,1,2026-01-17 12:54:00,2026-01-17 12:54:00
W001894,W002154,1,0.528649,1,2026-05-18 12:05:00,2026-05-18 12:05:00
W001894,W002385,1,0.135995,1,2026-05-20 20:35:00,2026-05-20 20:35:00
W001895,W001019,1,0.520113,1,2026-02-28 10:26:00,2026-02-28 10:26:00
W001895,W001520,1,1.419106,1,2026-04-11 18:35:00,2026-04-11 18:35:00
W001896,W000295,1,0.330768,1,2026-03-28 06:42:00,2026-03-28 06:42:00
W001897,W000476,1,0.173468,1,2026-03-12 02:34:00,2026-03-12 02:34:00
W001897,W000941,1,0.207422,1,2026-01-20 15:00:00,2026-01-20 15:00:00
W001898,W000638,1,1.244825,1,2026-06-20 18:56:00,2026-06-20 18:56:00
W001898,W000975,1,0.408218,1,2026-03-25 01:18:00,2026-03-25 01:18:00
W001898,W001271,1,0.819954,1,2026-06-04 12:17:00,2026-06-04 12:17:00
W001898,W002196,1,0.251152,1,2026-06-03 20:38:00,2026-06-03 20:38:00
W001898,W002301,1,0.50507,1,2026-06-27 03:55:00,2026-06-27 03:55:00
W001899,W002078,1,0.485437,1,2026-06-04 02:40:00,2026-06-04 02:40:00
W001900,W001404,1,0.105039,1,2026-06-17 20:38:00,2026-06-17 20:38:00
W001900,W001450,1,0.381706,1,2026-06-02 13:16:00,2026-06-02 13:16:00
W001900,W001609,1,0.200651,1,2026-02-02 19:07:00,2026-02-02 19:07:00
W001901,W000043,1,0.309914,1,2026-06-24 02:03:00,2026-06-24 02:03:00
W001901,W000131,1,2.696049,1,2026-03-17 12:41:00,2026-03-17 12:41:00
W001901,W000445,1,0.662337,1,2026-05-22 06:37:00,2026-05-22 06:37:00
W001901,W000569,1,0.276863,1,2026-02-22 01:10:00,2026-02-22 01:10:00
W001901,W001192,1,0.150655,1,2026-04-21 04:29:00,2026-04-21 04:29:00
W001901,W001487,1,0.463931,1,2026-05-16 20:41:00,2026-05-16 20:41:00
W001901,W002128,1,0.507189,1,2026-04-22 05:22:00,2026-04-22 05:22:00
W001902,W000780,1,0.29476,1,2026-01-04 10:48:00,2026-01-04 10:48:00
W001902,W001037,1,0.265207,1,2026-05-31 21:39:00,2026-05-31 21:39:00
W001902,W001394,1,1.122549,1,2026-04-07 10:42:00,2026-04-07 10:42:00
W001902,W001999,1,0.776073,1,2026-05-16 17:28:00,2026-05-16 17:28:00
W001903,W000667,1,0.978469,1,2026-05-18 18:00:00,2026-05-18 18:00:00
W001904,W000821,1,0.448527,1,2026-06-05 21:58:00,2026-06-05 21:58:00
W001904,W000973,1,0.350429,1,2026-02-28 09:19:00,2026-02-28 09:19:00
W001904,W001634,1,0.758949,1,2026-02-23 17:49:00,2026-02-23 17:49:00
W001904,W001838,1,1.087437,1,2026-02-10 00:09:00,2026-02-10 00:09:00
W001904,W002235,1,0.396475,1,2026-06-16 18:43:00,2026-06-16 18:43:00
W001905,W000837,1,0.50662,1,2026-04-16 16:10:00,2026-04-16 16:10:00
W001905,W001764,1,0.898716,1,2026-04-15 22:40:00,2026-04-15 22:40:00
W001906,W000313,1,0.454673,1,2026-06-03 10:10:00,2026-06-03 10:10:00
W001906,W001685,1,0.220444,1,2026-02-23 23:09:00,2026-02-23 23:09:00
W001906,W002020,1,0.104768,1,2026-02-27 18:14:00,2026-02-27 18:14:00
W001906,W002025,1,2.116386,1,2026-03-26 13:11:00,2026-03-26 13:11:00
W001907,W000429,1,0.408085,1,2026-06-04 04:40:00,2026-06-04 04:40:00
W001907,W000483,1,1.403431,1,2026-04-25 08:44:00,2026-04-25 08:44:00
W001907,W000876,1,0.770406,1,2026-04-05 05:23:00,2026-04-05 05:23:00
W001908,W000168,1,0.624843,1,2026-05-28 16:21:00,2026-05-28 16:21:00
W001908,W001002,1,0.241794,1,2026-03-20 09:15:00,2026-03-20 09:15:00
W001908,W001146,1,1.56954,1,2026-04-30 22:33:00,2026-04-30 22:33:00
W001908,W001383,1,0.092893,1,2026-01-11 04:30:00,2026-01-11 04:30:00
W001909,W000029,1,0.582182,1,2026-06-27 09:17:00,2026-06-27 09:17:00
W001909,W000386,1,0.311388,1,2026-04-12 20:02:00,2026-04-12 20:02:00
W001909,W000545,1,0.695926,1,2026-06-17 06:19:00,2026-06-17 06:19:00
W001909,W000592,1,0.787509,1,2026-05-24 19:05:00,2026-05-24 19:05:00
W001909,W001498,1,0.323114,1,2026-06-17 13:21:00,2026-06-17 13:21:00
W001910,W000607,1,0.86996,1,2026-02-13 05:11:00,2026-02-13 05:11:00
W001910,W000960,1,1.363245,1,2026-02-08 17:58:00,2026-02-08 17:58:00
W001910,W002048,1,0.262688,1,2026-02-05 18:03:00,2026-02-05 18:03:00
W001911,W000448,1,0.564437,1,2026-02-02 12:37:00,2026-02-02 12:37:00
W001911,W000514,1,0.362815,1,2026-02-26 03:19:00,2026-02-26 03:19:00
W001911,W001552,1,0.726137,1,2026-03-02 07:17:00,2026-03-02 07:17:00
W001911,W002355,1,0.179839,1,2026-03-10 09:00:00,2026-03-10 09:00:00
W001912,W000317,1,0.350981,1,2026-02-09 03:15:00,2026-02-09 03:15:00
W001912,W000738,1,2.192114,1,2026-03-06 05:34:00,2026-03-06 05:34:00
W001912,W001102,1,0.119401,1,2026-03-05 22:01:00,2026-03-05 22:01:00
W001913,W000870,1,0.817744,1,2026-04-25 04:45:00,2026-04-25 04:45:00
W001914,W000082,1,1.158997,1,2026-01-12 18:34:00,2026-01-12 18:34:00
W001914,W000478,1,4.283729,1,2026-03-09 17:42:00,2026-03-09 17:42:00
W001914,W001575,1,0.266533,1,2026-01-10 04:04:00,2026-01-10 04:04:00
W001914,W001673,1,0.647215,1,2026-02-28 11:48:00,2026-02-28 11:48:00
W001915,W001115,1,0.791742,1,2026-05-20 11:35:00,2026-05-20 11:35:00
W001915,W002110,1,0.239453,1,2026-05-16 07:14:00,2026-05-16 07:14:00
W001916,W000263,1,0.241549,1,2026-03-18 12:47:00,2026-03-18 12:47:00
W001917,W000082,1,0.11105,1,2026-03-29 05:48:00,2026-03-29 05:48:00
W001917,W001540,1,0.495164,1,2026-05-14 12:19:00,2026-05-14 12:19:00
W001917,W001612,1,0.338756,1,2026-02-12 06:15:00,2026-02-12 06:15:00
W001917,W001667,1,0.155904,1,2026-05-28 08:03:00,2026-05-28 08:03:00
W001917,W001798,1,12.344264,1,2026-01-21 07:03:00,2026-01-21 07:03:00
W001917,W001817,1,13.492904,1,2026-02-16 09:19:00,2026-02-16 09:19:00
W001918,W000273,1,0.263731,1,2026-01-22 00:49:00,2026-01-22 00:49:00
W001919,W000554,1,0.196399,1,2026-06-17 14:40:00,2026-06-17 14:40:00
W001920,W000682,1,0.305143,1,2026-03-18 09:41:00,2026-03-18 09:41:00
W001920,W000693,1,0.272082,1,2026-06-14 11:51:00,2026-06-14 11:51:00
W001920,W000862,1,0.266784,1,2026-04-02 08:52:00,2026-04-02 08:52:00
W001920,W001643,1,2.328603,1,2026-05-15 21:51:00,2026-05-15 21:51:00
W001920,W001847,1,0.538913,1,2026-04-21 15:53:00,2026-04-21 15:53:00
W001921,W001156,1,0.476086,1,2026-06-25 10:38:00,2026-06-25 10:38:00
W001921,W001554,1,0.580817,1,2026-01-06 21:41:00,2026-01-06 21:41:00
W001921,W002213,1,0.57812,1,2026-06-16 20:53:00,2026-06-16 20:53:00
W001921,W002264,1,1.687293,1,2026-04-14 05:54:00,2026-04-14 05:54:00
W001921,W002351,1,0.640298,1,2026-04-18 14:13:00,2026-04-18 14:13:00
W001923,W001329,1,0.319661,1,2026-06-06 11:53:00,2026-06-06 11:53:00
W001923,W001633,1,1.154498,1,2026-05-02 12:09:00,2026-05-02 12:09:00
W001923,W002027,1,1.140197,1,2026-05-13 23:30:00,2026-05-13 23:30:00
W001924,W000119,1,0.457472,1,2026-03-07 07:29:00,2026-03-07 07:29:00
W001924,W000518,1,1.030352,1,2026-04-13 13:01:00,2026-04-13 13:01:00
W001924,W000806,1,0.242451,1,2026-02-12 10:51:00,2026-02-12 10:51:00
W001924,W001038,1,0.493435,1,2026-02-10 08:20:00,2026-02-10 08:20:00
W001924,W002476,1,0.493908,1,2026-03-31 06:19:00,2026-03-31 06:19:00
W001925,W000915,1,0.663205,1,2026-06-21 20:59:00,2026-06-21 20:59:00
W001925,W000967,1,0.154641,1,2026-06-19 08:43:00,2026-06-19 08:43:00
W001926,W000794,1,0.917858,1,2026-03-26 08:36:00,2026-03-26 08:36:00
W001926,W001348,1,1.000128,1,2026-01-09 02:10:00,2026-01-09 02:10:00
W001926,W001629,1,0.551925,1,2026-01-01 23:48:00,2026-01-01 23:48:00
W001927,W000122,1,0.63448,1,2026-05-20 01:10:00,2026-05-20 01:10:00
W001927,W000690,1,0.345257,1,2026-04-28 15:01:00,2026-04-28 15:01:00
W001927,W001057,1,0.472567,1,2026-06-15 17:02:00,2026-06-15 17:02:00
W001927,W002407,1,0.404542,1,2026-04-05 18:47:00,2026-04-05 18:47:00
W001927,W002410,1,1.551823,1,2026-01-06 03:47:00,2026-01-06 03:47:00
W001928,W001363,1,0.506535,1,2026-04-24 18:47:00,2026-04-24 18:47:00
W001928,W001624,1,0.77722,1,2026-06-24 00:56:00,2026-06-24 00:56:00
W001928,W001672,1,0.162118,1,2026-05-04 12:53:00,2026-05-04 12:53:00
W001928,W002160,1,0.411981,1,2026-04-29 23:35:00,2026-04-29 23:35:00
W001928,W002264,1,0.167064,1,2026-01-05 23:34:00,2026-01-05 23:34:00
W001929,W000023,1,0.792157,1,2026-04-29 09:47:00,2026-04-29 09:47:00
W001929,W000643,1,0.230032,1,2026-06-03 08:17:00,2026-06-03 08:17:00
W001930,W000662,1,0.447884,1,2026-06-03 22:54:00,2026-06-03 22:54:00
W001930,W000675,1,0.377663,1,2026-01-13 05:38:00,2026-01-13 05:38:00
W001930,W002013,1,0.742527,1,2026-04-24 11:59:00,2026-04-24 11:59:00
W001932,W000393,1,8.769178,1,2026-05-15 22:36:00,2026-05-15 22:36:00
W001932,W000999,1,0.232032,1,2026-02-16 10:32:00,2026-02-16 10:32:00
W001932,W001530,1,0.223565,1,2026-03-18 17:05:00,2026-03-18 17:05:00
W001932,W001799,1,0.255023,1,2026-05-31 21:02:00,2026-05-31 21:02:00
W001932,W001842,1,0.723828,1,2026-01-27 03:14:00,2026-01-27 03:14:00
W001932,W001917,1,0.937193,1,2026-01-07 22:44:00,2026-01-07 22:44:00
W001932,W002335,1,0.320174,1,2026-05-26 21:23:00,2026-05-26 21:23:00
W001933,W000948,1,0.736247,1,2026-01-18 15:39:00,2026-01-18 15:39:00
W001933,W001398,1,0.47394,1,2026-02-13 16:30:00,2026-02-13 16:30:00
W001933,W001867,1,0.337641,1,2026-05-31 16:04:00,2026-05-31 16:04:00
W001933,W002089,1,0.408463,1,2026-03-04 08:38:00,2026-03-04 08:38:00
W001933,W002420,1,0.532716,1,2026-03-14 19:05:00,2026-03-14 19:05:00
W001934,W000022,1,0.193693,1,2026-06-29 03:52:00,2026-06-29 03:52:00
W001934,W000317,1,2.79698,1,2026-05-09 07:57:00,2026-05-09 07:57:00
W001934,W001175,1,0.320675,1,2026-04-08 23:36:00,2026-04-08 23:36:00
W001934,W001242,1,0.502224,1,2026-01-17 07:33:00,2026-01-17 07:33:00
W001934,W001323,1,0.783716,1,2026-03-31 02:54:00,2026-03-31 02:54:00
W001934,W001789,1,0.87109,1,2026-04-12 17:12:00,2026-04-12 17:12:00
W001934,W002170,1,1.533631,1,2026-01-02 05:04:00,2026-01-02 05:04:00
W001934,W002469,1,0.158129,1,2026-05-13 23:58:00,2026-05-13 23:58:00
W001935,W000158,1,0.132394,1,2026-01-25 01:33:00,2026-01-25 01:33:00
W001935,W000714,1,0.664439,1,2026-06-02 17:45:00,2026-06-02 17:45:00
W001935,W000886,1,0.140273,1,2026-05-16 16:54:00,2026-05-16 16:54:00
W001936,W000851,1,6.88868,1,2026-03-27 06:33:00,2026-03-27 06:33:00
W001937,W000156,1,0.508758,1,2026-02-21 20:10:00,2026-02-21 20:10:00
W001937,W000280,1,0.339926,1,2026-02-20 20:20:00,2026-02-20 20:20:00
W001937,W000461,1,0.278706,1,2026-02-03 02:20:00,2026-02-03 02:20:00
W001937,W001368,1,0.507787,1,2026-06-12 00:35:00,2026-06-12 00:35:00
W001938,W000018,1,0.568794,1,2026-03-15 02:36:00,2026-03-15 02:36:00
W001938,W000240,1,0.423725,1,2026-03-22 19:11:00,2026-03-22 19:11:00
W001938,W000250,1,0.202406,1,2026-04-21 03:34:00,2026-04-21 03:34:00
W001938,W001091,1,0.425139,1,2026-03-21 20:25:00,2026-03-21 20:25:00
W001938,W001755,1,0.311231,1,2026-06-01 04:48:00,2026-06-01 04:48:00
W001938,W001823,1,0.118926,1,2026-06-26 04:53:00,2026-06-26 04:53:00
W001939,W000001,1,0.33927,1,2026-02-23 08:37:00,2026-02-23 08:37:00
W001939,W000260,1,0.815357,1,2026-04-19 04:38:00,2026-04-19 04:38:00
W001939,W000435,1,0.197354,1,2026-01-07 21:17:00,2026-01-07 21:17:00
W001939,W000644,1,0.604631,1,2026-04-07 17:59:00,2026-04-07 17:59:00
W001939,W000931,1,0.11289,1,2026-01-02 17:35:00,2026-01-02 17:35:00
W001939,W000987,1,0.867507,1,2026-06-02 06:59:00,2026-06-02 06:59:00
W001939,W001067,1,0.279859,1,2026-06-10 08:21:00,2026-06-10 08:21:00
W001939,W001529,1,0.377908,1,2026-05-02 21:29:00,2026-05-02 21:29:00
W001939,W001858,1,0.771515,1,2026-06-20 18:12:00,2026-06-20 18:12:00
W001940,W000841,1,0.282503,1,2026-03-04 14:17:00,2026-03-04 14:17:00
W001940,W000970,1,0.329077,1,2026-06-03 09:16:00,2026-06-03 09:16:00
W001941,W001977,1,0.295504,1,2026-03-07 00:38:00,2026-03-07 00:38:00
W001942,W000747,1,2.376474,1,2026-01-02 21:51:00,2026-01-02 21:51:00
W001942,W002471,1,0.606877,1,2026-04-09 17:35:00,2026-04-09 17:35:00
W001943,W000267,1,0.681224,1,2026-06-09 04:42:00,2026-06-09 04:42:00
W001943,W002089,1,0.261688,1,2026-04-17 11:42:00,2026-04-17 11:42:00
W001943,W002215,1,0.270072,1,2026-06-07 13:38:00,2026-06-07 13:38:00
W001943,W002244,1,0.207576,1,2026-02-08 10:40:00,2026-02-08 10:40:00
W001944,W000084,1,0.185941,1,2026-06-04 06:09:00,2026-06-04 06:09:00
W001944,W000838,1,6.301721,1,2026-03-22 15:57:00,2026-03-22 15:57:00
W001944,W001469,1,0.308665,1,2026-06-28 13:23:00,2026-06-28 13:23:00
W001944,W002298,1,0.309991,1,2026-01-24 02:36:00,2026-01-24 02:36:00
W001945,W000029,1,0.046601,1,2026-06-09 01:19:00,2026-06-09 01:19:00
W001945,W001287,1,0.914991,1,2026-05-16 17:39:00,2026-05-16 17:39:00
W001945,W001778,1,0.584468,1,2026-05-12 09:54:00,2026-05-12 09:54:00
W001945,W001937,1,0.199345,1,2026-05-01 04:13:00,2026-05-01 04:13:00
W001946,W000564,1,0.163366,1,2026-05-15 20:04:00,2026-05-15 20:04:00
W001946,W001208,1,1.973811,1,2026-03-11 21:16:00,2026-03-11 21:16:00
W001946,W002256,1,0.436899,1,2026-05-25 00:59:00,2026-05-25 00:59:00
W001947,W000699,1,0.497569,1,2026-06-02 18:09:00,2026-06-02 18:09:00
W001947,W001055,1,0.393903,1,2026-03-22 18:15:00,2026-03-22 18:15:00
W001947,W001138,1,1.099133,1,2026-06-18 22:05:00,2026-06-18 22:05:00
W001947,W001330,1,0.237151,1,2026-05-07 04:33:00,2026-05-07 04:33:00
W001948,W000734,1,0.92375,1,2026-02-20 22:33:00,2026-02-20 22:33:00
W001948,W002090,1,0.3713,1,2026-03-27 09:45:00,2026-03-27 09:45:00
W001948,W002415,1,0.579253,1,2026-02-28 13:42:00,2026-02-28 13:42:00
W001949,W000781,1,0.128426,1,2026-02-05 09:37:00,2026-02-05 09:37:00
W001949,W000808,1,0.757419,1,2026-03-06 22:58:00,2026-03-06 22:58:00
W001949,W000944,1,1.347675,1,2026-05-03 20:56:00,2026-05-03 20:56:00
W001949,W001479,1,0.16488,1,2026-01-23 19:53:00,2026-01-23 19:53:00
W001949,W002240,1,0.183288,1,2026-01-31 16:28:00,2026-01-31 16:28:00
W001950,W000143,1,0.15198,1,2026-04-08 16:16:00,2026-04-08 16:16:00
W001950,W001581,1,2.554678,1,2026-06-28 05:27:00,2026-06-28 05:27:00
W001950,W001996,1,0.392522,1,2026-01-10 01:39:00,2026-01-10 01:39:00
W001950,W002321,1,0.712193,1,2026-02-09 05:40:00,2026-02-09 05:40:00
W001951,W000186,1,0.434775,1,2026-03-14 07:43:00,2026-03-14 07:43:00
W001951,W000365,1,0.453342,1,2026-05-03 13:48:00,2026-05-03 13:48:00
W001951,W001458,1,0.33302,1,2026-03-21 23:30:00,2026-03-21 23:30:00
W001952,W000804,1,0.598792,1,2026-03-03 23:42:00,2026-03-03 23:42:00
W001952,W001434,1,0.154974,1,2026-02-21 12:26:00,2026-02-21 12:26:00
W001953,W001305,1,0.692282,1,2026-02-05 11:46:00,2026-02-05 11:46:00
W001953,W002285,1,0.258704,1,2026-05-22 22:28:00,2026-05-22 22:28:00
W001954,W000292,1,0.741618,1,2026-02-11 08:59:00,2026-02-11 08:59:00
W001954,W000459,1,0.394499,1,2026-04-03 22:29:00,2026-04-03 22:29:00
W001954,W000978,1,0.251396,1,2026-06-10 02:57:00,2026-06-10 02:57:00
W001954,W001617,1,0.470781,1,2026-04-29 16:05:00,2026-04-29 16:05:00
W001954,W001618,1,3.454247,1,2026-05-18 13:50:00,2026-05-18 13:50:00
W001955,W000060,1,0.933087,1,2026-01-20 23:58:00,2026-01-20 23:58:00
W001955,W000424,1,0.401911,1,2026-04-03 02:46:00,2026-04-03 02:46:00
W001955,W000555,1,0.270161,1,2026-01-18 09:28:00,2026-01-18 09:28:00
W001955,W000700,1,0.804944,1,2026-06-25 04:04:00,2026-06-25 04:04:00
W001955,W001257,1,1.634863,1,2026-05-07 04:54:00,2026-05-07 04:54:00
W001955,W001739,1,0.664914,1,2026-03-06 01:46:00,2026-03-06 01:46:00
W001955,W001764,1,1.03653,1,2026-06-19 13:50:00,2026-06-19 13:50:00
W001955,W002204,1,1.728834,1,2026-04-08 09:31:00,2026-04-08 09:31:00
W001955,W002349,1,0.334347,1,2026-04-11 01:37:00,2026-04-11 01:37:00
W001956,W001117,1,0.468244,1,2026-01-07 23:29:00,2026-01-07 23:29:00
W001956,W001126,1,0.891622,1,2026-02-13 21:42:00,2026-02-13 21:42:00
W001956,W001346,1,0.188149,1,2026-01-05 16:43:00,2026-01-05 16:43:00
W001958,W001084,1,0.432048,1,2026-02-26 07:14:00,2026-02-26 07:14:00
W001958,W001520,1,0.812383,1,2026-01-31 01:28:00,2026-01-31 01:28:00
W001958,W001547,1,0.276782,1,2026-03-16 12:21:00,2026-03-16 12:21:00
W001958,W002081,1,0.208137,1,2026-03-29 21:53:00,2026-03-29 21:53:00
W001959,W001017,1,0.186936,1,2026-02-18 20:17:00,2026-02-18 20:17:00
W001959,W002005,1,0.752388,1,2026-04-25 22:43:00,2026-04-25 22:43:00
W001960,W001411,1,0.764502,1,2026-01-05 13:26:00,2026-01-05 13:26:00
W001960,W001867,1,0.793419,1,2026-05-25 23:47:00,2026-05-25 23:47:00
W001961,W000073,1,11.097131,1,2026-02-15 09:36:00,2026-02-15 09:36:00
W001961,W001298,1,0.704207,1,2026-04-20 22:22:00,2026-04-20 22:22:00
W001961,W001446,1,1.609316,1,2026-04-04 03:19:00,2026-04-04 03:19:00
W001962,W001338,1,0.726068,1,2026-03-12 13:11:00,2026-03-12 13:11:00
W001962,W001374,1,0.560927,1,2026-06-22 18:29:00,2026-06-22 18:29:00
W001962,W001726,1,0.130424,1,2026-04-22 13:11:00,2026-04-22 13:11:00
W001963,W000693,1,0.325644,1,2026-04-30 15:54:00,2026-04-30 15:54:00
W001963,W002149,1,0.158771,1,2026-06-08 01:19:00,2026-06-08 01:19:00
W001964,W000518,1,0.720896,1,2026-01-11 19:17:00,2026-01-11 19:17:00
W001964,W001227,1,0.574538,1,2026-06-16 05:25:00,2026-06-16 05:25:00
W001964,W002419,1,0.301773,1,2026-06-09 11:18:00,2026-06-09 11:18:00
W001965,W000954,1,0.367278,1,2026-04-13 16:10:00,2026-04-13 16:10:00
W001965,W001558,1,1.26553,1,2026-03-12 00:46:00,2026-03-12 00:46:00
W001965,W002160,1,2.391957,1,2026-02-05 00:13:00,2026-02-05 00:13:00
W001966,W000456,1,0.802234,1,2026-01-06 00:06:00,2026-01-06 00:06:00
W001966,W001130,1,0.360527,1,2026-01-31 04:15:00,2026-01-31 04:15:00
W001966,W001153,1,0.746421,1,2026-04-25 18:51:00,2026-04-25 18:51:00
W001967,W000390,1,0.873943,1,2026-06-29 03:23:00,2026-06-29 03:23:00
W001967,W001074,1,0.295465,1,2026-01-12 11:28:00,2026-01-12 11:28:00
W001967,W001966,1,0.148034,1,2026-06-11 13:02:00,2026-06-11 13:02:00
W001968,W001026,1,0.224626,1,2026-01-09 04:46:00,2026-01-09 04:46:00
W001968,W001224,1,0.518332,1,2026-01-20 01:21:00,2026-01-20 01:21:00
W001968,W001266,1,0.823823,1,2026-03-05 04:32:00,2026-03-05 04:32:00
W001968,W001626,1,1.781927,1,2026-04-03 06:14:00,2026-04-03 06:14:00
W001968,W002216,1,0.118818,1,2026-01-03 17:43:00,2026-01-03 17:43:00
W001969,W000588,1,0.229267,1,2026-04-06 08:24:00,2026-04-06 08:24:00
W001970,W000502,1,0.92587,1,2026-05-01 06:28:00,2026-05-01 06:28:00
W001970,W000963,1,0.657946,1,2026-05-10 22:17:00,2026-05-10 22:17:00
W001970,W001456,1,0.855117,1,2026-04-18 07:34:00,2026-04-18 07:34:00
W001970,W001478,1,0.211498,1,2026-05-10 19:36:00,2026-05-10 19:36:00
W001970,W001741,1,1.84914,1,2026-06-26 09:59:00,2026-06-26 09:59:00
W001971,W000022,1,0.4867,1,2026-05-06 11:09:00,2026-05-06 11:09:00
W001971,W000124,1,0.889123,1,2026-04-20 17:38:00,2026-04-20 17:38:00
W001971,W000459,1,0.222664,1,2026-04-04 21:12:00,2026-04-04 21:12:00
W001971,W000725,1,0.92487,1,2026-03-16 15:37:00,2026-03-16 15:37:00
W001971,W000927,1,0.276664,1,2026-04-30 00:17:00,2026-04-30 00:17:00
W001971,W001120,1,0.646853,1,2026-01-29 04:38:00,2026-01-29 04:38:00
W001972,W000081,1,0.318201,1,2026-03-23 12:41:00,2026-03-23 12:41:00
W001972,W000352,1,0.386174,1,2026-01-06 03:36:00,2026-01-06 03:36:00
W001972,W000812,1,0.325005,1,2026-02-19 00:47:00,2026-02-19 00:47:00
W001972,W000870,1,0.654717,1,2026-01-01 15:55:00,2026-01-01 15:55:00
W001972,W001472,1,0.32343,1,2026-03-31 17:07:00,2026-03-31 17:07:00
W001972,W001694,1,0.191669,1,2026-05-13 02:38:00,2026-05-13 02:38:00
W001973,W000210,1,0.229596,1,2026-02-24 16:09:00,2026-02-24 16:09:00
W001973,W000858,1,0.594753,1,2026-03-14 21:56:00,2026-03-14 21:56:00
W001973,W000920,1,0.24709,1,2026-05-23 01:53:00,2026-05-23 01:53:00
W001973,W001703,1,0.71754,1,2026-01-28 18:31:00,2026-01-28 18:31:00
W001973,W001856,1,0.368944,1,2026-05-28 12:36:00,2026-05-28 12:36:00
W001974,W000150,1,0.797931,1,2026-03-06 14:50:00,2026-03-06 14:50:00
W001974,W000994,1,0.698326,1,2026-01-23 05:45:00,2026-01-23 05:45:00
W001974,W001430,1,0.427368,1,2026-05-25 23:27:00,2026-05-25 23:27:00
W001974,W001480,1,0.884531,1,2026-03-23 05:05:00,2026-03-23 05:05:00
W001974,W001802,1,0.447973,1,2026-04-17 17:12:00,2026-04-17 17:12:00
W001974,W002311,1,0.679672,1,2026-06-16 02:53:00,2026-06-16 02:53:00
W001975,W002349,1,0.112015,1,2026-02-10 00:12:00,2026-02-10 00:12:00
W001976,W000200,1,0.336966,1,2026-05-27 09:45:00,2026-05-27 09:45:00
W001976,W001571,1,0.233303,1,2026-06-15 16:08:00,2026-06-15 16:08:00
W001976,W002314,1,0.12996,1,2026-01-16 20:32:00,2026-01-16 20:32:00
W001977,W000532,1,0.494716,1,2026-06-10 11:06:00,2026-06-10 11:06:00
W001977,W000813,1,0.235955,1,2026-02-02 21:49:00,2026-02-02 21:49:00
W001977,W000863,1,0.119619,1,2026-03-28 04:44:00,2026-03-28 04:44:00
W001977,W001335,1,0.529744,1,2026-02-24 13:30:00,2026-02-24 13:30:00
W001977,W002311,1,0.221016,1,2026-02-26 12:12:00,2026-02-26 12:12:00
W001977,W002497,1,0.116641,1,2026-03-31 20:19:00,2026-03-31 20:19:00
W001978,W000615,1,0.295904,1,2026-06-16 13:27:00,2026-06-16 13:27:00
W001978,W001575,1,1.185792,1,2026-05-03 18:46:00,2026-05-03 18:46:00
W001978,W001636,1,0.2571,1,2026-05-12 22:43:00,2026-05-12 22:43:00
W001979,W000619,1,0.091509,1,2026-03-01 08:30:00,2026-03-01 08:30:00
W001979,W001097,1,0.145229,1,2026-06-19 17:33:00,2026-06-19 17:33:00
W001979,W001112,1,0.605229,1,2026-01-16 10:21:00,2026-01-16 10:21:00
W001979,W001133,1,0.347441,1,2026-06-06 22:32:00,2026-06-06 22:32:00
W001979,W001409,1,0.268545,1,2026-05-15 04:47:00,2026-05-15 04:47:00
W001979,W001429,1,0.359131,1,2026-06-01 22:50:00,2026-06-01 22:50:00
W001979,W001470,1,0.47591,1,2026-01-17 15:20:00,2026-01-17 15:20:00
W001979,W001474,1,0.246235,1,2026-06-28 03:38:00,2026-06-28 03:38:00
W001979,W001860,1,0.394901,1,2026-04-19 23:05:00,2026-04-19 23:05:00
W001980,W000044,1,0.748865,1,2026-03-26 01:57:00,2026-03-26 01:57:00
W001980,W001018,1,0.366374,1,2026-06-16 11:56:00,2026-06-16 11:56:00
W001980,W001089,1,0.465475,1,2026-03-29 02:03:00,2026-03-29 02:03:00
W001980,W001196,1,0.208506,1,2026-06-17 20:44:00,2026-06-17 20:44:00
W001980,W001262,1,0.388156,1,2026-03-16 22:19:00,2026-03-16 22:19:00
W001980,W002480,1,0.372216,1,2026-01-17 05:42:00,2026-01-17 05:42:00
W001981,W000295,1,0.199398,1,2026-05-25 04:30:00,2026-05-25 04:30:00
W001981,W000828,1,0.413067,1,2026-04-09 22:14:00,2026-04-09 22:14:00
W001981,W000912,1,0.453468,1,2026-03-12 14:20:00,2026-03-12 14:20:00
W001981,W000952,1,0.286382,1,2026-05-14 23:39:00,2026-05-14 23:39:00
W001981,W001168,1,0.15863,1,2026-05-10 07:51:00,2026-05-10 07:51:00
W001982,W000211,1,0.159129,1,2026-04-01 05:10:00,2026-04-01 05:10:00
W001982,W000569,1,0.247698,1,2026-06-27 14:41:00,2026-06-27 14:41:00
W001982,W001048,1,0.20327,1,2026-01-04 22:31:00,2026-01-04 22:31:00
W001982,W001059,1,0.289125,1,2026-06-02 05:00:00,2026-06-02 05:00:00
W001983,W000038,1,6.447986,1,2026-05-07 13:09:00,2026-05-07 13:09:00
W001983,W000537,1,0.329557,1,2026-06-26 22:16:00,2026-06-26 22:16:00
W001983,W001016,1,0.722252,1,2026-06-29 21:18:00,2026-06-29 21:18:00
W001983,W001086,1,0.509506,1,2026-05-16 08:31:00,2026-05-16 08:31:00
W001983,W001296,1,0.990959,1,2026-02-28 14:12:00,2026-02-28 14:12:00
W001983,W001900,1,1.045298,1,2026-06-10 22:09:00,2026-06-10 22:09:00
W001983,W001961,1,0.984846,1,2026-04-14 19:41:00,2026-04-14 19:41:00
W001983,W002119,1,0.621981,1,2026-06-16 05:26:00,2026-06-16 05:26:00
W001983,W002391,1,0.833638,1,2026-05-13 01:31:00,2026-05-13 01:31:00
W001984,W000268,1,0.501764,1,2026-02-22 21:11:00,2026-02-22 21:11:00
W001984,W000854,1,0.173799,1,2026-06-22 19:09:00,2026-06-22 19:09:00
W001984,W001492,1,2.001986,1,2026-03-23 03:16:00,2026-03-23 03:16:00
W001984,W002020,1,0.271013,1,2026-05-29 02:09:00,2026-05-29 02:09:00
W001984,W002435,1,0.454996,1,2026-05-07 22:24:00,2026-05-07 22:24:00
W001984,W002437,1,0.264497,1,2026-04-28 11:08:00,2026-04-28 11:08:00
W001985,W002276,1,0.753008,1,2026-04-29 23:45:00,2026-04-29 23:45:00
W001985,W002464,1,0.375962,1,2026-05-28 07:51:00,2026-05-28 07:51:00
W001985,W002465,1,0.358291,1,2026-04-15 13:16:00,2026-04-15 13:16:00
W001986,W000216,1,0.656486,1,2026-02-21 13:57:00,2026-02-21 13:57:00
W001986,W001064,1,0.142417,1,2026-03-31 22:00:00,2026-03-31 22:00:00
W001986,W001888,1,0.140942,1,2026-01-01 19:06:00,2026-01-01 19:06:00
W001987,W000278,1,0.236789,1,2026-06-27 07:58:00,2026-06-27 07:58:00
W001987,W000824,1,0.686969,1,2026-02-22 23:29:00,2026-02-22 23:29:00
W001988,W001006,1,0.666015,1,2026-01-22 06:16:00,2026-01-22 06:16:00
W001988,W001251,1,0.432419,1,2026-01-04 12:45:00,2026-01-04 12:45:00
W001988,W001354,1,0.529576,1,2026-05-12 14:06:00,2026-05-12 14:06:00
W001988,W001499,1,0.343393,1,2026-06-20 08:23:00,2026-06-20 08:23:00
W001988,W001934,1,0.159727,1,2026-04-15 23:34:00,2026-04-15 23:34:00
W001989,W000283,1,0.117145,1,2026-06-08 03:01:00,2026-06-08 03:01:00
W001989,W000284,1,0.281146,1,2026-06-16 06:22:00,2026-06-16 06:22:00
W001989,W000769,1,0.866992,1,2026-02-22 06:54:00,2026-02-22 06:54:00
W001989,W001107,1,0.447123,1,2026-06-17 00:33:00,2026-06-17 00:33:00
W001989,W001935,1,0.247399,1,2026-06-02 01:07:00,2026-06-02 01:07:00
W001990,W000456,1,0.270721,1,2026-02-18 23:51:00,2026-02-18 23:51:00
W001990,W000795,1,1.344893,1,2026-01-22 18:15:00,2026-01-22 18:15:00
W001990,W001505,1,0.259372,1,2026-06-06 07:16:00,2026-06-06 07:16:00
W001990,W002488,1,0.391144,1,2026-05-13 23:10:00,2026-05-13 23:10:00
W001991,W002367,1,0.193757,1,2026-04-11 19:46:00,2026-04-11 19:46:00
W001992,W000153,1,0.445722,1,2026-04-19 13:38:00,2026-04-19 13:38:00
W001992,W000677,1,0.554101,1,2026-04-11 23:07:00,2026-04-11 23:07:00
W001992,W002010,1,0.371826,1,2026-06-04 15:11:00,2026-06-04 15:11:00
W001992,W002282,1,0.117878,1,2026-04-25 05:47:00,2026-04-25 05:47:00
W001993,W001665,1,0.794743,1,2026-01-23 06:42:00,2026-01-23 06:42:00
W001993,W002087,1,0.323712,1,2026-01-11 20:51:00,2026-01-11 20:51:00
W001993,W002132,1,1.943027,1,2026-01-03 12:58:00,2026-01-03 12:58:00
W001994,W000009,1,1.090953,1,2026-03-31 18:45:00,2026-03-31 18:45:00
W001994,W000213,1,0.438253,1,2026-05-11 22:39:00,2026-05-11 22:39:00
W001994,W000293,1,0.135272,1,2026-01-19 09:56:00,2026-01-19 09:56:00
W001994,W000624,1,0.723197,1,2026-03-12 11:36:00,2026-03-12 11:36:00
W001995,W001386,1,0.447278,1,2026-02-26 12:32:00,2026-02-26 12:32:00
W001995,W001653,1,0.369927,1,2026-04-17 06:55:00,2026-04-17 06:55:00
W001995,W002466,1,0.317412,1,2026-04-24 10:11:00,2026-04-24 10:11:00
W001996,W000413,1,0.924914,1,2026-03-26 10:48:00,2026-03-26 10:48:00
W001996,W000617,1,0.414576,1,2026-05-24 06:14:00,2026-05-24 06:14:00
W001996,W001555,1,0.215335,1,2026-01-16 10:18:00,2026-01-16 10:18:00
W001996,W002140,1,0.960007,1,2026-06-07 03:35:00,2026-06-07 03:35:00
W001996,W002348,1,0.517372,1,2026-06-10 09:09:00,2026-06-10 09:09:00
W001997,W000016,1,0.205251,1,2026-02-27 01:37:00,2026-02-27 01:37:00
W001997,W000295,1,0.081536,1,2026-06-26 08:02:00,2026-06-26 08:02:00
W001997,W000726,1,0.221455,1,2026-04-02 09:02:00,2026-04-02 09:02:00
W001997,W000832,1,0.978502,1,2026-01-03 20:23:00,2026-01-03 20:23:00
W001997,W001114,1,0.581622,1,2026-06-14 12:46:00,2026-06-14 12:46:00
W001998,W000369,1,1.184041,1,2026-02-20 12:39:00,2026-02-20 12:39:00
W001998,W000434,1,0.527439,1,2026-04-03 09:52:00,2026-04-03 09:52:00
W001998,W001296,1,0.584391,1,2026-03-20 08:16:00,2026-03-20 08:16:00
W001999,W000687,1,0.092076,1,2026-01-19 22:05:00,2026-01-19 22:05:00
W001999,W001018,1,0.254657,1,2026-03-29 21:38:00,2026-03-29 21:38:00
W001999,W001098,1,0.733715,1,2026-04-15 05:20:00,2026-04-15 05:20:00
W001999,W001508,1,0.182793,1,2026-04-30 16:23:00,2026-04-30 16:23:00
W001999,W001666,1,0.292634,1,2026-02-16 18:34:00,2026-02-16 18:34:00
W001999,W001758,1,0.678913,1,2026-03-31 16:39:00,2026-03-31 16:39:00
W001999,W002211,1,0.746181,1,2026-03-04 05:11:00,2026-03-04 05:11:00
W002000,W000382,1,0.479838,1,2026-05-30 11:06:00,2026-05-30 11:06:00
W002000,W000489,1,0.506995,1,2026-01-05 12:36:00,2026-01-05 12:36:00
W002000,W001582,1,0.160198,1,2026-02-11 20:02:00,2026-02-11 20:02:00
W002001,W000280,1,0.87127,1,2026-05-27 21:44:00,2026-05-27 21:44:00
W002001,W000324,1,0.625898,1,2026-01-13 13:01:00,2026-01-13 13:01:00
W002001,W001867,1,0.181496,1,2026-06-06 15:08:00,2026-06-06 15:08:00
W002001,W001937,1,0.189143,1,2026-04-16 11:00:00,2026-04-16 11:00:00
W002002,W000303,1,0.214692,1,2026-01-25 05:26:00,2026-01-25 05:26:00
W002002,W000471,1,0.711946,1,2026-01-23 03:49:00,2026-01-23 03:49:00
W002002,W001580,1,0.627168,1,2026-05-23 10:32:00,2026-05-23 10:32:00
W002002,W001901,1,0.624872,1,2026-02-16 15:21:00,2026-02-16 15:21:00
W002002,W002383,1,0.281104,1,2026-05-08 10:35:00,2026-05-08 10:35:00
W002003,W000401,1,1.434867,1,2026-01-24 14:51:00,2026-01-24 14:51:00
W002003,W001553,1,0.475954,1,2026-01-20 05:07:00,2026-01-20 05:07:00
W002003,W001959,1,0.26438,1,2026-06-27 05:14:00,2026-06-27 05:14:00
W002003,W002495,1,0.881472,1,2026-04-10 13:40:00,2026-04-10 13:40:00
W002004,W000167,1,0.505456,1,2026-01-22 01:14:00,2026-01-22 01:14:00
W002004,W000713,1,0.372079,1,2026-06-06 14:10:00,2026-06-06 14:10:00
W002004,W000947,1,0.46315,1,2026-04-13 18:16:00,2026-04-13 18:16:00
W002004,W002156,1,0.627587,1,2026-05-02 11:51:00,2026-05-02 11:51:00
W002005,W000280,1,0.61141,1,2026-02-02 10:45:00,2026-02-02 10:45:00
W002005,W001036,1,0.063454,1,2026-03-13 07:10:00,2026-03-13 07:10:00
W002005,W002486,1,0.492441,1,2026-05-30 15:01:00,2026-05-30 15:01:00
W002006,W000387,1,0.607718,1,2026-02-14 18:00:00,2026-02-14 18:00:00
W002006,W000444,1,0.387434,1,2026-05-01 01:00:00,2026-05-01 01:00:00
W002006,W001618,1,0.315323,1,2026-02-26 03:19:00,2026-02-26 03:19:00
W002007,W000234,1,0.231888,1,2026-06-05 10:27:00,2026-06-05 10:27:00
W002007,W000751,1,0.273923,1,2026-05-28 08:40:00,2026-05-28 08:40:00
W002007,W001053,1,2.097112,1,2026-03-09 22:32:00,2026-03-09 22:32:00
W002008,W002485,1,0.852908,1,2026-06-05 23:07:00,2026-06-05 23:07:00
W002009,W000066,1,0.117346,1,2026-03-13 05:52:00,2026-03-13 05:52:00
W002009,W000382,1,0.722871,1,2026-05-06 23:17:00,2026-05-06 23:17:00
W002009,W000409,1,0.455372,1,2026-02-11 20:49:00,2026-02-11 20:49:00
W002009,W001172,1,0.707816,1,2026-06-24 03:50:00,2026-06-24 03:50:00
W002009,W001366,1,0.470604,1,2026-03-31 12:13:00,2026-03-31 12:13:00
W002009,W002354,1,1.371588,1,2026-01-28 21:27:00,2026-01-28 21:27:00
W002009,W002398,1,0.698469,1,2026-03-22 20:01:00,2026-03-22 20:01:00
W002009,W002500,1,0.558839,1,2026-01-25 04:31:00,2026-01-25 04:31:00
W002010,W000037,1,0.423204,1,2026-04-14 23:25:00,2026-04-14 23:25:00
W002010,W000209,1,0.557612,1,2026-04-02 03:57:00,2026-04-02 03:57:00
W002010,W001814,1,0.484412,1,2026-05-26 07:39:00,2026-05-26 07:39:00
W002010,W001956,1,0.324817,1,2026-04-29 11:41:00,2026-04-29 11:41:00
W002010,W001977,1,0.497999,1,2026-03-22 04:29:00,2026-03-22 04:29:00
W002011,W000936,1,0.859724,1,2026-02-25 01:47:00,2026-02-25 01:47:00
W002011,W001197,1,0.357529,1,2026-04-23 07:39:00,2026-04-23 07:39:00
W002011,W001550,1,0.524421,1,2026-06-21 02:39:00,2026-06-21 02:39:00
W002011,W001794,1,0.546014,1,2026-04-25 15:16:00,2026-04-25 15:16:00
W002011,W002064,1,0.248822,1,2026-04-06 00:32:00,2026-04-06 00:32:00
W002011,W002264,1,0.357317,1,2026-01-16 03:33:00,2026-01-16 03:33:00
W002012,W001460,1,5.442634,1,2026-02-06 06:48:00,2026-02-06 06:48:00
W002012,W001462,1,0.327928,1,2026-06-14 08:58:00,2026-06-14 08:58:00
W002012,W002205,1,0.15009,1,2026-01-01 14:33:00,2026-01-01 14:33:00
W002012,W002244,1,1.111736,1,2026-04-26 11:48:00,2026-04-26 11:48:00
W002013,W002034,1,1.016664,1,2026-03-04 17:22:00,2026-03-04 17:22:00
W002014,W001479,1,0.363712,1,2026-06-16 15:41:00,2026-06-16 15:41:00
W002014,W002106,1,0.72786,1,2026-05-29 17:33:00,2026-05-29 17:33:00
W002015,W001097,1,0.240424,1,2026-01-16 09:15:00,2026-01-16 09:15:00
W002016,W000650,1,0.297386,1,2026-02-06 01:43:00,2026-02-06 01:43:00
W002016,W001442,1,2.025664,1,2026-06-19 07:02:00,2026-06-19 07:02:00
W002017,W000972,1,0.463242,1,2026-04-02 13:19:00,2026-04-02 13:19:00
W002017,W001702,1,0.5098,1,2026-04-08 00:27:00,2026-04-08 00:27:00
W002017,W001972,1,1.108763,1,2026-04-17 01:53:00,2026-04-17 01:53:00
W002017,W002207,1,0.283816,1,2026-04-28 13:40:00,2026-04-28 13:40:00
W002018,W000452,1,0.565337,1,2026-06-22 14:24:00,2026-06-22 14:24:00
W002019,W001511,1,0.836356,1,2026-06-23 23:23:00,2026-06-23 23:23:00
W002019,W001690,1,0.38452,1,2026-03-05 23:25:00,2026-03-05 23:25:00
W002020,W000794,1,0.349201,1,2026-03-26 19:18:00,2026-03-26 19:18:00
W002020,W001142,1,0.644036,1,2026-05-22 11:23:00,2026-05-22 11:23:00
W002020,W001872,1,0.479009,1,2026-01-18 22:56:00,2026-01-18 22:56:00
W002021,W000172,1,0.365737,1,2026-05-26 04:35:00,2026-05-26 04:35:00
W002021,W001210,1,0.339427,1,2026-03-17 17:27:00,2026-03-17 17:27:00
W002021,W002491,1,1.153468,1,2026-06-15 22:07:00,2026-06-15 22:07:00
W002022,W000274,1,0.303867,1,2026-04-23 01:31:00,2026-04-23 01:31:00
W002022,W000304,1,0.579069,1,2026-04-08 22:50:00,2026-04-08 22:50:00
W002022,W000362,1,0.963218,1,2026-05-04 06:49:00,2026-05-04 06:49:00
W002022,W000656,1,0.918959,1,2026-03-02 00:39:00,2026-03-02 00:39:00
W002022,W000740,1,0.301311,1,2026-01-30 02:36:00,2026-01-30 02:36:00
W002022,W001968,1,0.36052,1,2026-05-14 22:38:00,2026-05-14 22:38:00
W002022,W002213,1,0.526485,1,2026-01-01 16:18:00,2026-01-01 16:18:00
W002022,W002263,1,0.789944,1,2026-06-27 01:38:00,2026-06-27 01:38:00
W002022,W002448,1,2.396254,1,2026-04-24 05:45:00,2026-04-24 05:45:00
W002023,W000500,1,0.380673,1,2026-06-29 17:09:00,2026-06-29 17:09:00
W002023,W001261,1,0.183367,1,2026-02-28 15:46:00,2026-02-28 15:46:00
W002023,W001833,1,0.766288,1,2026-03-31 19:17:00,2026-03-31 19:17:00
W002023,W002136,1,0.410527,1,2026-03-06 12:35:00,2026-03-06 12:35:00
W002024,W000995,1,0.476375,1,2026-06-18 04:55:00,2026-06-18 04:55:00
W002024,W002099,1,0.437315,1,2026-01-15 13:57:00,2026-01-15 13:57:00
W002025,W000871,1,2.338717,1,2026-06-10 00:39:00,2026-06-10 00:39:00
W002025,W001106,1,1.566586,1,2026-03-02 01:25:00,2026-03-02 01:25:00
W002025,W001147,1,0.425761,1,2026-02-05 12:35:00,2026-02-05 12:35:00
W002025,W001192,1,0.84716,1,2026-01-28 20:14:00,2026-01-28 20:14:00
W002025,W001209,1,0.223282,1,2026-06-07 01:24:00,2026-06-07 01:24:00
W002025,W001281,1,0.218026,1,2026-04-09 17:12:00,2026-04-09 17:12:00
W002025,W001627,1,0.844164,1,2026-01-23 00:30:00,2026-01-23 00:30:00
W002025,W001746,1,0.356014,1,2026-05-16 16:52:00,2026-05-16 16:52:00
W002025,W001815,1,0.587624,1,2026-04-04 23:36:00,2026-04-04 23:36:00
W002025,W001859,1,0.412884,1,2026-04-21 04:49:00,2026-04-21 04:49:00
W002026,W000321,1,0.374084,1,2026-01-11 21:23:00,2026-01-11 21:23:00
W002026,W000968,1,1.497637,1,2026-03-05 10:47:00,2026-03-05 10:47:00
W002026,W001553,2,2.04687,2,2026-02-12 11:59:00,2026-03-13 23:13:00
W002026,W002331,1,0.570945,1,2026-01-15 19:03:00,2026-01-15 19:03:00
W002027,W000167,1,0.633835,1,2026-03-21 01:55:00,2026-03-21 01:55:00
W002027,W000272,1,0.371695,1,2026-01-11 18:43:00,2026-01-11 18:43:00
W002027,W000703,1,0.736286,1,2026-05-10 23:23:00,2026-05-10 23:23:00
W002027,W001321,1,0.526897,1,2026-05-30 14:06:00,2026-05-30 14:06:00
W002027,W001589,1,0.445708,1,2026-04-09 14:36:00,2026-04-09 14:36:00
W002027,W002406,1,0.716634,1,2026-04-21 03:25:00,2026-04-21 03:25:00
W002028,W000410,1,1.150468,1,2026-01-02 13:40:00,2026-01-02 13:40:00
W002028,W000461,1,0.191378,1,2026-04-08 07:44:00,2026-04-08 07:44:00
W002029,W000061,1,0.354927,1,2026-03-15 15:42:00,2026-03-15 15:42:00
W002029,W000893,1,3.587418,1,2026-01-25 14:17:00,2026-01-25 14:17:00
W002029,W000908,1,0.330996,1,2026-04-28 12:55:00,2026-04-28 12:55:00
W002029,W002328,1,0.240589,1,2026-01-21 05:38:00,2026-01-21 05:38:00
W002030,W000276,1,0.309585,1,2026-04-06 04:50:00,2026-04-06 04:50:00
W002030,W001531,1,1.002082,1,2026-03-16 12:09:00,2026-03-16 12:09:00
W002030,W002097,1,0.068027,1,2026-05-26 12:43:00,2026-05-26 12:43:00
W002031,W000130,1,0.422464,1,2026-04-16 13:21:00,2026-04-16 13:21:00
W002032,W001043,1,0.361264,1,2026-06-16 08:42:00,2026-06-16 08:42:00
W002032,W001482,1,0.507355,1,2026-01-28 03:15:00,2026-01-28 03:15:00
W002032,W001822,1,0.402588,1,2026-03-07 03:23:00,2026-03-07 03:23:00
W002033,W000219,1,0.296125,1,2026-05-15 11:59:00,2026-05-15 11:59:00
W002033,W000278,1,0.744142,1,2026-04-22 23:47:00,2026-04-22 23:47:00
W002033,W000426,1,0.213134,1,2026-05-29 01:14:00,2026-05-29 01:14:00
W002034,W000142,1,0.252319,1,2026-02-14 23:33:00,2026-02-14 23:33:00
W002034,W001193,1,0.363579,1,2026-01-29 00:50:00,2026-01-29 00:50:00
W002034,W001626,1,0.21886,1,2026-02-21 19:59:00,2026-02-21 19:59:00
W002034,W001980,1,1.505979,1,2026-03-30 11:03:00,2026-03-30 11:03:00
W002034,W002208,1,0.227343,1,2026-03-16 05:25:00,2026-03-16 05:25:00
W002035,W000140,1,0.087954,1,2026-05-20 12:17:00,2026-05-20 12:17:00
W002035,W000785,1,0.519498,1,2026-02-25 12:53:00,2026-02-25 12:53:00
W002035,W001042,1,0.430417,1,2026-06-03 19:29:00,2026-06-03 19:29:00
W002035,W002461,1,0.336986,1,2026-06-29 13:08:00,2026-06-29 13:08:00
W002036,W000674,1,0.426823,1,2026-05-22 03:46:00,2026-05-22 03:46:00
W002036,W000718,1,0.643804,1,2026-03-17 04:59:00,2026-03-17 04:59:00
W002036,W000895,1,0.192546,1,2026-03-17 22:57:00,2026-03-17 22:57:00
W002036,W001823,1,0.591213,1,2026-01-05 06:53:00,2026-01-05 06:53:00
W002036,W002165,1,0.305812,1,2026-02-11 06:21:00,2026-02-11 06:21:00
W002037,W000386,1,0.282554,1,2026-03-14 10:01:00,2026-03-14 10:01:00
W002037,W000403,1,0.500507,1,2026-02-09 01:55:00,2026-02-09 01:55:00
W002037,W000578,1,0.285546,1,2026-04-18 20:19:00,2026-04-18 20:19:00
W002037,W001710,1,0.304987,1,2026-02-04 08:38:00,2026-02-04 08:38:00
W002037,W001930,1,0.757634,1,2026-03-07 20:28:00,2026-03-07 20:28:00
W002038,W000991,1,0.351412,1,2026-05-24 09:16:00,2026-05-24 09:16:00
W002038,W000997,1,0.49327,1,2026-04-10 16:43:00,2026-04-10 16:43:00
W002038,W001571,1,0.401499,1,2026-01-19 21:29:00,2026-01-19 21:29:00
W002039,W000165,1,0.340594,1,2026-06-15 08:11:00,2026-06-15 08:11:00
W002039,W002401,1,0.343675,1,2026-02-26 03:24:00,2026-02-26 03:24:00
W002040,W000528,1,0.449774,1,2026-06-09 15:41:00,2026-06-09 15:41:00
W002040,W001546,1,0.317185,1,2026-04-20 17:39:00,2026-04-20 17:39:00
W002040,W001658,1,1.638265,1,2026-01-05 05:35:00,2026-01-05 05:35:00
W002041,W000006,1,1.466755,1,2026-06-09 20:48:00,2026-06-09 20:48:00
W002041,W000331,1,0.692875,1,2026-02-05 06:30:00,2026-02-05 06:30:00
W002041,W000333,1,0.244384,1,2026-04-29 00:47:00,2026-04-29 00:47:00
W002041,W000495,1,0.329013,1,2026-01-07 11:07:00,2026-01-07 11:07:00
W002041,W001636,1,0.812456,1,2026-06-12 19:38:00,2026-06-12 19:38:00
W002041,W002453,1,0.635089,1,2026-06-15 05:07:00,2026-06-15 05:07:00
W002042,W000366,1,1.876807,1,2026-02-17 00:20:00,2026-02-17 00:20:00
W002042,W000598,1,0.213651,1,2026-06-06 14:52:00,2026-06-06 14:52:00
W002042,W001169,1,0.551093,1,2026-04-21 12:26:00,2026-04-21 12:26:00
W002042,W002087,1,0.351679,1,2026-05-03 15:25:00,2026-05-03 15:25:00
W002042,W002362,1,0.397709,1,2026-01-20 17:36:00,2026-01-20 17:36:00
W002043,W000135,1,0.307736,1,2026-05-07 05:49:00,2026-05-07 05:49:00
W002043,W000356,1,0.884181,1,2026-05-01 13:26:00,2026-05-01 13:26:00
W002043,W001470,1,0.513888,1,2026-02-11 04:00:00,2026-02-11 04:00:00
W002043,W001516,1,0.739462,1,2026-03-04 17:34:00,2026-03-04 17:34:00
W002043,W001557,1,0.308872,1,2026-03-22 05:11:00,2026-03-22 05:11:00
W002043,W001795,1,0.2051,1,2026-01-13 09:34:00,2026-01-13 09:34:00
W002043,W002466,1,0.37938,1,2026-01-24 17:17:00,2026-01-24 17:17:00
W002044,W000199,1,0.552364,1,2026-06-06 13:42:00,2026-06-06 13:42:00
W002044,W000613,1,1.553793,1,2026-05-28 07:41:00,2026-05-28 07:41:00
W002044,W001163,1,0.457479,1,2026-02-11 09:34:00,2026-02-11 09:34:00
W002045,W000284,1,0.859514,1,2026-05-25 10:52:00,2026-05-25 10:52:00
W002045,W001770,1,0.456505,1,2026-03-20 00:36:00,2026-03-20 00:36:00
W002045,W001824,1,0.268031,1,2026-02-26 00:59:00,2026-02-26 00:59:00
W002046,W000634,1,0.496958,1,2026-06-07 02:46:00,2026-06-07 02:46:00
W002046,W001855,1,0.600092,1,2026-01-13 02:40:00,2026-01-13 02:40:00
W002046,W002128,1,0.425195,1,2026-03-12 20:43:00,2026-03-12 20:43:00
W002047,W001674,1,0.521698,1,2026-01-12 01:02:00,2026-01-12 01:02:00
W002047,W001984,1,0.306928,1,2026-06-26 12:36:00,2026-06-26 12:36:00
W002048,W000491,1,0.553283,1,2026-05-02 23:30:00,2026-05-02 23:30:00
W002048,W001144,1,0.159547,1,2026-05-30 22:53:00,2026-05-30 22:53:00
W002048,W001331,1,0.320113,1,2026-03-22 08:34:00,2026-03-22 08:34:00
W002048,W001985,1,0.325327,1,2026-05-13 23:08:00,2026-05-13 23:08:00
W002048,W002025,1,2.240877,1,2026-05-21 21:34:00,2026-05-21 21:34:00
W002048,W002361,1,0.338176,1,2026-06-21 22:16:00,2026-06-21 22:16:00
W002049,W000436,1,0.266272,1,2026-02-06 17:08:00,2026-02-06 17:08:00
W002049,W000898,1,0.509742,1,2026-03-11 21:15:00,2026-03-11 21:15:00
W002050,W000139,1,0.134288,1,2026-06-03 02:17:00,2026-06-03 02:17:00
W002050,W000254,1,0.487502,1,2026-02-13 08:22:00,2026-02-13 08:22:00
W002050,W001373,1,0.436151,1,2026-06-12 17:23:00,2026-06-12 17:23:00
W002050,W001890,1,1.017167,1,2026-04-12 17:35:00,2026-04-12 17:35:00
W002050,W001940,1,0.160888,1,2026-05-10 17:57:00,2026-05-10 17:57:00
W002051,W000867,1,0.638878,1,2026-01-08 19:28:00,2026-01-08 19:28:00
W002051,W001056,1,0.465775,1,2026-01-25 09:02:00,2026-01-25 09:02:00
W002051,W001287,1,0.334559,1,2026-03-20 06:57:00,2026-03-20 06:57:00
W002051,W001688,1,0.563705,1,2026-01-31 08:18:00,2026-01-31 08:18:00
W002052,W000665,1,0.356858,1,2026-06-03 16:42:00,2026-06-03 16:42:00
W002052,W001439,1,0.340726,1,2026-05-21 07:10:00,2026-05-21 07:10:00
W002052,W001479,1,0.546943,1,2026-02-10 01:37:00,2026-02-10 01:37:00
W002052,W001540,1,1.299089,1,2026-02-27 06:20:00,2026-02-27 06:20:00
W002052,W001959,1,0.816927,1,2026-03-17 23:14:00,2026-03-17 23:14:00
W002053,W000516,1,0.97845,1,2026-02-14 22:23:00,2026-02-14 22:23:00
W002053,W002077,1,0.210827,1,2026-05-27 23:35:00,2026-05-27 23:35:00
W002053,W002377,1,5.197566,1,2026-06-19 05:03:00,2026-06-19 05:03:00
W002054,W000239,1,0.431465,1,2026-04-21 14:46:00,2026-04-21 14:46:00
W002054,W001122,1,0.322846,1,2026-01-31 09:54:00,2026-01-31 09:54:00
W002054,W001580,1,0.357914,1,2026-05-03 04:33:00,2026-05-03 04:33:00
W002055,W000591,1,0.326747,1,2026-04-03 12:09:00,2026-04-03 12:09:00
W002055,W000982,1,1.008087,1,2026-06-20 15:26:00,2026-06-20 15:26:00
W002055,W001607,1,0.223177,1,2026-03-16 23:24:00,2026-03-16 23:24:00
W002055,W002210,1,0.398071,1,2026-01-05 12:18:00,2026-01-05 12:18:00
W002056,W001623,1,0.503501,1,2026-06-08 03:58:00,2026-06-08 03:58:00
W002056,W001757,1,0.166572,1,2026-03-23 06:40:00,2026-03-23 06:40:00
W002057,W000234,1,0.761274,1,2026-05-09 13:24:00,2026-05-09 13:24:00
W002057,W001547,1,1.37486,1,2026-06-17 21:17:00,2026-06-17 21:17:00
W002057,W001884,1,0.968525,1,2026-02-13 14:16:00,2026-02-13 14:16:00
W002057,W002033,1,0.905612,1,2026-01-04 02:32:00,2026-01-04 02:32:00
W002057,W002207,1,0.667242,1,2026-05-13 15:30:00,2026-05-13 15:30:00
W002058,W000037,1,0.509174,1,2026-04-07 10:32:00,2026-04-07 10:32:00
W002058,W000398,1,0.253112,1,2026-05-06 21:24:00,2026-05-06 21:24:00
W002058,W000639,1,0.546346,1,2026-03-12 04:15:00,2026-03-12 04:15:00
W002058,W001294,1,2.21959,1,2026-04-10 06:35:00,2026-04-10 06:35:00
W002058,W002209,1,0.229893,1,2026-02-07 15:10:00,2026-02-07 15:10:00
W002058,W002277,1,0.634197,1,2026-02-23 20:41:00,2026-02-23 20:41:00
W002058,W002427,1,0.565551,1,2026-06-16 01:12:00,2026-06-16 01:12:00
W002058,W002489,1,0.276122,1,2026-01-17 14:53:00,2026-01-17 14:53:00
W002059,W000326,1,0.968448,1,2026-04-28 19:49:00,2026-04-28 19:49:00
W002059,W000344,1,0.514819,1,2026-04-25 16:58:00,2026-04-25 16:58:00
W002059,W000817,1,0.395609,1,2026-04-25 22:01:00,2026-04-25 22:01:00
W002060,W001206,1,0.344611,1,2026-04-29 17:52:00,2026-04-29 17:52:00
W002060,W001633,1,0.409787,1,2026-04-28 16:23:00,2026-04-28 16:23:00
W002060,W001998,1,0.663112,1,2026-06-06 16:56:00,2026-06-06 16:56:00
W002061,W000057,1,0.09347,1,2026-04-12 11:27:00,2026-04-12 11:27:00
W002061,W000524,1,0.331234,1,2026-02-08 16:08:00,2026-02-08 16:08:00
W002061,W001399,1,0.742679,1,2026-02-06 11:03:00,2026-02-06 11:03:00
W002062,W000475,1,0.401855,1,2026-05-14 16:51:00,2026-05-14 16:51:00
W002062,W000724,1,1.104832,1,2026-04-08 02:25:00,2026-04-08 02:25:00
W002062,W000738,1,0.224824,1,2026-01-12 17:48:00,2026-01-12 17:48:00
W002062,W001636,1,0.374035,1,2026-06-03 18:02:00,2026-06-03 18:02:00
W002062,W002283,1,0.481977,1,2026-02-03 18:03:00,2026-02-03 18:03:00
W002062,W002370,1,0.927211,1,2026-06-04 19:42:00,2026-06-04 19:42:00
W002063,W001142,1,0.564479,1,2026-05-16 07:36:00,2026-05-16 07:36:00
W002063,W001656,1,0.212724,1,2026-06-23 13:24:00,2026-06-23 13:24:00
W002063,W002431,1,0.08543,1,2026-03-21 12:33:00,2026-03-21 12:33:00
W002064,W000637,1,0.101631,1,2026-02-21 14:49:00,2026-02-21 14:49:00
W002064,W000941,1,0.650563,1,2026-05-15 09:10:00,2026-05-15 09:10:00
W002064,W001592,1,1.125748,1,2026-03-29 14:40:00,2026-03-29 14:40:00
W002064,W002118,1,1.533312,1,2026-06-10 15:13:00,2026-06-10 15:13:00
W002064,W002173,1,0.126785,1,2026-02-11 14:56:00,2026-02-11 14:56:00
W002065,W001050,1,0.252152,1,2026-03-07 23:33:00,2026-03-07 23:33:00
W002065,W001158,1,0.369861,1,2026-06-10 14:50:00,2026-06-10 14:50:00
W002065,W001777,1,0.112237,1,2026-03-29 00:42:00,2026-03-29 00:42:00
W002065,W002303,1,0.452642,1,2026-02-20 02:21:00,2026-02-20 02:21:00
W002065,W002378,1,0.163341,1,2026-06-06 23:38:00,2026-06-06 23:38:00
W002065,W002499,1,0.263752,1,2026-01-26 07:18:00,2026-01-26 07:18:00
W002066,W000045,1,0.457744,1,2026-03-11 06:02:00,2026-03-11 06:02:00
W002066,W001580,1,0.903556,1,2026-04-15 19:05:00,2026-04-15 19:05:00
W002066,W002069,1,0.219211,1,2026-04-05 00:58:00,2026-04-05 00:58:00
W002066,W002358,1,0.560542,1,2026-06-18 18:01:00,2026-06-18 18:01:00
W002067,W000455,1,0.150832,1,2026-01-06 06:34:00,2026-01-06 06:34:00
W002067,W000830,1,0.411563,1,2026-02-18 23:41:00,2026-02-18 23:41:00
W002068,W000055,1,0.422452,1,2026-05-10 11:04:00,2026-05-10 11:04:00
W002068,W001496,1,0.361494,1,2026-05-15 07:55:00,2026-05-15 07:55:00
W002069,W000211,1,0.1797,1,2026-02-15 20:04:00,2026-02-15 20:04:00
W002069,W000256,1,1.529522,1,2026-03-22 02:45:00,2026-03-22 02:45:00
W002069,W000630,1,1.177877,1,2026-03-29 16:25:00,2026-03-29 16:25:00
W002069,W000822,1,0.387184,1,2026-01-09 16:28:00,2026-01-09 16:28:00
W002069,W001294,1,0.535745,1,2026-03-08 13:27:00,2026-03-08 13:27:00
W002070,W000347,1,0.235996,1,2026-05-13 22:56:00,2026-05-13 22:56:00
W002070,W001432,1,0.092092,1,2026-03-17 08:16:00,2026-03-17 08:16:00
W002070,W001572,1,0.438819,1,2026-05-03 02:16:00,2026-05-03 02:16:00
W002071,W000060,1,3.237689,1,2026-06-21 22:35:00,2026-06-21 22:35:00
W002071,W000578,1,1.248259,1,2026-03-12 05:17:00,2026-03-12 05:17:00
W002071,W000830,1,0.210665,1,2026-06-27 03:29:00,2026-06-27 03:29:00
W002071,W001331,1,0.489994,1,2026-02-11 05:45:00,2026-02-11 05:45:00
W002071,W001334,1,0.262541,1,2026-03-16 14:53:00,2026-03-16 14:53:00
W002071,W001860,1,0.555791,1,2026-03-17 16:33:00,2026-03-17 16:33:00
W002072,W000159,1,0.337372,1,2026-04-18 08:16:00,2026-04-18 08:16:00
W002072,W001014,1,0.239579,1,2026-06-11 01:09:00,2026-06-11 01:09:00
W002072,W001762,1,1.129817,1,2026-03-10 12:55:00,2026-03-10 12:55:00
W002072,W002193,1,1.865094,1,2026-04-09 20:48:00,2026-04-09 20:48:00
W002072,W002320,1,1.809317,1,2026-06-10 07:53:00,2026-06-10 07:53:00
W002073,W000810,1,0.073722,1,2026-04-30 04:23:00,2026-04-30 04:23:00
W002073,W001181,1,0.243137,1,2026-06-24 06:27:00,2026-06-24 06:27:00
W002074,W000065,1,0.331845,1,2026-03-22 05:40:00,2026-03-22 05:40:00
W002074,W000518,1,0.821192,1,2026-01-10 13:04:00,2026-01-10 13:04:00
W002074,W000599,1,0.314949,1,2026-03-17 01:44:00,2026-03-17 01:44:00
W002074,W000885,1,0.581128,1,2026-06-20 12:14:00,2026-06-20 12:14:00
W002074,W001475,1,0.133956,1,2026-02-28 10:20:00,2026-02-28 10:20:00
W002075,W000100,1,0.231407,1,2026-01-27 11:23:00,2026-01-27 11:23:00
W002075,W000155,1,0.789562,1,2026-02-26 23:54:00,2026-02-26 23:54:00
W002075,W000163,1,0.349507,1,2026-03-26 05:16:00,2026-03-26 05:16:00
W002075,W000466,1,0.539296,1,2026-06-21 22:08:00,2026-06-21 22:08:00
W002075,W000470,1,0.38498,1,2026-02-20 16:39:00,2026-02-20 16:39:00
W002075,W001375,1,0.346076,1,2026-02-16 23:24:00,2026-02-16 23:24:00
W002075,W002117,1,0.570832,1,2026-02-18 01:05:00,2026-02-18 01:05:00
W002076,W000147,1,0.59148,1,2026-01-16 12:37:00,2026-01-16 12:37:00
W002076,W001019,1,1.132261,1,2026-02-28 15:14:00,2026-02-28 15:14:00
W002076,W001050,1,0.257695,1,2026-01-09 17:49:00,2026-01-09 17:49:00
W002076,W001273,1,0.557413,1,2026-01-05 04:43:00,2026-01-05 04:43:00
W002077,W000162,1,0.59333,1,2026-05-21 06:30:00,2026-05-21 06:30:00
W002077,W000330,1,0.669745,1,2026-04-26 18:27:00,2026-04-26 18:27:00
W002077,W000469,1,0.615573,1,2026-06-28 13:14:00,2026-06-28 13:14:00
W002077,W000964,1,0.706333,1,2026-01-22 03:04:00,2026-01-22 03:04:00
W002077,W001256,1,0.422175,1,2026-02-01 11:29:00,2026-02-01 11:29:00
W002078,W000480,1,0.369807,1,2026-04-11 18:49:00,2026-04-11 18:49:00
W002078,W001368,1,0.631057,1,2026-01-24 19:15:00,2026-01-24 19:15:00
W002078,W002217,1,0.724763,1,2026-05-22 00:48:00,2026-05-22 00:48:00
W002079,W000438,1,0.37352,1,2026-03-29 14:42:00,2026-03-29 14:42:00
W002079,W000581,1,0.396018,1,2026-06-08 12:30:00,2026-06-08 12:30:00
W002079,W000673,1,0.443674,1,2026-06-06 11:24:00,2026-06-06 11:24:00
W002079,W001737,1,0.338836,1,2026-05-15 02:47:00,2026-05-15 02:47:00
W002080,W000343,1,0.631609,1,2026-01-11 02:13:00,2026-01-11 02:13:00
W002080,W000380,1,0.299163,1,2026-01-21 14:14:00,2026-01-21 14:14:00
W002080,W000506,1,0.34135,1,2026-03-26 23:42:00,2026-03-26 23:42:00
W002080,W001200,1,0.491007,1,2026-06-21 08:43:00,2026-06-21 08:43:00
W002080,W001695,1,0.782568,1,2026-06-09 13:45:00,2026-06-09 13:45:00
W002081,W000764,1,0.080431,1,2026-03-27 07:51:00,2026-03-27 07:51:00
W002081,W001238,1,0.362858,1,2026-03-12 03:10:00,2026-03-12 03:10:00
W002081,W002075,1,0.337189,1,2026-01-13 19:30:00,2026-01-13 19:30:00
W002082,W000987,1,0.812936,1,2026-01-26 14:43:00,2026-01-26 14:43:00
W002082,W001005,1,0.398795,1,2026-04-12 23:43:00,2026-04-12 23:43:00
W002083,W000127,1,0.971951,1,2026-01-01 13:25:00,2026-01-01 13:25:00
W002083,W001880,1,0.504671,1,2026-04-15 12:55:00,2026-04-15 12:55:00
W002083,W002023,1,0.532719,1,2026-06-28 04:27:00,2026-06-28 04:27:00
W002084,W000608,1,0.463239,1,2026-02-21 18:31:00,2026-02-21 18:31:00
W002084,W000729,1,0.334629,1,2026-06-12 10:48:00,2026-06-12 10:48:00
W002084,W001498,1,0.874881,1,2026-01-06 19:25:00,2026-01-06 19:25:00
W002084,W002015,1,2.450741,1,2026-06-03 14:13:00,2026-06-03 14:13:00
W002084,W002180,1,0.356395,1,2026-06-13 13:58:00,2026-06-13 13:58:00
W002084,W002298,1,0.62007,1,2026-03-13 02:18:00,2026-03-13 02:18:00
W002085,W001613,1,0.266409,1,2026-02-16 04:47:00,2026-02-16 04:47:00
W002086,W000477,1,0.605682,1,2026-04-13 00:10:00,2026-04-13 00:10:00
W002086,W001901,1,0.667315,1,2026-01-31 01:23:00,2026-01-31 01:23:00
W002086,W002042,1,0.295291,1,2026-06-01 20:47:00,2026-06-01 20:47:00
W002087,W000665,1,0.376665,1,2026-05-22 05:14:00,2026-05-22 05:14:00
W002087,W001107,1,0.661711,1,2026-04-30 17:14:00,2026-04-30 17:14:00
W002087,W001216,1,0.359054,1,2026-04-28 23:39:00,2026-04-28 23:39:00
W002087,W001301,1,1.965434,1,2026-04-30 19:40:00,2026-04-30 19:40:00
W002087,W001587,1,1.057959,1,2026-01-12 04:13:00,2026-01-12 04:13:00
W002088,W000154,1,0.261841,1,2026-04-16 13:36:00,2026-04-16 13:36:00
W002088,W000731,1,0.867831,1,2026-03-27 01:58:00,2026-03-27 01:58:00
W002089,W000340,1,0.597738,1,2026-01-27 11:41:00,2026-01-27 11:41:00
W002089,W000352,1,1.365662,1,2026-02-28 21:51:00,2026-02-28 21:51:00
W002089,W000443,1,0.639706,1,2026-04-28 18:15:00,2026-04-28 18:15:00
W002089,W001670,1,0.416323,1,2026-01-08 19:06:00,2026-01-08 19:06:00
W002089,W002483,1,0.438617,1,2026-04-26 13:16:00,2026-04-26 13:16:00
W002090,W001421,1,0.681316,1,2026-01-29 15:36:00,2026-01-29 15:36:00
W002090,W001790,1,0.186588,1,2026-01-12 21:52:00,2026-01-12 21:52:00
W002090,W002223,1,0.16164,1,2026-01-14 21:45:00,2026-01-14 21:45:00
W002091,W000896,1,2.194828,1,2026-02-04 20:47:00,2026-02-04 20:47:00
W002091,W000918,1,0.892621,1,2026-02-10 20:02:00,2026-02-10 20:02:00
W002091,W000945,1,0.338956,1,2026-01-23 02:52:00,2026-01-23 02:52:00
W002091,W001551,1,0.225793,1,2026-04-09 05:40:00,2026-04-09 05:40:00
W002091,W001557,1,0.234642,1,2026-01-26 22:32:00,2026-01-26 22:32:00
W002091,W002177,1,0.757711,1,2026-02-12 21:39:00,2026-02-12 21:39:00
W002092,W000722,1,0.169241,1,2026-06-03 21:26:00,2026-06-03 21:26:00
W002092,W000842,1,0.308302,1,2026-02-15 01:28:00,2026-02-15 01:28:00
W002092,W001421,1,0.351694,1,2026-04-17 14:41:00,2026-04-17 14:41:00
W002093,W001348,1,0.451629,1,2026-05-03 09:25:00,2026-05-03 09:25:00
W002094,W001547,1,0.529115,1,2026-01-25 03:11:00,2026-01-25 03:11:00
W002094,W002002,1,0.399013,1,2026-05-13 18:45:00,2026-05-13 18:45:00
W002094,W002302,1,0.40308,1,2026-04-01 06:39:00,2026-04-01 06:39:00
W002095,W000551,1,0.834851,1,2026-01-25 17:08:00,2026-01-25 17:08:00
W002095,W000618,1,1.025415,1,2026-02-01 17:36:00,2026-02-01 17:36:00
W002095,W001580,1,0.398445,1,2026-06-07 22:02:00,2026-06-07 22:02:00
W002095,W001671,1,0.659273,1,2026-03-30 11:24:00,2026-03-30 11:24:00
W002095,W002121,1,0.236203,1,2026-06-28 13:17:00,2026-06-28 13:17:00
W002096,W000398,1,1.267687,1,2026-05-23 21:05:00,2026-05-23 21:05:00
W002096,W001045,1,0.248809,1,2026-05-12 01:27:00,2026-05-12 01:27:00
W002096,W001882,1,0.982186,1,2026-02-16 04:59:00,2026-02-16 04:59:00
W002096,W001968,1,0.646048,1,2026-04-22 00:54:00,2026-04-22 00:54:00
W002096,W002181,1,0.195426,1,2026-05-02 19:35:00,2026-05-02 19:35:00
W002098,W000845,1,1.330363,1,2026-02-15 12:02:00,2026-02-15 12:02:00
W002098,W002342,1,1.459628,1,2026-02-19 17:18:00,2026-02-19 17:18:00
W002100,W000062,1,0.261966,1,2026-01-16 01:29:00,2026-01-16 01:29:00
W002100,W000118,1,1.407035,1,2026-03-10 20:24:00,2026-03-10 20:24:00
W002100,W000650,1,0.427099,1,2026-05-14 03:45:00,2026-05-14 03:45:00
W002100,W000686,1,1.14704,1,2026-02-16 01:19:00,2026-02-16 01:19:00
W002100,W000920,1,0.662819,1,2026-01-01 08:18:00,2026-01-01 08:18:00
W002101,W000148,1,0.746759,1,2026-06-06 05:01:00,2026-06-06 05:01:00
W002101,W000499,1,0.291333,1,2026-02-14 15:25:00,2026-02-14 15:25:00
W002102,W000356,1,0.306309,1,2026-03-24 12:59:00,2026-03-24 12:59:00
W002102,W000961,1,0.493589,1,2026-06-20 16:30:00,2026-06-20 16:30:00
W002102,W001754,1,0.113557,1,2026-01-23 08:41:00,2026-01-23 08:41:00
W002102,W001759,1,0.408685,1,2026-02-05 01:41:00,2026-02-05 01:41:00
W002102,W001836,1,0.13713,1,2026-05-24 17:00:00,2026-05-24 17:00:00
W002103,W001479,1,0.246091,1,2026-02-11 01:56:00,2026-02-11 01:56:00
W002103,W001659,1,0.329519,1,2026-04-09 06:44:00,2026-04-09 06:44:00
W002104,W002162,1,0.2153,1,2026-06-22 14:12:00,2026-06-22 14:12:00
W002104,W002287,1,0.255803,1,2026-03-25 12:47:00,2026-03-25 12:47:00
W002104,W002309,1,1.551216,1,2026-03-21 02:55:00,2026-03-21 02:55:00
W002105,W000758,1,0.302778,1,2026-04-09 16:41:00,2026-04-09 16:41:00
W002105,W002070,1,0.548985,1,2026-02-14 06:31:00,2026-02-14 06:31:00
W002105,W002158,1,0.285163,1,2026-05-07 13:27:00,2026-05-07 13:27:00
W002106,W001701,1,0.309615,1,2026-06-23 18:54:00,2026-06-23 18:54:00
W002107,W000393,1,3.88607,1,2026-06-14 19:38:00,2026-06-14 19:38:00
W002107,W001942,1,0.375623,1,2026-03-09 03:21:00,2026-03-09 03:21:00
W002107,W002149,1,0.61429,1,2026-04-19 02:16:00,2026-04-19 02:16:00
W002108,W000626,1,0.150657,1,2026-02-16 03:09:00,2026-02-16 03:09:00
W002108,W001093,1,0.402138,1,2026-05-23 05:09:00,2026-05-23 05:09:00
W002108,W001218,1,0.855344,1,2026-05-01 08:01:00,2026-05-01 08:01:00
W002108,W001906,1,1.0564,1,2026-05-06 13:03:00,2026-05-06 13:03:00
W002108,W002143,1,0.479143,1,2026-01-01 14:25:00,2026-01-01 14:25:00
W002108,W002456,1,0.308084,1,2026-02-06 10:45:00,2026-02-06 10:45:00
W002109,W000292,1,0.349319,1,2026-06-27 02:02:00,2026-06-27 02:02:00
W002109,W001037,1,0.311659,1,2026-05-28 14:40:00,2026-05-28 14:40:00
W002109,W001535,1,0.439829,1,2026-05-11 13:32:00,2026-05-11 13:32:00
W002109,W001943,1,0.293567,1,2026-05-29 12:32:00,2026-05-29 12:32:00
W002110,W000813,1,0.180098,1,2026-03-20 23:18:00,2026-03-20 23:18:00
W002110,W001973,1,0.282628,1,2026-02-23 03:21:00,2026-02-23 03:21:00
W002110,W002282,1,0.46857,1,2026-03-16 10:13:00,2026-03-16 10:13:00
W002111,W001111,1,0.077655,1,2026-01-03 01:02:00,2026-01-03 01:02:00
W002111,W001816,1,0.45063,1,2026-02-18 19:57:00,2026-02-18 19:57:00
W002111,W002018,1,0.850198,1,2026-01-22 13:16:00,2026-01-22 13:16:00
W002111,W002166,1,0.527762,1,2026-03-07 01:58:00,2026-03-07 01:58:00
W002112,W000055,1,1.329455,1,2026-01-26 20:53:00,2026-01-26 20:53:00
W002112,W000293,1,0.17087,1,2026-04-07 23:32:00,2026-04-07 23:32:00
W002112,W000982,1,1.032556,1,2026-05-10 18:40:00,2026-05-10 18:40:00
W002112,W001927,1,0.394894,1,2026-05-23 00:49:00,2026-05-23 00:49:00
W002112,W002047,1,0.58267,1,2026-04-23 03:10:00,2026-04-23 03:10:00
W002112,W002062,1,0.364931,1,2026-02-01 21:19:00,2026-02-01 21:19:00
W002112,W002101,1,0.488577,1,2026-06-12 23:18:00,2026-06-12 23:18:00
W002112,W002434,1,0.507853,1,2026-05-22 22:02:00,2026-05-22 22:02:00
W002113,W001271,1,0.462627,1,2026-03-02 17:21:00,2026-03-02 17:21:00
W002113,W001327,1,0.687719,1,2026-06-19 04:21:00,2026-06-19 04:21:00
W002114,W000061,1,2.607376,1,2026-02-28 15:24:00,2026-02-28 15:24:00
W002114,W000128,1,1.064329,1,2026-02-25 07:36:00,2026-02-25 07:36:00
W002114,W000293,1,0.131375,1,2026-01-22 13:34:00,2026-01-22 13:34:00
W002114,W001320,1,0.608984,1,2026-02-06 09:56:00,2026-02-06 09:56:00
W002114,W001728,1,0.464705,1,2026-04-12 07:09:00,2026-04-12 07:09:00
W002114,W002323,1,0.563329,1,2026-05-09 06:55:00,2026-05-09 06:55:00
W002115,W001006,1,0.262503,1,2026-04-01 14:42:00,2026-04-01 14:42:00
W002115,W002395,1,0.267606,1,2026-04-15 20:04:00,2026-04-15 20:04:00
W002116,W000202,1,0.134502,1,2026-01-13 05:29:00,2026-01-13 05:29:00
W002116,W000806,1,0.302091,1,2026-01-02 10:02:00,2026-01-02 10:02:00
W002116,W000930,1,0.421142,1,2026-01-21 19:55:00,2026-01-21 19:55:00
W002116,W001287,1,0.408999,1,2026-03-06 23:15:00,2026-03-06 23:15:00
W002116,W001656,1,0.313212,1,2026-02-01 06:58:00,2026-02-01 06:58:00
W002116,W002000,1,0.516251,1,2026-02-26 17:45:00,2026-02-26 17:45:00
W002116,W002383,1,0.237375,1,2026-06-16 17:13:00,2026-06-16 17:13:00
W002117,W000233,1,0.230667,1,2026-06-20 07:52:00,2026-06-20 07:52:00
W002117,W000425,1,1.502831,1,2026-02-13 07:54:00,2026-02-13 07:54:00
W002117,W000916,1,0.225191,1,2026-05-14 13:16:00,2026-05-14 13:16:00
W002117,W001206,1,1.158939,1,2026-03-03 05:29:00,2026-03-03 05:29:00
W002118,W000527,1,0.653219,1,2026-01-29 19:17:00,2026-01-29 19:17:00
W002118,W002075,1,0.311737,1,2026-02-15 22:21:00,2026-02-15 22:21:00
W002119,W000939,1,0.354839,1,2026-04-03 05:28:00,2026-04-03 05:28:00
W002119,W001275,1,0.456022,1,2026-05-24 01:41:00,2026-05-24 01:41:00
W002119,W001998,1,0.356865,1,2026-02-05 22:24:00,2026-02-05 22:24:00
W002120,W000790,1,1.081015,1,2026-02-10 12:21:00,2026-02-10 12:21:00
W002120,W001122,1,0.30554,1,2026-05-12 05:52:00,2026-05-12 05:52:00
W002120,W002229,1,5.610199,1,2026-05-31 00:09:00,2026-05-31 00:09:00
W002120,W002235,1,0.558655,1,2026-03-03 15:43:00,2026-03-03 15:43:00
W002121,W000012,1,0.716681,1,2026-06-02 22:55:00,2026-06-02 22:55:00
W002121,W000528,1,0.423793,1,2026-02-20 04:08:00,2026-02-20 04:08:00
W002121,W000767,1,0.234989,1,2026-06-24 14:44:00,2026-06-24 14:44:00
W002121,W001299,1,0.890736,1,2026-06-01 15:09:00,2026-06-01 15:09:00
W002121,W001367,1,0.790843,1,2026-05-21 09:11:00,2026-05-21 09:11:00
W002121,W001439,1,0.210063,1,2026-02-18 04:54:00,2026-02-18 04:54:00
W002121,W001681,1,0.650229,1,2026-04-28 01:06:00,2026-04-28 01:06:00
W002121,W001828,1,0.386495,1,2026-05-31 07:34:00,2026-05-31 07:34:00
W002121,W002306,1,0.61999,1,2026-02-07 06:06:00,2026-02-07 06:06:00
W002122,W000325,1,0.73074,1,2026-06-28 20:36:00,2026-06-28 20:36:00
W002122,W000836,1,0.298683,1,2026-01-14 18:23:00,2026-01-14 18:23:00
W002122,W000901,1,0.891699,1,2026-01-29 08:20:00,2026-01-29 08:20:00
W002122,W001715,1,0.417122,1,2026-01-17 07:47:00,2026-01-17 07:47:00
W002122,W001965,1,0.614355,1,2026-01-17 17:39:00,2026-01-17 17:39:00
W002122,W002495,1,0.46374,1,2026-01-22 15:31:00,2026-01-22 15:31:00
W002123,W000069,1,0.075638,1,2026-05-28 20:31:00,2026-05-28 20:31:00
W002123,W001482,1,0.29901,1,2026-02-18 08:12:00,2026-02-18 08:12:00
W002123,W001610,1,0.241464,1,2026-01-16 01:28:00,2026-01-16 01:28:00
W002123,W001757,1,0.173344,1,2026-05-16 05:39:00,2026-05-16 05:39:00
W002123,W001890,1,1.090365,1,2026-05-20 09:09:00,2026-05-20 09:09:00
W002124,W000427,1,0.473352,1,2026-03-14 16:38:00,2026-03-14 16:38:00
W002124,W000457,1,0.4476,1,2026-04-19 01:05:00,2026-04-19 01:05:00
W002124,W001286,1,2.341416,1,2026-02-09 14:29:00,2026-02-09 14:29:00
W002124,W002490,1,0.583807,1,2026-01-14 14:11:00,2026-01-14 14:11:00
W002125,W000397,1,0.49659,1,2026-05-21 00:00:00,2026-05-21 00:00:00
W002125,W001342,1,1.44855,1,2026-02-09 08:31:00,2026-02-09 08:31:00
W002125,W001517,1,0.355948,1,2026-02-09 12:28:00,2026-02-09 12:28:00
W002125,W001572,1,0.198336,1,2026-03-06 17:51:00,2026-03-06 17:51:00
W002125,W002402,1,0.264008,1,2026-03-29 22:45:00,2026-03-29 22:45:00
W002126,W000037,1,0.358499,1,2026-02-03 11:50:00,2026-02-03 11:50:00
W002126,W000788,1,0.249986,1,2026-01-31 06:58:00,2026-01-31 06:58:00
W002126,W001858,1,0.307239,1,2026-06-15 10:32:00,2026-06-15 10:32:00
W002126,W002112,1,1.311061,1,2026-02-27 09:18:00,2026-02-27 09:18:00
W002126,W002304,1,0.522614,1,2026-03-21 21:54:00,2026-03-21 21:54:00
W002127,W000505,1,0.273851,1,2026-03-15 11:55:00,2026-03-15 11:55:00
W002127,W001092,1,0.50582,1,2026-03-02 10:29:00,2026-03-02 10:29:00
W002128,W000028,1,0.708187,1,2026-03-20 06:07:00,2026-03-20 06:07:00
W002128,W000857,1,0.776715,1,2026-01-10 17:46:00,2026-01-10 17:46:00
W002128,W000865,1,0.986356,1,2026-03-20 15:48:00,2026-03-20 15:48:00
W002128,W001733,1,0.624726,1,2026-05-05 21:44:00,2026-05-05 21:44:00
W002129,W000652,1,0.515141,1,2026-01-17 16:31:00,2026-01-17 16:31:00
W002129,W000698,1,0.352747,1,2026-02-04 23:29:00,2026-02-04 23:29:00
W002129,W000920,1,0.303184,1,2026-06-24 21:21:00,2026-06-24 21:21:00
W002129,W000990,1,4.275916,1,2026-03-10 18:22:00,2026-03-10 18:22:00
W002129,W001145,1,0.317217,1,2026-05-10 20:14:00,2026-05-10 20:14:00
W002130,W001071,1,0.619212,1,2026-06-29 15:26:00,2026-06-29 15:26:00
W002130,W001395,1,0.614799,1,2026-06-16 05:33:00,2026-06-16 05:33:00
W002130,W001518,1,0.398156,1,2026-06-23 16:18:00,2026-06-23 16:18:00
W002131,W000479,1,0.90643,1,2026-04-14 08:25:00,2026-04-14 08:25:00
W002132,W000911,1,0.447594,1,2026-01-12 07:39:00,2026-01-12 07:39:00
W002132,W002184,1,0.251493,1,2026-01-07 17:36:00,2026-01-07 17:36:00
W002132,W002446,1,0.916583,1,2026-03-03 18:02:00,2026-03-03 18:02:00
W002133,W000310,1,1.577695,1,2026-03-15 00:41:00,2026-03-15 00:41:00
W002133,W001086,1,0.481159,1,2026-02-04 09:36:00,2026-02-04 09:36:00
W002134,W001458,1,0.532088,1,2026-02-24 03:36:00,2026-02-24 03:36:00
W002134,W001567,1,0.865429,1,2026-02-22 23:25:00,2026-02-22 23:25:00
W002135,W000665,1,0.573505,1,2026-02-07 23:35:00,2026-02-07 23:35:00
W002135,W000846,1,0.443151,1,2026-06-18 04:53:00,2026-06-18 04:53:00
W002135,W001053,1,0.272939,1,2026-05-09 15:08:00,2026-05-09 15:08:00
W002135,W001773,1,0.570063,1,2026-03-20 19:18:00,2026-03-20 19:18:00
W002135,W002463,1,3.50236,1,2026-03-23 10:10:00,2026-03-23 10:10:00
W002136,W000656,1,0.494568,1,2026-01-15 12:21:00,2026-01-15 12:21:00
W002136,W001391,1,0.366032,1,2026-05-22 00:52:00,2026-05-22 00:52:00
W002136,W002352,1,0.251573,1,2026-02-25 01:06:00,2026-02-25 01:06:00
W002136,W002431,1,0.628418,1,2026-05-22 19:58:00,2026-05-22 19:58:00
W002137,W000098,1,0.198523,1,2026-01-31 02:44:00,2026-01-31 02:44:00
W002137,W000612,1,0.577642,1,2026-01-06 19:56:00,2026-01-06 19:56:00
W002137,W001234,1,0.794162,1,2026-06-26 09:06:00,2026-06-26 09:06:00
W002137,W002306,1,0.28478,1,2026-06-02 03:47:00,2026-06-02 03:47:00
W002138,W000067,1,0.735657,1,2026-06-14 12:54:00,2026-06-14 12:54:00
W002138,W000100,1,0.225337,1,2026-02-11 02:51:00,2026-02-11 02:51:00
W002138,W001100,1,0.929497,1,2026-02-26 10:10:00,2026-02-26 10:10:00
W002138,W001136,1,0.269998,1,2026-01-21 17:35:00,2026-01-21 17:35:00
W002138,W001409,1,0.376927,1,2026-05-16 20:11:00,2026-05-16 20:11:00
W002138,W002104,1,0.250633,1,2026-01-07 16:31:00,2026-01-07 16:31:00
W002139,W000186,1,0.314403,1,2026-02-05 08:20:00,2026-02-05 08:20:00
W002139,W000440,1,0.527654,1,2026-01-26 05:44:00,2026-01-26 05:44:00
W002139,W000637,1,2.31869,1,2026-03-26 22:32:00,2026-03-26 22:32:00
W002139,W001276,1,0.581651,1,2026-02-20 16:10:00,2026-02-20 16:10:00
W002139,W001684,1,0.243177,1,2026-05-05 03:47:00,2026-05-05 03:47:00
W002140,W001108,1,0.245933,1,2026-05-28 07:28:00,2026-05-28 07:28:00
W002140,W001201,1,0.370676,1,2026-01-09 10:57:00,2026-01-09 10:57:00
W002140,W001273,1,0.454139,1,2026-03-23 19:14:00,2026-03-23 19:14:00
W002140,W002076,1,0.199314,1,2026-05-25 11:04:00,2026-05-25 11:04:00
W002141,W000105,1,0.108569,1,2026-01-28 06:36:00,2026-01-28 06:36:00
W002141,W001313,1,0.46659,1,2026-01-26 20:51:00,2026-01-26 20:51:00
W002141,W002368,1,0.087281,1,2026-03-13 14:03:00,2026-03-13 14:03:00
W002141,W002377,1,0.214362,1,2026-01-11 04:39:00,2026-01-11 04:39:00
W002142,W000433,1,31.739323,1,2026-05-03 18:15:00,2026-05-03 18:15:00
W002142,W001059,1,0.450244,1,2026-05-14 11:54:00,2026-05-14 11:54:00
W002142,W001082,1,0.643749,1,2026-06-12 01:44:00,2026-06-12 01:44:00
W002142,W001389,1,0.733704,1,2026-05-14 09:56:00,2026-05-14 09:56:00
W002143,W000132,1,0.497096,1,2026-02-20 04:43:00,2026-02-20 04:43:00
W002143,W000220,1,0.365812,1,2026-02-28 23:43:00,2026-02-28 23:43:00
W002143,W000613,1,0.167467,1,2026-03-05 01:23:00,2026-03-05 01:23:00
W002143,W001582,1,0.315912,1,2026-03-16 01:09:00,2026-03-16 01:09:00
W002143,W002101,1,0.755229,1,2026-03-14 18:23:00,2026-03-14 18:23:00
W002144,W000748,1,0.74416,1,2026-06-05 07:31:00,2026-06-05 07:31:00
W002145,W000868,1,0.283014,1,2026-04-07 08:51:00,2026-04-07 08:51:00
W002145,W001658,1,7.232272,1,2026-05-13 18:29:00,2026-05-13 18:29:00
W002145,W001751,1,0.259136,1,2026-01-05 16:41:00,2026-01-05 16:41:00
W002146,W001827,1,0.111805,1,2026-01-02 09:42:00,2026-01-02 09:42:00
W002146,W002402,1,0.322866,1,2026-01-22 05:03:00,2026-01-22 05:03:00
W002147,W000149,1,0.787265,1,2026-04-13 06:23:00,2026-04-13 06:23:00
W002147,W000986,1,0.754553,1,2026-01-31 20:35:00,2026-01-31 20:35:00
W002147,W002484,1,0.546397,1,2026-06-14 03:02:00,2026-06-14 03:02:00
W002148,W000532,1,0.285088,1,2026-01-15 21:43:00,2026-01-15 21:43:00
W002148,W000907,1,0.574196,1,2026-01-24 14:07:00,2026-01-24 14:07:00
W002148,W000908,1,0.162231,1,2026-06-21 04:21:00,2026-06-21 04:21:00
W002148,W002320,1,0.621464,1,2026-01-06 04:03:00,2026-01-06 04:03:00
W002149,W000831,1,1.575538,1,2026-02-06 10:03:00,2026-02-06 10:03:00
W002149,W001250,1,0.571003,1,2026-06-27 23:01:00,2026-06-27 23:01:00
W002149,W001277,1,0.646157,1,2026-02-24 16:16:00,2026-02-24 16:16:00
W002149,W001344,1,0.70533,1,2026-01-31 15:22:00,2026-01-31 15:22:00
W002149,W001849,1,1.525972,1,2026-02-20 18:57:00,2026-02-20 18:57:00
W002149,W002481,1,0.431291,1,2026-04-25 13:58:00,2026-04-25 13:58:00
W002150,W000449,1,0.314086,1,2026-04-17 22:56:00,2026-04-17 22:56:00
W002150,W000571,1,0.245894,1,2026-03-05 20:22:00,2026-03-05 20:22:00
W002150,W000695,1,0.490918,1,2026-05-29 18:40:00,2026-05-29 18:40:00
W002150,W000858,1,0.751015,1,2026-03-30 21:17:00,2026-03-30 21:17:00
W002150,W000954,1,0.129316,1,2026-03-03 14:18:00,2026-03-03 14:18:00
W002150,W002279,1,0.451634,1,2026-02-14 08:08:00,2026-02-14 08:08:00
W002151,W000372,1,0.840695,1,2026-01-21 04:41:00,2026-01-21 04:41:00
W002151,W001029,1,1.174886,1,2026-01-11 19:16:00,2026-01-11 19:16:00
W002151,W002314,1,0.758332,1,2026-03-05 19:05:00,2026-03-05 19:05:00
W002151,W002442,1,0.899164,1,2026-05-30 23:58:00,2026-05-30 23:58:00
W002152,W001274,1,0.658529,1,2026-04-02 03:01:00,2026-04-02 03:01:00
W002152,W001319,1,0.315036,1,2026-04-07 15:19:00,2026-04-07 15:19:00
W002152,W002406,1,1.10358,1,2026-05-27 21:21:00,2026-05-27 21:21:00
W002153,W001985,1,0.282925,1,2026-02-11 00:50:00,2026-02-11 00:50:00
W002154,W000091,1,0.566038,1,2026-05-11 00:07:00,2026-05-11 00:07:00
W002154,W001335,1,0.181325,1,2026-01-22 12:57:00,2026-01-22 12:57:00
W002154,W001403,1,0.136979,1,2026-04-01 09:44:00,2026-04-01 09:44:00
W002155,W000029,1,0.097584,1,2026-01-25 05:39:00,2026-01-25 05:39:00
W002155,W001291,1,0.779754,1,2026-05-10 19:15:00,2026-05-10 19:15:00
W002155,W001355,1,0.202395,1,2026-04-22 17:20:00,2026-04-22 17:20:00
W002155,W001754,1,0.121679,1,2026-02-08 13:09:00,2026-02-08 13:09:00
W002156,W002171,1,0.464378,1,2026-03-09 01:35:00,2026-03-09 01:35:00
W002156,W002304,1,0.664662,1,2026-04-30 09:26:00,2026-04-30 09:26:00
W002157,W000834,1,0.687647,1,2026-05-18 18:36:00,2026-05-18 18:36:00
W002157,W001394,1,0.48471,1,2026-06-10 23:01:00,2026-06-10 23:01:00
W002158,W000643,1,0.340637,1,2026-01-09 22:10:00,2026-01-09 22:10:00
W002158,W000918,1,0.319049,1,2026-03-02 21:13:00,2026-03-02 21:13:00
W002158,W000927,1,0.336822,1,2026-02-03 05:46:00,2026-02-03 05:46:00
W002158,W001308,1,0.372803,1,2026-02-19 10:10:00,2026-02-19 10:10:00
W002159,W001670,1,0.240697,1,2026-03-09 08:27:00,2026-03-09 08:27:00
W002160,W001550,1,0.386757,1,2026-06-26 07:32:00,2026-06-26 07:32:00
W002160,W002099,1,5.731896,1,2026-03-01 09:32:00,2026-03-01 09:32:00
W002161,W000088,1,1.533722,1,2026-01-19 11:10:00,2026-01-19 11:10:00
W002161,W001067,1,0.272698,1,2026-03-30 04:00:00,2026-03-30 04:00:00
W002161,W001068,1,0.907627,1,2026-05-11 03:35:00,2026-05-11 03:35:00
W002161,W001793,1,0.264906,1,2026-06-09 06:42:00,2026-06-09 06:42:00
W002161,W001832,1,0.595693,1,2026-03-22 12:38:00,2026-03-22 12:38:00
W002162,W000046,1,0.398707,1,2026-03-20 02:09:00,2026-03-20 02:09:00
W002162,W000117,1,0.974017,1,2026-03-04 07:00:00,2026-03-04 07:00:00
W002162,W000662,1,0.336693,1,2026-01-17 15:19:00,2026-01-17 15:19:00
W002162,W001652,1,0.426681,1,2026-05-27 16:47:00,2026-05-27 16:47:00
W002162,W002439,1,0.296573,1,2026-02-20 16:19:00,2026-02-20 16:19:00
W002163,W000802,1,0.178099,1,2026-06-11 05:02:00,2026-06-11 05:02:00
W002163,W001942,1,1.082802,1,2026-01-30 03:27:00,2026-01-30 03:27:00
W002163,W002136,1,0.495098,1,2026-03-04 22:20:00,2026-03-04 22:20:00
W002163,W002330,1,0.533501,1,2026-04-14 19:55:00,2026-04-14 19:55:00
W002164,W000499,1,0.99657,1,2026-01-31 09:00:00,2026-01-31 09:00:00
W002165,W000585,1,0.217301,1,2026-03-21 19:44:00,2026-03-21 19:44:00
W002165,W000942,1,0.304901,1,2026-04-05 19:19:00,2026-04-05 19:19:00
W002165,W001138,1,0.093658,1,2026-03-06 10:04:00,2026-03-06 10:04:00
W002165,W001472,1,0.209239,1,2026-02-14 05:02:00,2026-02-14 05:02:00
W002166,W000868,1,0.373531,1,2026-03-31 03:11:00,2026-03-31 03:11:00
W002166,W001294,1,0.255922,1,2026-06-01 12:07:00,2026-06-01 12:07:00
W002167,W000380,1,0.10288,1,2026-01-07 09:06:00,2026-01-07 09:06:00
W002167,W000639,1,0.490474,1,2026-03-28 08:13:00,2026-03-28 08:13:00
W002167,W001608,1,0.593496,1,2026-04-03 00:20:00,2026-04-03 00:20:00
W002167,W002025,1,0.333204,1,2026-01-28 02:10:00,2026-01-28 02:10:00
W002168,W000281,1,0.723258,1,2026-03-12 03:19:00,2026-03-12 03:19:00
W002168,W001015,1,0.137274,1,2026-02-05 02:12:00,2026-02-05 02:12:00
W002168,W001566,1,0.380527,1,2026-01-05 02:08:00,2026-01-05 02:08:00
W002168,W001804,1,0.778155,1,2026-03-09 01:07:00,2026-03-09 01:07:00
W002168,W002035,1,0.353955,1,2026-05-01 09:46:00,2026-05-01 09:46:00
W002168,W002496,1,0.445453,1,2026-01-22 07:45:00,2026-01-22 07:45:00
W002169,W001080,1,1.185254,1,2026-01-28 12:40:00,2026-01-28 12:40:00
W002169,W001389,1,0.537975,1,2026-04-16 16:36:00,2026-04-16 16:36:00
W002169,W001786,1,0.656875,1,2026-05-20 18:39:00,2026-05-20 18:39:00
W002169,W002325,1,0.410426,1,2026-01-19 22:44:00,2026-01-19 22:44:00
W002170,W000329,1,0.134168,1,2026-06-05 23:44:00,2026-06-05 23:44:00
W002171,W000144,1,0.384409,1,2026-04-04 13:09:00,2026-04-04 13:09:00
W002171,W001489,1,0.058416,1,2026-04-28 00:45:00,2026-04-28 00:45:00
W002171,W002250,1,1.032514,1,2026-03-06 00:56:00,2026-03-06 00:56:00
W002172,W000348,1,0.950949,1,2026-05-12 23:22:00,2026-05-12 23:22:00
W002172,W001032,1,0.752321,1,2026-05-02 12:58:00,2026-05-02 12:58:00
W002172,W001078,1,4.844049,1,2026-06-18 08:19:00,2026-06-18 08:19:00
W002172,W002493,1,0.116982,1,2026-06-14 22:17:00,2026-06-14 22:17:00
W002173,W000291,1,0.304506,1,2026-05-08 10:17:00,2026-05-08 10:17:00
W002173,W000445,1,1.146168,1,2026-06-01 16:59:00,2026-06-01 16:59:00
W002173,W000589,1,6.045732,1,2026-04-12 07:33:00,2026-04-12 07:33:00
W002173,W001056,1,6.633105,1,2026-04-13 00:06:00,2026-04-13 00:06:00
W002174,W000750,1,0.128555,1,2026-06-04 13:22:00,2026-06-04 13:22:00
W002174,W001525,1,0.791248,1,2026-06-08 19:45:00,2026-06-08 19:45:00
W002174,W001916,1,0.777049,1,2026-02-04 12:08:00,2026-02-04 12:08:00
W002175,W001492,1,1.189836,1,2026-04-22 14:05:00,2026-04-22 14:05:00
W002175,W002165,1,0.394512,1,2026-04-14 17:05:00,2026-04-14 17:05:00
W002175,W002169,1,0.458992,1,2026-02-16 14:03:00,2026-02-16 14:03:00
W002176,W000533,1,0.525516,1,2026-05-24 01:12:00,2026-05-24 01:12:00
W002176,W001707,1,0.716559,1,2026-03-22 05:26:00,2026-03-22 05:26:00
W002177,W000061,1,1.389415,1,2026-01-05 06:35:00,2026-01-05 06:35:00
W002177,W000199,1,1.197636,1,2026-01-24 00:08:00,2026-01-24 00:08:00
W002178,W000607,1,0.441126,1,2026-01-18 16:51:00,2026-01-18 16:51:00
W002178,W001035,1,0.582792,1,2026-01-06 13:43:00,2026-01-06 13:43:00
W002178,W001549,1,0.178793,1,2026-01-30 18:06:00,2026-01-30 18:06:00
W002178,W001638,1,0.366648,1,2026-05-29 15:25:00,2026-05-29 15:25:00
W002179,W000312,1,0.427303,1,2026-02-16 19:11:00,2026-02-16 19:11:00
W002179,W000531,1,0.819508,1,2026-03-07 22:26:00,2026-03-07 22:26:00
W002179,W000838,1,0.733213,1,2026-02-27 04:08:00,2026-02-27 04:08:00
W002179,W001152,1,2.736895,1,2026-02-12 13:38:00,2026-02-12 13:38:00
W002179,W002016,1,1.237806,1,2026-02-21 09:02:00,2026-02-21 09:02:00
W002180,W000235,1,0.295309,1,2026-05-14 00:34:00,2026-05-14 00:34:00
W002180,W000549,1,0.342744,1,2026-04-09 10:59:00,2026-04-09 10:59:00
W002180,W000770,1,0.405826,1,2026-03-30 19:01:00,2026-03-30 19:01:00
W002180,W001280,1,1.399997,1,2026-03-26 09:08:00,2026-03-26 09:08:00
W002180,W002252,1,0.165669,1,2026-02-07 04:44:00,2026-02-07 04:44:00
W002182,W000079,1,0.686335,1,2026-06-03 16:46:00,2026-06-03 16:46:00
W002182,W001476,1,0.359807,1,2026-01-16 18:08:00,2026-01-16 18:08:00
W002182,W001492,1,0.664103,1,2026-03-27 04:00:00,2026-03-27 04:00:00
W002182,W001555,1,0.254041,1,2026-03-01 00:48:00,2026-03-01 00:48:00
W002182,W001715,1,0.932162,1,2026-05-26 20:41:00,2026-05-26 20:41:00
W002182,W001880,1,0.673296,1,2026-01-26 12:03:00,2026-01-26 12:03:00
W002182,W001901,1,0.138304,1,2026-01-24 12:50:00,2026-01-24 12:50:00
W002183,W000390,1,0.266477,1,2026-03-31 23:08:00,2026-03-31 23:08:00
W002183,W001218,1,0.772004,1,2026-04-21 15:26:00,2026-04-21 15:26:00
W002183,W001830,1,0.85747,1,2026-01-21 19:21:00,2026-01-21 19:21:00
W002184,W000233,1,1.075065,1,2026-03-08 09:03:00,2026-03-08 09:03:00
W002184,W000992,1,0.433173,1,2026-06-10 16:33:00,2026-06-10 16:33:00
W002184,W001445,1,0.146979,1,2026-03-02 09:45:00,2026-03-02 09:45:00
W002184,W002461,1,0.429556,1,2026-04-12 15:46:00,2026-04-12 15:46:00
W002185,W000159,1,0.867293,1,2026-05-22 15:41:00,2026-05-22 15:41:00
W002185,W000885,1,0.354098,1,2026-03-28 12:22:00,2026-03-28 12:22:00
W002185,W001852,1,0.593529,1,2026-05-27 16:14:00,2026-05-27 16:14:00
W002185,W001859,1,0.534207,1,2026-02-11 20:35:00,2026-02-11 20:35:00
W002185,W001956,1,0.291319,1,2026-01-27 07:13:00,2026-01-27 07:13:00
W002185,W002184,1,0.467585,1,2026-06-18 08:28:00,2026-06-18 08:28:00
W002186,W000121,1,0.477864,1,2026-03-15 16:16:00,2026-03-15 16:16:00
W002186,W001099,1,0.72358,1,2026-01-11 20:49:00,2026-01-11 20:49:00
W002186,W001368,1,0.225931,1,2026-02-03 00:19:00,2026-02-03 00:19:00
W002186,W001774,1,0.744936,1,2026-05-14 20:44:00,2026-05-14 20:44:00
W002186,W002156,1,1.346538,1,2026-02-23 16:42:00,2026-02-23 16:42:00
W002187,W002179,1,0.151824,1,2026-02-02 03:20:00,2026-02-02 03:20:00
W002187,W002476,1,0.417443,1,2026-01-31 06:36:00,2026-01-31 06:36:00
W002188,W000439,1,2.080916,1,2026-04-21 16:46:00,2026-04-21 16:46:00
W002188,W001179,1,0.250842,1,2026-05-08 13:45:00,2026-05-08 13:45:00
W002188,W001196,1,6.822594,1,2026-03-02 18:00:00,2026-03-02 18:00:00
W002188,W002479,1,1.505773,1,2026-06-04 20:20:00,2026-06-04 20:20:00
W002189,W000375,1,1.246724,1,2026-05-22 02:25:00,2026-05-22 02:25:00
W002189,W000946,1,1.657097,1,2026-01-06 21:13:00,2026-01-06 21:13:00
W002189,W000960,1,0.208317,1,2026-01-21 03:04:00,2026-01-21 03:04:00
W002189,W001041,1,0.398729,1,2026-03-25 08:56:00,2026-03-25 08:56:00
W002189,W001454,1,0.370107,1,2026-02-08 05:10:00,2026-02-08 05:10:00
W002189,W001590,1,0.293021,1,2026-06-29 01:21:00,2026-06-29 01:21:00
W002189,W001725,1,0.668758,1,2026-05-25 21:02:00,2026-05-25 21:02:00
W002189,W002340,1,0.689387,1,2026-05-08 16:42:00,2026-05-08 16:42:00
W002189,W002426,1,0.17783,1,2026-04-15 13:00:00,2026-04-15 13:00:00
W002189,W002452,1,0.45738,1,2026-03-03 16:41:00,2026-03-03 16:41:00
W002190,W001271,1,1.50181,1,2026-06-08 23:18:00,2026-06-08 23:18:00
W002190,W002129,1,1.615105,1,2026-02-04 19:30:00,2026-02-04 19:30:00
W002190,W002344,1,0.441601,1,2026-04-18 01:12:00,2026-04-18 01:12:00
W002191,W001598,1,0.512441,1,2026-05-07 04:55:00,2026-05-07 04:55:00
W002191,W001968,1,0.629753,1,2026-05-04 01:26:00,2026-05-04 01:26:00
W002191,W002427,1,0.267811,1,2026-02-23 22:23:00,2026-02-23 22:23:00
W002191,W002479,1,0.419808,1,2026-06-25 15:25:00,2026-06-25 15:25:00
W002192,W001603,1,0.517678,1,2026-03-07 03:26:00,2026-03-07 03:26:00
W002192,W002320,1,1.86688,1,2026-02-17 15:10:00,2026-02-17 15:10:00
W002193,W001229,1,0.257555,1,2026-01-26 05:40:00,2026-01-26 05:40:00
W002193,W002392,1,0.140105,1,2026-06-28 02:03:00,2026-06-28 02:03:00
W002194,W000618,1,0.974485,1,2026-03-03 00:54:00,2026-03-03 00:54:00
W002194,W000894,1,0.703949,1,2026-02-22 22:41:00,2026-02-22 22:41:00
W002194,W001935,1,0.211084,1,2026-03-01 10:06:00,2026-03-01 10:06:00
W002194,W002181,1,0.172922,1,2026-03-27 21:26:00,2026-03-27 21:26:00
W002195,W000843,1,0.327589,1,2026-05-08 02:00:00,2026-05-08 02:00:00
W002195,W002182,1,0.331696,1,2026-01-11 02:00:00,2026-01-11 02:00:00
W002197,W001818,1,4.0433,1,2026-04-03 17:57:00,2026-04-03 17:57:00
W002198,W000961,1,0.623898,1,2026-06-25 18:01:00,2026-06-25 18:01:00
W002198,W001117,1,0.267869,1,2026-01-25 09:47:00,2026-01-25 09:47:00
W002198,W001344,1,0.697687,1,2026-05-12 17:35:00,2026-05-12 17:35:00
W002198,W001811,1,0.175133,1,2026-03-31 07:52:00,2026-03-31 07:52:00
W002199,W000717,1,0.316123,1,2026-01-27 00:02:00,2026-01-27 00:02:00
W002199,W000791,1,0.50204,1,2026-02-07 16:20:00,2026-02-07 16:20:00
W002199,W000880,1,1.112618,1,2026-03-11 10:35:00,2026-03-11 10:35:00
W002199,W002284,1,0.473215,1,2026-04-24 07:30:00,2026-04-24 07:30:00
W002199,W002373,1,0.124314,1,2026-04-15 21:41:00,2026-04-15 21:41:00
W002199,W002464,1,0.256335,1,2026-01-29 03:02:00,2026-01-29 03:02:00
W002200,W001726,1,0.302121,1,2026-04-23 06:58:00,2026-04-23 06:58:00
W002201,W000121,1,0.316867,1,2026-02-27 02:17:00,2026-02-27 02:17:00
W002201,W000643,1,1.168867,1,2026-04-10 11:08:00,2026-04-10 11:08:00
W002201,W000652,1,1.159291,1,2026-04-18 15:01:00,2026-04-18 15:01:00
W002201,W001533,1,0.342487,1,2026-02-24 22:54:00,2026-02-24 22:54:00
W002201,W001566,1,0.215412,1,2026-01-05 15:03:00,2026-01-05 15:03:00
W002202,W000163,1,0.288068,1,2026-04-13 04:41:00,2026-04-13 04:41:00
W002202,W000659,1,0.174583,1,2026-06-08 00:19:00,2026-06-08 00:19:00
W002202,W000914,1,0.851474,1,2026-02-23 05:08:00,2026-02-23 05:08:00
W002202,W001042,1,1.010812,1,2026-03-07 10:29:00,2026-03-07 10:29:00
W002202,W001372,1,0.196547,1,2026-04-06 22:17:00,2026-04-06 22:17:00
W002202,W001904,1,4.434222,1,2026-05-05 22:42:00,2026-05-05 22:42:00
W002203,W000465,1,0.648283,1,2026-03-17 15:06:00,2026-03-17 15:06:00
W002203,W000578,1,1.338702,1,2026-05-01 21:50:00,2026-05-01 21:50:00
W002203,W000853,1,0.630694,1,2026-03-20 21:16:00,2026-03-20 21:16:00
W002203,W001630,1,0.065124,1,2026-01-26 04:03:00,2026-01-26 04:03:00
W002203,W001793,1,0.371153,1,2026-04-25 18:28:00,2026-04-25 18:28:00
W002204,W001873,1,0.987949,1,2026-05-21 19:49:00,2026-05-21 19:49:00
W002204,W001999,1,0.393919,1,2026-03-12 04:15:00,2026-03-12 04:15:00
W002204,W002407,1,0.210524,1,2026-06-22 11:07:00,2026-06-22 11:07:00
W002206,W000313,1,0.233359,1,2026-04-18 13:58:00,2026-04-18 13:58:00
W002207,W000179,1,0.361292,1,2026-06-22 07:57:00,2026-06-22 07:57:00
W002207,W001185,1,0.547386,1,2026-02-25 09:00:00,2026-02-25 09:00:00
W002207,W001196,1,0.264804,1,2026-02-21 05:24:00,2026-02-21 05:24:00
W002207,W001631,1,0.632686,1,2026-06-09 17:40:00,2026-06-09 17:40:00
W002207,W001680,1,0.758551,1,2026-03-06 13:37:00,2026-03-06 13:37:00
W002207,W001788,1,0.467274,1,2026-05-30 07:49:00,2026-05-30 07:49:00
W002207,W002367,1,0.278994,1,2026-06-03 23:38:00,2026-06-03 23:38:00
W002208,W001295,1,0.456349,1,2026-04-30 11:02:00,2026-04-30 11:02:00
W002208,W001669,1,0.25658,1,2026-02-11 21:30:00,2026-02-11 21:30:00
W002208,W001791,1,0.426576,1,2026-02-23 10:08:00,2026-02-23 10:08:00
W002209,W001267,1,0.309704,1,2026-01-12 19:03:00,2026-01-12 19:03:00
W002209,W001433,1,0.190373,1,2026-05-31 06:21:00,2026-05-31 06:21:00
W002209,W001614,1,0.807314,1,2026-05-07 22:43:00,2026-05-07 22:43:00
W002209,W001901,1,0.427499,1,2026-02-10 01:38:00,2026-02-10 01:38:00
W002209,W002078,1,0.431789,1,2026-04-17 15:35:00,2026-04-17 15:35:00
W002210,W001664,1,0.554657,1,2026-05-29 19:29:00,2026-05-29 19:29:00
W002210,W002079,1,0.450844,1,2026-01-22 05:00:00,2026-01-22 05:00:00
W002210,W002157,1,0.352634,1,2026-01-16 01:10:00,2026-01-16 01:10:00
W002211,W001603,1,0.448,1,2026-02-21 16:12:00,2026-02-21 16:12:00
W002211,W002331,1,1.132648,1,2026-01-07 23:07:00,2026-01-07 23:07:00
W002212,W000379,1,0.280454,1,2026-02-16 12:00:00,2026-02-16 12:00:00
W002212,W001708,1,0.321863,1,2026-06-11 22:28:00,2026-06-11 22:28:00
W002212,W002327,1,0.85621,1,2026-01-27 04:50:00,2026-01-27 04:50:00
W002213,W000037,1,0.33848,1,2026-05-20 02:37:00,2026-05-20 02:37:00
W002213,W000173,1,0.502001,1,2026-02-11 07:11:00,2026-02-11 07:11:00
W002213,W000504,1,0.338848,1,2026-06-26 00:44:00,2026-06-26 00:44:00
W002213,W000693,1,0.380908,1,2026-06-15 16:41:00,2026-06-15 16:41:00
W002213,W001783,1,0.29098,1,2026-02-03 02:56:00,2026-02-03 02:56:00
W002213,W001895,1,0.176919,1,2026-02-01 14:34:00,2026-02-01 14:34:00
W002213,W002459,1,1.531406,1,2026-06-11 18:37:00,2026-06-11 18:37:00
W002214,W000335,1,0.261827,1,2026-06-23 23:33:00,2026-06-23 23:33:00
W002214,W000656,1,11.650623,1,2026-03-10 19:14:00,2026-03-10 19:14:00
W002214,W000949,1,0.327696,1,2026-04-16 23:07:00,2026-04-16 23:07:00
W002214,W001724,1,3.057468,1,2026-01-01 23:27:00,2026-01-01 23:27:00
W002215,W000144,1,0.300321,1,2026-03-02 16:11:00,2026-03-02 16:11:00
W002215,W000307,1,0.569512,1,2026-03-24 05:19:00,2026-03-24 05:19:00
W002215,W000472,1,0.578009,1,2026-03-21 21:29:00,2026-03-21 21:29:00
W002215,W000847,1,0.651953,1,2026-01-13 23:37:00,2026-01-13 23:37:00
W002215,W001302,1,1.569919,1,2026-01-25 10:53:00,2026-01-25 10:53:00
W002215,W001404,1,0.182163,1,2026-02-12 21:29:00,2026-02-12 21:29:00
W002215,W002488,1,0.726985,1,2026-01-28 23:18:00,2026-01-28 23:18:00
W002216,W000551,1,0.3362,1,2026-01-15 22:28:00,2026-01-15 22:28:00
W002216,W001397,1,1.053154,1,2026-02-27 13:44:00,2026-02-27 13:44:00
W002217,W000129,1,0.689513,1,2026-05-30 09:47:00,2026-05-30 09:47:00
W002217,W001209,1,0.850328,1,2026-02-21 23:22:00,2026-02-21 23:22:00
W002217,W001443,1,0.491032,1,2026-05-25 11:41:00,2026-05-25 11:41:00
W002217,W001458,1,0.472966,1,2026-02-03 01:53:00,2026-02-03 01:53:00
W002217,W002225,1,0.287752,1,2026-06-15 07:48:00,2026-06-15 07:48:00
W002218,W000792,1,0.455005,1,2026-05-17 16:00:00,2026-05-17 16:00:00
W002218,W001090,1,0.112455,1,2026-06-08 09:45:00,2026-06-08 09:45:00
W002218,W001634,1,1.028212,1,2026-01-17 02:38:00,2026-01-17 02:38:00
W002218,W001813,1,0.295655,1,2026-04-12 14:56:00,2026-04-12 14:56:00
W002219,W000548,1,0.276461,1,2026-06-11 02:23:00,2026-06-11 02:23:00
W002219,W000754,1,1.581974,1,2026-01-24 14:46:00,2026-01-24 14:46:00
W002219,W000887,1,0.123996,1,2026-02-13 06:44:00,2026-02-13 06:44:00
W002219,W001238,1,0.264626,1,2026-04-07 15:42:00,2026-04-07 15:42:00
W002219,W001524,1,0.141867,1,2026-02-02 05:28:00,2026-02-02 05:28:00
W002219,W001707,1,0.258962,1,2026-03-01 05:45:00,2026-03-01 05:45:00
W002220,W000007,1,0.760213,1,2026-05-10 15:37:00,2026-05-10 15:37:00
W002220,W002141,1,1.284672,1,2026-01-11 01:39:00,2026-01-11 01:39:00
W002221,W000434,1,0.463921,1,2026-04-14 15:51:00,2026-04-14 15:51:00
W002221,W000712,1,0.713033,1,2026-03-29 05:43:00,2026-03-29 05:43:00
W002221,W001239,1,2.212089,1,2026-03-24 06:18:00,2026-03-24 06:18:00
W002221,W001562,1,0.46073,1,2026-03-02 09:58:00,2026-03-02 09:58:00
W002221,W002220,1,0.202939,1,2026-04-23 20:51:00,2026-04-23 20:51:00
W002222,W000453,1,0.81628,1,2026-02-16 15:30:00,2026-02-16 15:30:00
W002222,W002138,1,0.166329,1,2026-03-21 23:32:00,2026-03-21 23:32:00
W002222,W002424,1,0.498303,1,2026-06-25 20:49:00,2026-06-25 20:49:00
W002223,W001245,1,0.228238,1,2026-06-24 15:54:00,2026-06-24 15:54:00
W002224,W000029,1,0.162169,1,2026-01-29 13:32:00,2026-01-29 13:32:00
W002224,W001805,1,0.315326,1,2026-06-10 08:51:00,2026-06-10 08:51:00
W002224,W002148,1,0.395207,1,2026-06-25 15:21:00,2026-06-25 15:21:00
W002225,W000922,1,0.658847,1,2026-01-26 13:15:00,2026-01-26 13:15:00
W002225,W001111,1,10.99917,1,2026-02-02 14:57:00,2026-02-02 14:57:00
W002225,W001858,1,0.331757,1,2026-05-10 16:25:00,2026-05-10 16:25:00
W002225,W002255,1,0.390399,1,2026-02-19 14:52:00,2026-02-19 14:52:00
W002226,W001527,1,0.392002,1,2026-01-11 06:50:00,2026-01-11 06:50:00
W002226,W001773,1,0.366139,1,2026-03-12 07:22:00,2026-03-12 07:22:00
W002226,W001888,1,0.44964,1,2026-01-05 20:22:00,2026-01-05 20:22:00
W002226,W002277,1,0.762046,1,2026-06-02 10:45:00,2026-06-02 10:45:00
W002227,W001265,1,0.392393,1,2026-05-24 08:13:00,2026-05-24 08:13:00
W002227,W001308,1,0.430963,1,2026-01-30 15:46:00,2026-01-30 15:46:00
W002227,W002189,1,0.336814,1,2026-04-14 00:52:00,2026-04-14 00:52:00
W002227,W002339,1,0.383153,1,2026-05-09 10:55:00,2026-05-09 10:55:00
W002228,W000537,1,0.281057,1,2026-04-15 22:58:00,2026-04-15 22:58:00
W002228,W001200,1,0.506895,1,2026-02-21 06:02:00,2026-02-21 06:02:00
W002229,W001016,1,2.484115,1,2026-05-30 20:11:00,2026-05-30 20:11:00
W002229,W001728,1,0.214804,1,2026-05-20 11:19:00,2026-05-20 11:19:00
W002230,W000361,1,1.921339,1,2026-03-14 03:37:00,2026-03-14 03:37:00
W002230,W002369,1,0.08569,1,2026-02-05 03:10:00,2026-02-05 03:10:00
W002231,W000069,1,0.418475,1,2026-02-18 06:03:00,2026-02-18 06:03:00
W002231,W002494,1,0.423654,1,2026-03-06 03:50:00,2026-03-06 03:50:00
W002232,W001963,1,0.992902,1,2026-03-03 19:32:00,2026-03-03 19:32:00
W002232,W002008,1,0.845282,1,2026-01-21 23:07:00,2026-01-21 23:07:00
W002233,W000455,1,0.506541,1,2026-06-07 19:38:00,2026-06-07 19:38:00
W002233,W001169,1,0.734642,1,2026-05-16 14:16:00,2026-05-16 14:16:00
W002233,W001639,1,0.27797,1,2026-02-20 12:51:00,2026-02-20 12:51:00
W002233,W002188,1,0.572858,1,2026-04-12 00:53:00,2026-04-12 00:53:00
W002233,W002475,1,0.537543,1,2026-01-25 15:52:00,2026-01-25 15:52:00
W002234,W000024,1,0.445243,1,2026-02-24 21:21:00,2026-02-24 21:21:00
W002234,W001170,1,0.471993,1,2026-06-26 18:27:00,2026-06-26 18:27:00
W002234,W001983,1,0.881771,1,2026-06-19 00:46:00,2026-06-19 00:46:00
W002234,W002165,1,0.736924,1,2026-02-12 12:35:00,2026-02-12 12:35:00
W002234,W002186,1,0.843396,1,2026-02-09 07:44:00,2026-02-09 07:44:00
W002235,W000663,1,1.004796,1,2026-05-11 09:06:00,2026-05-11 09:06:00
W002235,W000898,1,0.46612,1,2026-06-27 12:16:00,2026-06-27 12:16:00
W002235,W001277,1,1.733967,1,2026-06-05 10:43:00,2026-06-05 10:43:00
W002235,W001859,1,0.847266,1,2026-06-26 21:11:00,2026-06-26 21:11:00
W002236,W001371,1,0.406741,1,2026-06-22 03:47:00,2026-06-22 03:47:00
W002236,W001504,1,0.340339,1,2026-05-02 01:25:00,2026-05-02 01:25:00
W002236,W002146,1,0.595259,1,2026-01-24 06:48:00,2026-01-24 06:48:00
W002237,W000289,1,0.733617,1,2026-02-03 00:14:00,2026-02-03 00:14:00
W002237,W000570,1,0.121308,1,2026-05-16 21:45:00,2026-05-16 21:45:00
W002238,W000133,1,0.336105,1,2026-03-22 15:32:00,2026-03-22 15:32:00
W002238,W000287,1,0.58165,1,2026-02-23 16:42:00,2026-02-23 16:42:00
W002238,W001586,1,1.18205,1,2026-06-07 12:34:00,2026-06-07 12:34:00
W002239,W000257,1,0.417279,1,2026-02-04 20:39:00,2026-02-04 20:39:00
W002239,W001951,1,0.293247,1,2026-02-06 22:07:00,2026-02-06 22:07:00
W002239,W002069,1,0.734948,1,2026-01-07 21:32:00,2026-01-07 21:32:00
W002240,W000605,1,0.175514,1,2026-01-26 17:53:00,2026-01-26 17:53:00
W002240,W001191,1,0.234029,1,2026-03-08 13:27:00,2026-03-08 13:27:00
W002240,W002101,1,0.877805,1,2026-02-15 23:35:00,2026-02-15 23:35:00
W002241,W000210,1,0.124642,1,2026-04-04 23:52:00,2026-04-04 23:52:00
W002241,W000665,1,0.379333,1,2026-06-28 04:54:00,2026-06-28 04:54:00
W002241,W000728,1,0.333501,1,2026-01-14 07:21:00,2026-01-14 07:21:00
W002241,W000875,1,1.137443,1,2026-03-09 05:24:00,2026-03-09 05:24:00
W002241,W001657,1,0.75983,1,2026-04-18 00:53:00,2026-04-18 00:53:00
W002241,W001839,1,0.105614,1,2026-04-22 17:44:00,2026-04-22 17:44:00
W002241,W002002,1,0.879164,1,2026-01-11 12:04:00,2026-01-11 12:04:00
W002242,W000592,1,0.419903,1,2026-06-03 12:38:00,2026-06-03 12:38:00
W002243,W000345,1,0.65671,1,2026-03-22 23:57:00,2026-03-22 23:57:00
W002243,W000732,1,0.461811,1,2026-05-12 12:19:00,2026-05-12 12:19:00
W002243,W000844,1,0.878823,1,2026-04-28 16:21:00,2026-04-28 16:21:00
W002243,W002217,1,0.358201,1,2026-04-06 08:01:00,2026-04-06 08:01:00
W002245,W001485,1,0.308437,1,2026-03-31 06:14:00,2026-03-31 06:14:00
W002245,W001694,1,0.351616,1,2026-01-24 04:31:00,2026-01-24 04:31:00
W002245,W002037,1,0.39803,1,2026-01-03 15:34:00,2026-01-03 15:34:00
W002245,W002428,1,0.283608,1,2026-05-29 15:16:00,2026-05-29 15:16:00
W002246,W000639,1,0.458978,1,2026-01-17 03:30:00,2026-01-17 03:30:00
W002246,W001356,1,0.908475,1,2026-01-15 18:58:00,2026-01-15 18:58:00
W002247,W002279,1,0.128496,1,2026-05-31 02:55:00,2026-05-31 02:55:00
W002248,W000495,1,0.209643,1,2026-01-05 08:15:00,2026-01-05 08:15:00
W002248,W000935,1,0.227667,1,2026-06-18 07:42:00,2026-06-18 07:42:00
W002249,W000115,1,0.266957,1,2026-04-21 16:36:00,2026-04-21 16:36:00
W002249,W000355,1,1.416533,1,2026-02-26 18:56:00,2026-02-26 18:56:00
W002249,W002069,1,0.141974,1,2026-05-18 19:38:00,2026-05-18 19:38:00
W002250,W001274,1,0.964828,1,2026-05-01 05:55:00,2026-05-01 05:55:00
W002251,W000078,1,0.496494,1,2026-06-23 15:49:00,2026-06-23 15:49:00
W002251,W000445,1,0.376924,1,2026-02-19 19:33:00,2026-02-19 19:33:00
W002251,W002062,1,0.505666,1,2026-05-12 19:49:00,2026-05-12 19:49:00
W002251,W002121,1,1.127969,1,2026-03-21 09:32:00,2026-03-21 09:32:00
W002252,W000569,1,0.362708,1,2026-05-15 08:12:00,2026-05-15 08:12:00
W002252,W000958,1,0.72125,1,2026-01-31 18:31:00,2026-01-31 18:31:00
W002252,W001022,1,1.691422,1,2026-02-09 08:17:00,2026-02-09 08:17:00
W002253,W000765,1,0.228618,1,2026-01-18 06:39:00,2026-01-18 06:39:00
W002253,W000953,1,0.430858,1,2026-04-04 07:10:00,2026-04-04 07:10:00
W002253,W001370,1,0.172378,1,2026-02-19 05:50:00,2026-02-19 05:50:00
W002253,W001387,1,1.017657,1,2026-03-05 09:20:00,2026-03-05 09:20:00
W002254,W001042,1,0.389012,1,2026-05-31 20:27:00,2026-05-31 20:27:00
W002254,W002369,1,0.208299,1,2026-06-26 02:33:00,2026-06-26 02:33:00
W002255,W002496,1,0.407677,1,2026-02-28 11:25:00,2026-02-28 11:25:00
W002256,W000153,1,2.842011,1,2026-03-04 19:15:00,2026-03-04 19:15:00
W002256,W000257,1,0.146571,1,2026-04-15 10:20:00,2026-04-15 10:20:00
W002256,W001075,1,1.283714,1,2026-02-04 04:20:00,2026-02-04 04:20:00
W002256,W001235,1,0.277735,1,2026-01-13 02:11:00,2026-01-13 02:11:00
W002256,W002043,1,0.188394,1,2026-02-26 07:56:00,2026-02-26 07:56:00
W002256,W002076,1,1.070229,1,2026-01-28 06:28:00,2026-01-28 06:28:00
W002257,W000883,1,1.455369,1,2026-06-21 18:58:00,2026-06-21 18:58:00
W002257,W001489,1,0.837346,1,2026-04-14 19:55:00,2026-04-14 19:55:00
W002257,W002146,1,0.655867,1,2026-05-17 23:03:00,2026-05-17 23:03:00
W002257,W002399,1,0.76116,1,2026-02-05 04:19:00,2026-02-05 04:19:00
W002258,W000784,1,1.288146,1,2026-01-25 17:32:00,2026-01-25 17:32:00
W002258,W001898,1,0.504137,1,2026-02-09 05:58:00,2026-02-09 05:58:00
W002259,W000060,1,0.24694,1,2026-05-12 23:31:00,2026-05-12 23:31:00
W002259,W001166,1,1.107545,1,2026-01-15 07:14:00,2026-01-15 07:14:00
W002259,W001684,1,0.187189,1,2026-03-16 23:50:00,2026-03-16 23:50:00
W002259,W002175,1,0.440696,1,2026-02-27 08:37:00,2026-02-27 08:37:00
W002260,W000177,1,0.127117,1,2026-06-06 16:52:00,2026-06-06 16:52:00
W002260,W000372,1,0.336294,1,2026-01-31 16:03:00,2026-01-31 16:03:00
W002260,W000831,1,0.511434,1,2026-05-16 13:17:00,2026-05-16 13:17:00
W002260,W001051,1,1.159106,1,2026-06-19 00:07:00,2026-06-19 00:07:00
W002260,W001684,1,0.439231,1,2026-02-11 09:06:00,2026-02-11 09:06:00
W002260,W001965,1,0.089373,1,2026-02-16 02:39:00,2026-02-16 02:39:00
W002261,W000517,1,0.28984,1,2026-01-09 07:23:00,2026-01-09 07:23:00
W002261,W000830,1,0.371938,1,2026-03-23 09:47:00,2026-03-23 09:47:00
W002261,W001593,1,0.383547,1,2026-06-03 13:27:00,2026-06-03 13:27:00
W002261,W002118,1,0.608178,1,2026-05-12 11:27:00,2026-05-12 11:27:00
W002262,W000083,1,0.50676,1,2026-04-21 13:16:00,2026-04-21 13:16:00
W002262,W000555,1,0.334885,1,2026-05-22 20:41:00,2026-05-22 20:41:00
W002262,W000804,1,0.61604,1,2026-01-07 11:11:00,2026-01-07 11:11:00
W002262,W000975,1,0.428551,1,2026-03-19 06:56:00,2026-03-19 06:56:00
W002263,W000966,1,0.579962,1,2026-02-13 15:21:00,2026-02-13 15:21:00
W002263,W000978,1,0.700972,1,2026-03-28 20:13:00,2026-03-28 20:13:00
W002263,W001326,1,1.183615,1,2026-01-16 08:53:00,2026-01-16 08:53:00
W002263,W001595,1,0.117387,1,2026-06-14 02:32:00,2026-06-14 02:32:00
W002263,W001778,1,0.37731,1,2026-02-13 16:50:00,2026-02-13 16:50:00
W002263,W001847,1,0.206229,1,2026-06-09 08:06:00,2026-06-09 08:06:00
W002263,W001901,1,0.533172,1,2026-01-02 23:17:00,2026-01-02 23:17:00
W002263,W002139,1,0.395362,1,2026-01-29 22:01:00,2026-01-29 22:01:00
W002264,W000135,1,0.294668,1,2026-02-05 06:25:00,2026-02-05 06:25:00
W002264,W001311,1,0.976251,1,2026-01-03 20:07:00,2026-01-03 20:07:00
W002264,W001549,1,0.434813,1,2026-06-14 23:29:00,2026-06-14 23:29:00
W002264,W002267,1,0.340079,1,2026-04-23 04:00:00,2026-04-23 04:00:00
W002265,W000041,1,0.555027,1,2026-05-09 17:43:00,2026-05-09 17:43:00
W002265,W000366,1,0.326677,1,2026-06-20 20:59:00,2026-06-20 20:59:00
W002265,W000881,1,0.171372,1,2026-04-19 15:14:00,2026-04-19 15:14:00
W002265,W001197,1,1.74134,1,2026-01-25 01:29:00,2026-01-25 01:29:00
W002265,W001478,1,0.461501,1,2026-02-07 11:55:00,2026-02-07 11:55:00
W002265,W001881,1,0.532684,1,2026-05-18 13:10:00,2026-05-18 13:10:00
W002265,W002331,1,0.927176,1,2026-06-08 18:03:00,2026-06-08 18:03:00
W002266,W000056,1,0.633159,1,2026-01-10 05:35:00,2026-01-10 05:35:00
W002266,W000182,1,0.699533,1,2026-04-20 01:51:00,2026-04-20 01:51:00
W002266,W001527,1,0.622519,1,2026-03-14 02:21:00,2026-03-14 02:21:00
W002266,W001675,1,0.269587,1,2026-01-31 19:23:00,2026-01-31 19:23:00
W002266,W002385,1,0.470379,1,2026-04-30 23:24:00,2026-04-30 23:24:00
W002267,W000118,1,0.366861,1,2026-06-25 09:44:00,2026-06-25 09:44:00
W002267,W001704,1,1.32936,1,2026-04-10 01:02:00,2026-04-10 01:02:00
W002267,W001817,1,1.228427,1,2026-06-21 10:56:00,2026-06-21 10:56:00
W002267,W002148,1,0.680802,1,2026-02-04 21:00:00,2026-02-04 21:00:00
W002268,W000027,1,0.461048,1,2026-02-08 18:30:00,2026-02-08 18:30:00
W002268,W000414,1,0.173423,1,2026-03-12 05:29:00,2026-03-12 05:29:00
W002268,W001215,1,0.998287,1,2026-05-24 19:41:00,2026-05-24 19:41:00
W002268,W001448,1,1.317446,1,2026-05-31 14:53:00,2026-05-31 14:53:00
W002268,W001681,1,10.9698,1,2026-06-20 21:06:00,2026-06-20 21:06:00
W002269,W001312,1,0.428317,1,2026-05-13 01:28:00,2026-05-13 01:28:00
W002269,W001361,1,0.288213,1,2026-01-28 09:46:00,2026-01-28 09:46:00
W002269,W001535,1,0.998287,1,2026-04-05 14:28:00,2026-04-05 14:28:00
W002269,W001975,1,1.162811,1,2026-02-08 04:44:00,2026-02-08 04:44:00
W002270,W000080,1,0.571944,1,2026-03-29 06:26:00,2026-03-29 06:26:00
W002270,W000990,1,0.297961,1,2026-01-31 20:38:00,2026-01-31 20:38:00
W002271,W000147,1,1.085127,1,2026-05-28 23:13:00,2026-05-28 23:13:00
W002271,W001287,1,0.321899,1,2026-04-06 14:45:00,2026-04-06 14:45:00
W002271,W001558,1,0.168275,1,2026-06-28 22:21:00,2026-06-28 22:21:00
W002272,W001173,1,0.34706,1,2026-05-24 05:09:00,2026-05-24 05:09:00
W002272,W001867,1,11.788362,1,2026-04-17 07:58:00,2026-04-17 07:58:00
W002273,W000268,1,1.043226,1,2026-02-25 05:57:00,2026-02-25 05:57:00
W002273,W001138,1,1.121628,1,2026-03-03 00:39:00,2026-03-03 00:39:00
W002273,W001424,1,1.841252,1,2026-06-11 23:34:00,2026-06-11 23:34:00
W002273,W001947,1,0.625053,1,2026-03-28 00:31:00,2026-03-28 00:31:00
W002274,W000062,1,0.595869,1,2026-01-08 13:08:00,2026-01-08 13:08:00
W002274,W000808,1,1.099473,1,2026-01-04 05:08:00,2026-01-04 05:08:00
W002274,W001080,1,0.970461,1,2026-03-25 19:19:00,2026-03-25 19:19:00
W002275,W000539,1,0.3311,1,2026-05-19 07:13:00,2026-05-19 07:13:00
W002275,W000541,1,0.573856,1,2026-03-01 23:19:00,2026-03-01 23:19:00
W002275,W001222,1,0.125555,1,2026-03-28 03:23:00,2026-03-28 03:23:00
W002275,W002268,1,0.762458,1,2026-04-28 11:47:00,2026-04-28 11:47:00
W002275,W002313,1,1.034291,1,2026-05-16 15:44:00,2026-05-16 15:44:00
W002275,W002348,1,1.509572,1,2026-04-29 19:45:00,2026-04-29 19:45:00
W002276,W000510,1,1.144709,1,2026-04-22 09:00:00,2026-04-22 09:00:00
W002276,W001108,1,9.440392,1,2026-02-10 18:00:00,2026-02-10 18:00:00
W002277,W000096,1,1.182048,1,2026-02-07 23:12:00,2026-02-07 23:12:00
W002277,W000819,1,0.42035,1,2026-05-04 07:36:00,2026-05-04 07:36:00
W002278,W000827,1,0.450078,1,2026-02-25 00:55:00,2026-02-25 00:55:00
W002279,W000061,1,0.209336,1,2026-05-04 20:41:00,2026-05-04 20:41:00
W002279,W000095,1,0.358822,1,2026-05-16 08:01:00,2026-05-16 08:01:00
W002279,W000897,1,1.25746,1,2026-04-11 05:17:00,2026-04-11 05:17:00
W002279,W001134,1,0.145267,1,2026-02-22 21:39:00,2026-02-22 21:39:00
W002279,W001704,1,0.304025,1,2026-06-14 00:45:00,2026-06-14 00:45:00
W002280,W001580,1,0.102853,1,2026-01-19 15:30:00,2026-01-19 15:30:00
W002280,W001664,1,0.734605,1,2026-01-10 08:04:00,2026-01-10 08:04:00
W002281,W000760,1,0.134722,1,2026-04-05 05:48:00,2026-04-05 05:48:00
W002281,W001105,1,0.962204,1,2026-06-02 23:10:00,2026-06-02 23:10:00
W002281,W001207,1,0.515252,1,2026-03-05 18:07:00,2026-03-05 18:07:00
W002281,W002111,1,0.369134,1,2026-04-08 07:35:00,2026-04-08 07:35:00
W002282,W002201,1,0.250478,1,2026-02-05 19:36:00,2026-02-05 19:36:00
W002283,W000024,1,0.748488,1,2026-01-19 08:40:00,2026-01-19 08:40:00
W002283,W000174,1,0.339292,1,2026-04-15 01:45:00,2026-04-15 01:45:00
W002283,W000487,1,0.205813,1,2026-02-19 03:33:00,2026-02-19 03:33:00
W002283,W001570,1,0.259889,1,2026-04-07 09:57:00,2026-04-07 09:57:00
W002283,W002232,1,0.155349,1,2026-01-09 10:50:00,2026-01-09 10:50:00
W002284,W000590,1,0.092136,1,2026-02-10 14:45:00,2026-02-10 14:45:00
W002284,W000735,1,0.270407,1,2026-06-19 11:57:00,2026-06-19 11:57:00
W002284,W001904,1,0.237419,1,2026-02-25 07:45:00,2026-02-25 07:45:00
W002284,W002176,1,0.642627,1,2026-05-09 20:32:00,2026-05-09 20:32:00
W002284,W002288,1,0.286505,1,2026-04-15 08:16:00,2026-04-15 08:16:00
W002285,W000140,1,0.355026,1,2026-01-12 04:10:00,2026-01-12 04:10:00
W002285,W000526,1,0.604327,1,2026-06-01 10:57:00,2026-06-01 10:57:00
W002285,W000594,1,0.403152,1,2026-06-08 22:37:00,2026-06-08 22:37:00
W002285,W001025,1,0.629979,1,2026-05-10 09:29:00,2026-05-10 09:29:00
W002285,W002364,1,0.289786,1,2026-03-13 18:54:00,2026-03-13 18:54:00
W002286,W000935,1,2.500821,1,2026-06-26 19:40:00,2026-06-26 19:40:00
W002286,W001436,1,0.820031,1,2026-03-19 04:07:00,2026-03-19 04:07:00
W002286,W001556,1,0.44143,1,2026-05-13 09:38:00,2026-05-13 09:38:00
W002286,W001634,1,0.367505,1,2026-01-19 07:10:00,2026-01-19 07:10:00
W002287,W000507,1,0.095386,1,2026-01-07 13:02:00,2026-01-07 13:02:00
W002287,W000814,1,0.984586,1,2026-05-09 23:53:00,2026-05-09 23:53:00
W002287,W001316,1,0.266692,1,2026-02-12 01:22:00,2026-02-12 01:22:00
W002287,W001714,1,0.998573,1,2026-06-24 02:28:00,2026-06-24 02:28:00
W002288,W000120,1,0.285533,1,2026-04-09 15:09:00,2026-04-09 15:09:00
W002288,W000436,1,0.344133,1,2026-05-11 14:05:00,2026-05-11 14:05:00
W002288,W000587,1,1.181649,1,2026-01-09 18:19:00,2026-01-09 18:19:00
W002288,W001043,1,0.816703,1,2026-05-29 06:43:00,2026-05-29 06:43:00
W002288,W002057,1,0.741728,1,2026-03-20 13:26:00,2026-03-20 13:26:00
W002289,W000954,1,0.37763,1,2026-01-17 22:02:00,2026-01-17 22:02:00
W002289,W001913,1,0.351917,1,2026-04-15 18:17:00,2026-04-15 18:17:00
W002289,W001935,1,0.094934,1,2026-03-08 20:27:00,2026-03-08 20:27:00
W002289,W002127,1,0.104197,1,2026-06-29 15:46:00,2026-06-29 15:46:00
W002290,W000208,1,1.549305,1,2026-01-19 05:24:00,2026-01-19 05:24:00
W002291,W002182,1,0.536702,1,2026-06-19 03:36:00,2026-06-19 03:36:00
W002292,W000528,1,0.930512,1,2026-02-16 09:57:00,2026-02-16 09:57:00
W002292,W002169,1,0.2517,1,2026-06-10 23:18:00,2026-06-10 23:18:00
W002293,W000184,1,0.463028,1,2026-04-09 17:27:00,2026-04-09 17:27:00
W002293,W001175,1,0.639275,1,2026-02-24 00:34:00,2026-02-24 00:34:00
W002293,W002321,1,0.091357,1,2026-06-04 02:02:00,2026-06-04 02:02:00
W002293,W002442,1,0.812753,1,2026-01-31 22:25:00,2026-01-31 22:25:00
W002294,W001496,1,0.111645,1,2026-02-09 18:02:00,2026-02-09 18:02:00
W002294,W002055,1,0.447055,1,2026-01-09 03:14:00,2026-01-09 03:14:00
W002295,W001620,1,1.322911,1,2026-05-02 11:17:00,2026-05-02 11:17:00
W002295,W001887,1,0.108193,1,2026-06-28 08:41:00,2026-06-28 08:41:00
W002295,W002152,1,0.213883,1,2026-02-24 12:21:00,2026-02-24 12:21:00
W002295,W002373,1,0.712368,1,2026-05-10 10:13:00,2026-05-10 10:13:00
W002295,W002400,1,0.671518,1,2026-06-25 02:40:00,2026-06-25 02:40:00
W002296,W000426,1,0.374102,1,2026-02-14 22:08:00,2026-02-14 22:08:00
W002296,W001251,1,1.233466,1,2026-03-03 10:05:00,2026-03-03 10:05:00
W002296,W001632,1,0.321788,1,2026-03-08 08:19:00,2026-03-08 08:19:00
W002296,W002327,1,0.851296,1,2026-05-20 09:14:00,2026-05-20 09:14:00
W002296,W002412,1,0.174079,1,2026-03-11 00:10:00,2026-03-11 00:10:00
W002297,W000671,1,0.680087,1,2026-01-08 13:46:00,2026-01-08 13:46:00
W002297,W000970,1,0.312883,1,2026-03-05 13:14:00,2026-03-05 13:14:00
W002297,W001177,1,0.310588,1,2026-02-15 13:02:00,2026-02-15 13:02:00
W002298,W000376,1,0.50402,1,2026-04-03 22:29:00,2026-04-03 22:29:00
W002298,W000432,1,0.411239,1,2026-02-11 17:31:00,2026-02-11 17:31:00
W002298,W000762,1,1.031735,1,2026-01-23 16:26:00,2026-01-23 16:26:00
W002298,W000815,1,1.303361,1,2026-05-23 21:57:00,2026-05-23 21:57:00
W002298,W000929,1,0.294942,1,2026-06-21 08:50:00,2026-06-21 08:50:00
W002298,W002083,1,0.249889,1,2026-02-17 01:43:00,2026-02-17 01:43:00
W002299,W000428,1,0.166819,1,2026-06-08 14:34:00,2026-06-08 14:34:00
W002299,W000457,1,0.758677,1,2026-04-11 16:28:00,2026-04-11 16:28:00
W002299,W000593,1,0.226168,1,2026-01-11 11:13:00,2026-01-11 11:13:00
W002299,W001676,1,0.221532,1,2026-06-24 22:56:00,2026-06-24 22:56:00
W002300,W000315,1,1.214014,1,2026-01-11 01:29:00,2026-01-11 01:29:00
W002300,W000557,1,0.552564,1,2026-04-27 11:25:00,2026-04-27 11:25:00
W002300,W000841,1,3.012221,1,2026-05-12 03:55:00,2026-05-12 03:55:00
W002301,W000917,1,0.226135,1,2026-06-21 04:20:00,2026-06-21 04:20:00
W002301,W000939,1,0.212907,1,2026-06-15 09:35:00,2026-06-15 09:35:00
W002301,W001772,1,0.853421,1,2026-04-15 16:27:00,2026-04-15 16:27:00
W002301,W001964,1,0.157304,1,2026-06-18 03:37:00,2026-06-18 03:37:00
W002301,W002032,1,0.419462,1,2026-04-14 13:46:00,2026-04-14 13:46:00
W002301,W002101,1,0.738631,1,2026-02-11 15:42:00,2026-02-11 15:42:00
W002302,W000683,1,1.756412,1,2026-04-17 10:04:00,2026-04-17 10:04:00
W002302,W001006,1,1.05827,1,2026-06-17 06:10:00,2026-06-17 06:10:00
W002303,W000858,1,0.292536,1,2026-01-03 14:02:00,2026-01-03 14:02:00
W002303,W001089,1,1.490195,1,2026-06-22 02:24:00,2026-06-22 02:24:00
W002303,W001849,1,0.319385,1,2026-04-02 00:38:00,2026-04-02 00:38:00
W002304,W000737,1,0.803533,1,2026-06-13 04:08:00,2026-06-13 04:08:00
W002304,W002435,1,1.194196,1,2026-05-23 07:42:00,2026-05-23 07:42:00
W002305,W000228,1,0.462213,1,2026-01-05 16:35:00,2026-01-05 16:35:00
W002305,W000316,1,0.771041,1,2026-05-24 11:22:00,2026-05-24 11:22:00
W002305,W000656,1,0.612214,1,2026-05-12 11:43:00,2026-05-12 11:43:00
W002305,W001165,1,0.350357,1,2026-03-17 11:25:00,2026-03-17 11:25:00
W002305,W001266,1,0.223219,1,2026-02-07 04:11:00,2026-02-07 04:11:00
W002305,W002002,1,0.427422,1,2026-04-17 03:30:00,2026-04-17 03:30:00
W002306,W000431,1,0.224335,1,2026-02-05 23:12:00,2026-02-05 23:12:00
W002306,W000859,1,0.189626,1,2026-06-02 08:25:00,2026-06-02 08:25:00
W002306,W001031,1,0.206366,1,2026-06-20 21:00:00,2026-06-20 21:00:00
W002306,W001728,1,0.268909,1,2026-06-16 17:06:00,2026-06-16 17:06:00
W002306,W001901,1,1.366587,1,2026-01-31 18:56:00,2026-01-31 18:56:00
W002306,W002228,1,0.717959,1,2026-06-18 13:33:00,2026-06-18 13:33:00
W002306,W002338,1,0.576365,1,2026-01-19 19:41:00,2026-01-19 19:41:00
W002307,W001370,1,0.271542,1,2026-02-11 18:18:00,2026-02-11 18:18:00
W002307,W002115,1,0.246214,1,2026-01-29 03:01:00,2026-01-29 03:01:00
W002308,W000315,1,0.597122,1,2026-04-14 17:30:00,2026-04-14 17:30:00
W002308,W000472,1,0.140962,1,2026-03-29 21:28:00,2026-03-29 21:28:00
W002308,W001357,1,0.519611,1,2026-04-18 11:37:00,2026-04-18 11:37:00
W002308,W001725,1,0.317472,1,2026-05-16 03:26:00,2026-05-16 03:26:00
W002308,W002075,1,0.896404,1,2026-01-06 03:51:00,2026-01-06 03:51:00
W002309,W000162,1,0.201191,1,2026-01-12 21:28:00,2026-01-12 21:28:00
W002310,W001111,1,0.324343,1,2026-05-21 05:05:00,2026-05-21 05:05:00
W002310,W001225,1,0.707348,1,2026-04-06 21:50:00,2026-04-06 21:50:00
W002310,W002449,1,0.163076,1,2026-05-19 04:25:00,2026-05-19 04:25:00
W002311,W000972,1,0.789331,1,2026-05-29 03:38:00,2026-05-29 03:38:00
W002311,W001041,1,0.638646,1,2026-01-09 19:03:00,2026-01-09 19:03:00
W002311,W001154,1,0.295106,1,2026-06-29 13:00:00,2026-06-29 13:00:00
W002311,W001786,1,1.41968,1,2026-06-29 09:29:00,2026-06-29 09:29:00
W002311,W002238,1,0.100331,1,2026-05-23 03:15:00,2026-05-23 03:15:00
W002311,W002331,1,0.136493,1,2026-01-08 04:21:00,2026-01-08 04:21:00
W002312,W000312,1,0.301251,1,2026-04-09 10:03:00,2026-04-09 10:03:00
W002312,W000345,1,0.20184,1,2026-01-13 21:47:00,2026-01-13 21:47:00
W002312,W000774,1,0.317141,1,2026-02-09 00:06:00,2026-02-09 00:06:00
W002312,W001417,1,1.169981,1,2026-03-12 01:40:00,2026-03-12 01:40:00
W002312,W002153,1,0.240814,1,2026-04-18 07:59:00,2026-04-18 07:59:00
W002312,W002162,1,0.510617,1,2026-06-30 04:43:00,2026-06-30 04:43:00
W002312,W002198,1,0.206184,1,2026-03-16 01:50:00,2026-03-16 01:50:00
W002312,W002211,1,2.573666,1,2026-06-14 18:04:00,2026-06-14 18:04:00
W002312,W002235,1,0.544312,1,2026-01-05 21:57:00,2026-01-05 21:57:00
W002313,W000968,1,0.239709,1,2026-03-15 15:09:00,2026-03-15 15:09:00
W002313,W001024,1,0.342587,1,2026-04-09 03:45:00,2026-04-09 03:45:00
W002313,W001839,1,0.347927,1,2026-01-13 17:26:00,2026-01-13 17:26:00
W002313,W002138,1,1.06488,1,2026-04-24 03:33:00,2026-04-24 03:33:00
W002314,W000746,1,0.141602,1,2026-01-10 16:16:00,2026-01-10 16:16:00
W002314,W001193,1,0.226232,1,2026-05-10 05:46:00,2026-05-10 05:46:00
W002315,W000721,1,0.341263,1,2026-02-03 09:33:00,2026-02-03 09:33:00
W002315,W000774,1,0.63985,1,2026-03-03 06:59:00,2026-03-03 06:59:00
W002315,W000918,1,0.388464,1,2026-05-13 06:11:00,2026-05-13 06:11:00
W002315,W001311,1,0.641949,1,2026-04-20 04:43:00,2026-04-20 04:43:00
W002315,W002382,1,0.783281,1,2026-02-08 03:27:00,2026-02-08 03:27:00
W002316,W000481,1,0.296378,1,2026-05-23 12:10:00,2026-05-23 12:10:00
W002316,W000825,1,0.207387,1,2026-04-12 00:29:00,2026-04-12 00:29:00
W002316,W000837,1,0.520904,1,2026-02-11 04:12:00,2026-02-11 04:12:00
W002317,W000136,1,1.592023,1,2026-06-06 15:52:00,2026-06-06 15:52:00
W002317,W000479,1,0.784484,1,2026-05-20 10:36:00,2026-05-20 10:36:00
W002317,W000717,1,0.66123,1,2026-03-30 21:23:00,2026-03-30 21:23:00
W002317,W000813,1,0.216902,1,2026-04-04 13:47:00,2026-04-04 13:47:00
W002317,W002117,1,0.8294,1,2026-01-08 11:56:00,2026-01-08 11:56:00
W002317,W002180,1,0.16849,1,2026-01-26 10:54:00,2026-01-26 10:54:00
W002318,W000117,1,0.313587,1,2026-06-07 21:05:00,2026-06-07 21:05:00
W002318,W000487,1,0.246021,1,2026-01-12 05:37:00,2026-01-12 05:37:00
W002319,W000087,1,1.38995,1,2026-05-19 04:43:00,2026-05-19 04:43:00
W002319,W000454,1,0.25117,1,2026-02-26 04:05:00,2026-02-26 04:05:00
W002319,W001931,1,0.241816,1,2026-01-28 01:24:00,2026-01-28 01:24:00
W002319,W001961,1,1.722154,1,2026-02-25 04:47:00,2026-02-25 04:47:00
W002319,W002177,1,0.121132,1,2026-03-09 11:18:00,2026-03-09 11:18:00
W002319,W002327,1,0.771831,1,2026-03-22 09:11:00,2026-03-22 09:11:00
W002319,W002493,1,0.147462,1,2026-04-21 04:45:00,2026-04-21 04:45:00
W002320,W000027,1,2.388788,1,2026-04-10 08:49:00,2026-04-10 08:49:00
W002320,W000250,1,0.408994,1,2026-06-12 20:50:00,2026-06-12 20:50:00
W002320,W000826,1,0.994126,1,2026-05-13 00:22:00,2026-05-13 00:22:00
W002321,W000914,1,1.047676,1,2026-02-16 06:17:00,2026-02-16 06:17:00
W002321,W001288,1,1.646578,1,2026-04-23 15:28:00,2026-04-23 15:28:00
W002321,W001404,1,0.580893,1,2026-04-30 18:16:00,2026-04-30 18:16:00
W002322,W000352,1,0.783227,1,2026-02-24 13:38:00,2026-02-24 13:38:00
W002322,W000405,1,0.211372,1,2026-05-10 21:23:00,2026-05-10 21:23:00
W002322,W000500,1,0.467853,1,2026-03-07 05:37:00,2026-03-07 05:37:00
W002322,W000911,1,2.216819,1,2026-03-16 12:17:00,2026-03-16 12:17:00
W002322,W000949,1,0.823809,1,2026-05-23 01:17:00,2026-05-23 01:17:00
W002322,W001564,1,1.189859,1,2026-01-30 18:10:00,2026-01-30 18:10:00
W002322,W002283,1,0.367787,1,2026-02-20 09:39:00,2026-02-20 09:39:00
W002323,W000416,1,0.607707,1,2026-03-03 00:37:00,2026-03-03 00:37:00
W002323,W000775,1,0.561234,1,2026-02-03 17:35:00,2026-02-03 17:35:00
W002323,W001284,1,0.051711,1,2026-03-09 01:09:00,2026-03-09 01:09:00
W002323,W001590,1,0.292338,1,2026-03-15 17:08:00,2026-03-15 17:08:00
W002323,W002343,1,0.118342,1,2026-05-14 22:29:00,2026-05-14 22:29:00
W002324,W000180,1,0.551531,1,2026-06-29 23:13:00,2026-06-29 23:13:00
W002324,W000807,1,0.191965,1,2026-03-04 00:02:00,2026-03-04 00:02:00
W002324,W002087,1,0.732732,1,2026-04-10 12:47:00,2026-04-10 12:47:00
W002325,W000518,1,0.263725,1,2026-01-04 18:20:00,2026-01-04 18:20:00
W002325,W000658,1,0.220925,1,2026-04-01 01:03:00,2026-04-01 01:03:00
W002325,W001791,1,0.405224,1,2026-01-12 14:59:00,2026-01-12 14:59:00
W002325,W002026,1,0.47424,1,2026-04-28 19:59:00,2026-04-28 19:59:00
W002325,W002333,1,0.899239,1,2026-05-11 17:10:00,2026-05-11 17:10:00
W002325,W002379,1,0.179808,1,2026-04-13 04:41:00,2026-04-13 04:41:00
W002326,W000142,1,0.344003,1,2026-05-18 17:06:00,2026-05-18 17:06:00
W002326,W000696,1,0.487706,1,2026-03-08 18:06:00,2026-03-08 18:06:00
W002326,W000977,1,1.642029,1,2026-03-11 23:24:00,2026-03-11 23:24:00
W002326,W001236,1,0.303288,1,2026-02-12 03:39:00,2026-02-12 03:39:00
W002326,W001464,1,1.190642,1,2026-01-31 12:08:00,2026-01-31 12:08:00
W002326,W002432,1,0.453267,1,2026-04-19 09:27:00,2026-04-19 09:27:00
W002327,W000087,1,0.698764,1,2026-04-28 13:50:00,2026-04-28 13:50:00
W002327,W000890,1,0.199282,1,2026-03-26 18:43:00,2026-03-26 18:43:00
W002327,W001483,1,1.025344,1,2026-01-30 06:22:00,2026-01-30 06:22:00
W002327,W001750,1,1.106255,1,2026-04-12 06:08:00,2026-04-12 06:08:00
W002327,W002449,1,0.562782,1,2026-03-18 19:16:00,2026-03-18 19:16:00
W002328,W000394,1,0.777309,1,2026-06-07 08:40:00,2026-06-07 08:40:00
W002328,W001082,1,0.42787,1,2026-01-27 02:46:00,2026-01-27 02:46:00
W002329,W000091,1,0.333265,1,2026-02-23 00:00:00,2026-02-23 00:00:00
W002329,W000552,1,0.342935,1,2026-01-17 10:07:00,2026-01-17 10:07:00
W002329,W000711,1,0.587684,1,2026-04-21 10:11:00,2026-04-21 10:11:00
W002329,W001640,1,0.252818,1,2026-04-10 13:35:00,2026-04-10 13:35:00
W002329,W001726,1,0.281685,1,2026-06-08 11:27:00,2026-06-08 11:27:00
W002330,W000323,1,7.685488,1,2026-06-28 20:46:00,2026-06-28 20:46:00
W002330,W000929,1,0.272519,1,2026-03-07 11:42:00,2026-03-07 11:42:00
W002330,W000963,1,0.47287,1,2026-04-08 07:42:00,2026-04-08 07:42:00
W002330,W001290,1,0.388135,1,2026-06-04 04:49:00,2026-06-04 04:49:00
W002330,W002083,1,0.461927,1,2026-04-08 04:06:00,2026-04-08 04:06:00
W002331,W000182,1,0.47147,1,2026-03-10 19:06:00,2026-03-10 19:06:00
W002331,W000243,1,0.884957,1,2026-03-29 18:50:00,2026-03-29 18:50:00
W002331,W000781,1,3.146176,1,2026-03-29 09:19:00,2026-03-29 09:19:00
W002331,W001170,1,1.231979,1,2026-06-08 13:04:00,2026-06-08 13:04:00
W002331,W001512,1,0.28912,1,2026-05-16 12:23:00,2026-05-16 12:23:00
W002331,W002142,1,0.246162,1,2026-02-21 14:21:00,2026-02-21 14:21:00
W002332,W000260,1,0.407415,1,2026-06-21 18:59:00,2026-06-21 18:59:00
W002332,W000357,1,1.007378,1,2026-05-25 17:53:00,2026-05-25 17:53:00
W002332,W000877,1,0.185627,1,2026-06-23 01:31:00,2026-06-23 01:31:00
W002332,W001702,1,0.460805,1,2026-02-27 03:46:00,2026-02-27 03:46:00
W002332,W002097,1,0.622368,1,2026-02-28 03:03:00,2026-02-28 03:03:00
W002333,W001459,1,0.843088,1,2026-03-09 13:48:00,2026-03-09 13:48:00
W002334,W000294,1,0.366666,1,2026-02-25 16:04:00,2026-02-25 16:04:00
W002334,W001417,1,0.606349,1,2026-05-14 18:33:00,2026-05-14 18:33:00
W002334,W001493,1,0.542878,1,2026-04-12 09:19:00,2026-04-12 09:19:00
W002334,W002104,1,0.478743,1,2026-05-09 16:16:00,2026-05-09 16:16:00
W002334,W002121,1,1.75677,1,2026-03-11 02:34:00,2026-03-11 02:34:00
W002335,W001540,1,1.113345,1,2026-06-11 03:19:00,2026-06-11 03:19:00
W002335,W001577,1,0.62737,1,2026-01-25 21:47:00,2026-01-25 21:47:00
W002335,W001636,1,0.451317,1,2026-03-12 17:44:00,2026-03-12 17:44:00
W002335,W002056,1,0.318989,1,2026-04-22 09:27:00,2026-04-22 09:27:00
W002336,W000370,1,6.57966,1,2026-03-31 05:34:00,2026-03-31 05:34:00
W002336,W001727,1,0.400191,1,2026-03-25 12:54:00,2026-03-25 12:54:00
W002337,W000677,1,0.287836,1,2026-03-05 09:17:00,2026-03-05 09:17:00
W002337,W000876,1,0.574767,1,2026-03-02 09:32:00,2026-03-02 09:32:00
W002337,W001295,1,0.682144,1,2026-02-07 16:23:00,2026-02-07 16:23:00
W002337,W001740,1,0.377278,1,2026-01-17 04:05:00,2026-01-17 04:05:00
W002337,W002146,1,0.272949,1,2026-01-11 06:43:00,2026-01-11 06:43:00
W002337,W002365,1,2.291167,1,2026-04-24 03:49:00,2026-04-24 03:49:00
W002338,W000038,1,1.068512,1,2026-03-20 14:28:00,2026-03-20 14:28:00
W002338,W000770,1,0.567392,1,2026-06-27 19:52:00,2026-06-27 19:52:00
W002338,W001251,1,0.285379,1,2026-06-29 20:05:00,2026-06-29 20:05:00
W002338,W001860,1,0.339532,1,2026-05-09 22:29:00,2026-05-09 22:29:00
W002339,W000228,1,0.366869,1,2026-05-22 13:47:00,2026-05-22 13:47:00
W002339,W001587,1,0.651625,1,2026-04-17 15:02:00,2026-04-17 15:02:00
W002340,W000159,1,0.423545,1,2026-06-04 03:38:00,2026-06-04 03:38:00
W002340,W000501,1,1.347439,1,2026-05-07 19:10:00,2026-05-07 19:10:00
W002340,W001302,1,0.177666,1,2026-06-11 13:42:00,2026-06-11 13:42:00
W002340,W001921,1,0.227138,1,2026-04-30 04:39:00,2026-04-30 04:39:00
W002340,W001925,1,1.045344,1,2026-02-28 23:19:00,2026-02-28 23:19:00
W002341,W000578,1,0.322969,1,2026-03-13 15:16:00,2026-03-13 15:16:00
W002341,W000667,1,0.363926,1,2026-04-28 19:46:00,2026-04-28 19:46:00
W002341,W001159,1,0.563527,1,2026-04-17 03:17:00,2026-04-17 03:17:00
W002341,W001351,1,2.227002,1,2026-06-19 01:26:00,2026-06-19 01:26:00
W002341,W002188,1,0.986767,1,2026-03-31 17:47:00,2026-03-31 17:47:00
W002341,W002390,1,0.220706,1,2026-02-09 12:38:00,2026-02-09 12:38:00
W002342,W001714,1,0.28392,1,2026-03-20 14:38:00,2026-03-20 14:38:00
W002342,W001898,1,0.40833,1,2026-02-21 05:20:00,2026-02-21 05:20:00
W002343,W001074,1,0.424551,1,2026-04-20 00:13:00,2026-04-20 00:13:00
W002343,W001291,1,1.183898,1,2026-05-11 08:46:00,2026-05-11 08:46:00
W002343,W001437,1,1.305548,1,2026-01-01 11:19:00,2026-01-01 11:19:00
W002344,W000284,1,0.974621,1,2026-02-05 10:15:00,2026-02-05 10:15:00
W002344,W001238,1,0.334049,1,2026-04-30 07:55:00,2026-04-30 07:55:00
W002344,W001596,1,0.189712,1,2026-02-04 10:58:00,2026-02-04 10:58:00
W002345,W000186,1,1.186316,1,2026-02-09 11:21:00,2026-02-09 11:21:00
W002345,W000486,1,0.492233,1,2026-04-09 17:10:00,2026-04-09 17:10:00
W002345,W001148,1,0.073175,1,2026-04-16 20:59:00,2026-04-16 20:59:00
W002345,W002440,1,1.268086,1,2026-05-21 08:35:00,2026-05-21 08:35:00
W002346,W000660,1,1.32724,1,2026-01-28 10:56:00,2026-01-28 10:56:00
W002346,W000930,1,0.644013,1,2026-04-01 20:34:00,2026-04-01 20:34:00
W002346,W001266,1,0.142653,1,2026-03-14 16:47:00,2026-03-14 16:47:00
W002346,W002261,1,0.187642,1,2026-05-18 23:07:00,2026-05-18 23:07:00
W002347,W000272,1,0.457951,1,2026-02-15 20:30:00,2026-02-15 20:30:00
W002347,W001147,1,0.29198,1,2026-01-19 05:48:00,2026-01-19 05:48:00
W002347,W002466,1,0.448825,1,2026-04-16 02:27:00,2026-04-16 02:27:00
W002348,W000946,1,0.717279,1,2026-06-26 14:29:00,2026-06-26 14:29:00
W002349,W001596,1,0.449109,1,2026-06-29 23:03:00,2026-06-29 23:03:00
W002350,W000318,1,0.426812,1,2026-06-28 07:53:00,2026-06-28 07:53:00
W002350,W001292,1,0.645846,1,2026-01-09 04:28:00,2026-01-09 04:28:00
W002350,W001487,1,0.607762,1,2026-02-27 23:32:00,2026-02-27 23:32:00
W002350,W001531,1,0.605394,1,2026-05-26 14:27:00,2026-05-26 14:27:00
W002350,W001782,1,0.527084,1,2026-01-01 08:55:00,2026-01-01 08:55:00
W002350,W002423,1,1.162331,1,2026-06-11 02:03:00,2026-06-11 02:03:00
W002350,W002472,1,0.663534,1,2026-01-19 23:03:00,2026-01-19 23:03:00
W002351,W000607,1,0.738195,1,2026-03-28 08:03:00,2026-03-28 08:03:00
W002351,W001171,1,0.468559,1,2026-01-04 14:18:00,2026-01-04 14:18:00
W002351,W001310,1,0.86724,1,2026-06-26 08:34:00,2026-06-26 08:34:00
W002351,W001529,1,0.19145,1,2026-04-04 05:27:00,2026-04-04 05:27:00
W002351,W002276,1,0.299662,1,2026-06-24 14:42:00,2026-06-24 14:42:00
W002351,W002419,1,1.789225,1,2026-02-16 01:41:00,2026-02-16 01:41:00
W002352,W001185,1,0.349431,1,2026-01-04 15:59:00,2026-01-04 15:59:00
W002353,W000311,1,0.6935,1,2026-04-29 16:51:00,2026-04-29 16:51:00
W002353,W001536,1,0.398003,1,2026-06-12 14:33:00,2026-06-12 14:33:00
W002353,W001727,1,0.298697,1,2026-04-06 06:34:00,2026-04-06 06:34:00
W002353,W002279,1,0.530487,1,2026-04-13 03:38:00,2026-04-13 03:38:00
W002354,W000072,1,0.206549,1,2026-01-27 03:59:00,2026-01-27 03:59:00
W002354,W001455,1,0.887412,1,2026-04-14 10:00:00,2026-04-14 10:00:00
W002354,W002092,1,0.21243,1,2026-05-06 13:22:00,2026-05-06 13:22:00
W002354,W002224,1,0.129848,1,2026-06-25 05:28:00,2026-06-25 05:28:00
W002355,W000145,1,0.476068,1,2026-04-04 00:40:00,2026-04-04 00:40:00
W002355,W000293,1,0.204903,1,2026-05-08 05:21:00,2026-05-08 05:21:00
W002355,W000332,1,0.621386,1,2026-02-03 02:02:00,2026-02-03 02:02:00
W002355,W000725,1,0.755985,1,2026-02-06 12:32:00,2026-02-06 12:32:00
W002355,W001020,1,0.268829,1,2026-03-03 12:18:00,2026-03-03 12:18:00
W002355,W001034,1,0.558726,1,2026-01-21 23:47:00,2026-01-21 23:47:00
W002356,W000696,1,1.123028,1,2026-03-09 01:21:00,2026-03-09 01:21:00
W002356,W001413,1,0.636463,1,2026-03-28 15:22:00,2026-03-28 15:22:00
W002356,W001590,1,0.381419,1,2026-05-13 18:55:00,2026-05-13 18:55:00
W002356,W001749,1,0.807059,1,2026-05-06 01:57:00,2026-05-06 01:57:00
W002356,W002068,1,0.224234,1,2026-06-10 04:33:00,2026-06-10 04:33:00
W002357,W000382,1,0.164406,1,2026-03-15 19:26:00,2026-03-15 19:26:00
W002357,W000584,1,0.202007,1,2026-03-09 01:09:00,2026-03-09 01:09:00
W002357,W002415,1,0.608221,1,2026-02-12 20:30:00,2026-02-12 20:30:00
W002358,W000113,1,0.793618,1,2026-02-01 11:45:00,2026-02-01 11:45:00
W002358,W000396,1,1.090359,1,2026-03-17 10:39:00,2026-03-17 10:39:00
W002358,W001764,1,0.314803,1,2026-04-17 07:24:00,2026-04-17 07:24:00
W002359,W000468,1,0.319932,1,2026-06-10 07:52:00,2026-06-10 07:52:00
W002359,W000988,1,0.123062,1,2026-06-22 06:45:00,2026-06-22 06:45:00
W002359,W001928,1,3.492478,1,2026-04-21 05:57:00,2026-04-21 05:57:00
W002359,W002312,1,1.157616,1,2026-02-04 17:38:00,2026-02-04 17:38:00
W002359,W002469,1,0.406626,1,2026-04-04 05:09:00,2026-04-04 05:09:00
W002360,W000040,1,0.522444,1,2026-06-02 10:16:00,2026-06-02 10:16:00
W002360,W001811,1,0.882328,1,2026-04-10 01:50:00,2026-04-10 01:50:00
W002360,W002036,1,0.154825,1,2026-03-16 23:53:00,2026-03-16 23:53:00
W002360,W002425,1,0.367884,1,2026-05-27 07:28:00,2026-05-27 07:28:00
W002361,W000026,1,0.522036,1,2026-05-29 18:19:00,2026-05-29 18:19:00
W002361,W000107,1,0.57799,1,2026-04-04 01:25:00,2026-04-04 01:25:00
W002361,W000249,1,0.50154,1,2026-05-01 12:21:00,2026-05-01 12:21:00
W002361,W000452,1,0.436756,1,2026-03-12 05:43:00,2026-03-12 05:43:00
W002361,W000489,1,0.457859,1,2026-06-23 03:36:00,2026-06-23 03:36:00
W002361,W000933,1,1.091474,1,2026-04-17 13:37:00,2026-04-17 13:37:00
W002361,W001592,1,0.386263,1,2026-03-22 13:42:00,2026-03-22 13:42:00
W002361,W001794,1,0.54486,1,2026-06-09 20:10:00,2026-06-09 20:10:00
W002361,W001973,1,0.265957,1,2026-02-08 05:56:00,2026-02-08 05:56:00
W002361,W002370,1,0.604482,1,2026-03-18 08:08:00,2026-03-18 08:08:00
W002361,W002393,1,0.607041,1,2026-06-21 06:54:00,2026-06-21 06:54:00
W002362,W000784,1,0.200592,1,2026-04-22 05:05:00,2026-04-22 05:05:00
W002362,W001350,1,0.452414,1,2026-05-04 05:30:00,2026-05-04 05:30:00
W002363,W000184,1,1.182081,1,2026-02-27 06:27:00,2026-02-27 06:27:00
W002363,W000498,1,0.127526,1,2026-06-09 20:12:00,2026-06-09 20:12:00
W002363,W000711,1,0.389986,1,2026-02-22 10:38:00,2026-02-22 10:38:00
W002363,W001538,1,0.257888,1,2026-06-03 11:50:00,2026-06-03 11:50:00
W002364,W000196,1,0.34769,1,2026-06-14 21:54:00,2026-06-14 21:54:00
W002364,W001854,1,0.162431,1,2026-01-10 06:43:00,2026-01-10 06:43:00
W002364,W002202,1,0.936968,1,2026-02-20 02:38:00,2026-02-20 02:38:00
W002364,W002416,1,0.349199,1,2026-02-16 02:43:00,2026-02-16 02:43:00
W002365,W001263,1,0.720425,1,2026-04-18 08:39:00,2026-04-18 08:39:00
W002365,W001420,1,0.264566,1,2026-06-27 05:55:00,2026-06-27 05:55:00
W002366,W000528,1,0.246975,1,2026-05-26 12:31:00,2026-05-26 12:31:00
W002366,W000717,1,0.805307,1,2026-05-22 04:43:00,2026-05-22 04:43:00
W002366,W000762,1,0.708996,1,2026-05-06 19:18:00,2026-05-06 19:18:00
W002366,W001561,1,0.297852,1,2026-04-06 01:42:00,2026-04-06 01:42:00
W002366,W001972,1,0.191652,1,2026-02-14 18:52:00,2026-02-14 18:52:00
W002367,W000224,1,0.354706,1,2026-03-02 12:55:00,2026-03-02 12:55:00
W002367,W001125,1,0.514249,1,2026-01-11 16:54:00,2026-01-11 16:54:00
W002367,W001448,1,0.370051,1,2026-05-18 12:26:00,2026-05-18 12:26:00
W002367,W002013,1,0.351062,1,2026-03-05 13:54:00,2026-03-05 13:54:00
W002368,W000600,1,0.344077,1,2026-05-09 05:44:00,2026-05-09 05:44:00
W002368,W001474,1,0.945748,1,2026-03-24 14:35:00,2026-03-24 14:35:00
W002369,W000053,1,0.601887,1,2026-03-29 23:14:00,2026-03-29 23:14:00
W002369,W000225,1,0.396962,1,2026-02-22 20:39:00,2026-02-22 20:39:00
W002369,W000458,1,0.664162,1,2026-06-25 15:59:00,2026-06-25 15:59:00
W002369,W001362,1,0.706882,1,2026-05-03 12:51:00,2026-05-03 12:51:00
W002369,W001397,1,0.488468,1,2026-04-15 14:15:00,2026-04-15 14:15:00
W002369,W001499,1,0.454174,1,2026-06-25 01:38:00,2026-06-25 01:38:00
W002369,W001523,1,0.356252,1,2026-02-02 09:14:00,2026-02-02 09:14:00
W002369,W001762,1,0.382937,1,2026-01-18 05:14:00,2026-01-18 05:14:00
W002369,W002027,1,1.642137,1,2026-04-24 14:56:00,2026-04-24 14:56:00
W002369,W002174,1,0.952902,1,2026-02-23 23:19:00,2026-02-23 23:19:00
W002370,W001778,1,1.464378,1,2026-04-26 07:20:00,2026-04-26 07:20:00
W002370,W001897,1,0.248859,1,2026-04-09 02:10:00,2026-04-09 02:10:00
W002371,W001212,1,0.376606,1,2026-05-22 06:26:00,2026-05-22 06:26:00
W002371,W001275,1,0.329902,1,2026-05-07 08:06:00,2026-05-07 08:06:00
W002371,W001358,1,0.32751,1,2026-03-31 21:54:00,2026-03-31 21:54:00
W002371,W002424,1,0.363358,1,2026-03-02 00:15:00,2026-03-02 00:15:00
W002372,W000193,1,0.766258,1,2026-05-31 16:26:00,2026-05-31 16:26:00
W002372,W001342,1,0.25526,1,2026-03-22 02:56:00,2026-03-22 02:56:00
W002372,W001929,1,0.063918,1,2026-02-11 09:10:00,2026-02-11 09:10:00
W002372,W001976,1,0.77736,1,2026-03-21 15:10:00,2026-03-21 15:10:00
W002372,W002105,1,0.314675,1,2026-03-25 09:05:00,2026-03-25 09:05:00
W002373,W000618,1,1.482253,1,2026-04-03 01:03:00,2026-04-03 01:03:00
W002373,W001003,1,0.887926,1,2026-04-09 01:14:00,2026-04-09 01:14:00
W002373,W002112,1,0.621719,1,2026-06-14 14:58:00,2026-06-14 14:58:00
W002374,W000653,1,0.120076,1,2026-01-10 23:00:00,2026-01-10 23:00:00
W002374,W000744,1,2.772324,1,2026-01-21 00:49:00,2026-01-21 00:49:00
W002374,W000824,1,0.395724,1,2026-03-16 17:54:00,2026-03-16 17:54:00
W002375,W000018,1,0.310366,1,2026-02-18 22:48:00,2026-02-18 22:48:00
W002375,W000172,1,0.108849,1,2026-04-22 06:03:00,2026-04-22 06:03:00
W002375,W000704,1,1.064167,1,2026-05-31 11:38:00,2026-05-31 11:38:00
W002375,W001297,1,0.585779,1,2026-05-19 11:21:00,2026-05-19 11:21:00
W002375,W001802,1,3.023065,1,2026-06-16 17:54:00,2026-06-16 17:54:00
W002376,W000054,1,0.708738,1,2026-01-11 19:30:00,2026-01-11 19:30:00
W002376,W000736,1,0.612476,1,2026-04-28 09:02:00,2026-04-28 09:02:00
W002376,W001485,1,0.307719,1,2026-03-13 18:06:00,2026-03-13 18:06:00
W002377,W001164,1,0.768071,1,2026-06-08 00:49:00,2026-06-08 00:49:00
W002377,W001205,1,47.460216,1,2026-04-02 00:23:00,2026-04-02 00:23:00
W002377,W001750,1,0.178491,1,2026-06-01 01:16:00,2026-06-01 01:16:00
W002378,W000163,1,0.308294,1,2026-01-24 01:38:00,2026-01-24 01:38:00
W002378,W000779,1,0.306466,1,2026-04-18 20:15:00,2026-04-18 20:15:00
W002378,W000850,1,3.139259,1,2026-03-28 09:05:00,2026-03-28 09:05:00
W002378,W001148,1,0.516391,1,2026-05-12 14:50:00,2026-05-12 14:50:00
W002378,W001262,1,0.127028,1,2026-04-26 10:32:00,2026-04-26 10:32:00
W002378,W001908,1,0.933211,1,2026-03-20 05:12:00,2026-03-20 05:12:00
W002378,W001999,1,1.447873,1,2026-06-23 15:58:00,2026-06-23 15:58:00
W002378,W002327,1,0.230793,1,2026-01-04 16:54:00,2026-01-04 16:54:00
W002379,W000884,1,0.492821,1,2026-01-28 10:47:00,2026-01-28 10:47:00
W002379,W000932,1,10.303892,1,2026-01-22 10:53:00,2026-01-22 10:53:00
W002379,W001570,1,0.3331,1,2026-01-27 22:24:00,2026-01-27 22:24:00
W002379,W002267,1,0.356192,1,2026-03-30 00:36:00,2026-03-30 00:36:00
W002380,W000072,1,0.704732,1,2026-06-28 17:18:00,2026-06-28 17:18:00
W002380,W000172,1,0.428621,1,2026-03-29 21:37:00,2026-03-29 21:37:00
W002380,W001762,1,0.178118,1,2026-01-16 14:35:00,2026-01-16 14:35:00
W002381,W000517,1,0.353251,1,2026-06-12 08:52:00,2026-06-12 08:52:00
W002381,W001093,1,0.501628,1,2026-05-31 08:26:00,2026-05-31 08:26:00
W002381,W002108,1,0.507378,1,2026-05-06 08:48:00,2026-05-06 08:48:00
W002382,W000461,1,0.116564,1,2026-05-25 04:01:00,2026-05-25 04:01:00
W002382,W001246,1,0.705969,1,2026-06-13 15:12:00,2026-06-13 15:12:00
W002382,W001943,1,0.718965,1,2026-01-23 19:12:00,2026-01-23 19:12:00
W002382,W002138,1,0.200637,1,2026-03-14 21:51:00,2026-03-14 21:51:00
W002383,W000110,1,1.110426,1,2026-03-27 14:15:00,2026-03-27 14:15:00
W002383,W000115,1,0.499454,1,2026-05-01 03:31:00,2026-05-01 03:31:00
W002383,W000242,1,0.146014,1,2026-01-07 20:38:00,2026-01-07 20:38:00
W002383,W000699,1,0.495332,1,2026-01-08 02:20:00,2026-01-08 02:20:00
W002383,W001064,1,1.825585,1,2026-05-26 15:34:00,2026-05-26 15:34:00
W002383,W002112,1,0.884552,1,2026-04-05 01:00:00,2026-04-05 01:00:00
W002384,W000105,1,0.490912,1,2026-02-20 22:56:00,2026-02-20 22:56:00
W002384,W000560,1,0.708396,1,2026-01-25 16:35:00,2026-01-25 16:35:00
W002384,W001389,1,0.48258,1,2026-02-13 08:41:00,2026-02-13 08:41:00
W002384,W001625,1,0.871402,1,2026-02-12 18:40:00,2026-02-12 18:40:00
W002384,W002115,1,0.245097,1,2026-05-26 14:58:00,2026-05-26 14:58:00
W002385,W001697,1,0.171333,1,2026-05-28 02:10:00,2026-05-28 02:10:00
W002386,W000998,1,0.526633,1,2026-05-13 20:59:00,2026-05-13 20:59:00
W002386,W001697,1,0.160547,1,2026-01-14 07:46:00,2026-01-14 07:46:00
W002386,W001700,1,0.487781,1,2026-04-25 18:33:00,2026-04-25 18:33:00
W002386,W001945,1,0.181474,1,2026-01-31 05:48:00,2026-01-31 05:48:00
W002386,W002090,1,0.503465,1,2026-02-08 19:14:00,2026-02-08 19:14:00
W002387,W000027,1,3.073852,1,2026-03-14 10:30:00,2026-03-14 10:30:00
W002387,W000509,1,0.622122,1,2026-01-16 07:42:00,2026-01-16 07:42:00
W002388,W000104,1,0.495211,1,2026-02-28 21:33:00,2026-02-28 21:33:00
W002388,W000419,1,2.327145,1,2026-06-01 11:25:00,2026-06-01 11:25:00
W002388,W000492,1,0.709742,1,2026-06-02 00:14:00,2026-06-02 00:14:00
W002388,W001042,1,0.676927,1,2026-06-02 15:16:00,2026-06-02 15:16:00
W002388,W001396,1,0.645736,1,2026-06-02 03:58:00,2026-06-02 03:58:00
W002388,W001928,1,0.127495,1,2026-01-09 05:29:00,2026-01-09 05:29:00
W002389,W000125,1,1.270106,1,2026-01-18 12:29:00,2026-01-18 12:29:00
W002389,W000527,1,1.423647,1,2026-01-31 14:59:00,2026-01-31 14:59:00
W002389,W000957,1,0.57629,1,2026-01-08 00:07:00,2026-01-08 00:07:00
W002389,W001015,1,0.773979,1,2026-05-25 07:20:00,2026-05-25 07:20:00
W002390,W000020,1,0.900552,1,2026-06-17 14:53:00,2026-06-17 14:53:00
W002391,W001189,1,0.330317,1,2026-02-14 18:16:00,2026-02-14 18:16:00
W002391,W001796,1,0.821013,1,2026-04-09 01:10:00,2026-04-09 01:10:00
W002391,W002449,1,0.538497,1,2026-05-19 10:19:00,2026-05-19 10:19:00
W002392,W001319,1,0.369024,1,2026-03-18 10:50:00,2026-03-18 10:50:00
W002392,W001997,1,0.569334,1,2026-02-05 04:36:00,2026-02-05 04:36:00
W002393,W000766,1,0.451226,1,2026-03-24 22:05:00,2026-03-24 22:05:00
W002393,W000885,1,1.373683,1,2026-06-10 13:06:00,2026-06-10 13:06:00
W002393,W002425,1,0.460048,1,2026-04-11 23:03:00,2026-04-11 23:03:00
W002394,W000555,1,1.094469,1,2026-03-05 04:43:00,2026-03-05 04:43:00
W002394,W000747,1,0.679849,1,2026-03-14 02:29:00,2026-03-14 02:29:00
W002394,W000773,1,0.282826,1,2026-04-14 08:09:00,2026-04-14 08:09:00
W002394,W001804,1,0.53719,1,2026-05-15 20:02:00,2026-05-15 20:02:00
W002394,W001902,1,0.846176,1,2026-01-10 02:51:00,2026-01-10 02:51:00
W002394,W002192,1,1.620433,1,2026-04-17 06:45:00,2026-04-17 06:45:00
W002394,W002263,1,1.129113,1,2026-04-14 12:06:00,2026-04-14 12:06:00
W002395,W000326,1,0.371332,1,2026-04-06 05:00:00,2026-04-06 05:00:00
W002395,W000962,1,0.815183,1,2026-03-27 09:15:00,2026-03-27 09:15:00
W002395,W002224,1,0.726625,1,2026-04-19 11:13:00,2026-04-19 11:13:00
W002396,W000400,1,0.747459,1,2026-04-04 21:12:00,2026-04-04 21:12:00
W002397,W000388,1,0.858145,1,2026-03-26 03:10:00,2026-03-26 03:10:00
W002397,W000675,1,0.477928,1,2026-06-11 12:30:00,2026-06-11 12:30:00
W002397,W001321,1,0.139987,1,2026-03-18 06:44:00,2026-03-18 06:44:00
W002397,W001768,1,0.322973,1,2026-03-07 21:32:00,2026-03-07 21:32:00
W002397,W002162,1,0.386862,1,2026-04-09 03:40:00,2026-04-09 03:40:00
W002398,W001531,1,1.729198,1,2026-01-03 23:16:00,2026-01-03 23:16:00
W002398,W001542,1,0.339425,1,2026-05-15 10:21:00,2026-05-15 10:21:00
W002398,W002312,1,0.248171,1,2026-03-06 03:48:00,2026-03-06 03:48:00
W002398,W002344,1,1.017063,1,2026-06-19 21:28:00,2026-06-19 21:28:00
W002399,W000502,1,0.160258,1,2026-06-25 03:36:00,2026-06-25 03:36:00
W002400,W001583,1,4.005729,1,2026-06-26 22:40:00,2026-06-26 22:40:00
W002400,W001593,1,0.292685,1,2026-06-25 07:19:00,2026-06-25 07:19:00
W002401,W000698,1,0.282418,1,2026-05-29 17:54:00,2026-05-29 17:54:00
W002401,W001704,1,1.052032,1,2026-02-23 12:24:00,2026-02-23 12:24:00
W002401,W002403,1,2.514171,1,2026-03-03 05:29:00,2026-03-03 05:29:00
W002402,W000601,1,0.425748,1,2026-01-23 18:36:00,2026-01-23 18:36:00
W002402,W000847,1,0.360567,1,2026-05-06 15:36:00,2026-05-06 15:36:00
W002402,W001450,1,0.200684,1,2026-02-25 22:00:00,2026-02-25 22:00:00
W002402,W002008,1,0.170873,1,2026-06-15 21:15:00,2026-06-15 21:15:00
W002402,W002435,1,0.367108,1,2026-02-15 19:39:00,2026-02-15 19:39:00
W002403,W000590,1,0.200862,1,2026-06-04 04:13:00,2026-06-04 04:13:00
W002403,W000822,1,0.075366,1,2026-06-02 07:19:00,2026-06-02 07:19:00
W002403,W000837,1,1.288426,1,2026-05-15 12:51:00,2026-05-15 12:51:00
W002403,W001233,1,0.494849,1,2026-03-11 08:21:00,2026-03-11 08:21:00
W002403,W001409,1,0.529186,1,2026-01-12 01:17:00,2026-01-12 01:17:00
W002403,W001514,1,0.820221,1,2026-06-16 10:01:00,2026-06-16 10:01:00
W002403,W002109,1,0.220552,1,2026-06-26 17:00:00,2026-06-26 17:00:00
W002403,W002193,1,0.220369,1,2026-05-25 04:23:00,2026-05-25 04:23:00
W002404,W000466,1,0.31099,1,2026-02-03 18:11:00,2026-02-03 18:11:00
W002404,W000808,1,0.408635,1,2026-05-18 14:41:00,2026-05-18 14:41:00
W002404,W001316,1,0.704001,1,2026-06-04 19:59:00,2026-06-04 19:59:00
W002404,W001498,1,0.096374,1,2026-01-18 10:59:00,2026-01-18 10:59:00
W002404,W002193,1,1.413357,1,2026-05-07 09:30:00,2026-05-07 09:30:00
W002405,W000675,1,0.537922,1,2026-02-05 04:32:00,2026-02-05 04:32:00
W002405,W000769,1,0.411596,1,2026-01-22 14:04:00,2026-01-22 14:04:00
W002405,W002021,1,0.579791,1,2026-02-28 00:11:00,2026-02-28 00:11:00
W002406,W000038,1,1.139508,1,2026-06-12 13:56:00,2026-06-12 13:56:00
W002406,W000216,1,0.368806,1,2026-05-20 15:30:00,2026-05-20 15:30:00
W002406,W000855,1,0.326312,1,2026-06-01 12:41:00,2026-06-01 12:41:00
W002406,W001046,1,0.690354,1,2026-01-25 23:17:00,2026-01-25 23:17:00
W002406,W001064,1,0.419095,1,2026-01-05 10:56:00,2026-01-05 10:56:00
W002406,W002216,1,0.321693,1,2026-04-07 16:33:00,2026-04-07 16:33:00
W002407,W001840,1,0.741889,1,2026-02-26 04:10:00,2026-02-26 04:10:00
W002407,W001880,1,1.787146,1,2026-05-14 07:04:00,2026-05-14 07:04:00
W002407,W002227,1,0.674866,1,2026-05-02 02:21:00,2026-05-02 02:21:00
W002408,W000308,1,0.660193,1,2026-04-29 08:58:00,2026-04-29 08:58:00
W002408,W000657,1,0.116122,1,2026-03-30 23:41:00,2026-03-30 23:41:00
W002408,W000745,1,0.429145,1,2026-02-24 15:47:00,2026-02-24 15:47:00
W002408,W001334,1,0.356444,1,2026-02-02 07:55:00,2026-02-02 07:55:00
W002408,W001450,1,0.657541,1,2026-04-05 05:41:00,2026-04-05 05:41:00
W002408,W001676,1,0.117261,1,2026-01-09 09:48:00,2026-01-09 09:48:00
W002408,W002438,1,1.53893,1,2026-03-04 22:02:00,2026-03-04 22:02:00
W002409,W000714,1,0.810334,1,2026-06-18 14:07:00,2026-06-18 14:07:00
W002411,W000530,1,0.517585,1,2026-01-08 17:40:00,2026-01-08 17:40:00
W002411,W000887,1,0.270447,1,2026-06-24 00:26:00,2026-06-24 00:26:00
W002411,W001279,1,0.373219,1,2026-06-13 13:59:00,2026-06-13 13:59:00
W002412,W000569,1,0.841529,1,2026-02-13 19:19:00,2026-02-13 19:19:00
W002412,W002188,1,0.548743,1,2026-04-02 22:37:00,2026-04-02 22:37:00
W002413,W000200,1,0.470712,1,2026-03-11 08:31:00,2026-03-11 08:31:00
W002413,W001401,1,0.503161,1,2026-06-12 13:35:00,2026-06-12 13:35:00
W002413,W001882,1,0.438115,1,2026-03-18 01:14:00,2026-03-18 01:14:00
W002413,W002006,1,0.63882,1,2026-06-23 22:46:00,2026-06-23 22:46:00
W002413,W002212,1,1.140966,1,2026-04-26 07:06:00,2026-04-26 07:06:00
W002414,W000382,1,1.326813,1,2026-04-28 22:19:00,2026-04-28 22:19:00
W002414,W000406,1,0.170755,1,2026-06-05 09:53:00,2026-06-05 09:53:00
W002414,W000413,1,0.971413,1,2026-05-03 17:00:00,2026-05-03 17:00:00
W002415,W000340,1,4.548918,1,2026-03-05 08:43:00,2026-03-05 08:43:00
W002415,W000697,1,0.40713,1,2026-02-15 04:47:00,2026-02-15 04:47:00
W002416,W000341,1,0.531808,1,2026-05-26 19:13:00,2026-05-26 19:13:00
W002416,W000714,1,0.568236,1,2026-06-06 10:27:00,2026-06-06 10:27:00
W002417,W000348,1,0.16125,1,2026-06-24 23:15:00,2026-06-24 23:15:00
W002417,W000965,1,0.347707,1,2026-03-07 23:24:00,2026-03-07 23:24:00
W002417,W001701,1,0.486239,1,2026-03-24 13:44:00,2026-03-24 13:44:00
W002417,W002047,1,0.851251,1,2026-06-01 00:14:00,2026-06-01 00:14:00
W002418,W000333,1,0.309865,1,2026-06-21 12:46:00,2026-06-21 12:46:00
W002418,W000352,1,0.938016,1,2026-03-10 12:02:00,2026-03-10 12:02:00
W002418,W001168,1,1.472108,1,2026-06-18 16:14:00,2026-06-18 16:14:00
W002418,W002152,1,0.259679,1,2026-03-17 07:05:00,2026-03-17 07:05:00
W002418,W002451,1,1.388242,1,2026-06-27 22:10:00,2026-06-27 22:10:00
W002418,W002478,1,0.706815,1,2026-04-12 09:31:00,2026-04-12 09:31:00
W002419,W001879,1,0.302048,1,2026-01-13 07:11:00,2026-01-13 07:11:00
W002419,W002499,1,0.264705,1,2026-06-14 03:01:00,2026-06-14 03:01:00
W002420,W000050,1,0.243678,1,2026-04-13 14:51:00,2026-04-13 14:51:00
W002420,W000369,1,0.867575,1,2026-03-18 00:48:00,2026-03-18 00:48:00
W002420,W000731,1,0.131999,1,2026-01-30 13:11:00,2026-01-30 13:11:00
W002420,W001006,1,0.247808,1,2026-04-09 19:06:00,2026-04-09 19:06:00
W002420,W001023,1,0.425138,1,2026-05-30 04:21:00,2026-05-30 04:21:00
W002420,W001224,1,0.39799,1,2026-03-24 15:22:00,2026-03-24 15:22:00
W002421,W000510,1,1.170373,1,2026-01-25 07:32:00,2026-01-25 07:32:00
W002421,W000645,1,0.253106,1,2026-01-08 20:35:00,2026-01-08 20:35:00
W002421,W001387,1,0.108797,1,2026-03-17 12:15:00,2026-03-17 12:15:00
W002421,W001827,1,0.258647,1,2026-01-25 20:30:00,2026-01-25 20:30:00
W002421,W002418,1,0.177528,1,2026-05-09 18:04:00,2026-05-09 18:04:00
W002422,W000356,1,0.113623,1,2026-03-02 04:39:00,2026-03-02 04:39:00
W002422,W000673,1,0.88674,1,2026-01-04 21:26:00,2026-01-04 21:26:00
W002422,W001861,1,0.136487,1,2026-03-22 11:35:00,2026-03-22 11:35:00
W002423,W001914,1,0.389167,1,2026-06-19 17:56:00,2026-06-19 17:56:00
W002424,W001356,1,0.373839,1,2026-02-23 13:58:00,2026-02-23 13:58:00
W002424,W001359,1,0.197614,1,2026-04-30 05:59:00,2026-04-30 05:59:00
W002424,W001474,1,0.319263,1,2026-04-23 06:34:00,2026-04-23 06:34:00
W002425,W000176,1,0.176739,1,2026-02-25 13:34:00,2026-02-25 13:34:00
W002426,W000192,1,0.295718,1,2026-06-26 09:10:00,2026-06-26 09:10:00
W002426,W000834,1,0.825553,1,2026-02-22 01:21:00,2026-02-22 01:21:00
W002426,W001105,1,0.80433,1,2026-03-07 17:05:00,2026-03-07 17:05:00
W002426,W002049,1,0.706664,1,2026-04-17 13:28:00,2026-04-17 13:28:00
W002426,W002448,1,0.589328,1,2026-06-01 18:48:00,2026-06-01 18:48:00
W002427,W000630,1,0.547335,1,2026-01-03 17:09:00,2026-01-03 17:09:00
W002428,W000658,1,0.359763,1,2026-06-17 16:03:00,2026-06-17 16:03:00
W002429,W000084,1,0.553342,1,2026-01-07 04:01:00,2026-01-07 04:01:00
W002429,W000823,1,0.730837,1,2026-06-25 10:04:00,2026-06-25 10:04:00
W002429,W001191,1,0.50679,1,2026-03-02 01:41:00,2026-03-02 01:41:00
W002429,W001444,1,0.305931,1,2026-02-15 08:31:00,2026-02-15 08:31:00
W002429,W001951,1,0.493355,1,2026-05-22 15:15:00,2026-05-22 15:15:00
W002429,W001986,1,0.545402,1,2026-05-08 05:40:00,2026-05-08 05:40:00
W002430,W000737,1,1.232081,1,2026-01-16 02:58:00,2026-01-16 02:58:00
W002430,W001377,1,0.345224,1,2026-04-08 19:33:00,2026-04-08 19:33:00
W002430,W001533,1,0.668843,1,2026-03-20 08:33:00,2026-03-20 08:33:00
W002431,W000593,1,0.263099,1,2026-01-31 18:51:00,2026-01-31 18:51:00
W002431,W001349,1,0.702664,1,2026-02-17 01:35:00,2026-02-17 01:35:00
W002431,W001418,1,0.210816,1,2026-03-14 10:42:00,2026-03-14 10:42:00
W002431,W001628,1,1.24852,1,2026-04-08 05:39:00,2026-04-08 05:39:00
W002432,W000177,1,0.109116,1,2026-02-05 02:24:00,2026-02-05 02:24:00
W002432,W000642,1,0.274821,1,2026-05-19 05:44:00,2026-05-19 05:44:00
W002432,W000793,1,0.199382,1,2026-03-01 01:04:00,2026-03-01 01:04:00
W002432,W000912,1,0.141557,1,2026-05-17 19:19:00,2026-05-17 19:19:00
W002432,W001501,1,0.370022,1,2026-02-06 05:34:00,2026-02-06 05:34:00
W002432,W001533,1,1.200019,1,2026-04-12 20:13:00,2026-04-12 20:13:00
W002432,W001800,1,0.107774,1,2026-03-19 16:00:00,2026-03-19 16:00:00
W002432,W002486,1,0.745839,1,2026-03-28 17:02:00,2026-03-28 17:02:00
W002433,W000710,1,0.629443,1,2026-04-08 18:47:00,2026-04-08 18:47:00
W002433,W001574,1,0.40948,1,2026-04-23 20:59:00,2026-04-23 20:59:00
W002433,W001996,1,1.023618,1,2026-02-12 09:39:00,2026-02-12 09:39:00
W002433,W002279,1,0.451013,1,2026-01-16 15:54:00,2026-01-16 15:54:00
W002434,W002156,1,0.391442,1,2026-03-27 04:45:00,2026-03-27 04:45:00
W002435,W000393,1,0.119298,1,2026-05-12 22:52:00,2026-05-12 22:52:00
W002435,W000874,1,1.613498,1,2026-01-22 10:12:00,2026-01-22 10:12:00
W002435,W001595,1,1.028118,1,2026-05-21 06:49:00,2026-05-21 06:49:00
W002435,W002143,1,0.561154,1,2026-02-09 11:11:00,2026-02-09 11:11:00
W002436,W000909,1,1.205344,1,2026-01-17 21:56:00,2026-01-17 21:56:00
W002436,W001154,1,2.027467,1,2026-04-18 12:15:00,2026-04-18 12:15:00
W002436,W001463,1,0.72234,1,2026-04-12 04:50:00,2026-04-12 04:50:00
W002436,W002224,1,0.314453,1,2026-01-26 14:05:00,2026-01-26 14:05:00
W002437,W001327,1,0.720754,1,2026-03-13 09:25:00,2026-03-13 09:25:00
W002437,W001545,1,0.142579,1,2026-05-24 15:27:00,2026-05-24 15:27:00
W002437,W002310,1,0.301947,1,2026-01-02 11:49:00,2026-01-02 11:49:00
W002437,W002322,1,0.366557,1,2026-06-28 15:45:00,2026-06-28 15:45:00
W002438,W000215,1,0.585727,1,2026-06-23 14:54:00,2026-06-23 14:54:00
W002438,W000998,1,0.188379,1,2026-05-11 07:34:00,2026-05-11 07:34:00
W002438,W002317,1,0.631038,1,2026-02-27 16:32:00,2026-02-27 16:32:00
W002439,W000754,1,0.631068,1,2026-04-28 11:59:00,2026-04-28 11:59:00
W002439,W001558,1,0.563986,1,2026-01-20 01:13:00,2026-01-20 01:13:00
W002439,W001939,1,0.139564,1,2026-06-09 13:24:00,2026-06-09 13:24:00
W002440,W000535,1,0.269795,1,2026-02-03 04:30:00,2026-02-03 04:30:00
W002440,W000880,1,0.265648,1,2026-02-08 01:56:00,2026-02-08 01:56:00
W002440,W001043,1,0.255904,1,2026-06-28 11:46:00,2026-06-28 11:46:00
W002440,W001855,1,0.416715,1,2026-01-05 11:17:00,2026-01-05 11:17:00
W002440,W001997,1,0.85342,1,2026-01-04 23:35:00,2026-01-04 23:35:00
W002440,W002067,1,0.292791,1,2026-03-15 00:43:00,2026-03-15 00:43:00
W002440,W002289,1,5.547053,1,2026-04-09 07:46:00,2026-04-09 07:46:00
W002441,W000054,1,0.26291,1,2026-04-08 12:14:00,2026-04-08 12:14:00
W002441,W000179,1,0.54746,1,2026-03-22 18:47:00,2026-03-22 18:47:00
W002441,W000951,1,0.439417,1,2026-05-15 23:38:00,2026-05-15 23:38:00
W002441,W001531,1,1.343763,1,2026-02-17 03:50:00,2026-02-17 03:50:00
W002441,W001667,1,0.094389,1,2026-03-08 21:47:00,2026-03-08 21:47:00
W002441,W001961,1,1.161729,1,2026-04-12 11:47:00,2026-04-12 11:47:00
W002442,W000749,1,1.50331,1,2026-06-22 21:55:00,2026-06-22 21:55:00
W002442,W002494,1,0.506526,1,2026-03-16 16:43:00,2026-03-16 16:43:00
W002443,W000346,1,1.468138,1,2026-02-17 17:44:00,2026-02-17 17:44:00
W002443,W000353,1,6.047358,1,2026-05-05 07:05:00,2026-05-05 07:05:00
W002443,W000971,1,0.862136,1,2026-03-10 22:15:00,2026-03-10 22:15:00
W002443,W001462,1,0.50417,1,2026-02-08 09:54:00,2026-02-08 09:54:00
W002443,W002083,1,0.337158,1,2026-03-14 22:58:00,2026-03-14 22:58:00
W002443,W002454,1,0.220393,1,2026-03-08 22:50:00,2026-03-08 22:50:00
W002444,W000197,1,0.265313,1,2026-03-18 05:34:00,2026-03-18 05:34:00
W002444,W000671,1,0.44705,1,2026-04-27 23:43:00,2026-04-27 23:43:00
W002444,W001666,1,0.346115,1,2026-01-26 23:26:00,2026-01-26 23:26:00
W002445,W000643,1,1.119161,1,2026-01-17 08:34:00,2026-01-17 08:34:00
W002445,W002435,1,1.790503,1,2026-06-09 15:09:00,2026-06-09 15:09:00
W002446,W000112,1,0.405539,1,2026-04-28 05:07:00,2026-04-28 05:07:00
W002446,W000115,1,0.097182,1,2026-02-25 11:26:00,2026-02-25 11:26:00
W002446,W000162,1,0.356696,1,2026-02-23 18:41:00,2026-02-23 18:41:00
W002446,W002146,1,1.061214,1,2026-02-27 02:10:00,2026-02-27 02:10:00
W002447,W002482,1,0.223665,1,2026-01-20 17:35:00,2026-01-20 17:35:00
W002448,W001589,1,0.425613,1,2026-01-23 18:36:00,2026-01-23 18:36:00
W002448,W001614,1,0.448205,1,2026-02-28 11:13:00,2026-02-28 11:13:00
W002448,W002441,1,0.338844,1,2026-02-06 13:43:00,2026-02-06 13:43:00
W002449,W001166,1,0.29936,1,2026-03-02 11:55:00,2026-03-02 11:55:00
W002450,W000369,1,0.257066,1,2026-02-28 16:25:00,2026-02-28 16:25:00
W002450,W001004,1,1.034076,1,2026-03-23 20:21:00,2026-03-23 20:21:00
W002450,W001738,1,0.198859,1,2026-03-09 20:48:00,2026-03-09 20:48:00
W002452,W000037,1,0.399065,1,2026-05-23 04:38:00,2026-05-23 04:38:00
W002452,W000042,1,0.221483,1,2026-02-04 05:45:00,2026-02-04 05:45:00
W002452,W000484,1,0.719658,1,2026-06-07 10:05:00,2026-06-07 10:05:00
W002452,W000931,1,0.312621,1,2026-04-19 08:03:00,2026-04-19 08:03:00
W002452,W001050,1,0.231304,1,2026-02-13 17:28:00,2026-02-13 17:28:00
W002452,W002309,1,0.675195,1,2026-02-06 06:45:00,2026-02-06 06:45:00
W002452,W002348,1,0.733909,1,2026-02-24 18:02:00,2026-02-24 18:02:00
W002453,W001066,1,0.143098,1,2026-02-12 03:25:00,2026-02-12 03:25:00
W002453,W001596,1,1.210144,1,2026-05-06 22:17:00,2026-05-06 22:17:00
W002454,W000497,1,0.373021,1,2026-01-26 21:55:00,2026-01-26 21:55:00
W002454,W001028,1,0.587236,1,2026-04-10 06:27:00,2026-04-10 06:27:00
W002454,W001148,1,2.360433,1,2026-01-30 17:31:00,2026-01-30 17:31:00
W002454,W001207,1,1.043113,1,2026-06-17 23:33:00,2026-06-17 23:33:00
W002455,W001780,1,0.428762,1,2026-05-25 23:02:00,2026-05-25 23:02:00
W002456,W000917,1,1.172653,1,2026-01-24 12:41:00,2026-01-24 12:41:00
W002456,W001940,1,0.23393,1,2026-05-28 00:37:00,2026-05-28 00:37:00
W002456,W002426,1,0.397415,1,2026-06-01 21:33:00,2026-06-01 21:33:00
W002457,W000252,1,8.726703,1,2026-06-08 14:26:00,2026-06-08 14:26:00
W002457,W000545,1,0.27658,1,2026-05-15 20:00:00,2026-05-15 20:00:00
W002457,W001139,1,0.51179,1,2026-03-24 04:14:00,2026-03-24 04:14:00
W002457,W001238,1,2.141524,1,2026-03-17 08:57:00,2026-03-17 08:57:00
W002457,W001966,1,1.565511,1,2026-04-01 12:11:00,2026-04-01 12:11:00
W002458,W000232,1,0.409905,1,2026-02-20 08:04:00,2026-02-20 08:04:00
W002458,W001775,1,5.908463,1,2026-05-13 01:56:00,2026-05-13 01:56:00
W002458,W001858,1,2.739729,1,2026-04-18 15:01:00,2026-04-18 15:01:00
W002458,W002073,1,0.570582,1,2026-05-18 13:28:00,2026-05-18 13:28:00
W002459,W000357,1,0.984939,1,2026-05-22 01:31:00,2026-05-22 01:31:00
W002459,W000755,1,0.476316,1,2026-01-04 04:50:00,2026-01-04 04:50:00
W002459,W001258,1,0.535965,1,2026-05-18 16:52:00,2026-05-18 16:52:00
W002461,W000671,1,0.081771,1,2026-06-01 00:07:00,2026-06-01 00:07:00
W002461,W001662,1,0.217071,1,2026-03-30 08:23:00,2026-03-30 08:23:00
W002461,W002054,1,0.385104,1,2026-03-14 06:56:00,2026-03-14 06:56:00
W002461,W002106,1,0.493203,1,2026-01-13 20:07:00,2026-01-13 20:07:00
W002461,W002422,1,0.20814,1,2026-02-22 11:51:00,2026-02-22 11:51:00
W002462,W002341,1,1.148996,1,2026-03-10 15:53:00,2026-03-10 15:53:00
W002463,W000272,1,0.585087,1,2026-01-03 23:14:00,2026-01-03 23:14:00
W002463,W000308,1,0.351621,1,2026-06-11 23:27:00,2026-06-11 23:27:00
W002464,W000413,1,0.317285,1,2026-01-28 13:50:00,2026-01-28 13:50:00
W002464,W000757,1,0.33379,1,2026-02-04 18:55:00,2026-02-04 18:55:00
W002464,W001645,1,0.470019,1,2026-01-03 02:40:00,2026-01-03 02:40:00
W002464,W001680,1,0.452532,1,2026-03-15 13:49:00,2026-03-15 13:49:00
W002464,W001806,1,0.329979,1,2026-05-23 19:11:00,2026-05-23 19:11:00
W002464,W001833,1,0.943738,1,2026-03-13 04:12:00,2026-03-13 04:12:00
W002465,W000735,1,0.451186,1,2026-01-05 20:14:00,2026-01-05 20:14:00
W002465,W000769,1,2.318747,1,2026-03-20 14:05:00,2026-03-20 14:05:00
W002465,W001519,1,0.438896,1,2026-06-09 11:49:00,2026-06-09 11:49:00
W002466,W000613,1,0.286295,1,2026-05-08 07:02:00,2026-05-08 07:02:00
W002466,W001023,1,1.082448,1,2026-05-31 08:04:00,2026-05-31 08:04:00
W002466,W001133,1,0.685022,1,2026-02-25 00:03:00,2026-02-25 00:03:00
W002466,W001297,1,0.413733,1,2026-02-23 14:38:00,2026-02-23 14:38:00
W002466,W001839,1,0.230203,1,2026-03-23 02:48:00,2026-03-23 02:48:00
W002466,W001871,1,0.385129,1,2026-03-06 19:51:00,2026-03-06 19:51:00
W002466,W001970,1,0.433134,1,2026-04-02 04:15:00,2026-04-02 04:15:00
W002467,W000917,1,0.620459,1,2026-04-24 04:09:00,2026-04-24 04:09:00
W002467,W001842,1,0.109625,1,2026-06-14 14:47:00,2026-06-14 14:47:00
W002467,W002404,1,0.364198,1,2026-01-10 18:48:00,2026-01-10 18:48:00
W002468,W000032,1,0.285531,1,2026-06-23 04:41:00,2026-06-23 04:41:00
W002468,W000520,1,0.485939,1,2026-04-10 03:47:00,2026-04-10 03:47:00
W002468,W001003,1,0.204914,1,2026-03-01 19:16:00,2026-03-01 19:16:00
W002468,W001110,1,0.260468,1,2026-05-09 07:26:00,2026-05-09 07:26:00
W002468,W001708,1,0.959919,1,2026-06-13 03:52:00,2026-06-13 03:52:00
W002468,W002066,1,0.435887,1,2026-01-04 13:43:00,2026-01-04 13:43:00
W002469,W000947,1,0.57311,1,2026-03-15 11:51:00,2026-03-15 11:51:00
W002469,W001305,1,0.150438,1,2026-02-11 12:21:00,2026-02-11 12:21:00
W002469,W001523,1,0.561531,1,2026-03-06 20:24:00,2026-03-06 20:24:00
W002469,W002068,1,0.260864,1,2026-06-09 14:25:00,2026-06-09 14:25:00
W002470,W000583,1,0.18122,1,2026-06-07 23:18:00,2026-06-07 23:18:00
W002470,W000700,1,0.173391,1,2026-02-26 07:36:00,2026-02-26 07:36:00
W002470,W000723,1,0.446985,1,2026-03-09 05:08:00,2026-03-09 05:08:00
W002470,W000855,1,0.691378,1,2026-06-02 10:41:00,2026-06-02 10:41:00
W002470,W002103,1,0.642114,1,2026-06-06 06:44:00,2026-06-06 06:44:00
W002470,W002120,1,0.081812,1,2026-01-08 15:16:00,2026-01-08 15:16:00
W002470,W002414,1,0.880334,1,2026-06-21 04:34:00,2026-06-21 04:34:00
W002471,W000246,1,1.062872,1,2026-03-21 14:21:00,2026-03-21 14:21:00
W002471,W000481,1,1.137063,1,2026-01-16 12:58:00,2026-01-16 12:58:00
W002471,W000763,1,0.28123,1,2026-04-10 15:10:00,2026-04-10 15:10:00
W002471,W001005,1,0.747497,1,2026-01-15 02:25:00,2026-01-15 02:25:00
W002472,W001064,1,0.581112,1,2026-04-22 11:49:00,2026-04-22 11:49:00
W002472,W001079,1,0.27056,1,2026-05-24 03:18:00,2026-05-24 03:18:00
W002472,W001112,1,2.105969,1,2026-04-10 16:02:00,2026-04-10 16:02:00
W002472,W002332,1,0.162657,1,2026-06-21 18:34:00,2026-06-21 18:34:00
W002473,W002395,1,0.208006,1,2026-05-13 01:21:00,2026-05-13 01:21:00
W002473,W002480,1,0.788202,1,2026-01-23 19:39:00,2026-01-23 19:39:00
W002474,W000076,1,0.358444,1,2026-05-06 12:54:00,2026-05-06 12:54:00
W002474,W000449,1,0.149881,1,2026-04-02 03:35:00,2026-04-02 03:35:00
W002474,W000692,1,0.402848,1,2026-03-10 16:47:00,2026-03-10 16:47:00
W002474,W001954,1,0.176975,1,2026-06-29 17:32:00,2026-06-29 17:32:00
W002474,W002048,1,0.671831,1,2026-04-05 04:12:00,2026-04-05 04:12:00
W002474,W002229,1,0.125524,1,2026-04-22 08:26:00,2026-04-22 08:26:00
W002475,W000001,1,0.251242,1,2026-02-19 23:18:00,2026-02-19 23:18:00
W002475,W000342,1,0.318185,1,2026-03-26 06:11:00,2026-03-26 06:11:00
W002475,W001066,1,0.686187,1,2026-04-16 16:09:00,2026-04-16 16:09:00
W002475,W002102,1,1.784211,1,2026-03-20 00:16:00,2026-03-20 00:16:00
W002476,W000232,1,1.690229,1,2026-01-22 22:09:00,2026-01-22 22:09:00
W002476,W000295,1,0.548178,1,2026-04-06 22:55:00,2026-04-06 22:55:00
W002476,W000314,1,0.28405,1,2026-01-19 18:41:00,2026-01-19 18:41:00
W002476,W000440,1,0.398706,1,2026-04-23 10:08:00,2026-04-23 10:08:00
W002476,W001574,1,0.37489,1,2026-03-09 06:54:00,2026-03-09 06:54:00
W002476,W001714,1,0.385652,1,2026-05-10 18:25:00,2026-05-10 18:25:00
W002477,W000318,1,0.218589,1,2026-04-22 20:57:00,2026-04-22 20:57:00
W002477,W000425,1,0.92076,1,2026-05-12 20:14:00,2026-05-12 20:14:00
W002477,W000885,1,2.038259,1,2026-03-19 11:42:00,2026-03-19 11:42:00
W002477,W002036,1,0.508517,1,2026-03-26 06:44:00,2026-03-26 06:44:00
W002477,W002107,1,0.583507,1,2026-02-17 21:06:00,2026-02-17 21:06:00
W002477,W002280,1,0.266089,1,2026-02-25 05:17:00,2026-02-25 05:17:00
W002477,W002304,1,0.800568,1,2026-02-13 09:48:00,2026-02-13 09:48:00
W002478,W000059,1,5.887348,1,2026-06-23 01:43:00,2026-06-23 01:43:00
W002478,W001169,1,0.632073,1,2026-01-06 17:39:00,2026-01-06 17:39:00
W002478,W001381,1,3.486268,1,2026-03-05 12:09:00,2026-03-05 12:09:00
W002479,W000561,1,0.395529,1,2026-02-14 12:36:00,2026-02-14 12:36:00
W002479,W000809,1,0.08612,1,2026-02-13 07:51:00,2026-02-13 07:51:00
W002479,W001426,1,0.579411,1,2026-05-14 06:53:00,2026-05-14 06:53:00
W002479,W002042,1,0.178289,1,2026-01-26 22:34:00,2026-01-26 22:34:00
W002480,W001120,1,0.148335,1,2026-06-13 16:54:00,2026-06-13 16:54:00
W002480,W002460,1,0.667047,1,2026-01-18 20:19:00,2026-01-18 20:19:00
W002481,W000084,1,0.304193,1,2026-04-08 14:06:00,2026-04-08 14:06:00
W002481,W001016,1,0.249957,1,2026-02-28 04:15:00,2026-02-28 04:15:00
W002481,W001536,1,0.255657,1,2026-01-30 06:38:00,2026-01-30 06:38:00
W002482,W002237,1,0.18916,1,2026-06-18 10:43:00,2026-06-18 10:43:00
W002483,W001214,1,0.346349,1,2026-02-20 11:56:00,2026-02-20 11:56:00
W002483,W001291,1,0.720445,1,2026-02-06 13:59:00,2026-02-06 13:59:00
W002483,W002251,1,0.572608,1,2026-03-15 21:52:00,2026-03-15 21:52:00
W002484,W000024,1,0.737539,1,2026-01-20 14:59:00,2026-01-20 14:59:00
W002484,W000326,1,0.47145,1,2026-02-01 21:19:00,2026-02-01 21:19:00
W002484,W001610,1,0.352901,1,2026-03-16 20:17:00,2026-03-16 20:17:00
W002484,W001620,1,0.368245,1,2026-02-07 03:19:00,2026-02-07 03:19:00
W002484,W001954,1,0.408414,1,2026-03-21 08:32:00,2026-03-21 08:32:00
W002485,W000257,1,1.13079,1,2026-03-20 06:50:00,2026-03-20 06:50:00
W002485,W000637,1,0.726151,1,2026-06-28 16:06:00,2026-06-28 16:06:00
W002486,W002401,1,0.503072,1,2026-05-31 17:51:00,2026-05-31 17:51:00
W002487,W000627,1,3.549705,1,2026-04-13 15:24:00,2026-04-13 15:24:00
W002487,W001075,1,1.944926,1,2026-03-16 11:57:00,2026-03-16 11:57:00
W002487,W001482,1,0.095919,1,2026-02-06 21:43:00,2026-02-06 21:43:00
W002488,W000339,1,0.255195,1,2026-05-14 12:02:00,2026-05-14 12:02:00
W002488,W000721,1,0.719846,1,2026-04-18 09:57:00,2026-04-18 09:57:00
W002488,W000930,1,0.262869,1,2026-04-15 01:09:00,2026-04-15 01:09:00
W002489,W000213,1,10.680072,1,2026-02-03 17:32:00,2026-02-03 17:32:00
W002489,W000454,1,0.263305,1,2026-06-19 01:56:00,2026-06-19 01:56:00
W002489,W000648,1,0.468631,1,2026-04-22 12:10:00,2026-04-22 12:10:00
W002489,W000924,1,0.081416,1,2026-05-03 20:17:00,2026-05-03 20:17:00
W002489,W001370,1,0.752907,1,2026-01-27 19:49:00,2026-01-27 19:49:00
W002489,W002306,1,0.73399,1,2026-02-15 03:48:00,2026-02-15 03:48:00
W002490,W000817,1,0.395242,1,2026-05-13 21:54:00,2026-05-13 21:54:00
W002490,W001448,1,0.063852,1,2026-06-08 05:02:00,2026-06-08 05:02:00
W002490,W001874,1,0.121777,1,2026-03-24 14:11:00,2026-03-24 14:11:00
W002490,W001882,1,0.513639,1,2026-03-03 09:04:00,2026-03-03 09:04:00
W002491,W001246,1,0.665825,1,2026-03-29 07:32:00,2026-03-29 07:32:00
W002491,W002311,1,0.363836,1,2026-02-10 06:12:00,2026-02-10 06:12:00
W002491,W002341,1,2.387018,1,2026-06-16 16:52:00,2026-06-16 16:52:00
W002492,W002389,1,0.330918,1,2026-02-18 14:21:00,2026-02-18 14:21:00
W002493,W000518,1,1.267608,1,2026-05-16 08:28:00,2026-05-16 08:28:00
W002493,W001329,1,0.59271,1,2026-05-27 04:23:00,2026-05-27 04:23:00
W002493,W001367,1,0.146776,1,2026-04-29 06:47:00,2026-04-29 06:47:00
W002493,W001375,1,0.588743,1,2026-04-28 13:25:00,2026-04-28 13:25:00
W002493,W001389,1,1.038421,1,2026-01-20 16:22:00,2026-01-20 16:22:00
W002493,W002361,1,0.578612,1,2026-03-19 11:23:00,2026-03-19 11:23:00
W002494,W000160,1,1.298812,1,2026-05-07 14:57:00,2026-05-07 14:57:00
W002494,W001336,1,0.362077,1,2026-01-19 04:51:00,2026-01-19 04:51:00
W002494,W001809,1,0.70919,1,2026-06-05 12:44:00,2026-06-05 12:44:00
W002494,W001810,1,0.473321,1,2026-06-29 20:19:00,2026-06-29 20:19:00
W002494,W002408,1,0.067601,1,2026-01-12 01:34:00,2026-01-12 01:34:00
W002495,W000087,1,0.308784,1,2026-04-30 21:37:00,2026-04-30 21:37:00
W002495,W002018,1,0.406638,1,2026-03-06 22:33:00,2026-03-06 22:33:00
W002496,W000259,1,0.399175,1,2026-04-18 14:17:00,2026-04-18 14:17:00
W002496,W002066,1,0.594709,1,2026-04-12 16:05:00,2026-04-12 16:05:00
W002497,W000052,1,0.37665,1,2026-06-30 04:12:00,2026-06-30 04:12:00
W002497,W000523,1,0.888988,1,2026-06-03 09:38:00,2026-06-03 09:38:00
W002497,W002341,1,15.276338,1,2026-06-24 09:53:00,2026-06-24 09:53:00
W002497,W002482,1,0.423218,1,2026-05-16 21:44:00,2026-05-16 21:44:00
W002498,W001500,1,0.289879,1,2026-05-25 04:04:00,2026-05-25 04:04:00
W002498,W001840,1,0.081528,1,2026-02-06 08:11:00,2026-02-06 08:11:00
W002498,W002463,1,0.762185,1,2026-06-29 01:24:00,2026-06-29 01:24:00
W002499,W000044,1,0.297908,1,2026-02-02 02:31:00,2026-02-02 02:31:00
W002499,W000620,1,0.177509,1,2026-06-06 02:33:00,2026-06-06 02:33:00
W002499,W001522,1,0.372928,1,2026-03-26 02:41:00,2026-03-26 02:41:00
W002499,W002494,1,0.484496,1,2026-05-25 19:47:00,2026-05-25 19:47:00
W002500,W000973,1,1.85215,1,2026-06-03 20:49:00,2026-06-03 20:49:00
W002500,W002021,1,0.375773,1,2026-06-26 23:39:00,2026-06-26 23:39:00
W002500,W002286,1,0.951088,1,2026-05-09 07:04:00,2026-05-09 07:04:00
